cross_section,scenario,eta_ch,n_alpha_over_ne0,tau,Ti_opt,Pnet_Pbrems_variant_i,Pnet_Pbrems_variant_ii
wang,optimistic,0.000,0.0050,0.40,320,-0.0231,-0.6617
wang,optimistic,0.050,0.0050,0.40,320,-0.0272,-0.6369
wang,optimistic,0.100,0.0050,0.40,320,-0.0313,-0.6120
wang,optimistic,0.150,0.0050,0.40,320,-0.0353,-0.5872
wang,optimistic,0.200,0.0050,0.40,320,-0.0394,-0.5623
wang,optimistic,0.250,0.0050,0.40,320,-0.0435,-0.5375
wang,optimistic,0.300,0.0050,0.40,340,-0.0468,-0.5126
wang,optimistic,0.350,0.0050,0.40,380,-0.0454,-0.4878
wang,optimistic,0.400,0.0050,0.40,500,-0.0334,-0.4629
wang,optimistic,0.450,0.0050,0.40,500,-0.0085,-0.4381
wang,optimistic,0.500,0.0050,0.40,500,0.0163,-0.4132
wang,optimistic,0.550,0.0050,0.40,500,0.0412,-0.3884
wang,optimistic,0.600,0.0050,0.40,500,0.0660,-0.3635
wang,optimistic,0.650,0.0050,0.40,500,0.0909,-0.3387
wang,optimistic,0.700,0.0050,0.40,500,0.1157,-0.3138
wang,optimistic,0.750,0.0050,0.40,500,0.1406,-0.2890
wang,optimistic,0.800,0.0050,0.40,500,0.1654,-0.2641
wang,optimistic,0.850,0.0050,0.40,500,0.1903,-0.2393
wang,optimistic,0.900,0.0050,0.40,500,0.2151,-0.2144
wang,optimistic,0.950,0.0050,0.40,500,0.2400,-0.1896
wang,optimistic,1.000,0.0050,0.40,500,0.2648,-0.1647
wang,optimistic,0.000,0.0060,0.40,320,-0.0264,-0.6628
wang,optimistic,0.050,0.0060,0.40,320,-0.0305,-0.6382
wang,optimistic,0.100,0.0060,0.40,320,-0.0346,-0.6135
wang,optimistic,0.150,0.0060,0.40,320,-0.0388,-0.5889
wang,optimistic,0.200,0.0060,0.40,320,-0.0429,-0.5642
wang,optimistic,0.250,0.0060,0.40,320,-0.0470,-0.5396
wang,optimistic,0.300,0.0060,0.40,340,-0.0505,-0.5149
wang,optimistic,0.350,0.0060,0.40,380,-0.0492,-0.4902
wang,optimistic,0.400,0.0060,0.40,500,-0.0375,-0.4656
wang,optimistic,0.450,0.0060,0.40,500,-0.0128,-0.4409
wang,optimistic,0.500,0.0060,0.40,500,0.0118,-0.4163
wang,optimistic,0.550,0.0060,0.40,500,0.0365,-0.3916
wang,optimistic,0.600,0.0060,0.40,500,0.0611,-0.3670
wang,optimistic,0.650,0.0060,0.40,500,0.0858,-0.3423
wang,optimistic,0.700,0.0060,0.40,500,0.1104,-0.3177
wang,optimistic,0.750,0.0060,0.40,500,0.1351,-0.2930
wang,optimistic,0.800,0.0060,0.40,500,0.1597,-0.2683
wang,optimistic,0.850,0.0060,0.40,500,0.1844,-0.2437
wang,optimistic,0.900,0.0060,0.40,500,0.2091,-0.2190
wang,optimistic,0.950,0.0060,0.40,500,0.2337,-0.1944
wang,optimistic,1.000,0.0060,0.40,500,0.2584,-0.1697
wang,optimistic,0.000,0.0071,0.40,320,-0.0302,-0.6642
wang,optimistic,0.050,0.0071,0.40,320,-0.0344,-0.6398
wang,optimistic,0.100,0.0071,0.40,320,-0.0386,-0.6153
wang,optimistic,0.150,0.0071,0.40,320,-0.0428,-0.5909
wang,optimistic,0.200,0.0071,0.40,320,-0.0470,-0.5665
wang,optimistic,0.250,0.0071,0.40,320,-0.0512,-0.5420
wang,optimistic,0.300,0.0071,0.40,340,-0.0548,-0.5176
wang,optimistic,0.350,0.0071,0.40,380,-0.0537,-0.4932
wang,optimistic,0.400,0.0071,0.40,500,-0.0424,-0.4688
wang,optimistic,0.450,0.0071,0.40,500,-0.0180,-0.4443
wang,optimistic,0.500,0.0071,0.40,500,0.0065,-0.4199
wang,optimistic,0.550,0.0071,0.40,500,0.0309,-0.3955
wang,optimistic,0.600,0.0071,0.40,500,0.0553,-0.3710
wang,optimistic,0.650,0.0071,0.40,500,0.0798,-0.3466
wang,optimistic,0.700,0.0071,0.40,500,0.1042,-0.3222
wang,optimistic,0.750,0.0071,0.40,500,0.1286,-0.2978
wang,optimistic,0.800,0.0071,0.40,500,0.1530,-0.2733
wang,optimistic,0.850,0.0071,0.40,500,0.1775,-0.2489
wang,optimistic,0.900,0.0071,0.40,500,0.2019,-0.2245
wang,optimistic,0.950,0.0071,0.40,500,0.2263,-0.2000
wang,optimistic,1.000,0.0071,0.40,500,0.2508,-0.1756
wang,optimistic,0.000,0.0085,0.40,320,-0.0348,-0.6658
wang,optimistic,0.050,0.0085,0.40,320,-0.0391,-0.6416
wang,optimistic,0.100,0.0085,0.40,320,-0.0433,-0.6175
wang,optimistic,0.150,0.0085,0.40,320,-0.0476,-0.5933
wang,optimistic,0.200,0.0085,0.40,300,-0.0507,-0.5691
wang,optimistic,0.250,0.0085,0.40,320,-0.0562,-0.5450
wang,optimistic,0.300,0.0085,0.40,340,-0.0599,-0.5208
wang,optimistic,0.350,0.0085,0.40,360,-0.0589,-0.4967
wang,optimistic,0.400,0.0085,0.40,500,-0.0482,-0.4725
wang,optimistic,0.450,0.0085,0.40,500,-0.0240,-0.4483
wang,optimistic,0.500,0.0085,0.40,500,0.0002,-0.4242
wang,optimistic,0.550,0.0085,0.40,500,0.0243,-0.4000
wang,optimistic,0.600,0.0085,0.40,500,0.0485,-0.3759
wang,optimistic,0.650,0.0085,0.40,500,0.0726,-0.3517
wang,optimistic,0.700,0.0085,0.40,500,0.0968,-0.3275
wang,optimistic,0.750,0.0085,0.40,500,0.1210,-0.3034
wang,optimistic,0.800,0.0085,0.40,500,0.1451,-0.2792
wang,optimistic,0.850,0.0085,0.40,500,0.1693,-0.2551
wang,optimistic,0.900,0.0085,0.40,500,0.1935,-0.2309
wang,optimistic,0.950,0.0085,0.40,500,0.2176,-0.2067
wang,optimistic,1.000,0.0085,0.40,500,0.2418,-0.1826
wang,optimistic,0.000,0.0101,0.40,320,-0.0402,-0.6677
wang,optimistic,0.050,0.0101,0.40,320,-0.0445,-0.6438
wang,optimistic,0.100,0.0101,0.40,320,-0.0489,-0.6200
wang,optimistic,0.150,0.0101,0.40,300,-0.0512,-0.5961
wang,optimistic,0.200,0.0101,0.40,300,-0.0545,-0.5723
wang,optimistic,0.250,0.0101,0.40,320,-0.0620,-0.5485
wang,optimistic,0.300,0.0101,0.40,340,-0.0659,-0.5246
wang,optimistic,0.350,0.0101,0.40,360,-0.0652,-0.5008
wang,optimistic,0.400,0.0101,0.40,500,-0.0550,-0.4769
wang,optimistic,0.450,0.0101,0.40,500,-0.0311,-0.4531
wang,optimistic,0.500,0.0101,0.40,500,-0.0073,-0.4292
wang,optimistic,0.550,0.0101,0.40,500,0.0166,-0.4054
wang,optimistic,0.600,0.0101,0.40,500,0.0404,-0.3815
wang,optimistic,0.650,0.0101,0.40,500,0.0643,-0.3577
wang,optimistic,0.700,0.0101,0.40,500,0.0881,-0.3339
wang,optimistic,0.750,0.0101,0.40,500,0.1119,-0.3100
wang,optimistic,0.800,0.0101,0.40,500,0.1358,-0.2862
wang,optimistic,0.850,0.0101,0.40,500,0.1596,-0.2623
wang,optimistic,0.900,0.0101,0.40,500,0.1835,-0.2385
wang,optimistic,0.950,0.0101,0.40,500,0.2073,-0.2146
wang,optimistic,1.000,0.0101,0.40,500,0.2312,-0.1908
wang,optimistic,0.000,0.0121,0.40,320,-0.0466,-0.6699
wang,optimistic,0.050,0.0121,0.40,320,-0.0510,-0.6464
wang,optimistic,0.100,0.0121,0.40,300,-0.0514,-0.6230
wang,optimistic,0.150,0.0121,0.40,300,-0.0533,-0.5995
wang,optimistic,0.200,0.0121,0.40,300,-0.0613,-0.5760
wang,optimistic,0.250,0.0121,0.40,320,-0.0690,-0.5525
wang,optimistic,0.300,0.0121,0.40,340,-0.0730,-0.5291
wang,optimistic,0.350,0.0121,0.40,360,-0.0725,-0.5056
wang,optimistic,0.400,0.0121,0.40,500,-0.0630,-0.4821
wang,optimistic,0.450,0.0121,0.40,500,-0.0395,-0.4587
wang,optimistic,0.500,0.0121,0.40,500,-0.0161,-0.4352
wang,optimistic,0.550,0.0121,0.40,500,0.0074,-0.4117
wang,optimistic,0.600,0.0121,0.40,500,0.0309,-0.3882
wang,optimistic,0.650,0.0121,0.40,500,0.0544,-0.3648
wang,optimistic,0.700,0.0121,0.40,500,0.0778,-0.3413
wang,optimistic,0.750,0.0121,0.40,500,0.1013,-0.3178
wang,optimistic,0.800,0.0121,0.40,500,0.1248,-0.2943
wang,optimistic,0.850,0.0121,0.40,500,0.1482,-0.2709
wang,optimistic,0.900,0.0121,0.40,500,0.1717,-0.2474
wang,optimistic,0.950,0.0121,0.40,500,0.1952,-0.2239
wang,optimistic,1.000,0.0121,0.40,500,0.2187,-0.2005
wang,optimistic,0.000,0.0144,0.40,300,-0.0514,-0.6725
wang,optimistic,0.050,0.0144,0.40,300,-0.0513,-0.6495
wang,optimistic,0.100,0.0144,0.40,300,-0.0532,-0.6265
wang,optimistic,0.150,0.0144,0.40,300,-0.0612,-0.6034
wang,optimistic,0.200,0.0144,0.40,300,-0.0693,-0.5804
wang,optimistic,0.250,0.0144,0.40,320,-0.0771,-0.5574
wang,optimistic,0.300,0.0144,0.40,340,-0.0813,-0.5343
wang,optimistic,0.350,0.0144,0.40,360,-0.0811,-0.5113
wang,optimistic,0.400,0.0144,0.40,480,-0.0724,-0.4882
wang,optimistic,0.450,0.0144,0.40,500,-0.0494,-0.4652
wang,optimistic,0.500,0.0144,0.40,500,-0.0264,-0.4422
wang,optimistic,0.550,0.0144,0.40,500,-0.0034,-0.4191
wang,optimistic,0.600,0.0144,0.40,500,0.0197,-0.3961
wang,optimistic,0.650,0.0144,0.40,500,0.0427,-0.3731
wang,optimistic,0.700,0.0144,0.40,500,0.0658,-0.3500
wang,optimistic,0.750,0.0144,0.40,500,0.0888,-0.3270
wang,optimistic,0.800,0.0144,0.40,500,0.1118,-0.3039
wang,optimistic,0.850,0.0144,0.40,500,0.1349,-0.2809
wang,optimistic,0.900,0.0144,0.40,500,0.1579,-0.2579
wang,optimistic,0.950,0.0144,0.40,500,0.1809,-0.2348
wang,optimistic,1.000,0.0144,0.40,500,0.2040,-0.2118
wang,optimistic,0.000,0.0172,0.40,300,-0.0509,-0.6756
wang,optimistic,0.050,0.0172,0.40,300,-0.0543,-0.6531
wang,optimistic,0.100,0.0172,0.40,300,-0.0624,-0.6306
wang,optimistic,0.150,0.0172,0.40,300,-0.0705,-0.6081
wang,optimistic,0.200,0.0172,0.40,300,-0.0787,-0.5855
wang,optimistic,0.250,0.0172,0.40,320,-0.0867,-0.5630
wang,optimistic,0.300,0.0172,0.40,340,-0.0912,-0.5405
wang,optimistic,0.350,0.0172,0.40,360,-0.0912,-0.5179
wang,optimistic,0.400,0.0172,0.40,460,-0.0834,-0.4954
wang,optimistic,0.450,0.0172,0.40,500,-0.0610,-0.4729
wang,optimistic,0.500,0.0172,0.40,500,-0.0385,-0.4503
wang,optimistic,0.550,0.0172,0.40,500,-0.0160,-0.4278
wang,optimistic,0.600,0.0172,0.40,500,0.0066,-0.4053
wang,optimistic,0.650,0.0172,0.40,500,0.0291,-0.3828
wang,optimistic,0.700,0.0172,0.40,500,0.0516,-0.3602
wang,optimistic,0.750,0.0172,0.40,500,0.0741,-0.3377
wang,optimistic,0.800,0.0172,0.40,500,0.0967,-0.3152
wang,optimistic,0.850,0.0172,0.40,500,0.1192,-0.2926
wang,optimistic,0.900,0.0172,0.40,500,0.1417,-0.2701
wang,optimistic,0.950,0.0172,0.40,500,0.1643,-0.2476
wang,optimistic,1.000,0.0172,0.40,500,0.1868,-0.2251
wang,optimistic,0.000,0.0205,0.40,300,-0.0567,-0.6793
wang,optimistic,0.050,0.0205,0.40,300,-0.0650,-0.6573
wang,optimistic,0.100,0.0205,0.40,300,-0.0732,-0.6354
wang,optimistic,0.150,0.0205,0.40,300,-0.0815,-0.6135
wang,optimistic,0.200,0.0205,0.40,300,-0.0897,-0.5915
wang,optimistic,0.250,0.0205,0.40,320,-0.0979,-0.5696
wang,optimistic,0.300,0.0205,0.40,340,-0.1027,-0.5476
wang,optimistic,0.350,0.0205,0.40,360,-0.1031,-0.5257
wang,optimistic,0.400,0.0205,0.40,440,-0.0961,-0.5038
wang,optimistic,0.450,0.0205,0.40,500,-0.0746,-0.4818
wang,optimistic,0.500,0.0205,0.40,500,-0.0527,-0.4599
wang,optimistic,0.550,0.0205,0.40,500,-0.0307,-0.4380
wang,optimistic,0.600,0.0205,0.40,500,-0.0088,-0.4160
wang,optimistic,0.650,0.0205,0.40,500,0.0131,-0.3941
wang,optimistic,0.700,0.0205,0.40,500,0.0351,-0.3721
wang,optimistic,0.750,0.0205,0.40,500,0.0570,-0.3502
wang,optimistic,0.800,0.0205,0.40,500,0.0790,-0.3283
wang,optimistic,0.850,0.0205,0.40,500,0.1009,-0.3063
wang,optimistic,0.900,0.0205,0.40,500,0.1228,-0.2844
wang,optimistic,0.950,0.0205,0.40,500,0.1448,-0.2624
wang,optimistic,1.000,0.0205,0.40,500,0.1667,-0.2405
wang,optimistic,0.000,0.0244,0.40,300,-0.0691,-0.6835
wang,optimistic,0.050,0.0244,0.40,300,-0.0775,-0.6623
wang,optimistic,0.100,0.0244,0.40,300,-0.0859,-0.6410
wang,optimistic,0.150,0.0244,0.40,300,-0.0942,-0.6198
wang,optimistic,0.200,0.0244,0.40,300,-0.1026,-0.5985
wang,optimistic,0.250,0.0244,0.40,300,-0.1110,-0.5773
wang,optimistic,0.300,0.0244,0.40,340,-0.1162,-0.5560
wang,optimistic,0.350,0.0244,0.40,360,-0.1170,-0.5348
wang,optimistic,0.400,0.0244,0.40,440,-0.1109,-0.5135
wang,optimistic,0.450,0.0244,0.40,500,-0.0904,-0.4922
wang,optimistic,0.500,0.0244,0.40,500,-0.0692,-0.4710
wang,optimistic,0.550,0.0244,0.40,500,-0.0479,-0.4497
wang,optimistic,0.600,0.0244,0.40,500,-0.0267,-0.4285
wang,optimistic,0.650,0.0244,0.40,500,-0.0054,-0.4072
wang,optimistic,0.700,0.0244,0.40,500,0.0158,-0.3860
wang,optimistic,0.750,0.0244,0.40,500,0.0371,-0.3647
wang,optimistic,0.800,0.0244,0.40,500,0.0584,-0.3435
wang,optimistic,0.850,0.0244,0.40,500,0.0796,-0.3222
wang,optimistic,0.900,0.0244,0.40,500,0.1009,-0.3010
wang,optimistic,0.950,0.0244,0.40,500,0.1221,-0.2797
wang,optimistic,1.000,0.0244,0.40,500,0.1434,-0.2584
wang,optimistic,0.000,0.0291,0.40,300,-0.0836,-0.6885
wang,optimistic,0.050,0.0291,0.40,300,-0.0921,-0.6680
wang,optimistic,0.100,0.0291,0.40,300,-0.1006,-0.6476
wang,optimistic,0.150,0.0291,0.40,300,-0.1091,-0.6271
wang,optimistic,0.200,0.0291,0.40,300,-0.1176,-0.6066
wang,optimistic,0.250,0.0291,0.40,300,-0.1261,-0.5862
wang,optimistic,0.300,0.0291,0.40,320,-0.1317,-0.5657
wang,optimistic,0.350,0.0291,0.40,360,-0.1331,-0.5452
wang,optimistic,0.400,0.0291,0.40,420,-0.1281,-0.5248
wang,optimistic,0.450,0.0291,0.40,500,-0.1088,-0.5043
wang,optimistic,0.500,0.0291,0.40,500,-0.0883,-0.4838
wang,optimistic,0.550,0.0291,0.40,500,-0.0679,-0.4634
wang,optimistic,0.600,0.0291,0.40,500,-0.0474,-0.4429
wang,optimistic,0.650,0.0291,0.40,500,-0.0269,-0.4224
wang,optimistic,0.700,0.0291,0.40,500,-0.0065,-0.4020
wang,optimistic,0.750,0.0291,0.40,500,0.0140,-0.3815
wang,optimistic,0.800,0.0291,0.40,500,0.0345,-0.3610
wang,optimistic,0.850,0.0291,0.40,500,0.0549,-0.3406
wang,optimistic,0.900,0.0291,0.40,500,0.0754,-0.3201
wang,optimistic,0.950,0.0291,0.40,500,0.0959,-0.2996
wang,optimistic,1.000,0.0291,0.40,500,0.1164,-0.2792
wang,optimistic,0.000,0.0347,0.40,300,-0.1003,-0.6943
wang,optimistic,0.050,0.0347,0.40,300,-0.1090,-0.6747
wang,optimistic,0.100,0.0347,0.40,300,-0.1177,-0.6551
wang,optimistic,0.150,0.0347,0.40,300,-0.1264,-0.6356
wang,optimistic,0.200,0.0347,0.40,300,-0.1350,-0.6160
wang,optimistic,0.250,0.0347,0.40,300,-0.1437,-0.5964
wang,optimistic,0.300,0.0347,0.40,320,-0.1497,-0.5769
wang,optimistic,0.350,0.0347,0.40,360,-0.1518,-0.5573
wang,optimistic,0.400,0.0347,0.40,420,-0.1477,-0.5377
wang,optimistic,0.450,0.0347,0.40,500,-0.1300,-0.5182
wang,optimistic,0.500,0.0347,0.40,500,-0.1104,-0.4986
wang,optimistic,0.550,0.0347,0.40,500,-0.0909,-0.4790
wang,optimistic,0.600,0.0347,0.40,500,-0.0713,-0.4595
wang,optimistic,0.650,0.0347,0.40,500,-0.0517,-0.4399
wang,optimistic,0.700,0.0347,0.40,500,-0.0322,-0.4203
wang,optimistic,0.750,0.0347,0.40,500,-0.0126,-0.4008
wang,optimistic,0.800,0.0347,0.40,500,0.0070,-0.3812
wang,optimistic,0.850,0.0347,0.40,500,0.0265,-0.3616
wang,optimistic,0.900,0.0347,0.40,500,0.0461,-0.3421
wang,optimistic,0.950,0.0347,0.40,500,0.0657,-0.3225
wang,optimistic,1.000,0.0347,0.40,500,0.0852,-0.3029
wang,optimistic,0.000,0.0414,0.40,280,-0.1174,-0.7010
wang,optimistic,0.050,0.0414,0.40,280,-0.1214,-0.6824
wang,optimistic,0.100,0.0414,0.40,280,-0.1321,-0.6639
wang,optimistic,0.150,0.0414,0.40,280,-0.1439,-0.6453
wang,optimistic,0.200,0.0414,0.40,300,-0.1552,-0.6268
wang,optimistic,0.250,0.0414,0.40,300,-0.1640,-0.6082
wang,optimistic,0.300,0.0414,0.40,320,-0.1704,-0.5897
wang,optimistic,0.350,0.0414,0.40,360,-0.1732,-0.5711
wang,optimistic,0.400,0.0414,0.40,420,-0.1704,-0.5526
wang,optimistic,0.450,0.0414,0.40,500,-0.1543,-0.5340
wang,optimistic,0.500,0.0414,0.40,500,-0.1358,-0.5155
wang,optimistic,0.550,0.0414,0.40,500,-0.1172,-0.4969
wang,optimistic,0.600,0.0414,0.40,500,-0.0987,-0.4784
wang,optimistic,0.650,0.0414,0.40,500,-0.0802,-0.4598
wang,optimistic,0.700,0.0414,0.40,500,-0.0616,-0.4413
wang,optimistic,0.750,0.0414,0.40,500,-0.0431,-0.4228
wang,optimistic,0.800,0.0414,0.40,500,-0.0245,-0.4042
wang,optimistic,0.850,0.0414,0.40,500,-0.0060,-0.3857
wang,optimistic,0.900,0.0414,0.40,500,0.0126,-0.3671
wang,optimistic,0.950,0.0414,0.40,500,0.0311,-0.3486
wang,optimistic,1.000,0.0414,0.40,500,0.0497,-0.3300
wang,optimistic,0.000,0.0494,0.40,280,-0.1312,-0.7086
wang,optimistic,0.050,0.0494,0.40,280,-0.1430,-0.6912
wang,optimistic,0.100,0.0494,0.40,280,-0.1549,-0.6738
wang,optimistic,0.150,0.0494,0.40,280,-0.1668,-0.6564
wang,optimistic,0.200,0.0494,0.40,300,-0.1782,-0.6390
wang,optimistic,0.250,0.0494,0.40,300,-0.1873,-0.6216
wang,optimistic,0.300,0.0494,0.40,320,-0.1941,-0.6042
wang,optimistic,0.350,0.0494,0.40,360,-0.1978,-0.5868
wang,optimistic,0.400,0.0494,0.40,400,-0.1961,-0.5694
wang,optimistic,0.450,0.0494,0.40,500,-0.1821,-0.5520
wang,optimistic,0.500,0.0494,0.40,500,-0.1647,-0.5346
wang,optimistic,0.550,0.0494,0.40,500,-0.1473,-0.5172
wang,optimistic,0.600,0.0494,0.40,500,-0.1299,-0.4998
wang,optimistic,0.650,0.0494,0.40,500,-0.1125,-0.4824
wang,optimistic,0.700,0.0494,0.40,500,-0.0951,-0.4650
wang,optimistic,0.750,0.0494,0.40,500,-0.0777,-0.4476
wang,optimistic,0.800,0.0494,0.40,500,-0.0603,-0.4302
wang,optimistic,0.850,0.0494,0.40,500,-0.0429,-0.4128
wang,optimistic,0.900,0.0494,0.40,500,-0.0255,-0.3954
wang,optimistic,0.950,0.0494,0.40,500,-0.0081,-0.3780
wang,optimistic,1.000,0.0494,0.40,500,0.0093,-0.3607
wang,optimistic,0.000,0.0589,0.40,280,-0.1570,-0.7174
wang,optimistic,0.050,0.0589,0.40,280,-0.1689,-0.7013
wang,optimistic,0.100,0.0589,0.40,280,-0.1809,-0.6852
wang,optimistic,0.150,0.0589,0.40,280,-0.1928,-0.6690
wang,optimistic,0.200,0.0589,0.40,300,-0.2045,-0.6529
wang,optimistic,0.250,0.0589,0.40,300,-0.2137,-0.6368
wang,optimistic,0.300,0.0589,0.40,320,-0.2211,-0.6207
wang,optimistic,0.350,0.0589,0.40,340,-0.2256,-0.6046
wang,optimistic,0.400,0.0589,0.40,400,-0.2252,-0.5884
wang,optimistic,0.450,0.0589,0.40,500,-0.2135,-0.5723
wang,optimistic,0.500,0.0589,0.40,500,-0.1974,-0.5562
wang,optimistic,0.550,0.0589,0.40,500,-0.1813,-0.5401
wang,optimistic,0.600,0.0589,0.40,500,-0.1651,-0.5239
wang,optimistic,0.650,0.0589,0.40,500,-0.1490,-0.5078
wang,optimistic,0.700,0.0589,0.40,500,-0.1329,-0.4917
wang,optimistic,0.750,0.0589,0.40,500,-0.1168,-0.4756
wang,optimistic,0.800,0.0589,0.40,500,-0.1007,-0.4594
wang,optimistic,0.850,0.0589,0.40,500,-0.0845,-0.4433
wang,optimistic,0.900,0.0589,0.40,500,-0.0684,-0.4272
wang,optimistic,0.950,0.0589,0.40,500,-0.0523,-0.4111
wang,optimistic,1.000,0.0589,0.40,500,-0.0362,-0.3950
wang,optimistic,0.000,0.0703,0.40,280,-0.1864,-0.7274
wang,optimistic,0.050,0.0703,0.40,260,-0.1961,-0.7127
wang,optimistic,0.100,0.0703,0.40,280,-0.2103,-0.6979
wang,optimistic,0.150,0.0703,0.40,280,-0.2223,-0.6832
wang,optimistic,0.200,0.0703,0.40,280,-0.2343,-0.6685
wang,optimistic,0.250,0.0703,0.40,300,-0.2437,-0.6538
wang,optimistic,0.300,0.0703,0.40,320,-0.2516,-0.6390
wang,optimistic,0.350,0.0703,0.40,340,-0.2568,-0.6243
wang,optimistic,0.400,0.0703,0.40,380,-0.2578,-0.6096
wang,optimistic,0.450,0.0703,0.40,500,-0.2487,-0.5949
wang,optimistic,0.500,0.0703,0.40,500,-0.2340,-0.5802
wang,optimistic,0.550,0.0703,0.40,500,-0.2193,-0.5654
wang,optimistic,0.600,0.0703,0.40,500,-0.2046,-0.5507
wang,optimistic,0.650,0.0703,0.40,500,-0.1898,-0.5360
wang,optimistic,0.700,0.0703,0.40,500,-0.1751,-0.5213
wang,optimistic,0.750,0.0703,0.40,500,-0.1604,-0.5066
wang,optimistic,0.800,0.0703,0.40,500,-0.1457,-0.4918
wang,optimistic,0.850,0.0703,0.40,500,-0.1310,-0.4771
wang,optimistic,0.900,0.0703,0.40,500,-0.1162,-0.4624
wang,optimistic,0.950,0.0703,0.40,500,-0.1015,-0.4477
wang,optimistic,1.000,0.0703,0.40,500,-0.0868,-0.4329
wang,optimistic,0.000,0.0838,0.40,260,-0.2149,-0.7386
wang,optimistic,0.050,0.0838,0.40,260,-0.2292,-0.7254
wang,optimistic,0.100,0.0838,0.40,280,-0.2434,-0.7122
wang,optimistic,0.150,0.0838,0.40,280,-0.2554,-0.6990
wang,optimistic,0.200,0.0838,0.40,280,-0.2674,-0.6858
wang,optimistic,0.250,0.0838,0.40,300,-0.2772,-0.6726
wang,optimistic,0.300,0.0838,0.40,320,-0.2856,-0.6594
wang,optimistic,0.350,0.0838,0.40,340,-0.2915,-0.6462
wang,optimistic,0.400,0.0838,0.40,380,-0.2938,-0.6329
wang,optimistic,0.450,0.0838,0.40,500,-0.2878,-0.6197
wang,optimistic,0.500,0.0838,0.40,500,-0.2746,-0.6065
wang,optimistic,0.550,0.0838,0.40,500,-0.2614,-0.5933
wang,optimistic,0.600,0.0838,0.40,500,-0.2482,-0.5801
wang,optimistic,0.650,0.0838,0.40,500,-0.2350,-0.5669
wang,optimistic,0.700,0.0838,0.40,500,-0.2218,-0.5537
wang,optimistic,0.750,0.0838,0.40,500,-0.2086,-0.5405
wang,optimistic,0.800,0.0838,0.40,500,-0.1954,-0.5273
wang,optimistic,0.850,0.0838,0.40,500,-0.1822,-0.5141
wang,optimistic,0.900,0.0838,0.40,500,-0.1690,-0.5009
wang,optimistic,0.950,0.0838,0.40,500,-0.1558,-0.4877
wang,optimistic,1.000,0.0838,0.40,500,-0.1426,-0.4745
wang,optimistic,0.000,0.1000,0.40,260,-0.2518,-0.7511
wang,optimistic,0.050,0.1000,0.40,260,-0.2660,-0.7395
wang,optimistic,0.100,0.1000,0.40,260,-0.2801,-0.7279
wang,optimistic,0.150,0.1000,0.40,280,-0.2921,-0.7163
wang,optimistic,0.200,0.1000,0.40,280,-0.3041,-0.7047
wang,optimistic,0.250,0.1000,0.40,300,-0.3143,-0.6931
wang,optimistic,0.300,0.1000,0.40,320,-0.3232,-0.6815
wang,optimistic,0.350,0.1000,0.40,340,-0.3299,-0.6699
wang,optimistic,0.400,0.1000,0.40,380,-0.3335,-0.6583
wang,optimistic,0.450,0.1000,0.40,500,-0.3307,-0.6468
wang,optimistic,0.500,0.1000,0.40,500,-0.3191,-0.6352
wang,optimistic,0.550,0.1000,0.40,500,-0.3075,-0.6236
wang,optimistic,0.600,0.1000,0.40,500,-0.2959,-0.6120
wang,optimistic,0.650,0.1000,0.40,500,-0.2843,-0.6004
wang,optimistic,0.700,0.1000,0.40,500,-0.2727,-0.5888
wang,optimistic,0.750,0.1000,0.40,500,-0.2611,-0.5772
wang,optimistic,0.800,0.1000,0.40,500,-0.2496,-0.5656
wang,optimistic,0.850,0.1000,0.40,500,-0.2380,-0.5540
wang,optimistic,0.900,0.1000,0.40,500,-0.2264,-0.5425
wang,optimistic,0.950,0.1000,0.40,500,-0.2148,-0.5309
wang,optimistic,1.000,0.1000,0.40,500,-0.2032,-0.5193
wang,nominal,0.000,0.0050,0.40,320,-0.0231,-0.6617
wang,nominal,0.050,0.0050,0.40,320,-0.0679,-0.6829
wang,nominal,0.100,0.0050,0.40,320,-0.1127,-0.7040
wang,nominal,0.150,0.0050,0.40,320,-0.1574,-0.7252
wang,nominal,0.200,0.0050,0.40,320,-0.2022,-0.7464
wang,nominal,0.250,0.0050,0.40,320,-0.2470,-0.7675
wang,nominal,0.300,0.0050,0.40,300,-0.2897,-0.7887
wang,nominal,0.350,0.0050,0.40,320,-0.3365,-0.8099
wang,nominal,0.400,0.0050,0.40,340,-0.3805,-0.8310
wang,nominal,0.450,0.0050,0.40,400,-0.4194,-0.8522
wang,nominal,0.500,0.0050,0.40,500,-0.4439,-0.8734
wang,nominal,0.550,0.0050,0.40,500,-0.4650,-0.8946
wang,nominal,0.600,0.0050,0.40,500,-0.4862,-0.9157
wang,nominal,0.650,0.0050,0.40,500,-0.5074,-0.9369
wang,nominal,0.700,0.0050,0.40,500,-0.5285,-0.9581
wang,nominal,0.750,0.0050,0.40,500,-0.5497,-0.9792
wang,nominal,0.800,0.0050,0.40,500,-0.5709,-1.0004
wang,nominal,0.850,0.0050,0.40,500,-0.5920,-1.0216
wang,nominal,0.900,0.0050,0.40,500,-0.6132,-1.0427
wang,nominal,0.950,0.0050,0.40,500,-0.6344,-1.0639
wang,nominal,1.000,0.0050,0.40,500,-0.6555,-1.0851
wang,nominal,0.000,0.0060,0.40,320,-0.0264,-0.6628
wang,nominal,0.050,0.0060,0.40,320,-0.0710,-0.6840
wang,nominal,0.100,0.0060,0.40,320,-0.1157,-0.7051
wang,nominal,0.150,0.0060,0.40,320,-0.1604,-0.7263
wang,nominal,0.200,0.0060,0.40,320,-0.2050,-0.7474
wang,nominal,0.250,0.0060,0.40,300,-0.2474,-0.7686
wang,nominal,0.300,0.0060,0.40,300,-0.2922,-0.7898
wang,nominal,0.350,0.0060,0.40,320,-0.3390,-0.8109
wang,nominal,0.400,0.0060,0.40,340,-0.3829,-0.8321
wang,nominal,0.450,0.0060,0.40,400,-0.4218,-0.8532
wang,nominal,0.500,0.0060,0.40,500,-0.4463,-0.8744
wang,nominal,0.550,0.0060,0.40,500,-0.4674,-0.8955
wang,nominal,0.600,0.0060,0.40,500,-0.4886,-0.9167
wang,nominal,0.650,0.0060,0.40,500,-0.5097,-0.9378
wang,nominal,0.700,0.0060,0.40,500,-0.5309,-0.9590
wang,nominal,0.750,0.0060,0.40,500,-0.5520,-0.9801
wang,nominal,0.800,0.0060,0.40,500,-0.5732,-1.0013
wang,nominal,0.850,0.0060,0.40,500,-0.5943,-1.0224
wang,nominal,0.900,0.0060,0.40,500,-0.6155,-1.0436
wang,nominal,0.950,0.0060,0.40,500,-0.6366,-1.0647
wang,nominal,1.000,0.0060,0.40,500,-0.6578,-1.0859
wang,nominal,0.000,0.0071,0.40,320,-0.0302,-0.6642
wang,nominal,0.050,0.0071,0.40,320,-0.0747,-0.6853
wang,nominal,0.100,0.0071,0.40,320,-0.1193,-0.7065
wang,nominal,0.150,0.0071,0.40,320,-0.1638,-0.7276
wang,nominal,0.200,0.0071,0.40,300,-0.2078,-0.7487
wang,nominal,0.250,0.0071,0.40,300,-0.2482,-0.7698
wang,nominal,0.300,0.0071,0.40,300,-0.2953,-0.7910
wang,nominal,0.350,0.0071,0.40,320,-0.3419,-0.8121
wang,nominal,0.400,0.0071,0.40,340,-0.3857,-0.8332
wang,nominal,0.450,0.0071,0.40,400,-0.4245,-0.8544
wang,nominal,0.500,0.0071,0.40,500,-0.4491,-0.8755
wang,nominal,0.550,0.0071,0.40,500,-0.4703,-0.8966
wang,nominal,0.600,0.0071,0.40,500,-0.4914,-0.9178
wang,nominal,0.650,0.0071,0.40,500,-0.5125,-0.9389
wang,nominal,0.700,0.0071,0.40,500,-0.5337,-0.9600
wang,nominal,0.750,0.0071,0.40,500,-0.5548,-0.9812
wang,nominal,0.800,0.0071,0.40,500,-0.5759,-1.0023
wang,nominal,0.850,0.0071,0.40,500,-0.5970,-1.0234
wang,nominal,0.900,0.0071,0.40,500,-0.6182,-1.0446
wang,nominal,0.950,0.0071,0.40,500,-0.6393,-1.0657
wang,nominal,1.000,0.0071,0.40,500,-0.6604,-1.0868
wang,nominal,0.000,0.0085,0.40,320,-0.0348,-0.6658
wang,nominal,0.050,0.0085,0.40,320,-0.0791,-0.6869
wang,nominal,0.100,0.0085,0.40,320,-0.1235,-0.7080
wang,nominal,0.150,0.0085,0.40,320,-0.1679,-0.7291
wang,nominal,0.200,0.0085,0.40,300,-0.2070,-0.7502
wang,nominal,0.250,0.0085,0.40,300,-0.2520,-0.7713
wang,nominal,0.300,0.0085,0.40,300,-0.2988,-0.7924
wang,nominal,0.350,0.0085,0.40,320,-0.3454,-0.8135
wang,nominal,0.400,0.0085,0.40,340,-0.3890,-0.8346
wang,nominal,0.450,0.0085,0.40,400,-0.4278,-0.8557
wang,nominal,0.500,0.0085,0.40,500,-0.4525,-0.8769
wang,nominal,0.550,0.0085,0.40,500,-0.4736,-0.8980
wang,nominal,0.600,0.0085,0.40,500,-0.4947,-0.9191
wang,nominal,0.650,0.0085,0.40,500,-0.5158,-0.9402
wang,nominal,0.700,0.0085,0.40,500,-0.5369,-0.9613
wang,nominal,0.750,0.0085,0.40,500,-0.5580,-0.9824
wang,nominal,0.800,0.0085,0.40,500,-0.5791,-1.0035
wang,nominal,0.850,0.0085,0.40,500,-0.6003,-1.0246
wang,nominal,0.900,0.0085,0.40,500,-0.6214,-1.0457
wang,nominal,0.950,0.0085,0.40,500,-0.6425,-1.0668
wang,nominal,1.000,0.0085,0.40,500,-0.6636,-1.0879
wang,nominal,0.000,0.0101,0.40,320,-0.0402,-0.6677
wang,nominal,0.050,0.0101,0.40,320,-0.0844,-0.6888
wang,nominal,0.100,0.0101,0.40,320,-0.1285,-0.7098
wang,nominal,0.150,0.0101,0.40,300,-0.1676,-0.7309
wang,nominal,0.200,0.0101,0.40,300,-0.2097,-0.7520
wang,nominal,0.250,0.0101,0.40,300,-0.2564,-0.7731
wang,nominal,0.300,0.0101,0.40,300,-0.3031,-0.7941
wang,nominal,0.350,0.0101,0.40,320,-0.3494,-0.8152
wang,nominal,0.400,0.0101,0.40,340,-0.3929,-0.8363
wang,nominal,0.450,0.0101,0.40,400,-0.4317,-0.8574
wang,nominal,0.500,0.0101,0.40,500,-0.4565,-0.8785
wang,nominal,0.550,0.0101,0.40,500,-0.4776,-0.8995
wang,nominal,0.600,0.0101,0.40,500,-0.4987,-0.9206
wang,nominal,0.650,0.0101,0.40,500,-0.5197,-0.9417
wang,nominal,0.700,0.0101,0.40,500,-0.5408,-0.9628
wang,nominal,0.750,0.0101,0.40,500,-0.5619,-0.9838
wang,nominal,0.800,0.0101,0.40,500,-0.5830,-1.0049
wang,nominal,0.850,0.0101,0.40,500,-0.6040,-1.0260
wang,nominal,0.900,0.0101,0.40,500,-0.6251,-1.0471
wang,nominal,0.950,0.0101,0.40,500,-0.6462,-1.0681
wang,nominal,1.000,0.0101,0.40,500,-0.6673,-1.0892
wang,nominal,0.000,0.0121,0.40,320,-0.0466,-0.6699
wang,nominal,0.050,0.0121,0.40,300,-0.0901,-0.6909
wang,nominal,0.100,0.0121,0.40,300,-0.1284,-0.7120
wang,nominal,0.150,0.0121,0.40,300,-0.1688,-0.7330
wang,nominal,0.200,0.0121,0.40,300,-0.2152,-0.7541
wang,nominal,0.250,0.0121,0.40,300,-0.2617,-0.7751
wang,nominal,0.300,0.0121,0.40,300,-0.3081,-0.7962
wang,nominal,0.350,0.0121,0.40,320,-0.3542,-0.8172
wang,nominal,0.400,0.0121,0.40,340,-0.3975,-0.8382
wang,nominal,0.450,0.0121,0.40,400,-0.4363,-0.8593
wang,nominal,0.500,0.0121,0.40,500,-0.4612,-0.8803
wang,nominal,0.550,0.0121,0.40,500,-0.4822,-0.9014
wang,nominal,0.600,0.0121,0.40,500,-0.5033,-0.9224
wang,nominal,0.650,0.0121,0.40,500,-0.5243,-0.9434
wang,nominal,0.700,0.0121,0.40,500,-0.5454,-0.9645
wang,nominal,0.750,0.0121,0.40,500,-0.5664,-0.9855
wang,nominal,0.800,0.0121,0.40,500,-0.5875,-1.0066
wang,nominal,0.850,0.0121,0.40,500,-0.6085,-1.0276
wang,nominal,0.900,0.0121,0.40,500,-0.6295,-1.0487
wang,nominal,0.950,0.0121,0.40,500,-0.6506,-1.0697
wang,nominal,1.000,0.0121,0.40,500,-0.6716,-1.0907
wang,nominal,0.000,0.0144,0.40,300,-0.0514,-0.6725
wang,nominal,0.050,0.0144,0.40,300,-0.0894,-0.6935
wang,nominal,0.100,0.0144,0.40,300,-0.1294,-0.7145
wang,nominal,0.150,0.0144,0.40,300,-0.1756,-0.7355
wang,nominal,0.200,0.0144,0.40,300,-0.2217,-0.7565
wang,nominal,0.250,0.0144,0.40,300,-0.2678,-0.7775
wang,nominal,0.300,0.0144,0.40,300,-0.3140,-0.7985
wang,nominal,0.350,0.0144,0.40,320,-0.3599,-0.8195
wang,nominal,0.400,0.0144,0.40,340,-0.4030,-0.8405
wang,nominal,0.450,0.0144,0.40,380,-0.4417,-0.8615
wang,nominal,0.500,0.0144,0.40,500,-0.4667,-0.8825
wang,nominal,0.550,0.0144,0.40,500,-0.4877,-0.9035
wang,nominal,0.600,0.0144,0.40,500,-0.5087,-0.9245
wang,nominal,0.650,0.0144,0.40,500,-0.5297,-0.9455
wang,nominal,0.700,0.0144,0.40,500,-0.5507,-0.9665
wang,nominal,0.750,0.0144,0.40,500,-0.5717,-0.9875
wang,nominal,0.800,0.0144,0.40,500,-0.5927,-1.0085
wang,nominal,0.850,0.0144,0.40,500,-0.6137,-1.0295
wang,nominal,0.900,0.0144,0.40,500,-0.6347,-1.0505
wang,nominal,0.950,0.0144,0.40,500,-0.6557,-1.0715
wang,nominal,1.000,0.0144,0.40,500,-0.6767,-1.0925
wang,nominal,0.000,0.0172,0.40,300,-0.0509,-0.6756
wang,nominal,0.050,0.0172,0.40,300,-0.0919,-0.6966
wang,nominal,0.100,0.0172,0.40,300,-0.1377,-0.7175
wang,nominal,0.150,0.0172,0.40,300,-0.1835,-0.7385
wang,nominal,0.200,0.0172,0.40,300,-0.2293,-0.7594
wang,nominal,0.250,0.0172,0.40,300,-0.2751,-0.7804
wang,nominal,0.300,0.0172,0.40,300,-0.3209,-0.8013
wang,nominal,0.350,0.0172,0.40,320,-0.3665,-0.8222
wang,nominal,0.400,0.0172,0.40,340,-0.4094,-0.8432
wang,nominal,0.450,0.0172,0.40,380,-0.4479,-0.8641
wang,nominal,0.500,0.0172,0.40,500,-0.4732,-0.8851
wang,nominal,0.550,0.0172,0.40,500,-0.4942,-0.9060
wang,nominal,0.600,0.0172,0.40,500,-0.5151,-0.9270
wang,nominal,0.650,0.0172,0.40,500,-0.5361,-0.9479
wang,nominal,0.700,0.0172,0.40,500,-0.5570,-0.9689
wang,nominal,0.750,0.0172,0.40,500,-0.5780,-0.9898
wang,nominal,0.800,0.0172,0.40,500,-0.5989,-1.0107
wang,nominal,0.850,0.0172,0.40,500,-0.6198,-1.0317
wang,nominal,0.900,0.0172,0.40,500,-0.6408,-1.0526
wang,nominal,0.950,0.0172,0.40,500,-0.6617,-1.0736
wang,nominal,1.000,0.0172,0.40,500,-0.6827,-1.0945
wang,nominal,0.000,0.0205,0.40,300,-0.0567,-0.6793
wang,nominal,0.050,0.0205,0.40,300,-0.1021,-0.7002
wang,nominal,0.100,0.0205,0.40,300,-0.1475,-0.7210
wang,nominal,0.150,0.0205,0.40,300,-0.1929,-0.7419
wang,nominal,0.200,0.0205,0.40,300,-0.2383,-0.7628
wang,nominal,0.250,0.0205,0.40,300,-0.2837,-0.7837
wang,nominal,0.300,0.0205,0.40,300,-0.3291,-0.8045
wang,nominal,0.350,0.0205,0.40,320,-0.3744,-0.8254
wang,nominal,0.400,0.0205,0.40,340,-0.4169,-0.8463
wang,nominal,0.450,0.0205,0.40,380,-0.4553,-0.8672
wang,nominal,0.500,0.0205,0.40,500,-0.4808,-0.8881
wang,nominal,0.550,0.0205,0.40,500,-0.5017,-0.9089
wang,nominal,0.600,0.0205,0.40,500,-0.5226,-0.9298
wang,nominal,0.650,0.0205,0.40,500,-0.5435,-0.9507
wang,nominal,0.700,0.0205,0.40,500,-0.5644,-0.9716
wang,nominal,0.750,0.0205,0.40,500,-0.5852,-0.9925
wang,nominal,0.800,0.0205,0.40,500,-0.6061,-1.0133
wang,nominal,0.850,0.0205,0.40,500,-0.6270,-1.0342
wang,nominal,0.900,0.0205,0.40,500,-0.6479,-1.0551
wang,nominal,0.950,0.0205,0.40,500,-0.6687,-1.0760
wang,nominal,1.000,0.0205,0.40,500,-0.6896,-1.0968
wang,nominal,0.000,0.0244,0.40,300,-0.0691,-0.6835
wang,nominal,0.050,0.0244,0.40,300,-0.1140,-0.7043
wang,nominal,0.100,0.0244,0.40,300,-0.1589,-0.7251
wang,nominal,0.150,0.0244,0.40,300,-0.2038,-0.7459
wang,nominal,0.200,0.0244,0.40,300,-0.2488,-0.7667
wang,nominal,0.250,0.0244,0.40,300,-0.2937,-0.7875
wang,nominal,0.300,0.0244,0.40,300,-0.3386,-0.8083
wang,nominal,0.350,0.0244,0.40,320,-0.3835,-0.8291
wang,nominal,0.400,0.0244,0.40,340,-0.4257,-0.8499
wang,nominal,0.450,0.0244,0.40,380,-0.4639,-0.8707
wang,nominal,0.500,0.0244,0.40,500,-0.4897,-0.8915
wang,nominal,0.550,0.0244,0.40,500,-0.5105,-0.9123
wang,nominal,0.600,0.0244,0.40,500,-0.5313,-0.9331
wang,nominal,0.650,0.0244,0.40,500,-0.5521,-0.9539
wang,nominal,0.700,0.0244,0.40,500,-0.5729,-0.9747
wang,nominal,0.750,0.0244,0.40,500,-0.5937,-0.9955
wang,nominal,0.800,0.0244,0.40,500,-0.6145,-1.0163
wang,nominal,0.850,0.0244,0.40,500,-0.6353,-1.0371
wang,nominal,0.900,0.0244,0.40,500,-0.6561,-1.0579
wang,nominal,0.950,0.0244,0.40,500,-0.6769,-1.0787
wang,nominal,1.000,0.0244,0.40,500,-0.6977,-1.0995
wang,nominal,0.000,0.0291,0.40,300,-0.0836,-0.6885
wang,nominal,0.050,0.0291,0.40,300,-0.1279,-0.7092
wang,nominal,0.100,0.0291,0.40,300,-0.1723,-0.7299
wang,nominal,0.150,0.0291,0.40,300,-0.2166,-0.7506
wang,nominal,0.200,0.0291,0.40,300,-0.2610,-0.7713
wang,nominal,0.250,0.0291,0.40,300,-0.3053,-0.7920
wang,nominal,0.300,0.0291,0.40,300,-0.3497,-0.8127
wang,nominal,0.350,0.0291,0.40,300,-0.3940,-0.8334
wang,nominal,0.400,0.0291,0.40,340,-0.4359,-0.8541
wang,nominal,0.450,0.0291,0.40,380,-0.4738,-0.8748
wang,nominal,0.500,0.0291,0.40,500,-0.5000,-0.8955
wang,nominal,0.550,0.0291,0.40,500,-0.5207,-0.9162
wang,nominal,0.600,0.0291,0.40,500,-0.5414,-0.9369
wang,nominal,0.650,0.0291,0.40,500,-0.5621,-0.9576
wang,nominal,0.700,0.0291,0.40,500,-0.5828,-0.9783
wang,nominal,0.750,0.0291,0.40,500,-0.6035,-0.9990
wang,nominal,0.800,0.0291,0.40,500,-0.6242,-1.0197
wang,nominal,0.850,0.0291,0.40,500,-0.6449,-1.0404
wang,nominal,0.900,0.0291,0.40,500,-0.6656,-1.0611
wang,nominal,0.950,0.0291,0.40,500,-0.6863,-1.0818
wang,nominal,1.000,0.0291,0.40,500,-0.7070,-1.1025
wang,nominal,0.000,0.0347,0.40,300,-0.1003,-0.6943
wang,nominal,0.050,0.0347,0.40,300,-0.1440,-0.7149
wang,nominal,0.100,0.0347,0.40,300,-0.1877,-0.7354
wang,nominal,0.150,0.0347,0.40,300,-0.2314,-0.7560
wang,nominal,0.200,0.0347,0.40,280,-0.2718,-0.7766
wang,nominal,0.250,0.0347,0.40,280,-0.3175,-0.7971
wang,nominal,0.300,0.0347,0.40,300,-0.3625,-0.8177
wang,nominal,0.350,0.0347,0.40,300,-0.4062,-0.8383
wang,nominal,0.400,0.0347,0.40,340,-0.4477,-0.8589
wang,nominal,0.450,0.0347,0.40,380,-0.4854,-0.8794
wang,nominal,0.500,0.0347,0.40,500,-0.5118,-0.9000
wang,nominal,0.550,0.0347,0.40,500,-0.5324,-0.9206
wang,nominal,0.600,0.0347,0.40,500,-0.5530,-0.9412
wang,nominal,0.650,0.0347,0.40,500,-0.5736,-0.9617
wang,nominal,0.700,0.0347,0.40,500,-0.5941,-0.9823
wang,nominal,0.750,0.0347,0.40,500,-0.6147,-1.0029
wang,nominal,0.800,0.0347,0.40,500,-0.6353,-1.0235
wang,nominal,0.850,0.0347,0.40,500,-0.6559,-1.0440
wang,nominal,0.900,0.0347,0.40,500,-0.6764,-1.0646
wang,nominal,0.950,0.0347,0.40,500,-0.6970,-1.0852
wang,nominal,1.000,0.0347,0.40,500,-0.7176,-1.1058
wang,nominal,0.000,0.0414,0.40,280,-0.1174,-0.7010
wang,nominal,0.050,0.0414,0.40,280,-0.1545,-0.7214
wang,nominal,0.100,0.0414,0.40,280,-0.1983,-0.7418
wang,nominal,0.150,0.0414,0.40,280,-0.2432,-0.7622
wang,nominal,0.200,0.0414,0.40,280,-0.2881,-0.7826
wang,nominal,0.250,0.0414,0.40,280,-0.3330,-0.8031
wang,nominal,0.300,0.0414,0.40,300,-0.3774,-0.8235
wang,nominal,0.350,0.0414,0.40,300,-0.4203,-0.8439
wang,nominal,0.400,0.0414,0.40,340,-0.4613,-0.8643
wang,nominal,0.450,0.0414,0.40,380,-0.4986,-0.8847
wang,nominal,0.500,0.0414,0.40,500,-0.5255,-0.9052
wang,nominal,0.550,0.0414,0.40,500,-0.5459,-0.9256
wang,nominal,0.600,0.0414,0.40,500,-0.5663,-0.9460
wang,nominal,0.650,0.0414,0.40,500,-0.5867,-0.9664
wang,nominal,0.700,0.0414,0.40,500,-0.6072,-0.9869
wang,nominal,0.750,0.0414,0.40,500,-0.6276,-1.0073
wang,nominal,0.800,0.0414,0.40,500,-0.6480,-1.0277
wang,nominal,0.850,0.0414,0.40,500,-0.6684,-1.0481
wang,nominal,0.900,0.0414,0.40,500,-0.6888,-1.0685
wang,nominal,0.950,0.0414,0.40,500,-0.7093,-1.0890
wang,nominal,1.000,0.0414,0.40,500,-0.7297,-1.1094
wang,nominal,0.000,0.0494,0.40,280,-0.1312,-0.7086
wang,nominal,0.050,0.0494,0.40,280,-0.1751,-0.7289
wang,nominal,0.100,0.0494,0.40,280,-0.2190,-0.7491
wang,nominal,0.150,0.0494,0.40,280,-0.2630,-0.7693
wang,nominal,0.200,0.0494,0.40,280,-0.3069,-0.7896
wang,nominal,0.250,0.0494,0.40,280,-0.3509,-0.8098
wang,nominal,0.300,0.0494,0.40,300,-0.3944,-0.8300
wang,nominal,0.350,0.0494,0.40,300,-0.4364,-0.8503
wang,nominal,0.400,0.0494,0.40,320,-0.4768,-0.8705
wang,nominal,0.450,0.0494,0.40,360,-0.5138,-0.8907
wang,nominal,0.500,0.0494,0.40,500,-0.5410,-0.9110
wang,nominal,0.550,0.0494,0.40,500,-0.5613,-0.9312
wang,nominal,0.600,0.0494,0.40,500,-0.5815,-0.9514
wang,nominal,0.650,0.0494,0.40,500,-0.6017,-0.9717
wang,nominal,0.700,0.0494,0.40,500,-0.6219,-0.9919
wang,nominal,0.750,0.0494,0.40,500,-0.6422,-1.0121
wang,nominal,0.800,0.0494,0.40,500,-0.6624,-1.0324
wang,nominal,0.850,0.0494,0.40,500,-0.6826,-1.0526
wang,nominal,0.900,0.0494,0.40,500,-0.7029,-1.0728
wang,nominal,0.950,0.0494,0.40,500,-0.7231,-1.0931
wang,nominal,1.000,0.0494,0.40,500,-0.7433,-1.1133
wang,nominal,0.000,0.0589,0.40,280,-0.1570,-0.7174
wang,nominal,0.050,0.0589,0.40,280,-0.1999,-0.7374
wang,nominal,0.100,0.0589,0.40,280,-0.2427,-0.7574
wang,nominal,0.150,0.0589,0.40,280,-0.2856,-0.7774
wang,nominal,0.200,0.0589,0.40,280,-0.3284,-0.7974
wang,nominal,0.250,0.0589,0.40,280,-0.3712,-0.8174
wang,nominal,0.300,0.0589,0.40,300,-0.4138,-0.8374
wang,nominal,0.350,0.0589,0.40,300,-0.4548,-0.8574
wang,nominal,0.400,0.0589,0.40,320,-0.4944,-0.8774
wang,nominal,0.450,0.0589,0.40,360,-0.5308,-0.8974
wang,nominal,0.500,0.0589,0.40,500,-0.5586,-0.9174
wang,nominal,0.550,0.0589,0.40,500,-0.5786,-0.9374
wang,nominal,0.600,0.0589,0.40,500,-0.5986,-0.9574
wang,nominal,0.650,0.0589,0.40,500,-0.6186,-0.9774
wang,nominal,0.700,0.0589,0.40,500,-0.6386,-0.9974
wang,nominal,0.750,0.0589,0.40,500,-0.6586,-1.0174
wang,nominal,0.800,0.0589,0.40,500,-0.6786,-1.0374
wang,nominal,0.850,0.0589,0.40,500,-0.6986,-1.0574
wang,nominal,0.900,0.0589,0.40,500,-0.7186,-1.0774
wang,nominal,0.950,0.0589,0.40,500,-0.7386,-1.0974
wang,nominal,1.000,0.0589,0.40,500,-0.7586,-1.1174
wang,nominal,0.000,0.0703,0.40,280,-0.1864,-0.7274
wang,nominal,0.050,0.0703,0.40,260,-0.2247,-0.7471
wang,nominal,0.100,0.0703,0.40,260,-0.2677,-0.7668
wang,nominal,0.150,0.0703,0.40,260,-0.3107,-0.7865
wang,nominal,0.200,0.0703,0.40,280,-0.3527,-0.8062
wang,nominal,0.250,0.0703,0.40,280,-0.3943,-0.8259
wang,nominal,0.300,0.0703,0.40,300,-0.4358,-0.8456
wang,nominal,0.350,0.0703,0.40,300,-0.4756,-0.8654
wang,nominal,0.400,0.0703,0.40,320,-0.5142,-0.8851
wang,nominal,0.450,0.0703,0.40,360,-0.5500,-0.9048
wang,nominal,0.500,0.0703,0.40,500,-0.5783,-0.9245
wang,nominal,0.550,0.0703,0.40,500,-0.5980,-0.9442
wang,nominal,0.600,0.0703,0.40,500,-0.6178,-0.9639
wang,nominal,0.650,0.0703,0.40,500,-0.6375,-0.9836
wang,nominal,0.700,0.0703,0.40,500,-0.6572,-1.0033
wang,nominal,0.750,0.0703,0.40,500,-0.6769,-1.0230
wang,nominal,0.800,0.0703,0.40,500,-0.6966,-1.0427
wang,nominal,0.850,0.0703,0.40,500,-0.7163,-1.0625
wang,nominal,0.900,0.0703,0.40,500,-0.7360,-1.0822
wang,nominal,0.950,0.0703,0.40,500,-0.7557,-1.1019
wang,nominal,1.000,0.0703,0.40,500,-0.7754,-1.1216
wang,nominal,0.000,0.0838,0.40,260,-0.2149,-0.7386
wang,nominal,0.050,0.0838,0.40,260,-0.2564,-0.7579
wang,nominal,0.100,0.0838,0.40,260,-0.2979,-0.7773
wang,nominal,0.150,0.0838,0.40,260,-0.3394,-0.7966
wang,nominal,0.200,0.0838,0.40,280,-0.3800,-0.8160
wang,nominal,0.250,0.0838,0.40,280,-0.4201,-0.8354
wang,nominal,0.300,0.0838,0.40,280,-0.4603,-0.8547
wang,nominal,0.350,0.0838,0.40,300,-0.4988,-0.8741
wang,nominal,0.400,0.0838,0.40,320,-0.5363,-0.8934
wang,nominal,0.450,0.0838,0.40,360,-0.5714,-0.9128
wang,nominal,0.500,0.0838,0.40,500,-0.6002,-0.9321
wang,nominal,0.550,0.0838,0.40,500,-0.6196,-0.9515
wang,nominal,0.600,0.0838,0.40,500,-0.6389,-0.9709
wang,nominal,0.650,0.0838,0.40,500,-0.6583,-0.9902
wang,nominal,0.700,0.0838,0.40,500,-0.6776,-1.0096
wang,nominal,0.750,0.0838,0.40,500,-0.6970,-1.0289
wang,nominal,0.800,0.0838,0.40,500,-0.7164,-1.0483
wang,nominal,0.850,0.0838,0.40,500,-0.7357,-1.0676
wang,nominal,0.900,0.0838,0.40,500,-0.7551,-1.0870
wang,nominal,0.950,0.0838,0.40,500,-0.7744,-1.1064
wang,nominal,1.000,0.0838,0.40,500,-0.7938,-1.1257
wang,nominal,0.000,0.1000,0.40,260,-0.2518,-0.7511
wang,nominal,0.050,0.1000,0.40,260,-0.2916,-0.7700
wang,nominal,0.100,0.1000,0.40,260,-0.3314,-0.7889
wang,nominal,0.150,0.1000,0.40,260,-0.3712,-0.8078
wang,nominal,0.200,0.1000,0.40,280,-0.4103,-0.8268
wang,nominal,0.250,0.1000,0.40,280,-0.4488,-0.8457
wang,nominal,0.300,0.1000,0.40,280,-0.4874,-0.8646
wang,nominal,0.350,0.1000,0.40,300,-0.5246,-0.8835
wang,nominal,0.400,0.1000,0.40,320,-0.5608,-0.9025
wang,nominal,0.450,0.1000,0.40,340,-0.5951,-0.9214
wang,nominal,0.500,0.1000,0.40,460,-0.6241,-0.9403
wang,nominal,0.550,0.1000,0.40,500,-0.6432,-0.9592
wang,nominal,0.600,0.1000,0.40,500,-0.6621,-0.9782
wang,nominal,0.650,0.1000,0.40,500,-0.6810,-0.9971
wang,nominal,0.700,0.1000,0.40,500,-0.6999,-1.0160
wang,nominal,0.750,0.1000,0.40,500,-0.7189,-1.0349
wang,nominal,0.800,0.1000,0.40,500,-0.7378,-1.0539
wang,nominal,0.850,0.1000,0.40,500,-0.7567,-1.0728
wang,nominal,0.900,0.1000,0.40,500,-0.7756,-1.0917
wang,nominal,0.950,0.1000,0.40,500,-0.7946,-1.1106
wang,nominal,1.000,0.1000,0.40,500,-0.8135,-1.1296
wang,pessimistic,0.000,0.0050,0.40,320,-0.0231,-0.6617
wang,pessimistic,0.050,0.0050,0.40,320,-0.1351,-0.7427
wang,pessimistic,0.100,0.0050,0.40,320,-0.2470,-0.8236
wang,pessimistic,0.150,0.0050,0.40,320,-0.3589,-0.9046
wang,pessimistic,0.200,0.0050,0.40,320,-0.4709,-0.9856
wang,pessimistic,0.250,0.0050,0.40,320,-0.5828,-1.0665
wang,pessimistic,0.300,0.0050,0.40,300,-0.6946,-1.1475
wang,pessimistic,0.350,0.0050,0.40,500,-0.7990,-1.2285
wang,pessimistic,0.400,0.0050,0.40,500,-0.8799,-1.3094
wang,pessimistic,0.450,0.0050,0.40,500,-0.9609,-1.3904
wang,pessimistic,0.500,0.0050,0.40,500,-1.0419,-1.4714
wang,pessimistic,0.550,0.0050,0.40,500,-1.1228,-1.5524
wang,pessimistic,0.600,0.0050,0.40,500,-1.2038,-1.6333
wang,pessimistic,0.650,0.0050,0.40,500,-1.2848,-1.7143
wang,pessimistic,0.700,0.0050,0.40,500,-1.3657,-1.7953
wang,pessimistic,0.750,0.0050,0.40,500,-1.4467,-1.8762
wang,pessimistic,0.800,0.0050,0.40,500,-1.5277,-1.9572
wang,pessimistic,0.850,0.0050,0.40,500,-1.6086,-2.0382
wang,pessimistic,0.900,0.0050,0.40,500,-1.6896,-2.1191
wang,pessimistic,0.950,0.0050,0.40,500,-1.7706,-2.2001
wang,pessimistic,1.000,0.0050,0.40,500,-1.8515,-2.2811
wang,pessimistic,0.000,0.0060,0.40,320,-0.0264,-0.6628
wang,pessimistic,0.050,0.0060,0.40,320,-0.1379,-0.7436
wang,pessimistic,0.100,0.0060,0.40,320,-0.2495,-0.8243
wang,pessimistic,0.150,0.0060,0.40,320,-0.3611,-0.9050
wang,pessimistic,0.200,0.0060,0.40,320,-0.4727,-0.9857
wang,pessimistic,0.250,0.0060,0.40,300,-0.5836,-1.0665
wang,pessimistic,0.300,0.0060,0.40,300,-0.6957,-1.1472
wang,pessimistic,0.350,0.0060,0.40,500,-0.7998,-1.2279
wang,pessimistic,0.400,0.0060,0.40,500,-0.8805,-1.3086
wang,pessimistic,0.450,0.0060,0.40,500,-0.9613,-1.3894
wang,pessimistic,0.500,0.0060,0.40,500,-1.0420,-1.4701
wang,pessimistic,0.550,0.0060,0.40,500,-1.1227,-1.5508
wang,pessimistic,0.600,0.0060,0.40,500,-1.2034,-1.6315
wang,pessimistic,0.650,0.0060,0.40,500,-1.2842,-1.7122
wang,pessimistic,0.700,0.0060,0.40,500,-1.3649,-1.7930
wang,pessimistic,0.750,0.0060,0.40,500,-1.4456,-1.8737
wang,pessimistic,0.800,0.0060,0.40,500,-1.5263,-1.9544
wang,pessimistic,0.850,0.0060,0.40,500,-1.6070,-2.0351
wang,pessimistic,0.900,0.0060,0.40,500,-1.6878,-2.1159
wang,pessimistic,0.950,0.0060,0.40,500,-1.7685,-2.1966
wang,pessimistic,1.000,0.0060,0.40,500,-1.8492,-2.2773
wang,pessimistic,0.000,0.0071,0.40,320,-0.0302,-0.6642
wang,pessimistic,0.050,0.0071,0.40,320,-0.1414,-0.7446
wang,pessimistic,0.100,0.0071,0.40,320,-0.2525,-0.8251
wang,pessimistic,0.150,0.0071,0.40,320,-0.3637,-0.9055
wang,pessimistic,0.200,0.0071,0.40,320,-0.4749,-0.9859
wang,pessimistic,0.250,0.0071,0.40,300,-0.5830,-1.0664
wang,pessimistic,0.300,0.0071,0.40,300,-0.6970,-1.1468
wang,pessimistic,0.350,0.0071,0.40,500,-0.8008,-1.2272
wang,pessimistic,0.400,0.0071,0.40,500,-0.8813,-1.3077
wang,pessimistic,0.450,0.0071,0.40,500,-0.9617,-1.3881
wang,pessimistic,0.500,0.0071,0.40,500,-1.0421,-1.4685
wang,pessimistic,0.550,0.0071,0.40,500,-1.1226,-1.5490
wang,pessimistic,0.600,0.0071,0.40,500,-1.2030,-1.6294
wang,pessimistic,0.650,0.0071,0.40,500,-1.2834,-1.7098
wang,pessimistic,0.700,0.0071,0.40,500,-1.3639,-1.7902
wang,pessimistic,0.750,0.0071,0.40,500,-1.4443,-1.8707
wang,pessimistic,0.800,0.0071,0.40,500,-1.5247,-1.9511
wang,pessimistic,0.850,0.0071,0.40,500,-1.6052,-2.0315
wang,pessimistic,0.900,0.0071,0.40,500,-1.6856,-2.1120
wang,pessimistic,0.950,0.0071,0.40,500,-1.7660,-2.1924
wang,pessimistic,1.000,0.0071,0.40,500,-1.8465,-2.2728
wang,pessimistic,0.000,0.0085,0.40,320,-0.0348,-0.6658
wang,pessimistic,0.050,0.0085,0.40,320,-0.1454,-0.7459
wang,pessimistic,0.100,0.0085,0.40,320,-0.2561,-0.8260
wang,pessimistic,0.150,0.0085,0.40,320,-0.3668,-0.9061
wang,pessimistic,0.200,0.0085,0.40,300,-0.4735,-0.9861
wang,pessimistic,0.250,0.0085,0.40,300,-0.5850,-1.0662
wang,pessimistic,0.300,0.0085,0.40,300,-0.6985,-1.1463
wang,pessimistic,0.350,0.0085,0.40,500,-0.8021,-1.2264
wang,pessimistic,0.400,0.0085,0.40,500,-0.8821,-1.3065
wang,pessimistic,0.450,0.0085,0.40,500,-0.9622,-1.3866
wang,pessimistic,0.500,0.0085,0.40,500,-1.0423,-1.4667
wang,pessimistic,0.550,0.0085,0.40,500,-1.1224,-1.5468
wang,pessimistic,0.600,0.0085,0.40,500,-1.2025,-1.6268
wang,pessimistic,0.650,0.0085,0.40,500,-1.2826,-1.7069
wang,pessimistic,0.700,0.0085,0.40,500,-1.3627,-1.7870
wang,pessimistic,0.750,0.0085,0.40,500,-1.4428,-1.8671
wang,pessimistic,0.800,0.0085,0.40,500,-1.5229,-1.9472
wang,pessimistic,0.850,0.0085,0.40,500,-1.6029,-2.0273
wang,pessimistic,0.900,0.0085,0.40,500,-1.6830,-2.1074
wang,pessimistic,0.950,0.0085,0.40,500,-1.7631,-2.1875
wang,pessimistic,1.000,0.0085,0.40,500,-1.8432,-2.2676
wang,pessimistic,0.000,0.0101,0.40,320,-0.0402,-0.6677
wang,pessimistic,0.050,0.0101,0.40,320,-0.1502,-0.7474
wang,pessimistic,0.100,0.0101,0.40,320,-0.2603,-0.8270
wang,pessimistic,0.150,0.0101,0.40,300,-0.3662,-0.9067
wang,pessimistic,0.200,0.0101,0.40,300,-0.4746,-0.9864
wang,pessimistic,0.250,0.0101,0.40,300,-0.5875,-1.0661
wang,pessimistic,0.300,0.0101,0.40,300,-0.7004,-1.1458
wang,pessimistic,0.350,0.0101,0.40,500,-0.8035,-1.2254
wang,pessimistic,0.400,0.0101,0.40,500,-0.8832,-1.3051
wang,pessimistic,0.450,0.0101,0.40,500,-0.9629,-1.3848
wang,pessimistic,0.500,0.0101,0.40,500,-1.0425,-1.4645
wang,pessimistic,0.550,0.0101,0.40,500,-1.1222,-1.5442
wang,pessimistic,0.600,0.0101,0.40,500,-1.2019,-1.6238
wang,pessimistic,0.650,0.0101,0.40,500,-1.2816,-1.7035
wang,pessimistic,0.700,0.0101,0.40,500,-1.3613,-1.7832
wang,pessimistic,0.750,0.0101,0.40,500,-1.4409,-1.8629
wang,pessimistic,0.800,0.0101,0.40,500,-1.5206,-1.9426
wang,pessimistic,0.850,0.0101,0.40,500,-1.6003,-2.0222
wang,pessimistic,0.900,0.0101,0.40,500,-1.6800,-2.1019
wang,pessimistic,0.950,0.0101,0.40,500,-1.7597,-2.1816
wang,pessimistic,1.000,0.0101,0.40,500,-1.8393,-2.2613
wang,pessimistic,0.000,0.0121,0.40,320,-0.0466,-0.6699
wang,pessimistic,0.050,0.0121,0.40,300,-0.1558,-0.7491
wang,pessimistic,0.100,0.0121,0.40,300,-0.2599,-0.8283
wang,pessimistic,0.150,0.0121,0.40,300,-0.3660,-0.9075
wang,pessimistic,0.200,0.0121,0.40,300,-0.4782,-0.9867
wang,pessimistic,0.250,0.0121,0.40,300,-0.5904,-1.0659
wang,pessimistic,0.300,0.0121,0.40,300,-0.7026,-1.1451
wang,pessimistic,0.350,0.0121,0.40,500,-0.8052,-1.2243
wang,pessimistic,0.400,0.0121,0.40,500,-0.8844,-1.3035
wang,pessimistic,0.450,0.0121,0.40,500,-0.9636,-1.3827
wang,pessimistic,0.500,0.0121,0.40,500,-1.0428,-1.4619
wang,pessimistic,0.550,0.0121,0.40,500,-1.1220,-1.5411
wang,pessimistic,0.600,0.0121,0.40,500,-1.2012,-1.6203
wang,pessimistic,0.650,0.0121,0.40,500,-1.2804,-1.6995
wang,pessimistic,0.700,0.0121,0.40,500,-1.3596,-1.7787
wang,pessimistic,0.750,0.0121,0.40,500,-1.4388,-1.8579
wang,pessimistic,0.800,0.0121,0.40,500,-1.5180,-1.9371
wang,pessimistic,0.850,0.0121,0.40,500,-1.5972,-2.0163
wang,pessimistic,0.900,0.0121,0.40,500,-1.6764,-2.0955
wang,pessimistic,0.950,0.0121,0.40,500,-1.7556,-2.1747
wang,pessimistic,1.000,0.0121,0.40,500,-1.8348,-2.2539
wang,pessimistic,0.000,0.0144,0.40,300,-0.0514,-0.6725
wang,pessimistic,0.050,0.0144,0.40,300,-0.1546,-0.7512
wang,pessimistic,0.100,0.0144,0.40,300,-0.2598,-0.8298
wang,pessimistic,0.150,0.0144,0.40,300,-0.3711,-0.9084
wang,pessimistic,0.200,0.0144,0.40,300,-0.4825,-0.9871
wang,pessimistic,0.250,0.0144,0.40,300,-0.5938,-1.0657
wang,pessimistic,0.300,0.0144,0.40,300,-0.7051,-1.1443
wang,pessimistic,0.350,0.0144,0.40,500,-0.8072,-1.2229
wang,pessimistic,0.400,0.0144,0.40,500,-0.8858,-1.3016
wang,pessimistic,0.450,0.0144,0.40,500,-0.9644,-1.3802
wang,pessimistic,0.500,0.0144,0.40,500,-1.0431,-1.4588
wang,pessimistic,0.550,0.0144,0.40,500,-1.1217,-1.5375
wang,pessimistic,0.600,0.0144,0.40,500,-1.2003,-1.6161
wang,pessimistic,0.650,0.0144,0.40,500,-1.2789,-1.6947
wang,pessimistic,0.700,0.0144,0.40,500,-1.3576,-1.7733
wang,pessimistic,0.750,0.0144,0.40,500,-1.4362,-1.8520
wang,pessimistic,0.800,0.0144,0.40,500,-1.5148,-1.9306
wang,pessimistic,0.850,0.0144,0.40,500,-1.5935,-2.0092
wang,pessimistic,0.900,0.0144,0.40,500,-1.6721,-2.0879
wang,pessimistic,0.950,0.0144,0.40,500,-1.7507,-2.1665
wang,pessimistic,1.000,0.0144,0.40,500,-1.8293,-2.2451
wang,pessimistic,0.000,0.0172,0.40,300,-0.0509,-0.6756
wang,pessimistic,0.050,0.0172,0.40,300,-0.1565,-0.7536
wang,pessimistic,0.100,0.0172,0.40,300,-0.2668,-0.8316
wang,pessimistic,0.150,0.0172,0.40,300,-0.3772,-0.9095
wang,pessimistic,0.200,0.0172,0.40,300,-0.4875,-0.9875
wang,pessimistic,0.250,0.0172,0.40,300,-0.5978,-1.0654
wang,pessimistic,0.300,0.0172,0.40,300,-0.7082,-1.1434
wang,pessimistic,0.350,0.0172,0.40,500,-0.8095,-1.2213
wang,pessimistic,0.400,0.0172,0.40,500,-0.8875,-1.2993
wang,pessimistic,0.450,0.0172,0.40,500,-0.9654,-1.3773
wang,pessimistic,0.500,0.0172,0.40,500,-1.0434,-1.4552
wang,pessimistic,0.550,0.0172,0.40,500,-1.1213,-1.5332
wang,pessimistic,0.600,0.0172,0.40,500,-1.1993,-1.6111
wang,pessimistic,0.650,0.0172,0.40,500,-1.2772,-1.6891
wang,pessimistic,0.700,0.0172,0.40,500,-1.3552,-1.7670
wang,pessimistic,0.750,0.0172,0.40,500,-1.4332,-1.8450
wang,pessimistic,0.800,0.0172,0.40,500,-1.5111,-1.9230
wang,pessimistic,0.850,0.0172,0.40,500,-1.5891,-2.0009
wang,pessimistic,0.900,0.0172,0.40,500,-1.6670,-2.0789
wang,pessimistic,0.950,0.0172,0.40,500,-1.7450,-2.1568
wang,pessimistic,1.000,0.0172,0.40,500,-1.8229,-2.2348
wang,pessimistic,0.000,0.0205,0.40,300,-0.0567,-0.6793
wang,pessimistic,0.050,0.0205,0.40,300,-0.1659,-0.7564
wang,pessimistic,0.100,0.0205,0.40,300,-0.2750,-0.8336
wang,pessimistic,0.150,0.0205,0.40,300,-0.3842,-0.9108
wang,pessimistic,0.200,0.0205,0.40,300,-0.4934,-0.9879
wang,pessimistic,0.250,0.0205,0.40,300,-0.6025,-1.0651
wang,pessimistic,0.300,0.0205,0.40,300,-0.7117,-1.1423
wang,pessimistic,0.350,0.0205,0.40,500,-0.8122,-1.2195
wang,pessimistic,0.400,0.0205,0.40,500,-0.8894,-1.2966
wang,pessimistic,0.450,0.0205,0.40,500,-0.9666,-1.3738
wang,pessimistic,0.500,0.0205,0.40,500,-1.0437,-1.4510
wang,pessimistic,0.550,0.0205,0.40,500,-1.1209,-1.5281
wang,pessimistic,0.600,0.0205,0.40,500,-1.1981,-1.6053
wang,pessimistic,0.650,0.0205,0.40,500,-1.2752,-1.6825
wang,pessimistic,0.700,0.0205,0.40,500,-1.3524,-1.7596
wang,pessimistic,0.750,0.0205,0.40,500,-1.4296,-1.8368
wang,pessimistic,0.800,0.0205,0.40,500,-1.5067,-1.9140
wang,pessimistic,0.850,0.0205,0.40,500,-1.5839,-1.9911
wang,pessimistic,0.900,0.0205,0.40,500,-1.6611,-2.0683
wang,pessimistic,0.950,0.0205,0.40,500,-1.7382,-2.1455
wang,pessimistic,1.000,0.0205,0.40,500,-1.8154,-2.2226
wang,pessimistic,0.000,0.0244,0.40,300,-0.0691,-0.6835
wang,pessimistic,0.050,0.0244,0.40,300,-0.1769,-0.7598
wang,pessimistic,0.100,0.0244,0.40,300,-0.2847,-0.8360
wang,pessimistic,0.150,0.0244,0.40,300,-0.3925,-0.9123
wang,pessimistic,0.200,0.0244,0.40,300,-0.5003,-0.9885
wang,pessimistic,0.250,0.0244,0.40,300,-0.6080,-1.0647
wang,pessimistic,0.300,0.0244,0.40,300,-0.7158,-1.1410
wang,pessimistic,0.350,0.0244,0.40,500,-0.8154,-1.2172
wang,pessimistic,0.400,0.0244,0.40,500,-0.8916,-1.2935
wang,pessimistic,0.450,0.0244,0.40,500,-0.9679,-1.3697
wang,pessimistic,0.500,0.0244,0.40,500,-1.0441,-1.4459
wang,pessimistic,0.550,0.0244,0.40,500,-1.1204,-1.5222
wang,pessimistic,0.600,0.0244,0.40,500,-1.1966,-1.5984
wang,pessimistic,0.650,0.0244,0.40,500,-1.2729,-1.6747
wang,pessimistic,0.700,0.0244,0.40,500,-1.3491,-1.7509
wang,pessimistic,0.750,0.0244,0.40,500,-1.4253,-1.8272
wang,pessimistic,0.800,0.0244,0.40,500,-1.5016,-1.9034
wang,pessimistic,0.850,0.0244,0.40,500,-1.5778,-1.9796
wang,pessimistic,0.900,0.0244,0.40,500,-1.6541,-2.0559
wang,pessimistic,0.950,0.0244,0.40,500,-1.7303,-2.1321
wang,pessimistic,1.000,0.0244,0.40,500,-1.8065,-2.2084
wang,pessimistic,0.000,0.0291,0.40,300,-0.0836,-0.6885
wang,pessimistic,0.050,0.0291,0.40,300,-0.1897,-0.7637
wang,pessimistic,0.100,0.0291,0.40,300,-0.2959,-0.8388
wang,pessimistic,0.150,0.0291,0.40,300,-0.4021,-0.9140
wang,pessimistic,0.200,0.0291,0.40,300,-0.5083,-0.9891
wang,pessimistic,0.250,0.0291,0.40,300,-0.6145,-1.0643
wang,pessimistic,0.300,0.0291,0.40,300,-0.7207,-1.1394
wang,pessimistic,0.350,0.0291,0.40,500,-0.8191,-1.2146
wang,pessimistic,0.400,0.0291,0.40,500,-0.8943,-1.2898
wang,pessimistic,0.450,0.0291,0.40,500,-0.9694,-1.3649
wang,pessimistic,0.500,0.0291,0.40,500,-1.0446,-1.4401
wang,pessimistic,0.550,0.0291,0.40,500,-1.1197,-1.5152
wang,pessimistic,0.600,0.0291,0.40,500,-1.1949,-1.5904
wang,pessimistic,0.650,0.0291,0.40,500,-1.2700,-1.6656
wang,pessimistic,0.700,0.0291,0.40,500,-1.3452,-1.7407
wang,pessimistic,0.750,0.0291,0.40,500,-1.4204,-1.8159
wang,pessimistic,0.800,0.0291,0.40,500,-1.4955,-1.8910
wang,pessimistic,0.850,0.0291,0.40,500,-1.5707,-1.9662
wang,pessimistic,0.900,0.0291,0.40,500,-1.6458,-2.0413
wang,pessimistic,0.950,0.0291,0.40,500,-1.7210,-2.1165
wang,pessimistic,1.000,0.0291,0.40,500,-1.7961,-2.1917
wang,pessimistic,0.000,0.0347,0.40,300,-0.1003,-0.6943
wang,pessimistic,0.050,0.0347,0.40,300,-0.2047,-0.7682
wang,pessimistic,0.100,0.0347,0.40,300,-0.3090,-0.8421
wang,pessimistic,0.150,0.0347,0.40,300,-0.4133,-0.9160
wang,pessimistic,0.200,0.0347,0.40,280,-0.5144,-0.9899
wang,pessimistic,0.250,0.0347,0.40,280,-0.6208,-1.0637
wang,pessimistic,0.300,0.0347,0.40,300,-0.7262,-1.1376
wang,pessimistic,0.350,0.0347,0.40,500,-0.8234,-1.2115
wang,pessimistic,0.400,0.0347,0.40,500,-0.8973,-1.2854
wang,pessimistic,0.450,0.0347,0.40,500,-0.9712,-1.3593
wang,pessimistic,0.500,0.0347,0.40,500,-1.0450,-1.4332
wang,pessimistic,0.550,0.0347,0.40,500,-1.1189,-1.5071
wang,pessimistic,0.600,0.0347,0.40,500,-1.1928,-1.5810
wang,pessimistic,0.650,0.0347,0.40,500,-1.2667,-1.6549
wang,pessimistic,0.700,0.0347,0.40,500,-1.3406,-1.7288
wang,pessimistic,0.750,0.0347,0.40,500,-1.4145,-1.8027
wang,pessimistic,0.800,0.0347,0.40,500,-1.4884,-1.8766
wang,pessimistic,0.850,0.0347,0.40,500,-1.5623,-1.9505
wang,pessimistic,0.900,0.0347,0.40,500,-1.6362,-2.0244
wang,pessimistic,0.950,0.0347,0.40,500,-1.7101,-2.0983
wang,pessimistic,1.000,0.0347,0.40,500,-1.7840,-2.1722
wang,pessimistic,0.000,0.0414,0.40,280,-0.1174,-0.7010
wang,pessimistic,0.050,0.0414,0.40,280,-0.2138,-0.7734
wang,pessimistic,0.100,0.0414,0.40,280,-0.3169,-0.8458
wang,pessimistic,0.150,0.0414,0.40,280,-0.4210,-0.9182
wang,pessimistic,0.200,0.0414,0.40,280,-0.5252,-0.9907
wang,pessimistic,0.250,0.0414,0.40,280,-0.6294,-1.0631
wang,pessimistic,0.300,0.0414,0.40,300,-0.7327,-1.1355
wang,pessimistic,0.350,0.0414,0.40,500,-0.8283,-1.2080
wang,pessimistic,0.400,0.0414,0.40,500,-0.9007,-1.2804
wang,pessimistic,0.450,0.0414,0.40,500,-0.9731,-1.3528
wang,pessimistic,0.500,0.0414,0.40,500,-1.0455,-1.4252
wang,pessimistic,0.550,0.0414,0.40,500,-1.1180,-1.4977
wang,pessimistic,0.600,0.0414,0.40,500,-1.1904,-1.5701
wang,pessimistic,0.650,0.0414,0.40,500,-1.2628,-1.6425
wang,pessimistic,0.700,0.0414,0.40,500,-1.3353,-1.7150
wang,pessimistic,0.750,0.0414,0.40,500,-1.4077,-1.7874
wang,pessimistic,0.800,0.0414,0.40,500,-1.4801,-1.8598
wang,pessimistic,0.850,0.0414,0.40,500,-1.5525,-1.9322
wang,pessimistic,0.900,0.0414,0.40,500,-1.6250,-2.0047
wang,pessimistic,0.950,0.0414,0.40,500,-1.6974,-2.0771
wang,pessimistic,1.000,0.0414,0.40,500,-1.7698,-2.1495
wang,pessimistic,0.000,0.0494,0.40,280,-0.1312,-0.7086
wang,pessimistic,0.050,0.0494,0.40,280,-0.2328,-0.7794
wang,pessimistic,0.100,0.0494,0.40,280,-0.3344,-0.8501
wang,pessimistic,0.150,0.0494,0.40,280,-0.4360,-0.9208
wang,pessimistic,0.200,0.0494,0.40,280,-0.5376,-0.9916
wang,pessimistic,0.250,0.0494,0.40,280,-0.6392,-1.0623
wang,pessimistic,0.300,0.0494,0.40,300,-0.7401,-1.1331
wang,pessimistic,0.350,0.0494,0.40,500,-0.8338,-1.2038
wang,pessimistic,0.400,0.0494,0.40,500,-0.9046,-1.2745
wang,pessimistic,0.450,0.0494,0.40,500,-0.9753,-1.3453
wang,pessimistic,0.500,0.0494,0.40,500,-1.0461,-1.4160
wang,pessimistic,0.550,0.0494,0.40,500,-1.1168,-1.4867
wang,pessimistic,0.600,0.0494,0.40,500,-1.1875,-1.5575
wang,pessimistic,0.650,0.0494,0.40,500,-1.2583,-1.6282
wang,pessimistic,0.700,0.0494,0.40,500,-1.3290,-1.6989
wang,pessimistic,0.750,0.0494,0.40,500,-1.3997,-1.7697
wang,pessimistic,0.800,0.0494,0.40,500,-1.4705,-1.8404
wang,pessimistic,0.850,0.0494,0.40,500,-1.5412,-1.9111
wang,pessimistic,0.900,0.0494,0.40,500,-1.6119,-1.9819
wang,pessimistic,0.950,0.0494,0.40,500,-1.6827,-2.0526
wang,pessimistic,1.000,0.0494,0.40,500,-1.7534,-2.1234
wang,pessimistic,0.000,0.0589,0.40,280,-0.1570,-0.7174
wang,pessimistic,0.050,0.0589,0.40,280,-0.2557,-0.7862
wang,pessimistic,0.100,0.0589,0.40,280,-0.3544,-0.8550
wang,pessimistic,0.150,0.0589,0.40,280,-0.4531,-0.9238
wang,pessimistic,0.200,0.0589,0.40,280,-0.5518,-0.9926
wang,pessimistic,0.250,0.0589,0.40,280,-0.6505,-1.0614
wang,pessimistic,0.300,0.0589,0.40,300,-0.7485,-1.1302
wang,pessimistic,0.350,0.0589,0.40,500,-0.8402,-1.1990
wang,pessimistic,0.400,0.0589,0.40,500,-0.9090,-1.2678
wang,pessimistic,0.450,0.0589,0.40,500,-0.9778,-1.3365
wang,pessimistic,0.500,0.0589,0.40,500,-1.0465,-1.4053
wang,pessimistic,0.550,0.0589,0.40,500,-1.1153,-1.4741
wang,pessimistic,0.600,0.0589,0.40,500,-1.1841,-1.5429
wang,pessimistic,0.650,0.0589,0.40,500,-1.2529,-1.6117
wang,pessimistic,0.700,0.0589,0.40,500,-1.3217,-1.6805
wang,pessimistic,0.750,0.0589,0.40,500,-1.3905,-1.7493
wang,pessimistic,0.800,0.0589,0.40,500,-1.4593,-1.8181
wang,pessimistic,0.850,0.0589,0.40,500,-1.5281,-1.8869
wang,pessimistic,0.900,0.0589,0.40,500,-1.5969,-1.9557
wang,pessimistic,0.950,0.0589,0.40,500,-1.6657,-2.0245
wang,pessimistic,1.000,0.0589,0.40,500,-1.7345,-2.0933
wang,pessimistic,0.000,0.0703,0.40,280,-0.1864,-0.7274
wang,pessimistic,0.050,0.0703,0.40,260,-0.2782,-0.7940
wang,pessimistic,0.100,0.0703,0.40,260,-0.3747,-0.8605
wang,pessimistic,0.150,0.0703,0.40,260,-0.4713,-0.9271
wang,pessimistic,0.200,0.0703,0.40,260,-0.5678,-0.9937
wang,pessimistic,0.250,0.0703,0.40,280,-0.6632,-1.0603
wang,pessimistic,0.300,0.0703,0.40,300,-0.7580,-1.1268
wang,pessimistic,0.350,0.0703,0.40,440,-0.8472,-1.1934
wang,pessimistic,0.400,0.0703,0.40,500,-0.9138,-1.2600
wang,pessimistic,0.450,0.0703,0.40,500,-0.9804,-1.3266
wang,pessimistic,0.500,0.0703,0.40,500,-1.0470,-1.3931
wang,pessimistic,0.550,0.0703,0.40,500,-1.1136,-1.4597
wang,pessimistic,0.600,0.0703,0.40,500,-1.1801,-1.5263
wang,pessimistic,0.650,0.0703,0.40,500,-1.2467,-1.5929
wang,pessimistic,0.700,0.0703,0.40,500,-1.3133,-1.6594
wang,pessimistic,0.750,0.0703,0.40,500,-1.3799,-1.7260
wang,pessimistic,0.800,0.0703,0.40,500,-1.4464,-1.7926
wang,pessimistic,0.850,0.0703,0.40,500,-1.5130,-1.8592
wang,pessimistic,0.900,0.0703,0.40,500,-1.5796,-1.9257
wang,pessimistic,0.950,0.0703,0.40,500,-1.6462,-1.9923
wang,pessimistic,1.000,0.0703,0.40,500,-1.7128,-2.0589
wang,pessimistic,0.000,0.0838,0.40,260,-0.2149,-0.7386
wang,pessimistic,0.050,0.0838,0.40,260,-0.3076,-0.8026
wang,pessimistic,0.100,0.0838,0.40,260,-0.4003,-0.8667
wang,pessimistic,0.150,0.0838,0.40,260,-0.4930,-0.9308
wang,pessimistic,0.200,0.0838,0.40,260,-0.5858,-0.9949
wang,pessimistic,0.250,0.0838,0.40,280,-0.6775,-1.0589
wang,pessimistic,0.300,0.0838,0.40,300,-0.7687,-1.1230
wang,pessimistic,0.350,0.0838,0.40,420,-0.8548,-1.1871
wang,pessimistic,0.400,0.0838,0.40,500,-0.9192,-1.2511
wang,pessimistic,0.450,0.0838,0.40,500,-0.9833,-1.3152
wang,pessimistic,0.500,0.0838,0.40,500,-1.0473,-1.3793
wang,pessimistic,0.550,0.0838,0.40,500,-1.1114,-1.4433
wang,pessimistic,0.600,0.0838,0.40,500,-1.1755,-1.5074
wang,pessimistic,0.650,0.0838,0.40,500,-1.2395,-1.5715
wang,pessimistic,0.700,0.0838,0.40,500,-1.3036,-1.6355
wang,pessimistic,0.750,0.0838,0.40,500,-1.3677,-1.6996
wang,pessimistic,0.800,0.0838,0.40,500,-1.4318,-1.7637
wang,pessimistic,0.850,0.0838,0.40,500,-1.4958,-1.8277
wang,pessimistic,0.900,0.0838,0.40,500,-1.5599,-1.8918
wang,pessimistic,0.950,0.0838,0.40,500,-1.6240,-1.9559
wang,pessimistic,1.000,0.0838,0.40,500,-1.6880,-2.0200
wang,pessimistic,0.000,0.1000,0.40,260,-0.2518,-0.7511
wang,pessimistic,0.050,0.1000,0.40,260,-0.3403,-0.8123
wang,pessimistic,0.100,0.1000,0.40,260,-0.4288,-0.8736
wang,pessimistic,0.150,0.1000,0.40,260,-0.5173,-0.9348
wang,pessimistic,0.200,0.1000,0.40,260,-0.6058,-0.9961
wang,pessimistic,0.250,0.1000,0.40,280,-0.6934,-1.0573
wang,pessimistic,0.300,0.1000,0.40,300,-0.7805,-1.1186
wang,pessimistic,0.350,0.1000,0.40,400,-0.8632,-1.1799
wang,pessimistic,0.400,0.1000,0.40,500,-0.9250,-1.2411
wang,pessimistic,0.450,0.1000,0.40,500,-0.9863,-1.3024
wang,pessimistic,0.500,0.1000,0.40,500,-1.0475,-1.3636
wang,pessimistic,0.550,0.1000,0.40,500,-1.1088,-1.4249
wang,pessimistic,0.600,0.1000,0.40,500,-1.1701,-1.4861
wang,pessimistic,0.650,0.1000,0.40,500,-1.2313,-1.5474
wang,pessimistic,0.700,0.1000,0.40,500,-1.2926,-1.6087
wang,pessimistic,0.750,0.1000,0.40,500,-1.3538,-1.6699
wang,pessimistic,0.800,0.1000,0.40,500,-1.4151,-1.7312
wang,pessimistic,0.850,0.1000,0.40,500,-1.4763,-1.7924
wang,pessimistic,0.900,0.1000,0.40,500,-1.5376,-1.8537
wang,pessimistic,0.950,0.1000,0.40,500,-1.5989,-1.9149
wang,pessimistic,1.000,0.1000,0.40,500,-1.6601,-1.9762
TB,optimistic,0.000,0.0050,0.40,320,0.1778,-0.5159
TB,optimistic,0.050,0.0050,0.40,320,0.1859,-0.4696
TB,optimistic,0.100,0.0050,0.40,320,0.1940,-0.4205
TB,optimistic,0.150,0.0050,0.40,320,0.2021,-0.3714
TB,optimistic,0.200,0.0050,0.40,320,0.2102,-0.3223
TB,optimistic,0.250,0.0050,0.40,340,0.2190,-0.2732
TB,optimistic,0.300,0.0050,0.40,360,0.2346,-0.2241
TB,optimistic,0.350,0.0050,0.40,420,0.2604,-0.1750
TB,optimistic,0.400,0.0050,0.40,500,0.3037,-0.1259
TB,optimistic,0.450,0.0050,0.40,500,0.3528,-0.0768
TB,optimistic,0.500,0.0050,0.40,500,0.4019,-0.0277
TB,optimistic,0.550,0.0050,0.40,500,0.4510,0.0214
TB,optimistic,0.600,0.0050,0.40,500,0.5001,0.0705
TB,optimistic,0.650,0.0050,0.40,500,0.5492,0.1197
TB,optimistic,0.700,0.0050,0.40,500,0.5983,0.1688
TB,optimistic,0.750,0.0050,0.40,500,0.6474,0.2179
TB,optimistic,0.800,0.0050,0.40,500,0.6965,0.2670
TB,optimistic,0.850,0.0050,0.40,500,0.7456,0.3161
TB,optimistic,0.900,0.0050,0.40,500,0.7947,0.3652
TB,optimistic,0.950,0.0050,0.40,500,0.8438,0.4143
TB,optimistic,1.000,0.0050,0.40,500,0.8929,0.4634
TB,optimistic,0.000,0.0060,0.40,320,0.1739,-0.5175
TB,optimistic,0.050,0.0060,0.40,320,0.1819,-0.4716
TB,optimistic,0.100,0.0060,0.40,320,0.1898,-0.4228
TB,optimistic,0.150,0.0060,0.40,320,0.1978,-0.3740
TB,optimistic,0.200,0.0060,0.40,320,0.2057,-0.3252
TB,optimistic,0.250,0.0060,0.40,340,0.2144,-0.2765
TB,optimistic,0.300,0.0060,0.40,360,0.2297,-0.2277
TB,optimistic,0.350,0.0060,0.40,420,0.2551,-0.1789
TB,optimistic,0.400,0.0060,0.40,500,0.2980,-0.1301
TB,optimistic,0.450,0.0060,0.40,500,0.3467,-0.0814
TB,optimistic,0.500,0.0060,0.40,500,0.3955,-0.0326
TB,optimistic,0.550,0.0060,0.40,500,0.4443,0.0162
TB,optimistic,0.600,0.0060,0.40,500,0.4930,0.0650
TB,optimistic,0.650,0.0060,0.40,500,0.5418,0.1137
TB,optimistic,0.700,0.0060,0.40,500,0.5906,0.1625
TB,optimistic,0.750,0.0060,0.40,500,0.6394,0.2113
TB,optimistic,0.800,0.0060,0.40,500,0.6881,0.2600
TB,optimistic,0.850,0.0060,0.40,500,0.7369,0.3088
TB,optimistic,0.900,0.0060,0.40,500,0.7857,0.3576
TB,optimistic,0.950,0.0060,0.40,500,0.8345,0.4064
TB,optimistic,1.000,0.0060,0.40,500,0.8832,0.4551
TB,optimistic,0.000,0.0071,0.40,320,0.1693,-0.5194
TB,optimistic,0.050,0.0071,0.40,320,0.1771,-0.4739
TB,optimistic,0.100,0.0071,0.40,320,0.1849,-0.4255
TB,optimistic,0.150,0.0071,0.40,320,0.1926,-0.3771
TB,optimistic,0.200,0.0071,0.40,320,0.2004,-0.3287
TB,optimistic,0.250,0.0071,0.40,340,0.2089,-0.2803
TB,optimistic,0.300,0.0071,0.40,360,0.2239,-0.2320
TB,optimistic,0.350,0.0071,0.40,420,0.2490,-0.1836
TB,optimistic,0.400,0.0071,0.40,500,0.2912,-0.1352
TB,optimistic,0.450,0.0071,0.40,500,0.3396,-0.0868
TB,optimistic,0.500,0.0071,0.40,500,0.3879,-0.0384
TB,optimistic,0.550,0.0071,0.40,500,0.4363,0.0100
TB,optimistic,0.600,0.0071,0.40,500,0.4847,0.0583
TB,optimistic,0.650,0.0071,0.40,500,0.5331,0.1067
TB,optimistic,0.700,0.0071,0.40,500,0.5815,0.1551
TB,optimistic,0.750,0.0071,0.40,500,0.6299,0.2035
TB,optimistic,0.800,0.0071,0.40,500,0.6782,0.2519
TB,optimistic,0.850,0.0071,0.40,500,0.7266,0.3002
TB,optimistic,0.900,0.0071,0.40,500,0.7750,0.3486
TB,optimistic,0.950,0.0071,0.40,500,0.8234,0.3970
TB,optimistic,1.000,0.0071,0.40,500,0.8718,0.4454
TB,optimistic,0.000,0.0085,0.40,320,0.1638,-0.5217
TB,optimistic,0.050,0.0085,0.40,320,0.1714,-0.4766
TB,optimistic,0.100,0.0085,0.40,320,0.1790,-0.4287
TB,optimistic,0.150,0.0085,0.40,320,0.1866,-0.3808
TB,optimistic,0.200,0.0085,0.40,320,0.1942,-0.3328
TB,optimistic,0.250,0.0085,0.40,340,0.2023,-0.2849
TB,optimistic,0.300,0.0085,0.40,360,0.2171,-0.2370
TB,optimistic,0.350,0.0085,0.40,420,0.2416,-0.1891
TB,optimistic,0.400,0.0085,0.40,500,0.2832,-0.1412
TB,optimistic,0.450,0.0085,0.40,500,0.3311,-0.0932
TB,optimistic,0.500,0.0085,0.40,500,0.3790,-0.0453
TB,optimistic,0.550,0.0085,0.40,500,0.4269,0.0026
TB,optimistic,0.600,0.0085,0.40,500,0.4749,0.0505
TB,optimistic,0.650,0.0085,0.40,500,0.5228,0.0984
TB,optimistic,0.700,0.0085,0.40,500,0.5707,0.1463
TB,optimistic,0.750,0.0085,0.40,500,0.6186,0.1943
TB,optimistic,0.800,0.0085,0.40,500,0.6665,0.2422
TB,optimistic,0.850,0.0085,0.40,500,0.7145,0.2901
TB,optimistic,0.900,0.0085,0.40,500,0.7624,0.3380
TB,optimistic,0.950,0.0085,0.40,500,0.8103,0.3859
TB,optimistic,1.000,0.0085,0.40,500,0.8582,0.4339
TB,optimistic,0.000,0.0101,0.40,320,0.1573,-0.5244
TB,optimistic,0.050,0.0101,0.40,320,0.1646,-0.4798
TB,optimistic,0.100,0.0101,0.40,320,0.1720,-0.4325
TB,optimistic,0.150,0.0101,0.40,320,0.1794,-0.3851
TB,optimistic,0.200,0.0101,0.40,320,0.1868,-0.3377
TB,optimistic,0.250,0.0101,0.40,340,0.1946,-0.2903
TB,optimistic,0.300,0.0101,0.40,360,0.2091,-0.2430
TB,optimistic,0.350,0.0101,0.40,420,0.2330,-0.1956
TB,optimistic,0.400,0.0101,0.40,500,0.2737,-0.1482
TB,optimistic,0.450,0.0101,0.40,500,0.3211,-0.1008
TB,optimistic,0.500,0.0101,0.40,500,0.3685,-0.0535
TB,optimistic,0.550,0.0101,0.40,500,0.4159,-0.0061
TB,optimistic,0.600,0.0101,0.40,500,0.4632,0.0413
TB,optimistic,0.650,0.0101,0.40,500,0.5106,0.0887
TB,optimistic,0.700,0.0101,0.40,500,0.5580,0.1360
TB,optimistic,0.750,0.0101,0.40,500,0.6054,0.1834
TB,optimistic,0.800,0.0101,0.40,500,0.6527,0.2308
TB,optimistic,0.850,0.0101,0.40,500,0.7001,0.2781
TB,optimistic,0.900,0.0101,0.40,500,0.7475,0.3255
TB,optimistic,0.950,0.0101,0.40,500,0.7948,0.3729
TB,optimistic,1.000,0.0101,0.40,500,0.8422,0.4203
TB,optimistic,0.000,0.0121,0.40,320,0.1496,-0.5276
TB,optimistic,0.050,0.0121,0.40,320,0.1567,-0.4836
TB,optimistic,0.100,0.0121,0.40,320,0.1638,-0.4369
TB,optimistic,0.150,0.0121,0.40,320,0.1709,-0.3902
TB,optimistic,0.200,0.0121,0.40,320,0.1780,-0.3434
TB,optimistic,0.250,0.0121,0.40,340,0.1855,-0.2967
TB,optimistic,0.300,0.0121,0.40,360,0.1995,-0.2500
TB,optimistic,0.350,0.0121,0.40,420,0.2227,-0.2032
TB,optimistic,0.400,0.0121,0.40,500,0.2626,-0.1565
TB,optimistic,0.450,0.0121,0.40,500,0.3093,-0.1098
TB,optimistic,0.500,0.0121,0.40,500,0.3561,-0.0631
TB,optimistic,0.550,0.0121,0.40,500,0.4028,-0.0163
TB,optimistic,0.600,0.0121,0.40,500,0.4495,0.0304
TB,optimistic,0.650,0.0121,0.40,500,0.4963,0.0771
TB,optimistic,0.700,0.0121,0.40,500,0.5430,0.1239
TB,optimistic,0.750,0.0121,0.40,500,0.5897,0.1706
TB,optimistic,0.800,0.0121,0.40,500,0.6365,0.2173
TB,optimistic,0.850,0.0121,0.40,500,0.6832,0.2641
TB,optimistic,0.900,0.0121,0.40,500,0.7299,0.3108
TB,optimistic,0.950,0.0121,0.40,500,0.7767,0.3575
TB,optimistic,1.000,0.0121,0.40,500,0.8234,0.4043
TB,optimistic,0.000,0.0144,0.40,320,0.1405,-0.5314
TB,optimistic,0.050,0.0144,0.40,320,0.1473,-0.4881
TB,optimistic,0.100,0.0144,0.40,320,0.1541,-0.4422
TB,optimistic,0.150,0.0144,0.40,320,0.1609,-0.3962
TB,optimistic,0.200,0.0144,0.40,320,0.1677,-0.3502
TB,optimistic,0.250,0.0144,0.40,340,0.1748,-0.3042
TB,optimistic,0.300,0.0144,0.40,360,0.1883,-0.2582
TB,optimistic,0.350,0.0144,0.40,420,0.2107,-0.2123
TB,optimistic,0.400,0.0144,0.40,500,0.2495,-0.1663
TB,optimistic,0.450,0.0144,0.40,500,0.2955,-0.1203
TB,optimistic,0.500,0.0144,0.40,500,0.3415,-0.0743
TB,optimistic,0.550,0.0144,0.40,500,0.3874,-0.0283
TB,optimistic,0.600,0.0144,0.40,500,0.4334,0.0176
TB,optimistic,0.650,0.0144,0.40,500,0.4794,0.0636
TB,optimistic,0.700,0.0144,0.40,500,0.5254,0.1096
TB,optimistic,0.750,0.0144,0.40,500,0.5714,0.1556
TB,optimistic,0.800,0.0144,0.40,500,0.6173,0.2016
TB,optimistic,0.850,0.0144,0.40,500,0.6633,0.2475
TB,optimistic,0.900,0.0144,0.40,500,0.7093,0.2935
TB,optimistic,0.950,0.0144,0.40,500,0.7553,0.3395
TB,optimistic,1.000,0.0144,0.40,500,0.8013,0.3855
TB,optimistic,0.000,0.0172,0.40,320,0.1298,-0.5358
TB,optimistic,0.050,0.0172,0.40,320,0.1363,-0.4934
TB,optimistic,0.100,0.0172,0.40,320,0.1427,-0.4483
TB,optimistic,0.150,0.0172,0.40,320,0.1492,-0.4032
TB,optimistic,0.200,0.0172,0.40,300,0.1557,-0.3581
TB,optimistic,0.250,0.0172,0.40,340,0.1622,-0.3130
TB,optimistic,0.300,0.0172,0.40,360,0.1752,-0.2679
TB,optimistic,0.350,0.0172,0.40,420,0.1966,-0.2228
TB,optimistic,0.400,0.0172,0.40,500,0.2341,-0.1777
TB,optimistic,0.450,0.0172,0.40,500,0.2792,-0.1326
TB,optimistic,0.500,0.0172,0.40,500,0.3243,-0.0875
TB,optimistic,0.550,0.0172,0.40,500,0.3694,-0.0424
TB,optimistic,0.600,0.0172,0.40,500,0.4145,0.0027
TB,optimistic,0.650,0.0172,0.40,500,0.4596,0.0478
TB,optimistic,0.700,0.0172,0.40,500,0.5047,0.0929
TB,optimistic,0.750,0.0172,0.40,500,0.5498,0.1380
TB,optimistic,0.800,0.0172,0.40,500,0.5949,0.1831
TB,optimistic,0.850,0.0172,0.40,500,0.6401,0.2282
TB,optimistic,0.900,0.0172,0.40,500,0.6852,0.2733
TB,optimistic,0.950,0.0172,0.40,500,0.7303,0.3184
TB,optimistic,1.000,0.0172,0.40,500,0.7754,0.3635
TB,optimistic,0.000,0.0205,0.40,320,0.1173,-0.5410
TB,optimistic,0.050,0.0205,0.40,320,0.1233,-0.4996
TB,optimistic,0.100,0.0205,0.40,300,0.1324,-0.4555
TB,optimistic,0.150,0.0205,0.40,300,0.1405,-0.4115
TB,optimistic,0.200,0.0205,0.40,300,0.1416,-0.3674
TB,optimistic,0.250,0.0205,0.40,340,0.1475,-0.3233
TB,optimistic,0.300,0.0205,0.40,360,0.1598,-0.2792
TB,optimistic,0.350,0.0205,0.40,400,0.1802,-0.2351
TB,optimistic,0.400,0.0205,0.40,500,0.2162,-0.1911
TB,optimistic,0.450,0.0205,0.40,500,0.2602,-0.1470
TB,optimistic,0.500,0.0205,0.40,500,0.3043,-0.1029
TB,optimistic,0.550,0.0205,0.40,500,0.3484,-0.0588
TB,optimistic,0.600,0.0205,0.40,500,0.3925,-0.0147
TB,optimistic,0.650,0.0205,0.40,500,0.4366,0.0293
TB,optimistic,0.700,0.0205,0.40,500,0.4806,0.0734
TB,optimistic,0.750,0.0205,0.40,500,0.5247,0.1175
TB,optimistic,0.800,0.0205,0.40,500,0.5688,0.1616
TB,optimistic,0.850,0.0205,0.40,500,0.6129,0.2056
TB,optimistic,0.900,0.0205,0.40,500,0.6570,0.2497
TB,optimistic,0.950,0.0205,0.40,500,0.7010,0.2938
TB,optimistic,1.000,0.0205,0.40,500,0.7451,0.3379
TB,optimistic,0.000,0.0244,0.40,300,0.1096,-0.5471
TB,optimistic,0.050,0.0244,0.40,300,0.1197,-0.5069
TB,optimistic,0.100,0.0244,0.40,300,0.1237,-0.4640
TB,optimistic,0.150,0.0244,0.40,300,0.1244,-0.4211
TB,optimistic,0.200,0.0244,0.40,300,0.1252,-0.3782
TB,optimistic,0.250,0.0244,0.40,320,0.1304,-0.3353
TB,optimistic,0.300,0.0244,0.40,360,0.1418,-0.2924
TB,optimistic,0.350,0.0244,0.40,400,0.1611,-0.2495
TB,optimistic,0.400,0.0244,0.40,500,0.1952,-0.2066
TB,optimistic,0.450,0.0244,0.40,500,0.2381,-0.1637
TB,optimistic,0.500,0.0244,0.40,500,0.2810,-0.1208
TB,optimistic,0.550,0.0244,0.40,500,0.3239,-0.0779
TB,optimistic,0.600,0.0244,0.40,500,0.3668,-0.0350
TB,optimistic,0.650,0.0244,0.40,500,0.4097,0.0079
TB,optimistic,0.700,0.0244,0.40,500,0.4526,0.0508
TB,optimistic,0.750,0.0244,0.40,500,0.4955,0.0937
TB,optimistic,0.800,0.0244,0.40,500,0.5384,0.1365
TB,optimistic,0.850,0.0244,0.40,500,0.5813,0.1794
TB,optimistic,0.900,0.0244,0.40,500,0.6242,0.2223
TB,optimistic,0.950,0.0244,0.40,500,0.6670,0.2652
TB,optimistic,1.000,0.0244,0.40,500,0.7099,0.3081
TB,optimistic,0.000,0.0291,0.40,300,0.1048,-0.5542
TB,optimistic,0.050,0.0291,0.40,300,0.1051,-0.5153
TB,optimistic,0.100,0.0291,0.40,300,0.1054,-0.4738
TB,optimistic,0.150,0.0291,0.40,300,0.1057,-0.4322
TB,optimistic,0.200,0.0291,0.40,300,0.1060,-0.3907
TB,optimistic,0.250,0.0291,0.40,320,0.1105,-0.3492
TB,optimistic,0.300,0.0291,0.40,360,0.1208,-0.3077
TB,optimistic,0.350,0.0291,0.40,400,0.1389,-0.2661
TB,optimistic,0.400,0.0291,0.40,500,0.1709,-0.2246
TB,optimistic,0.450,0.0291,0.40,500,0.2124,-0.1831
TB,optimistic,0.500,0.0291,0.40,500,0.2540,-0.1415
TB,optimistic,0.550,0.0291,0.40,500,0.2955,-0.1000
TB,optimistic,0.600,0.0291,0.40,500,0.3370,-0.0585
TB,optimistic,0.650,0.0291,0.40,500,0.3785,-0.0170
TB,optimistic,0.700,0.0291,0.40,500,0.4201,0.0246
TB,optimistic,0.750,0.0291,0.40,500,0.4616,0.0661
TB,optimistic,0.800,0.0291,0.40,500,0.5031,0.1076
TB,optimistic,0.850,0.0291,0.40,500,0.5447,0.1492
TB,optimistic,0.900,0.0291,0.40,500,0.5862,0.1907
TB,optimistic,0.950,0.0291,0.40,500,0.6277,0.2322
TB,optimistic,1.000,0.0291,0.40,500,0.6692,0.2737
TB,optimistic,0.000,0.0347,0.40,300,0.0846,-0.5624
TB,optimistic,0.050,0.0347,0.40,300,0.0844,-0.5251
TB,optimistic,0.100,0.0347,0.40,300,0.0842,-0.4851
TB,optimistic,0.150,0.0347,0.40,300,0.0840,-0.4452
TB,optimistic,0.200,0.0347,0.40,300,0.0838,-0.4052
TB,optimistic,0.250,0.0347,0.40,320,0.0875,-0.3652
TB,optimistic,0.300,0.0347,0.40,360,0.0966,-0.3253
TB,optimistic,0.350,0.0347,0.40,400,0.1132,-0.2853
TB,optimistic,0.400,0.0347,0.40,500,0.1428,-0.2453
TB,optimistic,0.450,0.0347,0.40,500,0.1828,-0.2054
TB,optimistic,0.500,0.0347,0.40,500,0.2228,-0.1654
TB,optimistic,0.550,0.0347,0.40,500,0.2627,-0.1254
TB,optimistic,0.600,0.0347,0.40,500,0.3027,-0.0855
TB,optimistic,0.650,0.0347,0.40,500,0.3427,-0.0455
TB,optimistic,0.700,0.0347,0.40,500,0.3826,-0.0056
TB,optimistic,0.750,0.0347,0.40,500,0.4226,0.0344
TB,optimistic,0.800,0.0347,0.40,500,0.4625,0.0744
TB,optimistic,0.850,0.0347,0.40,500,0.5025,0.1143
TB,optimistic,0.900,0.0347,0.40,500,0.5425,0.1543
TB,optimistic,0.950,0.0347,0.40,500,0.5824,0.1943
TB,optimistic,1.000,0.0347,0.40,500,0.6224,0.2342
TB,optimistic,0.000,0.0414,0.40,300,0.0612,-0.5720
TB,optimistic,0.050,0.0414,0.40,300,0.0604,-0.5364
TB,optimistic,0.100,0.0414,0.40,300,0.0597,-0.4982
TB,optimistic,0.150,0.0414,0.40,300,0.0589,-0.4600
TB,optimistic,0.200,0.0414,0.40,300,0.0582,-0.4218
TB,optimistic,0.250,0.0414,0.40,320,0.0610,-0.3836
TB,optimistic,0.300,0.0414,0.40,360,0.0687,-0.3454
TB,optimistic,0.350,0.0414,0.40,400,0.0837,-0.3073
TB,optimistic,0.400,0.0414,0.40,500,0.1106,-0.2691
TB,optimistic,0.450,0.0414,0.40,500,0.1488,-0.2309
TB,optimistic,0.500,0.0414,0.40,500,0.1870,-0.1927
TB,optimistic,0.550,0.0414,0.40,500,0.2252,-0.1545
TB,optimistic,0.600,0.0414,0.40,500,0.2634,-0.1163
TB,optimistic,0.650,0.0414,0.40,500,0.3015,-0.0782
TB,optimistic,0.700,0.0414,0.40,500,0.3397,-0.0400
TB,optimistic,0.750,0.0414,0.40,500,0.3779,-0.0018
TB,optimistic,0.800,0.0414,0.40,500,0.4161,0.0364
TB,optimistic,0.850,0.0414,0.40,500,0.4543,0.0746
TB,optimistic,0.900,0.0414,0.40,500,0.4925,0.1128
TB,optimistic,0.950,0.0414,0.40,500,0.5306,0.1510
TB,optimistic,1.000,0.0414,0.40,500,0.5688,0.1891
TB,optimistic,0.000,0.0494,0.40,300,0.0342,-0.5829
TB,optimistic,0.050,0.0494,0.40,280,0.0360,-0.5493
TB,optimistic,0.100,0.0494,0.40,280,0.0354,-0.5131
TB,optimistic,0.150,0.0494,0.40,300,0.0301,-0.4769
TB,optimistic,0.200,0.0494,0.40,300,0.0288,-0.4408
TB,optimistic,0.250,0.0494,0.40,320,0.0306,-0.4046
TB,optimistic,0.300,0.0494,0.40,360,0.0368,-0.3684
TB,optimistic,0.350,0.0494,0.40,400,0.0500,-0.3322
TB,optimistic,0.400,0.0494,0.40,480,0.0741,-0.2961
TB,optimistic,0.450,0.0494,0.40,500,0.1101,-0.2599
TB,optimistic,0.500,0.0494,0.40,500,0.1462,-0.2237
TB,optimistic,0.550,0.0494,0.40,500,0.1824,-0.1875
TB,optimistic,0.600,0.0494,0.40,500,0.2186,-0.1513
TB,optimistic,0.650,0.0494,0.40,500,0.2548,-0.1152
TB,optimistic,0.700,0.0494,0.40,500,0.2910,-0.0790
TB,optimistic,0.750,0.0494,0.40,500,0.3271,-0.0428
TB,optimistic,0.800,0.0494,0.40,500,0.3633,-0.0066
TB,optimistic,0.850,0.0494,0.40,500,0.3995,0.0296
TB,optimistic,0.900,0.0494,0.40,500,0.4357,0.0657
TB,optimistic,0.950,0.0494,0.40,500,0.4719,0.1019
TB,optimistic,1.000,0.0494,0.40,500,0.5080,0.1381
TB,optimistic,0.000,0.0589,0.40,280,0.0155,-0.5955
TB,optimistic,0.050,0.0589,0.40,280,0.0094,-0.5640
TB,optimistic,0.100,0.0589,0.40,280,0.0033,-0.5301
TB,optimistic,0.150,0.0589,0.40,300,-0.0027,-0.4961
TB,optimistic,0.200,0.0589,0.40,300,-0.0047,-0.4622
TB,optimistic,0.250,0.0589,0.40,320,-0.0040,-0.4283
TB,optimistic,0.300,0.0589,0.40,340,0.0009,-0.3943
TB,optimistic,0.350,0.0589,0.40,380,0.0121,-0.3604
TB,optimistic,0.400,0.0589,0.40,460,0.0330,-0.3265
TB,optimistic,0.450,0.0589,0.40,500,0.0663,-0.2925
TB,optimistic,0.500,0.0589,0.40,500,0.1002,-0.2586
TB,optimistic,0.550,0.0589,0.40,500,0.1342,-0.2246
TB,optimistic,0.600,0.0589,0.40,500,0.1681,-0.1907
TB,optimistic,0.650,0.0589,0.40,500,0.2020,-0.1568
TB,optimistic,0.700,0.0589,0.40,500,0.2360,-0.1228
TB,optimistic,0.750,0.0589,0.40,500,0.2699,-0.0889
TB,optimistic,0.800,0.0589,0.40,500,0.3039,-0.0549
TB,optimistic,0.850,0.0589,0.40,500,0.3378,-0.0210
TB,optimistic,0.900,0.0589,0.40,500,0.3717,0.0129
TB,optimistic,0.950,0.0589,0.40,500,0.4057,0.0469
TB,optimistic,1.000,0.0589,0.40,500,0.4396,0.0808
TB,optimistic,0.000,0.0703,0.40,280,-0.0198,-0.6097
TB,optimistic,0.050,0.0703,0.40,280,-0.0264,-0.5807
TB,optimistic,0.100,0.0703,0.40,280,-0.0330,-0.5492
TB,optimistic,0.150,0.0703,0.40,280,-0.0396,-0.5177
TB,optimistic,0.200,0.0703,0.40,300,-0.0425,-0.4863
TB,optimistic,0.250,0.0703,0.40,320,-0.0430,-0.4548
TB,optimistic,0.300,0.0703,0.40,340,-0.0395,-0.4233
TB,optimistic,0.350,0.0703,0.40,380,-0.0304,-0.3918
TB,optimistic,0.400,0.0703,0.40,440,-0.0129,-0.3604
TB,optimistic,0.450,0.0703,0.40,500,0.0172,-0.3289
TB,optimistic,0.500,0.0703,0.40,500,0.0487,-0.2974
TB,optimistic,0.550,0.0703,0.40,500,0.0802,-0.2660
TB,optimistic,0.600,0.0703,0.40,500,0.1117,-0.2345
TB,optimistic,0.650,0.0703,0.40,500,0.1431,-0.2030
TB,optimistic,0.700,0.0703,0.40,500,0.1746,-0.1716
TB,optimistic,0.750,0.0703,0.40,500,0.2061,-0.1401
TB,optimistic,0.800,0.0703,0.40,500,0.2375,-0.1086
TB,optimistic,0.850,0.0703,0.40,500,0.2690,-0.0771
TB,optimistic,0.900,0.0703,0.40,500,0.3005,-0.0457
TB,optimistic,0.950,0.0703,0.40,500,0.3319,-0.0142
TB,optimistic,1.000,0.0703,0.40,500,0.3634,0.0173
TB,optimistic,0.000,0.0838,0.40,260,-0.0556,-0.6257
TB,optimistic,0.050,0.0838,0.40,260,-0.0662,-0.5993
TB,optimistic,0.100,0.0838,0.40,280,-0.0738,-0.5705
TB,optimistic,0.150,0.0838,0.40,280,-0.0809,-0.5417
TB,optimistic,0.200,0.0838,0.40,300,-0.0849,-0.5129
TB,optimistic,0.250,0.0838,0.40,320,-0.0865,-0.4842
TB,optimistic,0.300,0.0838,0.40,340,-0.0846,-0.4554
TB,optimistic,0.350,0.0838,0.40,380,-0.0778,-0.4266
TB,optimistic,0.400,0.0838,0.40,440,-0.0635,-0.3978
TB,optimistic,0.450,0.0838,0.40,500,-0.0371,-0.3690
TB,optimistic,0.500,0.0838,0.40,500,-0.0083,-0.3402
TB,optimistic,0.550,0.0838,0.40,500,0.0205,-0.3115
TB,optimistic,0.600,0.0838,0.40,500,0.0492,-0.2827
TB,optimistic,0.650,0.0838,0.40,500,0.0780,-0.2539
TB,optimistic,0.700,0.0838,0.40,500,0.1068,-0.2251
TB,optimistic,0.750,0.0838,0.40,500,0.1356,-0.1963
TB,optimistic,0.800,0.0838,0.40,500,0.1644,-0.1676
TB,optimistic,0.850,0.0838,0.40,500,0.1932,-0.1388
TB,optimistic,0.900,0.0838,0.40,500,0.2219,-0.1100
TB,optimistic,0.950,0.0838,0.40,500,0.2507,-0.0812
TB,optimistic,1.000,0.0838,0.40,500,0.2795,-0.0524
TB,optimistic,0.000,0.1000,0.40,260,-0.1001,-0.6435
TB,optimistic,0.050,0.1000,0.40,260,-0.1109,-0.6199
TB,optimistic,0.100,0.1000,0.40,280,-0.1192,-0.5940
TB,optimistic,0.150,0.1000,0.40,280,-0.1268,-0.5681
TB,optimistic,0.200,0.1000,0.40,300,-0.1318,-0.5422
TB,optimistic,0.250,0.1000,0.40,320,-0.1347,-0.5163
TB,optimistic,0.300,0.1000,0.40,340,-0.1344,-0.4904
TB,optimistic,0.350,0.1000,0.40,360,-0.1299,-0.4645
TB,optimistic,0.400,0.1000,0.40,420,-0.1187,-0.4386
TB,optimistic,0.450,0.1000,0.40,500,-0.0966,-0.4127
TB,optimistic,0.500,0.1000,0.40,500,-0.0707,-0.3868
TB,optimistic,0.550,0.1000,0.40,500,-0.0448,-0.3609
TB,optimistic,0.600,0.1000,0.40,500,-0.0189,-0.3350
TB,optimistic,0.650,0.1000,0.40,500,0.0070,-0.3091
TB,optimistic,0.700,0.1000,0.40,500,0.0329,-0.2832
TB,optimistic,0.750,0.1000,0.40,500,0.0588,-0.2573
TB,optimistic,0.800,0.1000,0.40,500,0.0847,-0.2314
TB,optimistic,0.850,0.1000,0.40,500,0.1106,-0.2055
TB,optimistic,0.900,0.1000,0.40,500,0.1365,-0.1796
TB,optimistic,0.950,0.1000,0.40,500,0.1624,-0.1537
TB,optimistic,1.000,0.1000,0.40,500,0.1883,-0.1277
TB,nominal,0.000,0.0050,0.40,320,0.1778,-0.5159
TB,nominal,0.050,0.0050,0.40,320,0.1304,-0.5340
TB,nominal,0.100,0.0050,0.40,320,0.0829,-0.5493
TB,nominal,0.150,0.0050,0.40,320,0.0354,-0.5646
TB,nominal,0.200,0.0050,0.40,320,-0.0121,-0.5799
TB,nominal,0.250,0.0050,0.40,320,-0.0596,-0.5952
TB,nominal,0.300,0.0050,0.40,320,-0.1071,-0.6105
TB,nominal,0.350,0.0050,0.40,340,-0.1539,-0.6258
TB,nominal,0.400,0.0050,0.40,380,-0.1955,-0.6411
TB,nominal,0.450,0.0050,0.40,460,-0.2264,-0.6564
TB,nominal,0.500,0.0050,0.40,500,-0.2421,-0.6717
TB,nominal,0.550,0.0050,0.40,500,-0.2574,-0.6870
TB,nominal,0.600,0.0050,0.40,500,-0.2727,-0.7023
TB,nominal,0.650,0.0050,0.40,500,-0.2880,-0.7176
TB,nominal,0.700,0.0050,0.40,500,-0.3033,-0.7329
TB,nominal,0.750,0.0050,0.40,500,-0.3186,-0.7481
TB,nominal,0.800,0.0050,0.40,500,-0.3339,-0.7634
TB,nominal,0.850,0.0050,0.40,500,-0.3492,-0.7787
TB,nominal,0.900,0.0050,0.40,500,-0.3645,-0.7940
TB,nominal,0.950,0.0050,0.40,500,-0.3798,-0.8093
TB,nominal,1.000,0.0050,0.40,500,-0.3951,-0.8246
TB,nominal,0.000,0.0060,0.40,320,0.1739,-0.5175
TB,nominal,0.050,0.0060,0.40,320,0.1265,-0.5357
TB,nominal,0.100,0.0060,0.40,320,0.0792,-0.5510
TB,nominal,0.150,0.0060,0.40,320,0.0318,-0.5663
TB,nominal,0.200,0.0060,0.40,320,-0.0156,-0.5816
TB,nominal,0.250,0.0060,0.40,320,-0.0630,-0.5970
TB,nominal,0.300,0.0060,0.40,320,-0.1104,-0.6123
TB,nominal,0.350,0.0060,0.40,340,-0.1571,-0.6276
TB,nominal,0.400,0.0060,0.40,380,-0.1987,-0.6429
TB,nominal,0.450,0.0060,0.40,460,-0.2297,-0.6583
TB,nominal,0.500,0.0060,0.40,500,-0.2455,-0.6736
TB,nominal,0.550,0.0060,0.40,500,-0.2608,-0.6889
TB,nominal,0.600,0.0060,0.40,500,-0.2762,-0.7043
TB,nominal,0.650,0.0060,0.40,500,-0.2915,-0.7196
TB,nominal,0.700,0.0060,0.40,500,-0.3068,-0.7349
TB,nominal,0.750,0.0060,0.40,500,-0.3222,-0.7502
TB,nominal,0.800,0.0060,0.40,500,-0.3375,-0.7656
TB,nominal,0.850,0.0060,0.40,500,-0.3528,-0.7809
TB,nominal,0.900,0.0060,0.40,500,-0.3681,-0.7962
TB,nominal,0.950,0.0060,0.40,500,-0.3835,-0.8116
TB,nominal,1.000,0.0060,0.40,500,-0.3988,-0.8269
TB,nominal,0.000,0.0071,0.40,320,0.1693,-0.5194
TB,nominal,0.050,0.0071,0.40,320,0.1220,-0.5376
TB,nominal,0.100,0.0071,0.40,320,0.0748,-0.5530
TB,nominal,0.150,0.0071,0.40,320,0.0275,-0.5683
TB,nominal,0.200,0.0071,0.40,320,-0.0198,-0.5837
TB,nominal,0.250,0.0071,0.40,320,-0.0670,-0.5991
TB,nominal,0.300,0.0071,0.40,320,-0.1143,-0.6144
TB,nominal,0.350,0.0071,0.40,340,-0.1609,-0.6298
TB,nominal,0.400,0.0071,0.40,380,-0.2025,-0.6452
TB,nominal,0.450,0.0071,0.40,460,-0.2336,-0.6605
TB,nominal,0.500,0.0071,0.40,500,-0.2495,-0.6759
TB,nominal,0.550,0.0071,0.40,500,-0.2649,-0.6913
TB,nominal,0.600,0.0071,0.40,500,-0.2802,-0.7066
TB,nominal,0.650,0.0071,0.40,500,-0.2956,-0.7220
TB,nominal,0.700,0.0071,0.40,500,-0.3110,-0.7374
TB,nominal,0.750,0.0071,0.40,500,-0.3263,-0.7527
TB,nominal,0.800,0.0071,0.40,500,-0.3417,-0.7681
TB,nominal,0.850,0.0071,0.40,500,-0.3571,-0.7835
TB,nominal,0.900,0.0071,0.40,500,-0.3724,-0.7988
TB,nominal,0.950,0.0071,0.40,500,-0.3878,-0.8142
TB,nominal,1.000,0.0071,0.40,500,-0.4032,-0.8295
TB,nominal,0.000,0.0085,0.40,320,0.1638,-0.5217
TB,nominal,0.050,0.0085,0.40,320,0.1167,-0.5399
TB,nominal,0.100,0.0085,0.40,320,0.0696,-0.5553
TB,nominal,0.150,0.0085,0.40,320,0.0224,-0.5707
TB,nominal,0.200,0.0085,0.40,320,-0.0247,-0.5861
TB,nominal,0.250,0.0085,0.40,320,-0.0718,-0.6016
TB,nominal,0.300,0.0085,0.40,320,-0.1189,-0.6170
TB,nominal,0.350,0.0085,0.40,340,-0.1655,-0.6324
TB,nominal,0.400,0.0085,0.40,380,-0.2070,-0.6478
TB,nominal,0.450,0.0085,0.40,460,-0.2382,-0.6632
TB,nominal,0.500,0.0085,0.40,500,-0.2542,-0.6786
TB,nominal,0.550,0.0085,0.40,500,-0.2697,-0.6940
TB,nominal,0.600,0.0085,0.40,500,-0.2851,-0.7094
TB,nominal,0.650,0.0085,0.40,500,-0.3005,-0.7248
TB,nominal,0.700,0.0085,0.40,500,-0.3159,-0.7402
TB,nominal,0.750,0.0085,0.40,500,-0.3313,-0.7556
TB,nominal,0.800,0.0085,0.40,500,-0.3467,-0.7711
TB,nominal,0.850,0.0085,0.40,500,-0.3621,-0.7865
TB,nominal,0.900,0.0085,0.40,500,-0.3775,-0.8019
TB,nominal,0.950,0.0085,0.40,500,-0.3929,-0.8173
TB,nominal,1.000,0.0085,0.40,500,-0.4083,-0.8327
TB,nominal,0.000,0.0101,0.40,320,0.1573,-0.5244
TB,nominal,0.050,0.0101,0.40,320,0.1103,-0.5427
TB,nominal,0.100,0.0101,0.40,320,0.0634,-0.5581
TB,nominal,0.150,0.0101,0.40,320,0.0164,-0.5736
TB,nominal,0.200,0.0101,0.40,320,-0.0305,-0.5890
TB,nominal,0.250,0.0101,0.40,320,-0.0775,-0.6045
TB,nominal,0.300,0.0101,0.40,320,-0.1244,-0.6200
TB,nominal,0.350,0.0101,0.40,340,-0.1708,-0.6354
TB,nominal,0.400,0.0101,0.40,360,-0.2124,-0.6509
TB,nominal,0.450,0.0101,0.40,460,-0.2437,-0.6663
TB,nominal,0.500,0.0101,0.40,500,-0.2598,-0.6818
TB,nominal,0.550,0.0101,0.40,500,-0.2753,-0.6972
TB,nominal,0.600,0.0101,0.40,500,-0.2908,-0.7127
TB,nominal,0.650,0.0101,0.40,500,-0.3062,-0.7282
TB,nominal,0.700,0.0101,0.40,500,-0.3217,-0.7436
TB,nominal,0.750,0.0101,0.40,500,-0.3371,-0.7591
TB,nominal,0.800,0.0101,0.40,500,-0.3526,-0.7745
TB,nominal,0.850,0.0101,0.40,500,-0.3680,-0.7900
TB,nominal,0.900,0.0101,0.40,500,-0.3835,-0.8055
TB,nominal,0.950,0.0101,0.40,500,-0.3990,-0.8209
TB,nominal,1.000,0.0101,0.40,500,-0.4144,-0.8364
TB,nominal,0.000,0.0121,0.40,320,0.1496,-0.5276
TB,nominal,0.050,0.0121,0.40,320,0.1028,-0.5459
TB,nominal,0.100,0.0121,0.40,320,0.0561,-0.5614
TB,nominal,0.150,0.0121,0.40,320,0.0094,-0.5769
TB,nominal,0.200,0.0121,0.40,320,-0.0374,-0.5924
TB,nominal,0.250,0.0121,0.40,320,-0.0841,-0.6080
TB,nominal,0.300,0.0121,0.40,320,-0.1309,-0.6235
TB,nominal,0.350,0.0121,0.40,340,-0.1772,-0.6390
TB,nominal,0.400,0.0121,0.40,360,-0.2186,-0.6545
TB,nominal,0.450,0.0121,0.40,460,-0.2501,-0.6700
TB,nominal,0.500,0.0121,0.40,500,-0.2664,-0.6855
TB,nominal,0.550,0.0121,0.40,500,-0.2819,-0.7011
TB,nominal,0.600,0.0121,0.40,500,-0.2975,-0.7166
TB,nominal,0.650,0.0121,0.40,500,-0.3130,-0.7321
TB,nominal,0.700,0.0121,0.40,500,-0.3285,-0.7476
TB,nominal,0.750,0.0121,0.40,500,-0.3440,-0.7631
TB,nominal,0.800,0.0121,0.40,500,-0.3595,-0.7786
TB,nominal,0.850,0.0121,0.40,500,-0.3750,-0.7942
TB,nominal,0.900,0.0121,0.40,500,-0.3906,-0.8097
TB,nominal,0.950,0.0121,0.40,500,-0.4061,-0.8252
TB,nominal,1.000,0.0121,0.40,500,-0.4216,-0.8407
TB,nominal,0.000,0.0144,0.40,320,0.1405,-0.5314
TB,nominal,0.050,0.0144,0.40,320,0.0940,-0.5497
TB,nominal,0.100,0.0144,0.40,320,0.0475,-0.5653
TB,nominal,0.150,0.0144,0.40,320,0.0010,-0.5809
TB,nominal,0.200,0.0144,0.40,320,-0.0455,-0.5964
TB,nominal,0.250,0.0144,0.40,300,-0.0888,-0.6120
TB,nominal,0.300,0.0144,0.40,320,-0.1385,-0.6276
TB,nominal,0.350,0.0144,0.40,340,-0.1846,-0.6432
TB,nominal,0.400,0.0144,0.40,360,-0.2259,-0.6588
TB,nominal,0.450,0.0144,0.40,460,-0.2577,-0.6744
TB,nominal,0.500,0.0144,0.40,500,-0.2742,-0.6899
TB,nominal,0.550,0.0144,0.40,500,-0.2897,-0.7055
TB,nominal,0.600,0.0144,0.40,500,-0.3053,-0.7211
TB,nominal,0.650,0.0144,0.40,500,-0.3209,-0.7367
TB,nominal,0.700,0.0144,0.40,500,-0.3365,-0.7523
TB,nominal,0.750,0.0144,0.40,500,-0.3521,-0.7679
TB,nominal,0.800,0.0144,0.40,500,-0.3677,-0.7834
TB,nominal,0.850,0.0144,0.40,500,-0.3832,-0.7990
TB,nominal,0.900,0.0144,0.40,500,-0.3988,-0.8146
TB,nominal,0.950,0.0144,0.40,500,-0.4144,-0.8302
TB,nominal,1.000,0.0144,0.40,500,-0.4300,-0.8458
TB,nominal,0.000,0.0172,0.40,320,0.1298,-0.5358
TB,nominal,0.050,0.0172,0.40,320,0.0836,-0.5542
TB,nominal,0.100,0.0172,0.40,320,0.0374,-0.5698
TB,nominal,0.150,0.0172,0.40,300,-0.0075,-0.5855
TB,nominal,0.200,0.0172,0.40,300,-0.0484,-0.6012
TB,nominal,0.250,0.0172,0.40,300,-0.0980,-0.6168
TB,nominal,0.300,0.0172,0.40,320,-0.1474,-0.6325
TB,nominal,0.350,0.0172,0.40,340,-0.1933,-0.6481
TB,nominal,0.400,0.0172,0.40,360,-0.2345,-0.6638
TB,nominal,0.450,0.0172,0.40,440,-0.2665,-0.6794
TB,nominal,0.500,0.0172,0.40,500,-0.2832,-0.6951
TB,nominal,0.550,0.0172,0.40,500,-0.2989,-0.7107
TB,nominal,0.600,0.0172,0.40,500,-0.3146,-0.7264
TB,nominal,0.650,0.0172,0.40,500,-0.3302,-0.7421
TB,nominal,0.700,0.0172,0.40,500,-0.3459,-0.7577
TB,nominal,0.750,0.0172,0.40,500,-0.3615,-0.7734
TB,nominal,0.800,0.0172,0.40,500,-0.3772,-0.7890
TB,nominal,0.850,0.0172,0.40,500,-0.3928,-0.8047
TB,nominal,0.900,0.0172,0.40,500,-0.4085,-0.8203
TB,nominal,0.950,0.0172,0.40,500,-0.4242,-0.8360
TB,nominal,1.000,0.0172,0.40,500,-0.4398,-0.8517
TB,nominal,0.000,0.0205,0.40,320,0.1173,-0.5410
TB,nominal,0.050,0.0205,0.40,320,0.0714,-0.5594
TB,nominal,0.100,0.0205,0.40,300,0.0317,-0.5752
TB,nominal,0.150,0.0205,0.40,300,-0.0104,-0.5909
TB,nominal,0.200,0.0205,0.40,300,-0.0596,-0.6067
TB,nominal,0.250,0.0205,0.40,300,-0.1088,-0.6224
TB,nominal,0.300,0.0205,0.40,320,-0.1579,-0.6381
TB,nominal,0.350,0.0205,0.40,340,-0.2036,-0.6539
TB,nominal,0.400,0.0205,0.40,360,-0.2446,-0.6696
TB,nominal,0.450,0.0205,0.40,440,-0.2768,-0.6854
TB,nominal,0.500,0.0205,0.40,500,-0.2939,-0.7011
TB,nominal,0.550,0.0205,0.40,500,-0.3096,-0.7168
TB,nominal,0.600,0.0205,0.40,500,-0.3254,-0.7326
TB,nominal,0.650,0.0205,0.40,500,-0.3411,-0.7483
TB,nominal,0.700,0.0205,0.40,500,-0.3568,-0.7641
TB,nominal,0.750,0.0205,0.40,500,-0.3726,-0.7798
TB,nominal,0.800,0.0205,0.40,500,-0.3883,-0.7955
TB,nominal,0.850,0.0205,0.40,500,-0.4040,-0.8113
TB,nominal,0.900,0.0205,0.40,500,-0.4198,-0.8270
TB,nominal,0.950,0.0205,0.40,500,-0.4355,-0.8427
TB,nominal,1.000,0.0205,0.40,500,-0.4513,-0.8585
TB,nominal,0.000,0.0244,0.40,300,0.1096,-0.5471
TB,nominal,0.050,0.0244,0.40,300,0.0703,-0.5656
TB,nominal,0.100,0.0244,0.40,300,0.0248,-0.5814
TB,nominal,0.150,0.0244,0.40,300,-0.0240,-0.5973
TB,nominal,0.200,0.0244,0.40,300,-0.0727,-0.6131
TB,nominal,0.250,0.0244,0.40,300,-0.1214,-0.6289
TB,nominal,0.300,0.0244,0.40,300,-0.1702,-0.6447
TB,nominal,0.350,0.0244,0.40,340,-0.2156,-0.6606
TB,nominal,0.400,0.0244,0.40,360,-0.2564,-0.6764
TB,nominal,0.450,0.0244,0.40,440,-0.2888,-0.6922
TB,nominal,0.500,0.0244,0.40,500,-0.3062,-0.7081
TB,nominal,0.550,0.0244,0.40,500,-0.3221,-0.7239
TB,nominal,0.600,0.0244,0.40,500,-0.3379,-0.7397
TB,nominal,0.650,0.0244,0.40,500,-0.3537,-0.7556
TB,nominal,0.700,0.0244,0.40,500,-0.3696,-0.7714
TB,nominal,0.750,0.0244,0.40,500,-0.3854,-0.7872
TB,nominal,0.800,0.0244,0.40,500,-0.4012,-0.8030
TB,nominal,0.850,0.0244,0.40,500,-0.4171,-0.8189
TB,nominal,0.900,0.0244,0.40,500,-0.4329,-0.8347
TB,nominal,0.950,0.0244,0.40,500,-0.4487,-0.8505
TB,nominal,1.000,0.0244,0.40,500,-0.4645,-0.8664
TB,nominal,0.000,0.0291,0.40,300,0.1048,-0.5542
TB,nominal,0.050,0.0291,0.40,300,0.0566,-0.5728
TB,nominal,0.100,0.0291,0.40,300,0.0085,-0.5887
TB,nominal,0.150,0.0291,0.40,300,-0.0397,-0.6046
TB,nominal,0.200,0.0291,0.40,300,-0.0879,-0.6205
TB,nominal,0.250,0.0291,0.40,300,-0.1361,-0.6365
TB,nominal,0.300,0.0291,0.40,300,-0.1843,-0.6524
TB,nominal,0.350,0.0291,0.40,320,-0.2294,-0.6683
TB,nominal,0.400,0.0291,0.40,360,-0.2700,-0.6843
TB,nominal,0.450,0.0291,0.40,440,-0.3028,-0.7002
TB,nominal,0.500,0.0291,0.40,500,-0.3206,-0.7161
TB,nominal,0.550,0.0291,0.40,500,-0.3365,-0.7320
TB,nominal,0.600,0.0291,0.40,500,-0.3525,-0.7480
TB,nominal,0.650,0.0291,0.40,500,-0.3684,-0.7639
TB,nominal,0.700,0.0291,0.40,500,-0.3843,-0.7798
TB,nominal,0.750,0.0291,0.40,500,-0.4002,-0.7957
TB,nominal,0.800,0.0291,0.40,500,-0.4162,-0.8117
TB,nominal,0.850,0.0291,0.40,500,-0.4321,-0.8276
TB,nominal,0.900,0.0291,0.40,500,-0.4480,-0.8435
TB,nominal,0.950,0.0291,0.40,500,-0.4640,-0.8595
TB,nominal,1.000,0.0291,0.40,500,-0.4799,-0.8754
TB,nominal,0.000,0.0347,0.40,300,0.0846,-0.5624
TB,nominal,0.050,0.0347,0.40,300,0.0370,-0.5811
TB,nominal,0.100,0.0347,0.40,300,-0.0105,-0.5971
TB,nominal,0.150,0.0347,0.40,300,-0.0581,-0.6131
TB,nominal,0.200,0.0347,0.40,300,-0.1056,-0.6292
TB,nominal,0.250,0.0347,0.40,300,-0.1532,-0.6452
TB,nominal,0.300,0.0347,0.40,300,-0.2007,-0.6612
TB,nominal,0.350,0.0347,0.40,320,-0.2454,-0.6773
TB,nominal,0.400,0.0347,0.40,360,-0.2859,-0.6933
TB,nominal,0.450,0.0347,0.40,420,-0.3189,-0.7093
TB,nominal,0.500,0.0347,0.40,500,-0.3372,-0.7253
TB,nominal,0.550,0.0347,0.40,500,-0.3532,-0.7414
TB,nominal,0.600,0.0347,0.40,500,-0.3692,-0.7574
TB,nominal,0.650,0.0347,0.40,500,-0.3853,-0.7734
TB,nominal,0.700,0.0347,0.40,500,-0.4013,-0.7895
TB,nominal,0.750,0.0347,0.40,500,-0.4173,-0.8055
TB,nominal,0.800,0.0347,0.40,500,-0.4334,-0.8215
TB,nominal,0.850,0.0347,0.40,500,-0.4494,-0.8376
TB,nominal,0.900,0.0347,0.40,500,-0.4654,-0.8536
TB,nominal,0.950,0.0347,0.40,500,-0.4814,-0.8696
TB,nominal,1.000,0.0347,0.40,500,-0.4975,-0.8856
TB,nominal,0.000,0.0414,0.40,300,0.0612,-0.5720
TB,nominal,0.050,0.0414,0.40,300,0.0144,-0.5907
TB,nominal,0.100,0.0414,0.40,300,-0.0324,-0.6068
TB,nominal,0.150,0.0414,0.40,300,-0.0792,-0.6229
TB,nominal,0.200,0.0414,0.40,300,-0.1260,-0.6391
TB,nominal,0.250,0.0414,0.40,300,-0.1728,-0.6552
TB,nominal,0.300,0.0414,0.40,300,-0.2196,-0.6713
TB,nominal,0.350,0.0414,0.40,320,-0.2638,-0.6875
TB,nominal,0.400,0.0414,0.40,360,-0.3041,-0.7036
TB,nominal,0.450,0.0414,0.40,420,-0.3373,-0.7197
TB,nominal,0.500,0.0414,0.40,500,-0.3562,-0.7359
TB,nominal,0.550,0.0414,0.40,500,-0.3723,-0.7520
TB,nominal,0.600,0.0414,0.40,500,-0.3884,-0.7681
TB,nominal,0.650,0.0414,0.40,500,-0.4046,-0.7843
TB,nominal,0.700,0.0414,0.40,500,-0.4207,-0.8004
TB,nominal,0.750,0.0414,0.40,500,-0.4368,-0.8165
TB,nominal,0.800,0.0414,0.40,500,-0.4530,-0.8327
TB,nominal,0.850,0.0414,0.40,500,-0.4691,-0.8488
TB,nominal,0.900,0.0414,0.40,500,-0.4852,-0.8649
TB,nominal,0.950,0.0414,0.40,500,-0.5014,-0.8811
TB,nominal,1.000,0.0414,0.40,500,-0.5175,-0.8972
TB,nominal,0.000,0.0494,0.40,300,0.0342,-0.5829
TB,nominal,0.050,0.0494,0.40,280,-0.0070,-0.6017
TB,nominal,0.100,0.0494,0.40,280,-0.0505,-0.6179
TB,nominal,0.150,0.0494,0.40,280,-0.0991,-0.6342
TB,nominal,0.200,0.0494,0.40,280,-0.1477,-0.6504
TB,nominal,0.250,0.0494,0.40,300,-0.1954,-0.6666
TB,nominal,0.300,0.0494,0.40,300,-0.2414,-0.6829
TB,nominal,0.350,0.0494,0.40,320,-0.2849,-0.6991
TB,nominal,0.400,0.0494,0.40,360,-0.3249,-0.7153
TB,nominal,0.450,0.0494,0.40,420,-0.3583,-0.7316
TB,nominal,0.500,0.0494,0.40,500,-0.3778,-0.7478
TB,nominal,0.550,0.0494,0.40,500,-0.3941,-0.7640
TB,nominal,0.600,0.0494,0.40,500,-0.4103,-0.7803
TB,nominal,0.650,0.0494,0.40,500,-0.4265,-0.7965
TB,nominal,0.700,0.0494,0.40,500,-0.4428,-0.8127
TB,nominal,0.750,0.0494,0.40,500,-0.4590,-0.8289
TB,nominal,0.800,0.0494,0.40,500,-0.4752,-0.8452
TB,nominal,0.850,0.0494,0.40,500,-0.4915,-0.8614
TB,nominal,0.900,0.0494,0.40,500,-0.5077,-0.8776
TB,nominal,0.950,0.0494,0.40,500,-0.5239,-0.8939
TB,nominal,1.000,0.0494,0.40,500,-0.5402,-0.9101
TB,nominal,0.000,0.0589,0.40,280,0.0155,-0.5955
TB,nominal,0.050,0.0589,0.40,280,-0.0320,-0.6143
TB,nominal,0.100,0.0589,0.40,280,-0.0794,-0.6306
TB,nominal,0.150,0.0589,0.40,280,-0.1269,-0.6469
TB,nominal,0.200,0.0589,0.40,280,-0.1744,-0.6632
TB,nominal,0.250,0.0589,0.40,300,-0.2212,-0.6795
TB,nominal,0.300,0.0589,0.40,300,-0.2661,-0.6959
TB,nominal,0.350,0.0589,0.40,320,-0.3089,-0.7122
TB,nominal,0.400,0.0589,0.40,360,-0.3486,-0.7285
TB,nominal,0.450,0.0589,0.40,420,-0.3820,-0.7448
TB,nominal,0.500,0.0589,0.40,500,-0.4023,-0.7611
TB,nominal,0.550,0.0589,0.40,500,-0.4187,-0.7774
TB,nominal,0.600,0.0589,0.40,500,-0.4350,-0.7938
TB,nominal,0.650,0.0589,0.40,500,-0.4513,-0.8101
TB,nominal,0.700,0.0589,0.40,500,-0.4676,-0.8264
TB,nominal,0.750,0.0589,0.40,500,-0.4839,-0.8427
TB,nominal,0.800,0.0589,0.40,500,-0.5002,-0.8590
TB,nominal,0.850,0.0589,0.40,500,-0.5166,-0.8753
TB,nominal,0.900,0.0589,0.40,500,-0.5329,-0.8917
TB,nominal,0.950,0.0589,0.40,500,-0.5492,-0.9080
TB,nominal,1.000,0.0589,0.40,500,-0.5655,-0.9243
TB,nominal,0.000,0.0703,0.40,280,-0.0198,-0.6097
TB,nominal,0.050,0.0703,0.40,280,-0.0660,-0.6285
TB,nominal,0.100,0.0703,0.40,280,-0.1122,-0.6449
TB,nominal,0.150,0.0703,0.40,280,-0.1584,-0.6613
TB,nominal,0.200,0.0703,0.40,280,-0.2046,-0.6776
TB,nominal,0.250,0.0703,0.40,300,-0.2503,-0.6940
TB,nominal,0.300,0.0703,0.40,300,-0.2940,-0.7104
TB,nominal,0.350,0.0703,0.40,320,-0.3360,-0.7268
TB,nominal,0.400,0.0703,0.40,340,-0.3752,-0.7432
TB,nominal,0.450,0.0703,0.40,400,-0.4085,-0.7595
TB,nominal,0.500,0.0703,0.40,500,-0.4298,-0.7759
TB,nominal,0.550,0.0703,0.40,500,-0.4461,-0.7923
TB,nominal,0.600,0.0703,0.40,500,-0.4625,-0.8087
TB,nominal,0.650,0.0703,0.40,500,-0.4789,-0.8251
TB,nominal,0.700,0.0703,0.40,500,-0.4953,-0.8414
TB,nominal,0.750,0.0703,0.40,500,-0.5117,-0.8578
TB,nominal,0.800,0.0703,0.40,500,-0.5280,-0.8742
TB,nominal,0.850,0.0703,0.40,500,-0.5444,-0.8906
TB,nominal,0.900,0.0703,0.40,500,-0.5608,-0.9069
TB,nominal,0.950,0.0703,0.40,500,-0.5772,-0.9233
TB,nominal,1.000,0.0703,0.40,500,-0.5935,-0.9397
TB,nominal,0.000,0.0838,0.40,260,-0.0556,-0.6257
TB,nominal,0.050,0.0838,0.40,260,-0.1022,-0.6445
TB,nominal,0.100,0.0838,0.40,260,-0.1488,-0.6609
TB,nominal,0.150,0.0838,0.40,280,-0.1937,-0.6773
TB,nominal,0.200,0.0838,0.40,280,-0.2384,-0.6937
TB,nominal,0.250,0.0838,0.40,300,-0.2829,-0.7101
TB,nominal,0.300,0.0838,0.40,300,-0.3253,-0.7265
TB,nominal,0.350,0.0838,0.40,320,-0.3663,-0.7429
TB,nominal,0.400,0.0838,0.40,340,-0.4046,-0.7593
TB,nominal,0.450,0.0838,0.40,400,-0.4379,-0.7757
TB,nominal,0.500,0.0838,0.40,500,-0.4602,-0.7921
TB,nominal,0.550,0.0838,0.40,500,-0.4766,-0.8085
TB,nominal,0.600,0.0838,0.40,500,-0.4930,-0.8249
TB,nominal,0.650,0.0838,0.40,500,-0.5094,-0.8413
TB,nominal,0.700,0.0838,0.40,500,-0.5258,-0.8577
TB,nominal,0.750,0.0838,0.40,500,-0.5422,-0.8741
TB,nominal,0.800,0.0838,0.40,500,-0.5586,-0.8905
TB,nominal,0.850,0.0838,0.40,500,-0.5750,-0.9069
TB,nominal,0.900,0.0838,0.40,500,-0.5914,-0.9233
TB,nominal,0.950,0.0838,0.40,500,-0.6078,-0.9397
TB,nominal,1.000,0.0838,0.40,500,-0.6242,-0.9561
TB,nominal,0.000,0.1000,0.40,260,-0.1001,-0.6435
TB,nominal,0.050,0.1000,0.40,260,-0.1449,-0.6622
TB,nominal,0.100,0.1000,0.40,260,-0.1897,-0.6786
TB,nominal,0.150,0.1000,0.40,280,-0.2330,-0.6949
TB,nominal,0.200,0.1000,0.40,280,-0.2760,-0.7113
TB,nominal,0.250,0.1000,0.40,280,-0.3190,-0.7277
TB,nominal,0.300,0.1000,0.40,300,-0.3599,-0.7441
TB,nominal,0.350,0.1000,0.40,320,-0.3998,-0.7604
TB,nominal,0.400,0.1000,0.40,340,-0.4371,-0.7768
TB,nominal,0.450,0.1000,0.40,380,-0.4702,-0.7932
TB,nominal,0.500,0.1000,0.40,500,-0.4935,-0.8095
TB,nominal,0.550,0.1000,0.40,500,-0.5098,-0.8259
TB,nominal,0.600,0.1000,0.40,500,-0.5262,-0.8423
TB,nominal,0.650,0.1000,0.40,500,-0.5426,-0.8587
TB,nominal,0.700,0.1000,0.40,500,-0.5589,-0.8750
TB,nominal,0.750,0.1000,0.40,500,-0.5753,-0.8914
TB,nominal,0.800,0.1000,0.40,500,-0.5917,-0.9078
TB,nominal,0.850,0.1000,0.40,500,-0.6081,-0.9241
TB,nominal,0.900,0.1000,0.40,500,-0.6244,-0.9405
TB,nominal,0.950,0.1000,0.40,500,-0.6408,-0.9569
TB,nominal,1.000,0.1000,0.40,500,-0.6572,-0.9733
TB,pessimistic,0.000,0.0050,0.40,320,0.1778,-0.5159
TB,pessimistic,0.050,0.0050,0.40,320,0.0461,-0.6098
TB,pessimistic,0.100,0.0050,0.40,320,-0.0856,-0.7010
TB,pessimistic,0.150,0.0050,0.40,320,-0.2173,-0.7921
TB,pessimistic,0.200,0.0050,0.40,320,-0.3490,-0.8833
TB,pessimistic,0.250,0.0050,0.40,320,-0.4807,-0.9744
TB,pessimistic,0.300,0.0050,0.40,320,-0.6124,-1.0655
TB,pessimistic,0.350,0.0050,0.40,500,-0.7272,-1.1567
TB,pessimistic,0.400,0.0050,0.40,500,-0.8183,-1.2478
TB,pessimistic,0.450,0.0050,0.40,500,-0.9094,-1.3390
TB,pessimistic,0.500,0.0050,0.40,500,-1.0006,-1.4301
TB,pessimistic,0.550,0.0050,0.40,500,-1.0917,-1.5212
TB,pessimistic,0.600,0.0050,0.40,500,-1.1829,-1.6124
TB,pessimistic,0.650,0.0050,0.40,500,-1.2740,-1.7035
TB,pessimistic,0.700,0.0050,0.40,500,-1.3651,-1.7947
TB,pessimistic,0.750,0.0050,0.40,500,-1.4563,-1.8858
TB,pessimistic,0.800,0.0050,0.40,500,-1.5474,-1.9769
TB,pessimistic,0.850,0.0050,0.40,500,-1.6386,-2.0681
TB,pessimistic,0.900,0.0050,0.40,500,-1.7297,-2.1592
TB,pessimistic,0.950,0.0050,0.40,500,-1.8208,-2.2504
TB,pessimistic,1.000,0.0050,0.40,500,-1.9120,-2.3415
TB,pessimistic,0.000,0.0060,0.40,320,0.1739,-0.5175
TB,pessimistic,0.050,0.0060,0.40,320,0.0426,-0.6112
TB,pessimistic,0.100,0.0060,0.40,320,-0.0887,-0.7021
TB,pessimistic,0.150,0.0060,0.40,320,-0.2200,-0.7930
TB,pessimistic,0.200,0.0060,0.40,320,-0.3513,-0.8838
TB,pessimistic,0.250,0.0060,0.40,320,-0.4826,-0.9747
TB,pessimistic,0.300,0.0060,0.40,320,-0.6139,-1.0656
TB,pessimistic,0.350,0.0060,0.40,500,-0.7284,-1.1565
TB,pessimistic,0.400,0.0060,0.40,500,-0.8192,-1.2473
TB,pessimistic,0.450,0.0060,0.40,500,-0.9101,-1.3382
TB,pessimistic,0.500,0.0060,0.40,500,-1.0010,-1.4291
TB,pessimistic,0.550,0.0060,0.40,500,-1.0919,-1.5200
TB,pessimistic,0.600,0.0060,0.40,500,-1.1827,-1.6108
TB,pessimistic,0.650,0.0060,0.40,500,-1.2736,-1.7017
TB,pessimistic,0.700,0.0060,0.40,500,-1.3645,-1.7926
TB,pessimistic,0.750,0.0060,0.40,500,-1.4554,-1.8835
TB,pessimistic,0.800,0.0060,0.40,500,-1.5462,-1.9743
TB,pessimistic,0.850,0.0060,0.40,500,-1.6371,-2.0652
TB,pessimistic,0.900,0.0060,0.40,500,-1.7280,-2.1561
TB,pessimistic,0.950,0.0060,0.40,500,-1.8189,-2.2470
TB,pessimistic,1.000,0.0060,0.40,500,-1.9098,-2.3378
TB,pessimistic,0.000,0.0071,0.40,320,0.1693,-0.5194
TB,pessimistic,0.050,0.0071,0.40,320,0.0385,-0.6128
TB,pessimistic,0.100,0.0071,0.40,320,-0.0923,-0.7034
TB,pessimistic,0.150,0.0071,0.40,320,-0.2232,-0.7939
TB,pessimistic,0.200,0.0071,0.40,320,-0.3540,-0.8845
TB,pessimistic,0.250,0.0071,0.40,320,-0.4848,-0.9750
TB,pessimistic,0.300,0.0071,0.40,320,-0.6156,-1.0656
TB,pessimistic,0.350,0.0071,0.40,500,-0.7298,-1.1562
TB,pessimistic,0.400,0.0071,0.40,500,-0.8204,-1.2467
TB,pessimistic,0.450,0.0071,0.40,500,-0.9109,-1.3373
TB,pessimistic,0.500,0.0071,0.40,500,-1.0015,-1.4279
TB,pessimistic,0.550,0.0071,0.40,500,-1.0920,-1.5184
TB,pessimistic,0.600,0.0071,0.40,500,-1.1826,-1.6090
TB,pessimistic,0.650,0.0071,0.40,500,-1.2732,-1.6995
TB,pessimistic,0.700,0.0071,0.40,500,-1.3637,-1.7901
TB,pessimistic,0.750,0.0071,0.40,500,-1.4543,-1.8807
TB,pessimistic,0.800,0.0071,0.40,500,-1.5449,-1.9712
TB,pessimistic,0.850,0.0071,0.40,500,-1.6354,-2.0618
TB,pessimistic,0.900,0.0071,0.40,500,-1.7260,-2.1524
TB,pessimistic,0.950,0.0071,0.40,500,-1.8165,-2.2429
TB,pessimistic,1.000,0.0071,0.40,500,-1.9071,-2.3335
TB,pessimistic,0.000,0.0085,0.40,320,0.1638,-0.5217
TB,pessimistic,0.050,0.0085,0.40,320,0.0335,-0.6147
TB,pessimistic,0.100,0.0085,0.40,320,-0.0967,-0.7049
TB,pessimistic,0.150,0.0085,0.40,320,-0.2269,-0.7951
TB,pessimistic,0.200,0.0085,0.40,320,-0.3572,-0.8853
TB,pessimistic,0.250,0.0085,0.40,320,-0.4874,-0.9755
TB,pessimistic,0.300,0.0085,0.40,320,-0.6177,-1.0656
TB,pessimistic,0.350,0.0085,0.40,500,-0.7315,-1.1558
TB,pessimistic,0.400,0.0085,0.40,500,-0.8217,-1.2460
TB,pessimistic,0.450,0.0085,0.40,500,-0.9119,-1.3362
TB,pessimistic,0.500,0.0085,0.40,500,-1.0021,-1.4264
TB,pessimistic,0.550,0.0085,0.40,500,-1.0922,-1.5166
TB,pessimistic,0.600,0.0085,0.40,500,-1.1824,-1.6068
TB,pessimistic,0.650,0.0085,0.40,500,-1.2726,-1.6970
TB,pessimistic,0.700,0.0085,0.40,500,-1.3628,-1.7872
TB,pessimistic,0.750,0.0085,0.40,500,-1.4530,-1.8774
TB,pessimistic,0.800,0.0085,0.40,500,-1.5432,-1.9675
TB,pessimistic,0.850,0.0085,0.40,500,-1.6334,-2.0577
TB,pessimistic,0.900,0.0085,0.40,500,-1.7236,-2.1479
TB,pessimistic,0.950,0.0085,0.40,500,-1.8138,-2.2381
TB,pessimistic,1.000,0.0085,0.40,500,-1.9040,-2.3283
TB,pessimistic,0.000,0.0101,0.40,320,0.1573,-0.5244
TB,pessimistic,0.050,0.0101,0.40,320,0.0277,-0.6169
TB,pessimistic,0.100,0.0101,0.40,320,-0.1018,-0.7067
TB,pessimistic,0.150,0.0101,0.40,320,-0.2314,-0.7964
TB,pessimistic,0.200,0.0101,0.40,320,-0.3609,-0.8862
TB,pessimistic,0.250,0.0101,0.40,320,-0.4905,-0.9759
TB,pessimistic,0.300,0.0101,0.40,320,-0.6201,-1.0657
TB,pessimistic,0.350,0.0101,0.40,500,-0.7335,-1.1554
TB,pessimistic,0.400,0.0101,0.40,500,-0.8232,-1.2452
TB,pessimistic,0.450,0.0101,0.40,500,-0.9130,-1.3349
TB,pessimistic,0.500,0.0101,0.40,500,-1.0027,-1.4247
TB,pessimistic,0.550,0.0101,0.40,500,-1.0925,-1.5144
TB,pessimistic,0.600,0.0101,0.40,500,-1.1822,-1.6042
TB,pessimistic,0.650,0.0101,0.40,500,-1.2720,-1.6939
TB,pessimistic,0.700,0.0101,0.40,500,-1.3617,-1.7837
TB,pessimistic,0.750,0.0101,0.40,500,-1.4515,-1.8734
TB,pessimistic,0.800,0.0101,0.40,500,-1.5412,-1.9632
TB,pessimistic,0.850,0.0101,0.40,500,-1.6310,-2.0529
TB,pessimistic,0.900,0.0101,0.40,500,-1.7207,-2.1427
TB,pessimistic,0.950,0.0101,0.40,500,-1.8105,-2.2324
TB,pessimistic,1.000,0.0101,0.40,500,-1.9002,-2.3222
TB,pessimistic,0.000,0.0121,0.40,320,0.1496,-0.5276
TB,pessimistic,0.050,0.0121,0.40,320,0.0208,-0.6196
TB,pessimistic,0.100,0.0121,0.40,320,-0.1079,-0.7088
TB,pessimistic,0.150,0.0121,0.40,320,-0.2367,-0.7981
TB,pessimistic,0.200,0.0121,0.40,320,-0.3654,-0.8873
TB,pessimistic,0.250,0.0121,0.40,320,-0.4942,-0.9765
TB,pessimistic,0.300,0.0121,0.40,320,-0.6229,-1.0657
TB,pessimistic,0.350,0.0121,0.40,500,-0.7358,-1.1550
TB,pessimistic,0.400,0.0121,0.40,500,-0.8251,-1.2442
TB,pessimistic,0.450,0.0121,0.40,500,-0.9143,-1.3334
TB,pessimistic,0.500,0.0121,0.40,500,-1.0035,-1.4226
TB,pessimistic,0.550,0.0121,0.40,500,-1.0927,-1.5119
TB,pessimistic,0.600,0.0121,0.40,500,-1.1820,-1.6011
TB,pessimistic,0.650,0.0121,0.40,500,-1.2712,-1.6903
TB,pessimistic,0.700,0.0121,0.40,500,-1.3604,-1.7795
TB,pessimistic,0.750,0.0121,0.40,500,-1.4497,-1.8688
TB,pessimistic,0.800,0.0121,0.40,500,-1.5389,-1.9580
TB,pessimistic,0.850,0.0121,0.40,500,-1.6281,-2.0472
TB,pessimistic,0.900,0.0121,0.40,500,-1.7173,-2.1365
TB,pessimistic,0.950,0.0121,0.40,500,-1.8066,-2.2257
TB,pessimistic,1.000,0.0121,0.40,500,-1.8958,-2.3149
TB,pessimistic,0.000,0.0144,0.40,320,0.1405,-0.5314
TB,pessimistic,0.050,0.0144,0.40,320,0.0127,-0.6227
TB,pessimistic,0.100,0.0144,0.40,320,-0.1151,-0.7113
TB,pessimistic,0.150,0.0144,0.40,320,-0.2429,-0.7999
TB,pessimistic,0.200,0.0144,0.40,320,-0.3707,-0.8886
TB,pessimistic,0.250,0.0144,0.40,300,-0.4960,-0.9772
TB,pessimistic,0.300,0.0144,0.40,320,-0.6263,-1.0658
TB,pessimistic,0.350,0.0144,0.40,500,-0.7386,-1.1544
TB,pessimistic,0.400,0.0144,0.40,500,-0.8272,-1.2430
TB,pessimistic,0.450,0.0144,0.40,500,-0.9158,-1.3316
TB,pessimistic,0.500,0.0144,0.40,500,-1.0044,-1.4202
TB,pessimistic,0.550,0.0144,0.40,500,-1.0931,-1.5088
TB,pessimistic,0.600,0.0144,0.40,500,-1.1817,-1.5974
TB,pessimistic,0.650,0.0144,0.40,500,-1.2703,-1.6860
TB,pessimistic,0.700,0.0144,0.40,500,-1.3589,-1.7747
TB,pessimistic,0.750,0.0144,0.40,500,-1.4475,-1.8633
TB,pessimistic,0.800,0.0144,0.40,500,-1.5361,-1.9519
TB,pessimistic,0.850,0.0144,0.40,500,-1.6247,-2.0405
TB,pessimistic,0.900,0.0144,0.40,500,-1.7133,-2.1291
TB,pessimistic,0.950,0.0144,0.40,500,-1.8019,-2.2177
TB,pessimistic,1.000,0.0144,0.40,500,-1.8905,-2.3063
TB,pessimistic,0.000,0.0172,0.40,320,0.1298,-0.5358
TB,pessimistic,0.050,0.0172,0.40,320,0.0032,-0.6264
TB,pessimistic,0.100,0.0172,0.40,320,-0.1235,-0.7143
TB,pessimistic,0.150,0.0172,0.40,300,-0.2494,-0.8022
TB,pessimistic,0.200,0.0172,0.40,300,-0.3709,-0.8901
TB,pessimistic,0.250,0.0172,0.40,300,-0.5011,-0.9779
TB,pessimistic,0.300,0.0172,0.40,320,-0.6302,-1.0658
TB,pessimistic,0.350,0.0172,0.40,500,-0.7419,-1.1537
TB,pessimistic,0.400,0.0172,0.40,500,-0.8297,-1.2416
TB,pessimistic,0.450,0.0172,0.40,500,-0.9176,-1.3295
TB,pessimistic,0.500,0.0172,0.40,500,-1.0055,-1.4173
TB,pessimistic,0.550,0.0172,0.40,500,-1.0934,-1.5052
TB,pessimistic,0.600,0.0172,0.40,500,-1.1813,-1.5931
TB,pessimistic,0.650,0.0172,0.40,500,-1.2692,-1.6810
TB,pessimistic,0.700,0.0172,0.40,500,-1.3570,-1.7689
TB,pessimistic,0.750,0.0172,0.40,500,-1.4449,-1.8568
TB,pessimistic,0.800,0.0172,0.40,500,-1.5328,-1.9446
TB,pessimistic,0.850,0.0172,0.40,500,-1.6207,-2.0325
TB,pessimistic,0.900,0.0172,0.40,500,-1.7086,-2.1204
TB,pessimistic,0.950,0.0172,0.40,500,-1.7964,-2.2083
TB,pessimistic,1.000,0.0172,0.40,500,-1.8843,-2.2962
TB,pessimistic,0.000,0.0205,0.40,320,0.1173,-0.5410
TB,pessimistic,0.050,0.0205,0.40,320,-0.0081,-0.6307
TB,pessimistic,0.100,0.0205,0.40,300,-0.1275,-0.7178
TB,pessimistic,0.150,0.0205,0.40,300,-0.2493,-0.8048
TB,pessimistic,0.200,0.0205,0.40,300,-0.3782,-0.8918
TB,pessimistic,0.250,0.0205,0.40,300,-0.5070,-0.9788
TB,pessimistic,0.300,0.0205,0.40,320,-0.6348,-1.0659
TB,pessimistic,0.350,0.0205,0.40,500,-0.7457,-1.1529
TB,pessimistic,0.400,0.0205,0.40,500,-0.8327,-1.2399
TB,pessimistic,0.450,0.0205,0.40,500,-0.9197,-1.3269
TB,pessimistic,0.500,0.0205,0.40,500,-1.0067,-1.4140
TB,pessimistic,0.550,0.0205,0.40,500,-1.0938,-1.5010
TB,pessimistic,0.600,0.0205,0.40,500,-1.1808,-1.5880
TB,pessimistic,0.650,0.0205,0.40,500,-1.2678,-1.6750
TB,pessimistic,0.700,0.0205,0.40,500,-1.3548,-1.7621
TB,pessimistic,0.750,0.0205,0.40,500,-1.4419,-1.8491
TB,pessimistic,0.800,0.0205,0.40,500,-1.5289,-1.9361
TB,pessimistic,0.850,0.0205,0.40,500,-1.6159,-2.0231
TB,pessimistic,0.900,0.0205,0.40,500,-1.7029,-2.1102
TB,pessimistic,0.950,0.0205,0.40,500,-1.7900,-2.1972
TB,pessimistic,1.000,0.0205,0.40,500,-1.8770,-2.2842
TB,pessimistic,0.000,0.0244,0.40,300,0.1096,-0.5471
TB,pessimistic,0.050,0.0244,0.40,300,-0.0082,-0.6358
TB,pessimistic,0.100,0.0244,0.40,300,-0.1322,-0.7218
TB,pessimistic,0.150,0.0244,0.40,300,-0.2595,-0.8078
TB,pessimistic,0.200,0.0244,0.40,300,-0.3867,-0.8938
TB,pessimistic,0.250,0.0244,0.40,300,-0.5140,-0.9799
TB,pessimistic,0.300,0.0244,0.40,320,-0.6402,-1.0659
TB,pessimistic,0.350,0.0244,0.40,500,-0.7501,-1.1519
TB,pessimistic,0.400,0.0244,0.40,500,-0.8361,-1.2379
TB,pessimistic,0.450,0.0244,0.40,500,-0.9221,-1.3239
TB,pessimistic,0.500,0.0244,0.40,500,-1.0081,-1.4100
TB,pessimistic,0.550,0.0244,0.40,500,-1.0942,-1.4960
TB,pessimistic,0.600,0.0244,0.40,500,-1.1802,-1.5820
TB,pessimistic,0.650,0.0244,0.40,500,-1.2662,-1.6680
TB,pessimistic,0.700,0.0244,0.40,500,-1.3522,-1.7540
TB,pessimistic,0.750,0.0244,0.40,500,-1.4382,-1.8401
TB,pessimistic,0.800,0.0244,0.40,500,-1.5243,-1.9261
TB,pessimistic,0.850,0.0244,0.40,500,-1.6103,-2.0121
TB,pessimistic,0.900,0.0244,0.40,500,-1.6963,-2.0981
TB,pessimistic,0.950,0.0244,0.40,500,-1.7823,-2.1841
TB,pessimistic,1.000,0.0244,0.40,500,-1.8683,-2.2702
TB,pessimistic,0.000,0.0291,0.40,300,0.1048,-0.5542
TB,pessimistic,0.050,0.0291,0.40,300,-0.0205,-0.6417
TB,pessimistic,0.100,0.0291,0.40,300,-0.1459,-0.7265
TB,pessimistic,0.150,0.0291,0.40,300,-0.2713,-0.8114
TB,pessimistic,0.200,0.0291,0.40,300,-0.3967,-0.8962
TB,pessimistic,0.250,0.0291,0.40,300,-0.5220,-0.9810
TB,pessimistic,0.300,0.0291,0.40,320,-0.6465,-1.0659
TB,pessimistic,0.350,0.0291,0.40,500,-0.7552,-1.1507
TB,pessimistic,0.400,0.0291,0.40,500,-0.8401,-1.2356
TB,pessimistic,0.450,0.0291,0.40,500,-0.9249,-1.3204
TB,pessimistic,0.500,0.0291,0.40,500,-1.0097,-1.4053
TB,pessimistic,0.550,0.0291,0.40,500,-1.0946,-1.4901
TB,pessimistic,0.600,0.0291,0.40,500,-1.1794,-1.5749
TB,pessimistic,0.650,0.0291,0.40,500,-1.2643,-1.6598
TB,pessimistic,0.700,0.0291,0.40,500,-1.3491,-1.7446
TB,pessimistic,0.750,0.0291,0.40,500,-1.4340,-1.8295
TB,pessimistic,0.800,0.0291,0.40,500,-1.5188,-1.9143
TB,pessimistic,0.850,0.0291,0.40,500,-1.6036,-1.9992
TB,pessimistic,0.900,0.0291,0.40,500,-1.6885,-2.0840
TB,pessimistic,0.950,0.0291,0.40,500,-1.7733,-2.1688
TB,pessimistic,1.000,0.0291,0.40,500,-1.8582,-2.2537
TB,pessimistic,0.000,0.0347,0.40,300,0.0846,-0.5624
TB,pessimistic,0.050,0.0347,0.40,300,-0.0386,-0.6485
TB,pessimistic,0.100,0.0347,0.40,300,-0.1618,-0.7320
TB,pessimistic,0.150,0.0347,0.40,300,-0.2850,-0.8155
TB,pessimistic,0.200,0.0347,0.40,300,-0.4082,-0.8989
TB,pessimistic,0.250,0.0347,0.40,300,-0.5314,-0.9824
TB,pessimistic,0.300,0.0347,0.40,320,-0.6538,-1.0659
TB,pessimistic,0.350,0.0347,0.40,500,-0.7612,-1.1493
TB,pessimistic,0.400,0.0347,0.40,500,-0.8446,-1.2328
TB,pessimistic,0.450,0.0347,0.40,500,-0.9281,-1.3163
TB,pessimistic,0.500,0.0347,0.40,500,-1.0116,-1.3997
TB,pessimistic,0.550,0.0347,0.40,500,-1.0950,-1.4832
TB,pessimistic,0.600,0.0347,0.40,500,-1.1785,-1.5667
TB,pessimistic,0.650,0.0347,0.40,500,-1.2620,-1.6501
TB,pessimistic,0.700,0.0347,0.40,500,-1.3454,-1.7336
TB,pessimistic,0.750,0.0347,0.40,500,-1.4289,-1.8171
TB,pessimistic,0.800,0.0347,0.40,500,-1.5124,-1.9005
TB,pessimistic,0.850,0.0347,0.40,500,-1.5958,-1.9840
TB,pessimistic,0.900,0.0347,0.40,500,-1.6793,-2.0675
TB,pessimistic,0.950,0.0347,0.40,500,-1.7628,-2.1509
TB,pessimistic,1.000,0.0347,0.40,500,-1.8462,-2.2344
TB,pessimistic,0.000,0.0414,0.40,300,0.0612,-0.5720
TB,pessimistic,0.050,0.0414,0.40,300,-0.0595,-0.6564
TB,pessimistic,0.100,0.0414,0.40,300,-0.1802,-0.7383
TB,pessimistic,0.150,0.0414,0.40,300,-0.3009,-0.8202
TB,pessimistic,0.200,0.0414,0.40,300,-0.4215,-0.9020
TB,pessimistic,0.250,0.0414,0.40,300,-0.5422,-0.9839
TB,pessimistic,0.300,0.0414,0.40,320,-0.6622,-1.0658
TB,pessimistic,0.350,0.0414,0.40,500,-0.7680,-1.1476
TB,pessimistic,0.400,0.0414,0.40,500,-0.8498,-1.2295
TB,pessimistic,0.450,0.0414,0.40,500,-0.9317,-1.3114
TB,pessimistic,0.500,0.0414,0.40,500,-1.0136,-1.3933
TB,pessimistic,0.550,0.0414,0.40,500,-1.0954,-1.4751
TB,pessimistic,0.600,0.0414,0.40,500,-1.1773,-1.5570
TB,pessimistic,0.650,0.0414,0.40,500,-1.2592,-1.6389
TB,pessimistic,0.700,0.0414,0.40,500,-1.3411,-1.7208
TB,pessimistic,0.750,0.0414,0.40,500,-1.4229,-1.8026
TB,pessimistic,0.800,0.0414,0.40,500,-1.5048,-1.8845
TB,pessimistic,0.850,0.0414,0.40,500,-1.5867,-1.9664
TB,pessimistic,0.900,0.0414,0.40,500,-1.6685,-2.0482
TB,pessimistic,0.950,0.0414,0.40,500,-1.7504,-2.1301
TB,pessimistic,1.000,0.0414,0.40,500,-1.8323,-2.2120
TB,pessimistic,0.000,0.0494,0.40,300,0.0342,-0.5829
TB,pessimistic,0.050,0.0494,0.40,280,-0.0786,-0.6655
TB,pessimistic,0.100,0.0494,0.40,280,-0.1938,-0.7455
TB,pessimistic,0.150,0.0494,0.40,280,-0.3141,-0.8256
TB,pessimistic,0.200,0.0494,0.40,280,-0.4343,-0.9056
TB,pessimistic,0.250,0.0494,0.40,280,-0.5546,-0.9856
TB,pessimistic,0.300,0.0494,0.40,320,-0.6718,-1.0656
TB,pessimistic,0.350,0.0494,0.40,500,-0.7757,-1.1457
TB,pessimistic,0.400,0.0494,0.40,500,-0.8557,-1.2257
TB,pessimistic,0.450,0.0494,0.40,500,-0.9358,-1.3057
TB,pessimistic,0.500,0.0494,0.40,500,-1.0158,-1.3857
TB,pessimistic,0.550,0.0494,0.40,500,-1.0958,-1.4658
TB,pessimistic,0.600,0.0494,0.40,500,-1.1758,-1.5458
TB,pessimistic,0.650,0.0494,0.40,500,-1.2559,-1.6258
TB,pessimistic,0.700,0.0494,0.40,500,-1.3359,-1.7058
TB,pessimistic,0.750,0.0494,0.40,500,-1.4159,-1.7859
TB,pessimistic,0.800,0.0494,0.40,500,-1.4959,-1.8659
TB,pessimistic,0.850,0.0494,0.40,500,-1.5760,-1.9459
TB,pessimistic,0.900,0.0494,0.40,500,-1.6560,-2.0259
TB,pessimistic,0.950,0.0494,0.40,500,-1.7360,-2.1060
TB,pessimistic,1.000,0.0494,0.40,500,-1.8160,-2.1860
TB,pessimistic,0.000,0.0589,0.40,280,0.0155,-0.5955
TB,pessimistic,0.050,0.0589,0.40,280,-0.1013,-0.6759
TB,pessimistic,0.100,0.0589,0.40,280,-0.2181,-0.7538
TB,pessimistic,0.150,0.0589,0.40,280,-0.3350,-0.8317
TB,pessimistic,0.200,0.0589,0.40,280,-0.4518,-0.9096
TB,pessimistic,0.250,0.0589,0.40,280,-0.5686,-0.9875
TB,pessimistic,0.300,0.0589,0.40,320,-0.6827,-1.0654
TB,pessimistic,0.350,0.0589,0.40,500,-0.7845,-1.1433
TB,pessimistic,0.400,0.0589,0.40,500,-0.8624,-1.2212
TB,pessimistic,0.450,0.0589,0.40,500,-0.9403,-1.2991
TB,pessimistic,0.500,0.0589,0.40,500,-1.0182,-1.3770
TB,pessimistic,0.550,0.0589,0.40,500,-1.0961,-1.4549
TB,pessimistic,0.600,0.0589,0.40,500,-1.1740,-1.5328
TB,pessimistic,0.650,0.0589,0.40,500,-1.2519,-1.6107
TB,pessimistic,0.700,0.0589,0.40,500,-1.3298,-1.6886
TB,pessimistic,0.750,0.0589,0.40,500,-1.4077,-1.7665
TB,pessimistic,0.800,0.0589,0.40,500,-1.4856,-1.8444
TB,pessimistic,0.850,0.0589,0.40,500,-1.5635,-1.9223
TB,pessimistic,0.900,0.0589,0.40,500,-1.6414,-2.0002
TB,pessimistic,0.950,0.0589,0.40,500,-1.7193,-2.0781
TB,pessimistic,1.000,0.0589,0.40,500,-1.7972,-2.1560
TB,pessimistic,0.000,0.0703,0.40,280,-0.0198,-0.6097
TB,pessimistic,0.050,0.0703,0.40,280,-0.1328,-0.6876
TB,pessimistic,0.100,0.0703,0.40,280,-0.2457,-0.7631
TB,pessimistic,0.150,0.0703,0.40,280,-0.3587,-0.8386
TB,pessimistic,0.200,0.0703,0.40,280,-0.4716,-0.9140
TB,pessimistic,0.250,0.0703,0.40,280,-0.5845,-0.9895
TB,pessimistic,0.300,0.0703,0.40,320,-0.6951,-1.0650
TB,pessimistic,0.350,0.0703,0.40,500,-0.7943,-1.1405
TB,pessimistic,0.400,0.0703,0.40,500,-0.8698,-1.2159
TB,pessimistic,0.450,0.0703,0.40,500,-0.9452,-1.2914
TB,pessimistic,0.500,0.0703,0.40,500,-1.0207,-1.3669
TB,pessimistic,0.550,0.0703,0.40,500,-1.0962,-1.4423
TB,pessimistic,0.600,0.0703,0.40,500,-1.1717,-1.5178
TB,pessimistic,0.650,0.0703,0.40,500,-1.2471,-1.5933
TB,pessimistic,0.700,0.0703,0.40,500,-1.3226,-1.6688
TB,pessimistic,0.750,0.0703,0.40,500,-1.3981,-1.7442
TB,pessimistic,0.800,0.0703,0.40,500,-1.4736,-1.8197
TB,pessimistic,0.850,0.0703,0.40,500,-1.5490,-1.8952
TB,pessimistic,0.900,0.0703,0.40,500,-1.6245,-1.9707
TB,pessimistic,0.950,0.0703,0.40,500,-1.7000,-2.0461
TB,pessimistic,1.000,0.0703,0.40,500,-1.7755,-2.1216
TB,pessimistic,0.000,0.0838,0.40,260,-0.0556,-0.6257
TB,pessimistic,0.050,0.0838,0.40,260,-0.1655,-0.7008
TB,pessimistic,0.100,0.0838,0.40,260,-0.2753,-0.7735
TB,pessimistic,0.150,0.0838,0.40,260,-0.3852,-0.8462
TB,pessimistic,0.200,0.0838,0.40,280,-0.4938,-0.9190
TB,pessimistic,0.250,0.0838,0.40,280,-0.6024,-0.9917
TB,pessimistic,0.300,0.0838,0.40,320,-0.7089,-1.0644
TB,pessimistic,0.350,0.0838,0.40,500,-0.8052,-1.1371
TB,pessimistic,0.400,0.0838,0.40,500,-0.8779,-1.2098
TB,pessimistic,0.450,0.0838,0.40,500,-0.9506,-1.2826
TB,pessimistic,0.500,0.0838,0.40,500,-1.0234,-1.3553
TB,pessimistic,0.550,0.0838,0.40,500,-1.0961,-1.4280
TB,pessimistic,0.600,0.0838,0.40,500,-1.1688,-1.5007
TB,pessimistic,0.650,0.0838,0.40,500,-1.2415,-1.5734
TB,pessimistic,0.700,0.0838,0.40,500,-1.3142,-1.6462
TB,pessimistic,0.750,0.0838,0.40,500,-1.3870,-1.7189
TB,pessimistic,0.800,0.0838,0.40,500,-1.4597,-1.7916
TB,pessimistic,0.850,0.0838,0.40,500,-1.5324,-1.8643
TB,pessimistic,0.900,0.0838,0.40,500,-1.6051,-1.9371
TB,pessimistic,0.950,0.0838,0.40,500,-1.6778,-2.0098
TB,pessimistic,1.000,0.0838,0.40,500,-1.7506,-2.0825
TB,pessimistic,0.000,0.1000,0.40,260,-0.1001,-0.6435
TB,pessimistic,0.050,0.1000,0.40,260,-0.2050,-0.7154
TB,pessimistic,0.100,0.1000,0.40,260,-0.3099,-0.7851
TB,pessimistic,0.150,0.1000,0.40,260,-0.4148,-0.8547
TB,pessimistic,0.200,0.1000,0.40,280,-0.5185,-0.9243
TB,pessimistic,0.250,0.1000,0.40,280,-0.6222,-0.9940
TB,pessimistic,0.300,0.1000,0.40,320,-0.7241,-1.0636
TB,pessimistic,0.350,0.1000,0.40,480,-0.8171,-1.1332
TB,pessimistic,0.400,0.1000,0.40,500,-0.8868,-1.2028
TB,pessimistic,0.450,0.1000,0.40,500,-0.9564,-1.2725
TB,pessimistic,0.500,0.1000,0.40,500,-1.0260,-1.3421
TB,pessimistic,0.550,0.1000,0.40,500,-1.0956,-1.4117
TB,pessimistic,0.600,0.1000,0.40,500,-1.1653,-1.4813
TB,pessimistic,0.650,0.1000,0.40,500,-1.2349,-1.5510
TB,pessimistic,0.700,0.1000,0.40,500,-1.3045,-1.6206
TB,pessimistic,0.750,0.1000,0.40,500,-1.3741,-1.6902
TB,pessimistic,0.800,0.1000,0.40,500,-1.4438,-1.7599
TB,pessimistic,0.850,0.1000,0.40,500,-1.5134,-1.8295
TB,pessimistic,0.900,0.1000,0.40,500,-1.5830,-1.8991
TB,pessimistic,0.950,0.1000,0.40,500,-1.6526,-1.9687
TB,pessimistic,1.000,0.1000,0.40,500,-1.7223,-2.0384
