Ti,tau,f_B,r_ash,eta_ch,f_tail,eta_drive,f_imp,xi_sync,Pnet_Pbrems
598.3954,0.4320,0.1593,0.0077,0.4969,0.5681,0.7363,0.0061,0.1317,0.1320
549.3204,0.7505,0.1723,0.0155,0.4525,0.5973,0.7697,0.0161,0.0113,0.0010
569.2192,0.5866,0.2678,0.0035,0.4378,0.5648,0.7965,0.0166,0.0290,0.0222
575.8324,0.9900,0.2495,0.0202,0.4881,0.5940,0.7085,0.0066,0.1137,0.0097
335.8000,0.3680,0.1948,0.0069,0.0053,0.4177,0.4215,0.0025,0.0177,0.0767
559.8367,0.5211,0.2353,0.0257,0.4647,0.5874,0.7605,0.0006,0.1427,0.0272
593.4550,0.6706,0.2171,0.0089,0.4562,0.5847,0.5411,0.0053,0.0796,0.0245
313.2678,0.4091,0.1156,0.0012,0.2190,0.3179,0.6849,0.0040,0.0114,0.0613
563.1321,0.4481,0.2721,0.0194,0.4176,0.5439,0.6611,0.0037,0.0004,0.0018
460.2316,0.3525,0.1473,0.0063,0.3935,0.5806,0.6874,0.0034,0.1330,0.0745
418.7375,0.3635,0.1217,0.0294,0.0567,0.4627,0.7740,0.0025,0.0141,0.0553
393.0887,0.3671,0.1070,0.0021,0.0749,0.1894,0.7231,0.0081,0.0406,0.0336
391.5693,0.3086,0.2298,0.0170,0.3544,0.5158,0.7313,0.0052,0.0002,0.0030
326.1128,0.4557,0.1235,0.0085,0.1683,0.5625,0.7004,0.0044,0.0015,0.0186
361.4679,0.3616,0.1819,0.0243,0.2313,0.4327,0.7260,0.0017,0.0347,0.0354
478.4289,0.3472,0.1102,0.0039,0.1495,0.4939,0.7587,0.0143,0.0005,0.0412
584.1701,0.3754,0.1814,0.0308,0.4031,0.5236,0.7674,0.0104,0.0179,0.0093
426.6185,0.4627,0.1709,0.0073,0.4256,0.5791,0.7721,0.0147,0.0643,0.0137
499.6515,0.3390,0.1921,0.0070,0.4731,0.5353,0.7691,0.0003,0.2162,0.1162
519.5223,0.3682,0.1669,0.0058,0.4668,0.5627,0.7542,0.0174,0.0647,0.0934
485.8519,0.3436,0.1068,0.0133,0.3413,0.3276,0.7709,0.0064,0.0269,0.0303
485.4092,0.3026,0.2783,0.0102,0.4779,0.5165,0.7446,0.0040,0.1308,0.0076
534.0473,0.3389,0.1674,0.0113,0.3167,0.3731,0.7121,0.0008,0.0340,0.0445
357.1555,0.3847,0.1898,0.0063,0.4229,0.3193,0.7915,0.0030,0.0388,0.0500
559.3747,0.9397,0.2478,0.0045,0.4680,0.5124,0.5880,0.0036,0.0178,0.0059
493.4119,0.4760,0.2441,0.0115,0.4702,0.5662,0.6942,0.0054,0.1120,0.0115
574.8113,0.3576,0.1491,0.0318,0.3581,0.5835,0.7282,0.0040,0.0101,0.0673
399.9951,0.3376,0.1398,0.0213,0.3990,0.5913,0.7546,0.0192,0.0092,0.0353
373.4103,0.3659,0.1486,0.0139,0.0300,0.3602,0.7649,0.0127,0.0310,0.0200
386.3522,0.3752,0.1325,0.0143,0.2512,0.4061,0.7115,0.0026,0.0538,0.0462
508.6266,0.9203,0.2884,0.0054,0.4939,0.5716,0.7995,0.0108,0.0273,0.0640
395.8825,0.3521,0.1402,0.0086,0.0907,0.2380,0.7746,0.0015,0.0203,0.0924
394.8006,0.5277,0.1501,0.0019,0.4877,0.5790,0.6400,0.0011,0.0369,0.0833
489.8261,0.4280,0.1356,0.0164,0.4910,0.5418,0.7726,0.0113,0.0073,0.0802
445.8843,0.3619,0.1760,0.0059,0.1328,0.2476,0.6355,0.0002,0.0173,0.0009
538.8047,0.3018,0.2021,0.0039,0.4279,0.4218,0.7510,0.0148,0.0315,0.0812
519.8764,0.3299,0.1379,0.0131,0.0029,0.4106,0.4441,0.0059,0.0112,0.0170
471.7415,0.3969,0.2523,0.0042,0.4832,0.5768,0.6607,0.0004,0.0569,0.1420
464.9843,0.3328,0.1322,0.0011,0.0166,0.4867,0.7903,0.0019,0.0301,0.1083
545.7619,0.8535,0.2808,0.0097,0.4615,0.5731,0.6914,0.0021,0.0938,0.0005
572.4134,0.7019,0.1413,0.0015,0.4727,0.5696,0.7551,0.0100,0.0664,0.0216
565.6335,0.3178,0.1280,0.0216,0.4605,0.5402,0.6869,0.0000,0.0766,0.1070
404.0217,0.3265,0.1842,0.0130,0.1915,0.4922,0.6199,0.0007,0.0073,0.0289
504.1611,0.3274,0.1565,0.0268,0.2839,0.3282,0.7127,0.0045,0.0004,0.0085
366.5868,0.3854,0.0899,0.0028,0.0199,0.1636,0.5484,0.0134,0.0020,0.0129
486.4349,0.3312,0.1906,0.0036,0.4934,0.4718,0.6911,0.0057,0.1082,0.0739
586.6237,0.3003,0.2408,0.0089,0.3759,0.5639,0.6156,0.0076,0.0579,0.0273
491.9530,0.3568,0.1287,0.0144,0.4287,0.5968,0.6600,0.0073,0.0728,0.0255
560.3915,0.3209,0.1773,0.0177,0.4958,0.3897,0.7276,0.0119,0.0135,0.0338
457.1665,0.3766,0.2106,0.0117,0.4811,0.5871,0.6993,0.0008,0.1805,0.0529
545.9129,0.3476,0.1887,0.0247,0.3458,0.5754,0.7386,0.0060,0.0395,0.0578
527.2184,0.3511,0.2650,0.0024,0.4702,0.5741,0.7372,0.0048,0.0916,0.1468
463.2003,0.3778,0.1260,0.0066,0.3249,0.4366,0.7663,0.0004,0.0710,0.0783
554.7471,0.3648,0.2077,0.0392,0.4919,0.4952,0.6741,0.0006,0.0074,0.0436
405.9773,0.3708,0.1911,0.0077,0.3988,0.4152,0.6564,0.0016,0.0411,0.0101
468.4151,0.3026,0.1785,0.0013,0.0939,0.5704,0.5420,0.0031,0.0068,0.0264
477.6157,0.3292,0.1147,0.0105,0.4581,0.4972,0.7156,0.0163,0.0266,0.0126
316.4446,0.4111,0.1569,0.0024,0.0606,0.2051,0.7647,0.0022,0.0805,0.0349
501.4732,0.5030,0.1566,0.0088,0.4658,0.5705,0.7971,0.0131,0.0451,0.0737
326.7072,0.3960,0.1013,0.0059,0.4690,0.5649,0.7748,0.0074,0.0277,0.0144
594.5230,0.3057,0.2134,0.0349,0.4640,0.5483,0.7956,0.0099,0.1224,0.0199
367.7258,0.3624,0.1698,0.0041,0.1314,0.2596,0.7384,0.0069,0.0491,0.0496
592.4859,0.4589,0.2418,0.0126,0.4381,0.5726,0.7536,0.0136,0.0111,0.0827
562.7754,0.5695,0.1647,0.0047,0.4963,0.5759,0.6933,0.0043,0.1147,0.1156
585.5882,0.3101,0.1290,0.0011,0.1633,0.4263,0.5850,0.0079,0.0122,0.0220
415.8810,0.3930,0.1379,0.0030,0.4885,0.4909,0.7437,0.0050,0.0960,0.0793
482.2182,0.6816,0.1342,0.0100,0.4477,0.5800,0.6624,0.0033,0.0016,0.0045
529.9851,0.3040,0.1344,0.0109,0.4005,0.5093,0.7885,0.0029,0.0938,0.1682
465.5872,0.3913,0.2171,0.0272,0.4268,0.5925,0.7472,0.0021,0.1237,0.0058
592.2626,0.3133,0.1859,0.0036,0.3271,0.5311,0.6181,0.0042,0.0933,0.0402
467.8569,0.3695,0.2454,0.0020,0.4204,0.5537,0.7708,0.0156,0.0101,0.0828
382.2849,0.3553,0.1693,0.0138,0.4682,0.4884,0.7890,0.0011,0.1135,0.1148
559.3298,0.3332,0.2730,0.0236,0.4804,0.5985,0.7712,0.0178,0.0662,0.0107
580.4553,0.7174,0.2912,0.0065,0.4613,0.5653,0.7342,0.0078,0.0770,0.0063
334.0882,0.3900,0.1385,0.0181,0.1697,0.2865,0.7864,0.0018,0.0291,0.0892
355.2573,0.3398,0.1973,0.0022,0.2317,0.1506,0.7650,0.0047,0.0047,0.0059
542.8603,0.3436,0.2273,0.0028,0.3520,0.5978,0.7025,0.0114,0.1030,0.0209
265.2899,0.4359,0.1142,0.0060,0.0082,0.5157,0.3413,0.0019,0.0031,0.0255
567.7516,0.5265,0.2627,0.0057,0.3751,0.5718,0.6585,0.0019,0.0385,0.0029
583.1240,0.3224,0.1036,0.0077,0.1791,0.4994,0.6639,0.0024,0.0675,0.0015
477.4901,0.3079,0.1884,0.0361,0.4245,0.5320,0.6745,0.0034,0.0641,0.0098
568.5972,0.3252,0.1453,0.0220,0.2596,0.4657,0.7667,0.0037,0.0146,0.0626
576.0475,0.4076,0.2197,0.0107,0.3216,0.5955,0.7881,0.0002,0.0196,0.1185
461.8009,0.3090,0.1696,0.0023,0.2019,0.4119,0.7139,0.0043,0.0992,0.0007
511.3463,0.3344,0.2344,0.0170,0.4661,0.4555,0.6559,0.0050,0.0234,0.0047
519.0159,0.3956,0.1599,0.0034,0.4040,0.5699,0.6148,0.0014,0.0177,0.1366
576.6120,0.3254,0.1830,0.0146,0.4160,0.5649,0.6987,0.0026,0.1982,0.0305
550.2787,0.3036,0.1533,0.0040,0.0821,0.2898,0.7048,0.0023,0.0572,0.0659
532.7659,0.7815,0.2831,0.0085,0.4934,0.5638,0.7564,0.0191,0.0081,0.0150
482.5923,0.3114,0.2079,0.0031,0.2885,0.5454,0.7392,0.0081,0.0203,0.1448
542.6863,0.4254,0.0924,0.0016,0.4396,0.5608,0.7221,0.0002,0.0741,0.0060
444.7452,0.3365,0.1660,0.0145,0.2965,0.5758,0.7968,0.0017,0.0952,0.1434
558.0993,0.3006,0.1431,0.0030,0.4073,0.5875,0.7114,0.0063,0.2736,0.0195
519.4916,0.9178,0.1837,0.0144,0.4504,0.5858,0.7186,0.0019,0.0541,0.0215
442.5460,0.3062,0.2113,0.0090,0.4019,0.2604,0.7627,0.0091,0.0474,0.0041
512.2085,0.6212,0.2008,0.0096,0.4987,0.5565,0.7869,0.0119,0.1030,0.0346
587.5756,0.3195,0.1566,0.0096,0.2275,0.5200,0.6818,0.0011,0.0117,0.1104
567.0281,0.3393,0.0991,0.0010,0.0113,0.3389,0.6564,0.0010,0.0008,0.0457
537.0868,0.7216,0.2840,0.0026,0.4823,0.5929,0.5422,0.0006,0.0150,0.1492
309.6948,0.3864,0.1927,0.0196,0.3130,0.5816,0.6977,0.0014,0.0110,0.0345
593.3614,0.3174,0.2569,0.0149,0.4906,0.5794,0.6537,0.0039,0.1799,0.0167
389.5781,0.3427,0.1597,0.0236,0.0183,0.3598,0.5922,0.0067,0.0133,0.0218
526.0607,0.3474,0.1068,0.0086,0.0699,0.5864,0.6720,0.0005,0.0097,0.0638
452.8200,0.6465,0.1889,0.0100,0.4235,0.5752,0.7211,0.0085,0.0203,0.0036
511.5269,0.3448,0.1568,0.0210,0.4934,0.3779,0.7585,0.0044,0.0724,0.0218
518.8532,0.4701,0.2074,0.0117,0.4314,0.4923,0.7958,0.0021,0.0391,0.0748
477.7618,0.3825,0.1402,0.0280,0.3971,0.5482,0.7438,0.0029,0.0292,0.0627
497.8703,0.3181,0.1467,0.0140,0.3444,0.5560,0.7076,0.0178,0.0276,0.0350
580.8780,0.4678,0.1282,0.0357,0.4927,0.5938,0.7883,0.0051,0.0294,0.0472
415.3313,0.3315,0.2090,0.0077,0.3264,0.4561,0.7348,0.0134,0.0125,0.0369
549.3510,0.5564,0.1771,0.0055,0.4683,0.5589,0.7036,0.0007,0.0196,0.1957
487.9352,0.3661,0.1489,0.0030,0.1611,0.2648,0.6974,0.0004,0.0012,0.0308
353.6975,0.4053,0.1418,0.0247,0.0168,0.5557,0.7790,0.0004,0.0398,0.0191
429.0307,0.3801,0.2192,0.0038,0.4605,0.5091,0.7471,0.0099,0.0381,0.0821
545.5150,0.3374,0.1402,0.0134,0.3184,0.4968,0.6680,0.0054,0.0187,0.0528
468.9167,0.3176,0.2219,0.0307,0.4975,0.4381,0.7635,0.0056,0.0623,0.0092
493.5633,0.3195,0.1310,0.0043,0.2880,0.3024,0.7807,0.0043,0.1233,0.0289
492.2477,0.3219,0.1760,0.0252,0.3936,0.4869,0.7466,0.0066,0.0192,0.0931
597.0090,0.3441,0.2426,0.0047,0.4572,0.5393,0.5452,0.0067,0.0039,0.0595
485.9623,0.4984,0.2204,0.0209,0.4013,0.5953,0.7041,0.0028,0.0379,0.0246
399.3459,0.4188,0.1881,0.0146,0.4969,0.5369,0.7953,0.0039,0.0205,0.1631
572.3891,0.5953,0.2082,0.0190,0.4890,0.5458,0.7216,0.0055,0.0395,0.0814
420.5516,0.3542,0.1269,0.0111,0.2871,0.5962,0.7082,0.0156,0.0462,0.0058
463.0480,0.3020,0.2028,0.0084,0.3522,0.3893,0.6483,0.0010,0.0220,0.0423
555.1379,0.3312,0.1595,0.0493,0.4568,0.5728,0.7443,0.0012,0.0470,0.0758
489.8504,0.8900,0.2150,0.0034,0.4750,0.5814,0.7046,0.0068,0.0365,0.0962
481.8228,0.7136,0.1824,0.0051,0.4829,0.5023,0.7480,0.0026,0.0552,0.0296
342.4076,0.4169,0.1154,0.0337,0.2911,0.4990,0.7165,0.0004,0.0001,0.0045
429.6547,0.3623,0.2487,0.0096,0.4451,0.4634,0.7049,0.0004,0.0228,0.0503
592.3292,0.3659,0.1384,0.0115,0.3544,0.5472,0.7964,0.0048,0.1146,0.0376
439.8276,0.3504,0.1139,0.0190,0.1695,0.4758,0.6812,0.0029,0.0669,0.0285
529.8018,0.3813,0.1826,0.0027,0.4357,0.5566,0.6260,0.0036,0.1480,0.0294
416.0532,0.3001,0.2423,0.0011,0.3422,0.5319,0.7790,0.0163,0.0672,0.0205
519.3753,0.3340,0.1531,0.0324,0.4046,0.4808,0.7364,0.0033,0.0673,0.0219
489.7640,0.3349,0.2467,0.0183,0.3407,0.5827,0.7529,0.0000,0.1296,0.0012
377.2467,0.3743,0.1238,0.0199,0.0094,0.5852,0.3529,0.0008,0.0691,0.0316
476.0866,0.4217,0.1954,0.0070,0.4232,0.5675,0.6782,0.0016,0.0010,0.1694
395.1624,0.5174,0.2295,0.0132,0.4604,0.5013,0.7744,0.0005,0.0577,0.0037
567.5748,0.7471,0.2777,0.0382,0.4917,0.5757,0.7419,0.0027,0.0302,0.0023
446.0315,0.3285,0.1288,0.0075,0.1680,0.3263,0.7828,0.0009,0.0381,0.0465
584.0364,0.3411,0.1991,0.0084,0.4682,0.5824,0.7232,0.0088,0.0012,0.2637
395.8382,0.3431,0.1886,0.0064,0.1181,0.3478,0.6437,0.0021,0.0739,0.0289
536.3541,0.4087,0.1759,0.0066,0.4984,0.5799,0.7674,0.0176,0.0825,0.1095
537.7148,0.3867,0.2725,0.0287,0.4745,0.5410,0.7897,0.0039,0.0461,0.0425
512.5141,0.3438,0.1914,0.0013,0.3939,0.3297,0.7075,0.0096,0.0117,0.0019
404.3980,0.3585,0.1367,0.0021,0.2189,0.5697,0.7985,0.0000,0.0474,0.2249
368.2177,0.3922,0.1676,0.0070,0.3932,0.3053,0.7930,0.0019,0.0941,0.0093
411.2552,0.3132,0.1873,0.0080,0.3911,0.5611,0.7814,0.0103,0.0841,0.0543
480.6010,0.3235,0.1535,0.0097,0.0930,0.4553,0.6313,0.0090,0.0307,0.0339
489.4959,0.3228,0.1718,0.0055,0.4928,0.2211,0.7351,0.0020,0.0423,0.0355
344.2481,0.3672,0.1865,0.0120,0.2636,0.4875,0.7836,0.0041,0.0282,0.0968
381.7854,0.3967,0.1681,0.0157,0.1986,0.5967,0.7497,0.0062,0.0299,0.0202
430.5992,0.3361,0.2264,0.0048,0.1365,0.4610,0.7714,0.0078,0.0066,0.0153
523.6647,0.6637,0.2243,0.0127,0.4752,0.5579,0.7241,0.0037,0.0171,0.1133
502.7689,0.3479,0.2071,0.0172,0.4581,0.5912,0.7809,0.0137,0.1399,0.0263
509.8494,0.3005,0.1638,0.0235,0.1616,0.5529,0.7989,0.0034,0.0289,0.1000
529.2643,0.4389,0.1658,0.0115,0.4467,0.5961,0.5446,0.0030,0.0716,0.0027
584.6209,0.3124,0.2986,0.0018,0.4523,0.4078,0.7747,0.0008,0.0598,0.0288
410.0820,0.3282,0.1588,0.0068,0.3458,0.4818,0.6797,0.0040,0.0754,0.0004
564.0263,0.4830,0.2686,0.0077,0.4578,0.5939,0.5100,0.0037,0.0222,0.0505
528.7529,0.5482,0.2020,0.0161,0.3926,0.5260,0.7740,0.0036,0.0022,0.0167
525.2318,0.3081,0.1852,0.0314,0.3556,0.5640,0.7598,0.0123,0.0734,0.0012
485.4466,0.3954,0.1663,0.0082,0.3156,0.4754,0.7796,0.0128,0.0082,0.0037
383.3673,0.3646,0.1453,0.0029,0.0187,0.2069,0.6156,0.0094,0.0220,0.0868
485.6628,0.3770,0.1051,0.0049,0.4506,0.5638,0.6739,0.0047,0.0772,0.0132
574.9382,0.3043,0.1704,0.0064,0.2941,0.5249,0.7624,0.0155,0.0081,0.1048
399.9224,0.3687,0.1182,0.0417,0.4640,0.5172,0.7360,0.0002,0.0112,0.0315
553.5172,0.4564,0.2303,0.0224,0.4885,0.5848,0.6786,0.0050,0.0563,0.0976
589.3672,0.3638,0.1641,0.0103,0.4265,0.4724,0.7195,0.0015,0.0526,0.1112
519.2258,0.3116,0.2122,0.0076,0.4941,0.5154,0.6525,0.0168,0.0299,0.0373
598.0838,0.7095,0.2463,0.0276,0.4651,0.5946,0.7907,0.0085,0.0478,0.0276
314.2288,0.3933,0.1723,0.0165,0.2426,0.2569,0.7133,0.0022,0.0048,0.0221
562.2804,0.4418,0.2663,0.0105,0.4253,0.5307,0.6408,0.0006,0.0162,0.0448
419.6984,0.3520,0.1666,0.0389,0.0333,0.3625,0.7456,0.0007,0.0020,0.0135
583.2531,0.8023,0.2116,0.0064,0.4834,0.5754,0.7966,0.0047,0.1632,0.0586
462.7854,0.3628,0.1413,0.0153,0.3856,0.4940,0.7078,0.0003,0.1455,0.0005
469.7692,0.3201,0.1846,0.0217,0.2449,0.5167,0.7248,0.0106,0.0233,0.0253
503.4875,0.3234,0.1275,0.0130,0.4778,0.5941,0.6679,0.0112,0.0993,0.0104
530.4789,0.5191,0.2985,0.0043,0.4587,0.5974,0.6067,0.0016,0.0704,0.0520
562.4966,0.3359,0.1928,0.0011,0.3104,0.5722,0.7465,0.0124,0.0880,0.0462
441.5789,0.3453,0.2541,0.0026,0.4665,0.4850,0.6580,0.0077,0.0143,0.0210
551.1766,0.3881,0.1351,0.0020,0.4454,0.5994,0.5729,0.0024,0.0234,0.1159
463.0387,0.8502,0.1637,0.0119,0.4983,0.5876,0.7908,0.0001,0.1352,0.0310
452.6188,0.3150,0.1664,0.0256,0.3007,0.5359,0.7015,0.0039,0.0632,0.0415
356.6897,0.3551,0.1465,0.0082,0.2785,0.5653,0.7994,0.0086,0.1005,0.0089
536.6563,0.3327,0.1185,0.0202,0.3403,0.4518,0.6836,0.0027,0.0195,0.0363
486.2063,0.3141,0.2608,0.0252,0.4856,0.5589,0.7786,0.0021,0.1149,0.0543
284.6090,0.4216,0.1578,0.0117,0.0175,0.2732,0.4089,0.0014,0.0265,0.0475
575.4528,0.4767,0.1799,0.0330,0.4835,0.5563,0.6733,0.0068,0.0308,0.0154
500.7655,0.4028,0.1852,0.0123,0.2783,0.5737,0.7130,0.0012,0.0146,0.0540
370.7728,0.8032,0.2255,0.0131,0.4918,0.5348,0.7957,0.0016,0.0315,0.0016
495.9146,0.3333,0.1097,0.0300,0.1163,0.5890,0.7058,0.0069,0.0032,0.0150
526.8488,0.3096,0.1262,0.0022,0.0016,0.3150,0.7489,0.0013,0.0517,0.0286
390.6075,0.3189,0.1809,0.0016,0.3621,0.5593,0.6951,0.0083,0.0160,0.0215
500.5026,0.3315,0.2215,0.0161,0.4964,0.5398,0.7506,0.0035,0.2131,0.0164
438.4431,0.3247,0.2010,0.0034,0.0186,0.5329,0.4205,0.0111,0.0016,0.0165
426.4394,0.3597,0.1079,0.0285,0.0400,0.1699,0.5286,0.0002,0.0310,0.0164
527.4903,0.4853,0.1634,0.0083,0.4201,0.5328,0.6609,0.0010,0.0401,0.0547
589.5270,0.8963,0.2577,0.0030,0.4808,0.5417,0.6057,0.0059,0.0604,0.0451
451.4457,0.3304,0.1954,0.0368,0.4390,0.5693,0.7873,0.0105,0.0586,0.0263
474.9233,0.3749,0.1423,0.0010,0.3573,0.5912,0.6716,0.0019,0.1812,0.0204
393.3278,0.3624,0.1460,0.0238,0.0671,0.3371,0.7485,0.0047,0.0340,0.0367
584.8168,0.3602,0.1663,0.0156,0.4720,0.5716,0.5866,0.0064,0.0409,0.0633
537.8439,0.3148,0.2119,0.0191,0.4200,0.4036,0.7697,0.0117,0.0273,0.0108
489.0301,0.4177,0.1530,0.0014,0.4830,0.5334,0.7520,0.0144,0.0136,0.1294
423.1896,0.3842,0.1788,0.0129,0.4309,0.5810,0.7511,0.0006,0.1561,0.0742
338.7759,0.4160,0.1230,0.0038,0.1051,0.2151,0.6896,0.0013,0.1037,0.0061
372.5036,0.3815,0.1388,0.0046,0.0065,0.4652,0.7855,0.0108,0.0280,0.0491
522.6627,0.4688,0.1903,0.0025,0.4600,0.5685,0.7996,0.0077,0.1557,0.0881
402.6048,0.3232,0.1496,0.0118,0.3757,0.4833,0.7968,0.0173,0.0123,0.0316
549.5465,0.3448,0.2957,0.0038,0.4259,0.5953,0.7791,0.0038,0.0972,0.0986
389.0169,0.3840,0.1539,0.0050,0.2745,0.4193,0.6832,0.0008,0.0378,0.0726
435.7956,0.3897,0.1728,0.0017,0.4078,0.4888,0.6940,0.0061,0.0904,0.0255
366.4903,0.4352,0.1519,0.0328,0.3899,0.5806,0.7914,0.0014,0.0528,0.0155
491.1900,0.3041,0.1665,0.0028,0.2369,0.4285,0.6662,0.0081,0.0266,0.0784
593.9882,0.5493,0.2383,0.0052,0.4875,0.5316,0.7723,0.0140,0.0427,0.0873
464.1883,0.3267,0.1537,0.0166,0.0086,0.5887,0.7640,0.0038,0.0234,0.0826
318.5415,0.4368,0.1998,0.0080,0.4517,0.4790,0.7927,0.0058,0.0252,0.0271
568.3530,0.3102,0.1611,0.0121,0.4528,0.5349,0.7073,0.0031,0.0900,0.1674
404.9825,0.3339,0.2292,0.0223,0.2150,0.5825,0.6541,0.0026,0.0136,0.0070
465.7543,0.3703,0.1630,0.0157,0.3326,0.3883,0.7847,0.0035,0.0576,0.0149
528.0704,0.3641,0.2709,0.0176,0.4938,0.5013,0.6931,0.0017,0.0791,0.0080
452.1647,0.3676,0.0857,0.0017,0.2287,0.5470,0.6371,0.0023,0.0056,0.0554
557.4665,0.3504,0.2059,0.0299,0.4843,0.5797,0.6302,0.0037,0.0140,0.0995
346.6951,0.4104,0.0957,0.0298,0.0473,0.1994,0.6030,0.0011,0.0017,0.0339
396.8523,0.4381,0.1465,0.0098,0.4385,0.5223,0.6593,0.0013,0.0591,0.0092
495.4095,0.3650,0.1152,0.0333,0.3077,0.5857,0.7723,0.0050,0.0239,0.0074
363.5178,0.3239,0.2441,0.0055,0.4306,0.3956,0.7738,0.0070,0.0081,0.0445
579.8299,0.4204,0.1596,0.0182,0.4093,0.5630,0.7285,0.0123,0.0316,0.0140
559.5397,0.3065,0.2341,0.0023,0.4723,0.4352,0.6994,0.0138,0.0072,0.0697
492.8050,0.3466,0.1581,0.0049,0.4207,0.4781,0.6414,0.0091,0.0604,0.0112
364.8195,0.3906,0.1610,0.0369,0.2061,0.4119,0.7652,0.0010,0.0096,0.0021
545.0060,0.3564,0.2257,0.0091,0.3694,0.4997,0.7806,0.0078,0.0517,0.0423
589.1271,0.9127,0.2566,0.0070,0.4181,0.5967,0.7163,0.0106,0.0136,0.0236
426.2346,0.5302,0.2029,0.0108,0.3615,0.5827,0.7302,0.0015,0.0330,0.0175
433.7715,0.3986,0.1025,0.0085,0.3589,0.5809,0.6965,0.0020,0.0608,0.0227
497.7879,0.4171,0.2104,0.0127,0.4402,0.4298,0.7914,0.0025,0.0767,0.0049
532.5937,0.3129,0.1520,0.0198,0.3772,0.5654,0.7620,0.0010,0.1098,0.1488
360.5323,0.3749,0.1248,0.0079,0.4409,0.4524,0.7206,0.0052,0.0291,0.0771
506.4848,0.3113,0.2459,0.0309,0.3131,0.5289,0.7142,0.0031,0.0121,0.0008
387.1171,0.3405,0.1628,0.0027,0.0677,0.4962,0.7094,0.0017,0.0063,0.0822
370.0285,0.3598,0.1523,0.0495,0.0112,0.2704,0.6320,0.0046,0.0042,0.0057
589.5989,0.3030,0.2270,0.0187,0.3348,0.5443,0.6521,0.0023,0.0776,0.0107
568.3995,0.3205,0.1064,0.0069,0.2516,0.5680,0.7137,0.0097,0.0589,0.0192
393.7911,0.3263,0.2143,0.0019,0.4185,0.4466,0.7427,0.0054,0.0757,0.0835
415.0842,0.4088,0.1478,0.0186,0.4806,0.5842,0.7799,0.0082,0.1081,0.0343
521.8115,0.9808,0.1510,0.0100,0.4854,0.5984,0.6052,0.0044,0.0161,0.0486
560.1260,0.3271,0.2632,0.0080,0.4881,0.4769,0.7529,0.0159,0.0631,0.0040
541.6831,0.4447,0.2422,0.0212,0.4981,0.5618,0.5861,0.0027,0.0336,0.0489
334.9402,0.4017,0.1481,0.0027,0.1777,0.2889,0.7680,0.0049,0.0251,0.0777
550.7452,0.3317,0.1792,0.0106,0.2424,0.5987,0.6972,0.0068,0.0799,0.0160
577.5738,0.3343,0.2279,0.0053,0.4237,0.5097,0.7272,0.0007,0.1930,0.0339
446.2549,0.4567,0.1402,0.0089,0.4750,0.5891,0.7280,0.0143,0.0493,0.0239
476.7495,0.5676,0.2819,0.0023,0.4638,0.5848,0.7892,0.0034,0.0782,0.0932
571.5340,0.6742,0.2514,0.0123,0.4811,0.5964,0.5705,0.0040,0.0401,0.1085
481.7412,0.3052,0.2059,0.0183,0.3118,0.5292,0.7810,0.0062,0.0340,0.1180
432.5982,0.4300,0.1320,0.0021,0.3749,0.4073,0.7401,0.0077,0.0002,0.0178
571.3168,0.3355,0.1433,0.0125,0.2675,0.3597,0.7852,0.0006,0.0021,0.0828
508.7914,0.3255,0.1778,0.0014,0.4425,0.3691,0.6138,0.0018,0.0356,0.0293
545.9926,0.6713,0.1963,0.0111,0.4250,0.5479,0.7760,0.0027,0.0215,0.0551
310.5457,0.3720,0.2180,0.0103,0.3363,0.4931,0.7317,0.0045,0.0056,0.0289
449.6348,0.3436,0.1937,0.0060,0.2172,0.4593,0.7293,0.0087,0.0298,0.0262
377.7081,0.3782,0.1143,0.0027,0.1437,0.5335,0.6623,0.0133,0.0525,0.0062
492.0320,0.3171,0.2621,0.0036,0.4009,0.3865,0.7250,0.0006,0.0541,0.0139
456.1646,0.7504,0.2001,0.0036,0.4659,0.5940,0.7580,0.0056,0.0231,0.1371
357.8838,0.3996,0.0932,0.0194,0.0037,0.3251,0.5237,0.0029,0.0652,0.0048
588.3724,0.3079,0.1313,0.0248,0.2352,0.5547,0.7177,0.0030,0.0051,0.0943
585.9407,0.5125,0.2326,0.0104,0.4797,0.5901,0.6017,0.0070,0.1350,0.0291
548.3892,0.5407,0.2338,0.0146,0.4450,0.5165,0.7223,0.0026,0.0341,0.0314
524.6455,0.5763,0.2089,0.0031,0.4477,0.5876,0.6390,0.0158,0.0614,0.0035
351.1426,0.3964,0.1438,0.0091,0.0089,0.5192,0.7446,0.0035,0.0520,0.0566
429.8278,0.3671,0.1939,0.0194,0.4528,0.5662,0.7735,0.0068,0.0529,0.1067
516.2443,0.4640,0.2055,0.0206,0.4078,0.5826,0.7595,0.0040,0.0525,0.0557
508.8631,0.3591,0.1315,0.0120,0.4698,0.4467,0.7929,0.0025,0.0563,0.1373
557.5388,0.3190,0.1767,0.0093,0.4183,0.5288,0.6104,0.0172,0.0067,0.0118
480.4264,0.3763,0.1462,0.0434,0.3892,0.5272,0.7798,0.0010,0.0250,0.0338
461.2895,0.3584,0.1185,0.0018,0.0689,0.2125,0.5715,0.0092,0.0164,0.0044
495.2617,0.3092,0.1407,0.0051,0.3679,0.5193,0.6870,0.0159,0.0306,0.0753
571.1421,0.3443,0.1888,0.0024,0.3027,0.4686,0.6215,0.0012,0.0557,0.0136
396.6811,0.4277,0.2252,0.0053,0.4736,0.5385,0.7591,0.0020,0.0330,0.1377
498.5200,0.5275,0.1775,0.0137,0.4699,0.5833,0.6534,0.0106,0.0063,0.0619
574.9990,0.6014,0.2024,0.0040,0.4813,0.5296,0.6775,0.0086,0.0517,0.0715
459.2099,0.4179,0.1576,0.0088,0.2970,0.5634,0.6512,0.0007,0.0044,0.0624
557.7467,0.3400,0.1264,0.0342,0.4491,0.5021,0.7803,0.0031,0.0442,0.0612
581.3063,0.3030,0.1097,0.0125,0.4349,0.2752,0.7374,0.0087,0.0130,0.0046
544.7188,0.3230,0.1460,0.0043,0.3420,0.5783,0.6340,0.0085,0.0028,0.1321
579.7009,0.3878,0.2484,0.0083,0.4784,0.5602,0.7858,0.0037,0.2390,0.0363
427.2739,0.3236,0.1663,0.0094,0.2438,0.3441,0.7329,0.0005,0.0707,0.0233
542.4483,0.3974,0.1626,0.0225,0.4476,0.4736,0.7476,0.0064,0.0013,0.0578
493.2088,0.3377,0.2366,0.0100,0.3856,0.5880,0.7731,0.0097,0.0349,0.1116
380.0998,0.4680,0.1059,0.0075,0.4057,0.4815,0.7039,0.0001,0.0024,0.0097
399.5005,0.3537,0.1336,0.0262,0.2786,0.4438,0.7400,0.0005,0.0858,0.0251
440.7884,0.3648,0.1745,0.0034,0.1775,0.5993,0.7173,0.0010,0.0618,0.0862
465.1954,0.9381,0.2676,0.0028,0.4597,0.5823,0.4751,0.0020,0.0004,0.0233
272.4156,0.3987,0.1790,0.0063,0.0457,0.1578,0.7488,0.0054,0.0111,0.0005
433.8065,0.3165,0.2172,0.0097,0.4432,0.5438,0.7315,0.0107,0.1072,0.0320
482.7287,0.7006,0.2312,0.0141,0.4906,0.5731,0.7765,0.0007,0.0407,0.1402
497.6160,0.3243,0.1074,0.0115,0.3524,0.4708,0.7639,0.0138,0.0490,0.0189
511.3152,0.3824,0.1021,0.0063,0.4856,0.5276,0.7218,0.0078,0.0046,0.0624
584.8883,0.3295,0.2128,0.0238,0.4447,0.4930,0.7027,0.0070,0.0149,0.0660
538.2039,0.7465,0.2166,0.0171,0.4932,0.5778,0.5901,0.0038,0.1079,0.0013
540.6347,0.3051,0.1435,0.0301,0.2145,0.1764,0.7539,0.0038,0.0098,0.0023
522.0947,0.3265,0.1355,0.0481,0.3813,0.5945,0.6944,0.0002,0.0619,0.0077
358.9804,0.3652,0.1798,0.0020,0.1829,0.5483,0.6087,0.0067,0.0230,0.0547
452.7674,0.3468,0.1526,0.0127,0.3597,0.5711,0.7891,0.0154,0.0699,0.0483
473.5327,0.4141,0.2168,0.0161,0.4155,0.5074,0.7200,0.0048,0.0156,0.0374
439.0559,0.3215,0.1502,0.0044,0.4785,0.3930,0.6752,0.0014,0.0206,0.0528
305.7939,0.4095,0.1483,0.0322,0.3747,0.4817,0.7994,0.0008,0.0338,0.0229
553.6995,0.4517,0.2694,0.0065,0.4964,0.4371,0.7940,0.0084,0.0168,0.0258
589.1512,0.3685,0.0938,0.0140,0.4344,0.5571,0.7608,0.0051,0.0217,0.0303
411.7794,0.3385,0.1451,0.0061,0.3089,0.3235,0.7734,0.0161,0.0602,0.0116
442.8399,0.3531,0.1038,0.0088,0.1207,0.5035,0.7197,0.0070,0.0870,0.0113
579.7993,0.8825,0.1900,0.0020,0.4256,0.5870,0.7487,0.0072,0.0046,0.0939
567.9535,0.3860,0.2066,0.0012,0.4802,0.5509,0.5744,0.0025,0.1155,0.0730
405.2498,0.3455,0.1504,0.0171,0.2424,0.5049,0.7563,0.0032,0.0443,0.1163
368.6841,0.4187,0.1961,0.0075,0.3111,0.5832,0.7852,0.0064,0.0429,0.0432
538.6758,0.3724,0.2666,0.0380,0.4980,0.5336,0.7613,0.0021,0.0504,0.0250
480.3100,0.9739,0.1781,0.0127,0.4667,0.5394,0.7933,0.0049,0.0024,0.0026
450.1735,0.3548,0.2812,0.0081,0.3930,0.4539,0.7489,0.0008,0.0184,0.0096
510.7553,0.3162,0.1228,0.0081,0.1849,0.5222,0.7569,0.0003,0.0248,0.1288
540.2172,0.3080,0.1681,0.0017,0.4890,0.5819,0.7845,0.0073,0.2879,0.1101
569.2981,0.3007,0.1982,0.0062,0.1033,0.5162,0.6460,0.0015,0.0125,0.0472
407.4724,0.3426,0.1296,0.0162,0.3694,0.5936,0.7159,0.0021,0.0914,0.0169
583.8249,0.3036,0.2380,0.0174,0.4600,0.4171,0.7484,0.0027,0.0742,0.0405
490.0183,0.3069,0.1920,0.0089,0.3326,0.4194,0.7275,0.0065,0.0946,0.0367
561.1212,0.7181,0.2455,0.0013,0.4302,0.5751,0.4691,0.0004,0.0188,0.0419
352.9205,0.4400,0.1691,0.0117,0.3333,0.4735,0.7806,0.0039,0.0111,0.0399
428.0446,0.3246,0.1855,0.0137,0.1445,0.3638,0.7526,0.0059,0.0094,0.0873
379.0659,0.4056,0.1192,0.0066,0.2065,0.4780,0.7705,0.0080,0.0244,0.0406
503.5651,0.3554,0.2051,0.0021,0.4504,0.4842,0.7388,0.0106,0.1441,0.0039
524.6255,0.6521,0.1871,0.0218,0.4987,0.5175,0.7057,0.0006,0.0038,0.0732
548.3426,0.8190,0.1936,0.0074,0.4878,0.5866,0.6634,0.0186,0.0495,0.0116
572.2187,0.3118,0.1177,0.0159,0.3020,0.5499,0.7885,0.0186,0.0132,0.0231
384.3281,0.3502,0.1433,0.0185,0.0107,0.1185,0.6575,0.0063,0.0368,0.0110
493.7207,0.3607,0.2382,0.0041,0.1941,0.5904,0.6988,0.0021,0.0130,0.0009
402.4762,0.3790,0.1709,0.0265,0.4404,0.5577,0.6938,0.0033,0.0050,0.0715
282.9458,0.4209,0.1609,0.0041,0.2747,0.2179,0.7963,0.0046,0.0018,0.0500
550.7976,0.4667,0.1814,0.0129,0.4806,0.4906,0.7205,0.0018,0.0723,0.0649
419.9418,0.6404,0.2160,0.0085,0.4727,0.5930,0.7942,0.0075,0.0159,0.1180
451.3039,0.3862,0.1857,0.0024,0.3771,0.5343,0.7033,0.0089,0.0706,0.0374
527.9018,0.5599,0.2116,0.0069,0.3849,0.5489,0.7457,0.0004,0.0146,0.0718
436.7837,0.3253,0.1803,0.0093,0.2770,0.4622,0.7766,0.0130,0.0264,0.0783
449.9882,0.3454,0.1370,0.0209,0.3029,0.3498,0.7316,0.0013,0.0809,0.0128
535.7372,0.9757,0.2536,0.0035,0.4913,0.5898,0.6195,0.0033,0.1032,0.0977
573.2926,0.5589,0.2651,0.0089,0.4467,0.4894,0.7866,0.0052,0.0102,0.0211
561.1667,0.3464,0.1465,0.0092,0.3557,0.4169,0.7415,0.0010,0.0869,0.0411
526.4399,0.4619,0.1631,0.0155,0.4923,0.5562,0.6395,0.0038,0.0860,0.0342
546.6415,0.3170,0.1568,0.0022,0.4902,0.4849,0.7228,0.0170,0.1126,0.0366
479.1496,0.3518,0.1604,0.0078,0.4912,0.2811,0.7973,0.0031,0.0543,0.0657
430.3991,0.3324,0.1457,0.0013,0.0142,0.1254,0.4000,0.0016,0.0101,0.0672
526.2237,0.3163,0.1091,0.0245,0.3657,0.4844,0.7515,0.0132,0.0182,0.0012
581.5103,0.3452,0.1862,0.0010,0.4496,0.5825,0.6767,0.0003,0.2805,0.0668
497.0313,0.3147,0.2028,0.0265,0.4266,0.5708,0.7368,0.0102,0.1036,0.0123
486.8725,0.6442,0.2533,0.0041,0.4133,0.5355,0.7377,0.0030,0.0110,0.0178
444.1436,0.3569,0.1539,0.0084,0.0651,0.3780,0.4157,0.0025,0.0005,0.0126
381.9090,0.3382,0.1686,0.0018,0.4325,0.5373,0.7818,0.0035,0.0453,0.1754
597.3448,0.5118,0.1341,0.0066,0.4248,0.5461,0.7314,0.0071,0.0265,0.0239
508.5916,0.4101,0.1373,0.0257,0.3136,0.5990,0.6448,0.0002,0.0007,0.0106
577.4456,0.6538,0.2899,0.0185,0.4355,0.5828,0.7115,0.0051,0.0093,0.0162
431.8838,0.3228,0.2104,0.0121,0.3574,0.5118,0.6407,0.0047,0.0670,0.0049
558.3469,0.4256,0.1791,0.0376,0.3964,0.5732,0.7536,0.0015,0.0366,0.0239
438.9792,0.4072,0.1117,0.0091,0.1408,0.5434,0.7645,0.0025,0.0189,0.0207
579.2417,0.3097,0.1207,0.0439,0.4585,0.4532,0.7988,0.0050,0.0046,0.0577
326.1012,0.3951,0.1246,0.0039,0.0127,0.2902,0.4633,0.0056,0.0401,0.0569
534.4409,0.5135,0.2133,0.0315,0.4881,0.5071,0.7282,0.0001,0.0550,0.0079
443.8241,0.3400,0.1831,0.0268,0.4960,0.5607,0.7716,0.0093,0.0361,0.1101
563.1909,0.3117,0.1002,0.0048,0.2482,0.5896,0.7785,0.0054,0.0211,0.1345
509.5061,0.4272,0.1644,0.0128,0.4578,0.4872,0.7680,0.0057,0.0460,0.0724
258.3564,0.4617,0.1223,0.0055,0.0810,0.4613,0.7557,0.0024,0.0691,0.0065
556.4642,0.6692,0.1683,0.0058,0.4790,0.5918,0.6538,0.0025,0.1406,0.0578
461.2951,0.6009,0.1383,0.0080,0.4656,0.5957,0.6864,0.0049,0.0275,0.0527
591.4892,0.3761,0.2102,0.0482,0.4362,0.5933,0.7712,0.0072,0.0542,0.0042
397.7858,0.3592,0.1956,0.0045,0.4542,0.3964,0.7859,0.0062,0.0135,0.1260
364.1190,0.3482,0.1733,0.0060,0.2885,0.5796,0.7829,0.0122,0.1419,0.0085
435.5550,0.5413,0.1695,0.0220,0.4918,0.5746,0.7310,0.0088,0.0451,0.0106
340.2781,0.4042,0.1578,0.0021,0.3226,0.3295,0.6919,0.0006,0.0641,0.0122
543.5409,0.3675,0.1332,0.0234,0.4995,0.4917,0.7822,0.0006,0.0261,0.1581
445.7477,0.3622,0.1478,0.0287,0.3907,0.4198,0.7982,0.0016,0.0598,0.0449
520.4010,0.8814,0.2908,0.0106,0.4849,0.5293,0.7857,0.0023,0.0084,0.0423
464.8243,0.3018,0.2485,0.0137,0.4483,0.5713,0.7960,0.0183,0.0924,0.0054
359.6999,0.3574,0.1559,0.0144,0.0374,0.3180,0.4462,0.0008,0.0225,0.0055
570.0975,0.7499,0.1435,0.0083,0.4816,0.5273,0.7650,0.0018,0.0479,0.0235
556.3867,0.3211,0.1411,0.0170,0.4254,0.2481,0.7979,0.0010,0.0360,0.0546
407.1682,0.3484,0.1199,0.0142,0.1383,0.4222,0.6511,0.0140,0.0124,0.0009
474.8735,0.5120,0.1716,0.0063,0.4643,0.5313,0.6104,0.0008,0.0848,0.0023
474.2320,0.3377,0.1190,0.0117,0.1142,0.3173,0.6827,0.0016,0.0825,0.0264
517.9508,0.3312,0.2683,0.0133,0.3790,0.5604,0.7124,0.0025,0.0098,0.0851
448.1333,0.4199,0.1778,0.0020,0.3532,0.5761,0.7792,0.0009,0.1196,0.0949
330.5437,0.3729,0.1742,0.0074,0.2031,0.3019,0.6414,0.0002,0.0020,0.0541
328.4589,0.4128,0.0914,0.0098,0.0286,0.1199,0.5349,0.0048,0.0209,0.0204
536.7509,0.8454,0.1718,0.0023,0.3858,0.5861,0.7325,0.0004,0.0294,0.0163
501.6425,0.3713,0.1924,0.0046,0.3505,0.5792,0.5855,0.0039,0.0290,0.0548
564.3621,0.3868,0.1247,0.0096,0.4239,0.5851,0.6963,0.0027,0.0084,0.1541
305.3952,0.3904,0.1670,0.0190,0.2577,0.2356,0.7778,0.0027,0.0467,0.0092
585.5312,0.4363,0.1758,0.0232,0.4868,0.4729,0.7335,0.0012,0.0328,0.0705
439.7315,0.4662,0.1134,0.0050,0.4650,0.5409,0.7138,0.0056,0.0079,0.0454
301.0852,0.4132,0.1749,0.0132,0.0879,0.4115,0.7162,0.0013,0.0321,0.0231
531.8868,0.6398,0.1589,0.0033,0.4573,0.5263,0.7875,0.0038,0.0644,0.0486
334.6559,0.4347,0.1082,0.0167,0.0281,0.4624,0.4489,0.0014,0.0097,0.0261
464.4539,0.5525,0.1934,0.0361,0.4953,0.5842,0.7521,0.0011,0.0181,0.0837
460.9361,0.3121,0.1781,0.0207,0.2549,0.4758,0.7974,0.0149,0.0564,0.0094
541.9680,0.3240,0.1250,0.0211,0.1599,0.4148,0.7440,0.0021,0.0602,0.0088
400.7699,0.4215,0.1081,0.0322,0.4752,0.5823,0.7722,0.0004,0.0382,0.0217
447.3077,0.3183,0.1728,0.0281,0.1995,0.4948,0.7583,0.0006,0.0260,0.0849
552.6139,0.3339,0.2442,0.0056,0.4469,0.5284,0.7671,0.0046,0.0293,0.1957
384.9356,0.3522,0.1784,0.0078,0.0203,0.3991,0.7200,0.0106,0.0052,0.0545
529.6014,0.6052,0.2744,0.0118,0.4216,0.5873,0.7304,0.0032,0.0479,0.0220
369.3681,0.3451,0.2257,0.0081,0.2610,0.3513,0.7604,0.0004,0.0609,0.0250
583.1888,0.4596,0.2755,0.0166,0.4715,0.5172,0.7811,0.0091,0.0469,0.0102
396.0718,0.6358,0.2469,0.0148,0.4793,0.5650,0.7299,0.0003,0.0284,0.0425
357.4941,0.3618,0.1361,0.0250,0.1611,0.3302,0.7963,0.0102,0.0101,0.0171
415.6722,0.3573,0.1124,0.0111,0.0057,0.1529,0.5931,0.0040,0.0127,0.0731
386.7196,0.7997,0.1537,0.0038,0.4744,0.5947,0.7108,0.0020,0.0109,0.0720
380.1894,0.3808,0.1443,0.0059,0.2253,0.4560,0.7436,0.0038,0.0041,0.1340
274.7215,0.4240,0.1543,0.0280,0.0595,0.2885,0.7153,0.0028,0.0073,0.0087
514.5168,0.3562,0.1615,0.0087,0.3951,0.5262,0.6247,0.0104,0.0368,0.0080
551.8904,0.3215,0.2071,0.0122,0.4627,0.4442,0.6839,0.0051,0.0504,0.0603
477.1871,0.3069,0.1524,0.0130,0.1667,0.2037,0.7591,0.0047,0.0135,0.0133
587.4520,0.4136,0.1561,0.0205,0.3997,0.5818,0.7133,0.0085,0.0634,0.0060
467.9916,0.8174,0.2104,0.0178,0.4615,0.5854,0.5163,0.0003,0.0050,0.0028
499.9419,0.3063,0.1728,0.0019,0.2628,0.4692,0.6053,0.0064,0.0626,0.0470
566.4703,0.3468,0.2214,0.0052,0.3129,0.5200,0.7980,0.0117,0.0009,0.0644
419.9371,0.3196,0.2275,0.0011,0.1234,0.2097,0.6512,0.0034,0.0245,0.0162
403.5505,0.3881,0.0876,0.0229,0.2165,0.5139,0.7097,0.0004,0.0017,0.0302
478.4940,0.8439,0.2409,0.0062,0.4926,0.5929,0.6846,0.0015,0.0453,0.1528
586.2861,0.3207,0.1216,0.0041,0.3691,0.5473,0.7499,0.0062,0.1682,0.0398
566.2472,0.4310,0.2689,0.0085,0.4514,0.5888,0.6518,0.0011,0.0822,0.0972
505.3330,0.5036,0.1278,0.0143,0.4995,0.5151,0.7393,0.0099,0.0093,0.0029
535.8448,0.3061,0.1946,0.0099,0.4189,0.5536,0.6723,0.0075,0.1689,0.0106
451.9827,0.4000,0.2185,0.0016,0.4296,0.4313,0.7331,0.0029,0.0505,0.0430
472.9320,0.3300,0.1445,0.0187,0.4916,0.5669,0.6958,0.0007,0.0653,0.1545
504.3860,0.3365,0.0874,0.0032,0.3308,0.4252,0.7482,0.0051,0.0059,0.0647
354.9162,0.3496,0.2085,0.0356,0.4544,0.4936,0.7497,0.0029,0.0276,0.0037
454.4193,0.3097,0.2294,0.0043,0.4995,0.5855,0.7143,0.0094,0.1402,0.0705
591.2266,0.9413,0.1955,0.0096,0.4471,0.5972,0.6221,0.0080,0.0272,0.0572
516.9243,0.4833,0.1992,0.0025,0.4918,0.4811,0.7968,0.0012,0.0839,0.1395
453.9797,0.3344,0.1480,0.0252,0.3238,0.2741,0.6879,0.0021,0.0175,0.0084
524.4722,0.3360,0.2531,0.0075,0.4869,0.5752,0.6900,0.0062,0.1881,0.0101
421.6701,0.3008,0.2750,0.0220,0.3712,0.5869,0.7596,0.0008,0.0284,0.0697
387.2076,0.4263,0.0913,0.0107,0.3092,0.4747,0.7928,0.0029,0.0058,0.0302
353.7441,0.3572,0.1889,0.0026,0.3169,0.5701,0.6616,0.0087,0.0567,0.0293
437.6047,0.3448,0.1105,0.0082,0.3790,0.5290,0.7724,0.0075,0.1237,0.0314
514.5637,0.3226,0.2097,0.0047,0.4224,0.5423,0.7898,0.0111,0.0575,0.1619
406.4688,0.3360,0.1550,0.0055,0.1914,0.3018,0.7167,0.0193,0.0195,0.0077
309.6369,0.4256,0.1146,0.0046,0.0213,0.5676,0.5647,0.0096,0.0292,0.0383
564.2696,0.3304,0.1307,0.0289,0.4860,0.5189,0.7943,0.0167,0.0110,0.0423
410.5953,0.3535,0.1557,0.0180,0.2574,0.5268,0.7035,0.0014,0.0071,0.1302
563.9797,0.3095,0.2035,0.0056,0.3965,0.4753,0.5932,0.0033,0.0485,0.0382
488.3597,0.3440,0.1280,0.0020,0.4642,0.4323,0.7779,0.0186,0.0337,0.0469
413.7909,0.4859,0.2241,0.0038,0.4044,0.5915,0.6678,0.0073,0.0297,0.0221
453.2580,0.3219,0.2546,0.0109,0.4842,0.3890,0.7995,0.0003,0.0801,0.0528
501.8944,0.3187,0.1130,0.0090,0.3153,0.5006,0.7040,0.0046,0.0644,0.0309
317.5786,0.3912,0.1518,0.0244,0.0149,0.1657,0.4192,0.0007,0.0572,0.0115
469.2844,0.4923,0.1585,0.0103,0.3232,0.5817,0.7465,0.0060,0.0079,0.0092
497.4162,0.3401,0.1207,0.0155,0.0305,0.1450,0.7676,0.0007,0.0121,0.0720
387.9277,0.4030,0.1243,0.0041,0.2937,0.5154,0.7217,0.0074,0.0645,0.0141
523.7761,0.3182,0.2158,0.0016,0.4714,0.3972,0.7610,0.0041,0.1729,0.0167
409.1320,0.3795,0.1904,0.0201,0.4901,0.5786,0.7893,0.0130,0.0023,0.1156
532.2949,0.5640,0.2357,0.0116,0.4846,0.5414,0.6230,0.0044,0.0290,0.0628
451.8701,0.3055,0.1825,0.0140,0.4316,0.3311,0.7738,0.0135,0.0106,0.0665
558.5202,0.9036,0.2266,0.0205,0.4713,0.5693,0.6703,0.0032,0.0447,0.0253
484.4998,0.4469,0.1980,0.0179,0.4578,0.5812,0.7011,0.0042,0.0828,0.0575
435.1371,0.3762,0.1397,0.0024,0.3948,0.4453,0.7267,0.0021,0.1060,0.0609
498.9492,0.3574,0.2474,0.0066,0.3061,0.5651,0.7592,0.0027,0.0478,0.0498
399.2827,0.3687,0.1411,0.0111,0.1655,0.4874,0.6468,0.0071,0.0001,0.0617
573.8662,0.3623,0.2023,0.0197,0.4326,0.5687,0.7147,0.0066,0.0835,0.0709
367.9255,0.3443,0.2180,0.0015,0.0038,0.5461,0.3666,0.0037,0.0433,0.0311
534.3154,0.5476,0.2308,0.0077,0.4223,0.5970,0.7625,0.0191,0.0383,0.0055
443.9016,0.3711,0.1969,0.0124,0.4301,0.4867,0.6878,0.0103,0.0195,0.0151
593.8910,0.4306,0.1713,0.0018,0.4842,0.5655,0.6889,0.0047,0.1854,0.0940
446.1256,0.3445,0.1356,0.0032,0.0131,0.5966,0.5064,0.0091,0.0046,0.0929
371.3593,0.3787,0.1708,0.0017,0.1123,0.5088,0.6183,0.0013,0.0663,0.0478
458.4953,0.3349,0.2003,0.0055,0.2830,0.4180,0.7941,0.0068,0.0687,0.0424
464.6685,0.3948,0.1336,0.0148,0.3450,0.5460,0.7607,0.0096,0.0451,0.0094
315.8916,0.3695,0.2130,0.0128,0.1640,0.5306,0.7887,0.0000,0.0457,0.0514
306.6978,0.3865,0.1854,0.0257,0.0490,0.5479,0.6226,0.0059,0.0011,0.0032
436.3832,0.3129,0.1924,0.0235,0.1212,0.3360,0.7322,0.0079,0.0071,0.0130
593.6830,0.3050,0.1377,0.0228,0.2650,0.5960,0.7743,0.0025,0.0464,0.1304
395.5920,0.3428,0.1524,0.0297,0.3447,0.3945,0.7905,0.0010,0.0033,0.1057
413.3085,0.6336,0.2272,0.0063,0.4671,0.5528,0.7804,0.0114,0.0390,0.0061
365.4881,0.3712,0.1357,0.0376,0.2254,0.5540,0.7959,0.0072,0.0369,0.0083
466.2732,0.3347,0.1596,0.0128,0.3768,0.5843,0.7339,0.0070,0.1873,0.0061
558.4196,0.4571,0.2005,0.0015,0.4592,0.5304,0.7370,0.0180,0.0205,0.0759
543.4923,0.3122,0.1794,0.0162,0.4644,0.5703,0.6322,0.0012,0.0656,0.1389
359.8877,0.3887,0.1544,0.0085,0.4909,0.4822,0.6840,0.0016,0.0183,0.0833
569.7246,0.8039,0.1890,0.0066,0.4464,0.5424,0.6494,0.0025,0.0077,0.0578
497.1246,0.3486,0.1773,0.0120,0.4916,0.5357,0.7538,0.0093,0.1009,0.1052
475.0499,0.5223,0.2191,0.0073,0.4995,0.5465,0.6791,0.0001,0.1196,0.0740
576.8959,0.3494,0.2566,0.0142,0.3642,0.5351,0.7201,0.0006,0.0676,0.0236
392.7103,0.4386,0.1888,0.0010,0.3997,0.4881,0.7715,0.0015,0.1028,0.0430
404.2767,0.3419,0.1435,0.0094,0.0637,0.3443,0.4907,0.0099,0.0130,0.0060
323.5260,0.4123,0.1023,0.0030,0.2713,0.3168,0.6469,0.0018,0.0080,0.0193
546.7207,0.3510,0.1628,0.0368,0.4281,0.5592,0.7678,0.0035,0.1293,0.0000
472.9082,0.9670,0.2060,0.0011,0.4763,0.5909,0.7775,0.0162,0.0549,0.0244
595.8494,0.6895,0.2203,0.0172,0.4711,0.5615,0.6352,0.0063,0.0651,0.0139
505.7507,0.3263,0.1577,0.0101,0.4030,0.3955,0.7497,0.0016,0.1453,0.0387
483.5387,0.3217,0.1430,0.0400,0.4875,0.5932,0.7683,0.0005,0.1110,0.0946
335.6019,0.3827,0.1153,0.0033,0.1252,0.1458,0.7929,0.0081,0.0025,0.0383
418.4402,0.3317,0.1730,0.0084,0.2559,0.3066,0.7894,0.0049,0.0370,0.1074
552.3566,0.4860,0.1764,0.0164,0.4317,0.5765,0.6796,0.0033,0.1019,0.0156
419.7561,0.3124,0.2200,0.0151,0.4238,0.4916,0.7533,0.0073,0.1204,0.0058
431.9624,0.3564,0.1648,0.0013,0.3223,0.5581,0.7739,0.0041,0.0275,0.2142
524.6008,0.3070,0.1587,0.0054,0.1135,0.1112,0.6744,0.0108,0.0039,0.0114
381.7412,0.3470,0.2148,0.0131,0.4052,0.5525,0.6327,0.0028,0.0104,0.0396
509.9065,0.4374,0.2109,0.0023,0.4852,0.5962,0.6504,0.0051,0.0106,0.2327
441.3483,0.3278,0.1615,0.0163,0.1391,0.2713,0.7558,0.0164,0.0023,0.0003
591.6315,0.3418,0.2318,0.0154,0.4971,0.5113,0.6882,0.0132,0.0381,0.0546
488.8982,0.3326,0.0971,0.0121,0.1478,0.4299,0.6960,0.0107,0.0118,0.0027
427.7893,0.3386,0.1400,0.0165,0.0221,0.1992,0.3736,0.0047,0.0061,0.0381
484.2627,0.6284,0.2826,0.0136,0.4369,0.5398,0.7815,0.0012,0.0058,0.0144
579.3038,0.3154,0.2685,0.0051,0.4323,0.5807,0.6309,0.0113,0.0348,0.0580
574.0887,0.5500,0.2710,0.0240,0.4544,0.5855,0.7682,0.0084,0.0060,0.0559
561.5821,0.9778,0.1943,0.0310,0.4934,0.5959,0.7166,0.0044,0.0350,0.0473
451.2077,0.4344,0.1861,0.0162,0.2378,0.5999,0.7347,0.0013,0.0042,0.0075
576.7622,0.3014,0.1379,0.0036,0.3365,0.4480,0.6572,0.0072,0.0488,0.0735
452.8118,0.3161,0.1926,0.0028,0.0429,0.2075,0.5994,0.0030,0.0095,0.0710
535.3478,0.5074,0.1996,0.0404,0.4804,0.5680,0.7016,0.0032,0.0413,0.0078
564.6356,0.5155,0.2732,0.0037,0.4977,0.5204,0.6398,0.0015,0.1256,0.0206
324.3193,0.6896,0.2229,0.0063,0.4987,0.5770,0.7900,0.0103,0.0124,0.0015
283.5282,0.4329,0.1174,0.0321,0.0365,0.5609,0.7810,0.0029,0.0211,0.0186
518.1914,0.3141,0.1821,0.0108,0.3871,0.4732,0.7650,0.0060,0.0635,0.1290
372.9539,0.3599,0.1596,0.0066,0.3684,0.2338,0.6893,0.0076,0.0119,0.0033
510.4120,0.4184,0.1232,0.0217,0.4501,0.5874,0.7864,0.0076,0.0503,0.0436
354.2977,0.3748,0.1322,0.0385,0.1731,0.4275,0.6631,0.0019,0.0202,0.0027
427.9484,0.4049,0.1859,0.0031,0.4710,0.4256,0.7828,0.0033,0.0654,0.0944
511.9343,0.3146,0.1583,0.0059,0.2933,0.5574,0.7000,0.0052,0.1726,0.0308
434.4384,0.3371,0.2006,0.0216,0.3654,0.5630,0.6612,0.0016,0.0617,0.0366
581.9605,0.3172,0.1657,0.0350,0.4506,0.3717,0.7566,0.0018,0.0167,0.0419
540.9871,0.3806,0.1547,0.0081,0.4762,0.5829,0.7384,0.0037,0.0327,0.2556
491.1295,0.4396,0.2135,0.0244,0.4133,0.4473,0.7832,0.0002,0.0084,0.0092
469.5819,0.4678,0.1969,0.0313,0.4460,0.5275,0.7972,0.0014,0.0404,0.0336
521.3076,0.8726,0.2458,0.0201,0.4772,0.5455,0.7652,0.0042,0.0123,0.0241
377.0767,0.3630,0.1602,0.0160,0.0320,0.5137,0.7324,0.0044,0.0787,0.0252
596.2639,0.3679,0.2281,0.0062,0.3001,0.5892,0.6608,0.0049,0.0052,0.0556
404.9339,0.4696,0.1509,0.0065,0.3843,0.5666,0.7869,0.0058,0.0305,0.0818
398.6925,0.3448,0.2171,0.0139,0.4463,0.4290,0.7655,0.0081,0.0080,0.0611
319.0188,0.4194,0.1363,0.0114,0.0153,0.3819,0.7990,0.0023,0.0090,0.0954
517.1537,0.3401,0.2701,0.0044,0.4025,0.5149,0.6862,0.0043,0.0068,0.0694
454.6362,0.5136,0.2512,0.0027,0.3947,0.5687,0.7687,0.0050,0.0632,0.0140
577.8960,0.3301,0.1088,0.0101,0.3211,0.5244,0.6076,0.0031,0.0309,0.0048
306.3832,0.4440,0.1283,0.0044,0.0661,0.1372,0.7835,0.0018,0.0180,0.0705
448.5441,0.3904,0.1585,0.0123,0.4429,0.3143,0.7712,0.0051,0.0222,0.0058
577.6727,0.4470,0.1627,0.0069,0.4439,0.5766,0.7211,0.0149,0.1086,0.0043
473.8760,0.3195,0.2173,0.0022,0.2117,0.5712,0.6905,0.0074,0.0593,0.0375
409.7220,0.3559,0.1687,0.0049,0.1460,0.4031,0.6230,0.0121,0.0085,0.0014
555.5899,0.3068,0.1470,0.0016,0.4177,0.3268,0.7540,0.0028,0.0224,0.1732
430.7302,0.4254,0.2815,0.0087,0.4864,0.5020,0.7308,0.0064,0.0049,0.0153
547.5348,0.5989,0.2398,0.0105,0.4942,0.5811,0.7820,0.0029,0.0610,0.1924
298.5314,0.4221,0.1144,0.0221,0.0646,0.4139,0.6819,0.0044,0.0267,0.0326
440.6922,0.4560,0.1739,0.0141,0.4415,0.5337,0.6853,0.0087,0.0134,0.0166
461.8971,0.3046,0.2347,0.0116,0.2785,0.5994,0.7535,0.0118,0.0721,0.0161
525.4739,0.7965,0.2865,0.0062,0.4405,0.5821,0.7400,0.0002,0.0495,0.0534
401.8119,0.3758,0.0974,0.0027,0.4248,0.2112,0.7992,0.0064,0.0017,0.0670
468.9752,0.3438,0.1530,0.0053,0.1067,0.5438,0.7403,0.0015,0.0964,0.0531
308.0591,0.4007,0.1221,0.0034,0.2812,0.3396,0.7418,0.0008,0.0498,0.0117
561.6976,0.3724,0.1619,0.0250,0.4162,0.4900,0.7306,0.0008,0.0124,0.0919
592.2025,0.5249,0.2152,0.0052,0.4925,0.5904,0.5539,0.0034,0.1845,0.0383
562.2102,0.6131,0.2058,0.0019,0.4856,0.5381,0.4638,0.0002,0.0636,0.0173
408.6929,0.3810,0.0929,0.0036,0.0072,0.5572,0.4133,0.0082,0.0555,0.0156
520.7070,0.3149,0.1701,0.0183,0.4748,0.2347,0.7150,0.0001,0.0029,0.0310
370.2200,0.3594,0.1886,0.0233,0.2690,0.4739,0.7945,0.0035,0.0731,0.0186
320.9118,0.4637,0.1142,0.0094,0.3319,0.5882,0.7574,0.0001,0.0405,0.0442
487.2559,0.3505,0.1041,0.0017,0.3503,0.5308,0.7022,0.0111,0.0418,0.0250
561.0051,0.8406,0.1393,0.0039,0.4675,0.5839,0.7843,0.0007,0.0068,0.1285
348.3285,0.3815,0.1807,0.0054,0.0768,0.2982,0.7309,0.0024,0.0034,0.0896
551.7079,0.3263,0.2930,0.0151,0.4548,0.5465,0.7877,0.0015,0.0242,0.1361
381.1512,0.3664,0.1424,0.0148,0.2486,0.3686,0.7795,0.0019,0.0166,0.1317
474.3802,0.3791,0.2576,0.0120,0.3954,0.5765,0.7882,0.0045,0.0425,0.0793
585.7429,0.4739,0.2619,0.0012,0.4951,0.5577,0.7391,0.0072,0.0442,0.1993
360.1039,0.3528,0.1498,0.0094,0.1844,0.2447,0.7542,0.0133,0.0059,0.0179
573.1407,0.3207,0.2334,0.0280,0.4702,0.5964,0.7789,0.0112,0.0804,0.0846
590.7003,0.9659,0.1704,0.0145,0.4902,0.5864,0.7659,0.0055,0.0618,0.0800
539.5312,0.4289,0.2097,0.0360,0.4378,0.5949,0.6805,0.0025,0.0047,0.0681
490.8276,0.3035,0.1592,0.0457,0.3758,0.4671,0.7176,0.0040,0.0365,0.0174
499.7981,0.6601,0.2552,0.0168,0.4769,0.5845,0.7848,0.0060,0.0319,0.0844
363.9568,0.6447,0.1994,0.0029,0.4752,0.5843,0.7272,0.0041,0.0983,0.0102
589.0056,0.3064,0.1665,0.0136,0.3455,0.5273,0.7703,0.0081,0.1525,0.0260
506.9157,0.3437,0.1238,0.0116,0.0711,0.2735,0.6348,0.0059,0.0052,0.0031
507.9967,0.5180,0.1610,0.0050,0.4759,0.5596,0.7813,0.0068,0.0121,0.1808
470.3233,0.3416,0.1426,0.0037,0.4837,0.5077,0.7301,0.0026,0.0685,0.1968
407.5298,0.3604,0.1260,0.0100,0.0227,0.3529,0.3345,0.0015,0.0336,0.0601
383.3764,0.5975,0.1729,0.0097,0.3842,0.5745,0.7673,0.0040,0.0137,0.0086
479.9059,0.3199,0.1349,0.0224,0.1744,0.1212,0.7952,0.0015,0.0080,0.0422
408.3124,0.3337,0.2218,0.0285,0.4204,0.5468,0.7295,0.0095,0.0025,0.0252
509.3691,0.3252,0.1516,0.0277,0.2158,0.2912,0.7775,0.0001,0.0417,0.0207
567.2673,0.3571,0.1920,0.0147,0.3362,0.5546,0.7539,0.0148,0.0157,0.0227
382.7004,0.4218,0.1203,0.0038,0.0380,0.2279,0.6483,0.0036,0.0066,0.0258
422.4663,0.3152,0.2614,0.0125,0.3479,0.4877,0.7957,0.0026,0.0253,0.0764
355.8770,0.3653,0.2027,0.0449,0.4467,0.5810,0.7700,0.0010,0.0306,0.0202
317.7757,0.4288,0.0970,0.0028,0.0070,0.3286,0.3005,0.0071,0.0171,0.0660
516.2002,0.3262,0.1273,0.0052,0.2384,0.5667,0.6269,0.0069,0.0719,0.0341
517.7206,0.4936,0.2130,0.0182,0.4841,0.5938,0.7547,0.0031,0.0869,0.1358
454.7756,0.3256,0.1382,0.0100,0.3317,0.3010,0.7063,0.0039,0.0038,0.0682
593.0849,0.6021,0.2361,0.0198,0.4518,0.5992,0.7359,0.0144,0.0157,0.0478
544.0625,0.9863,0.2182,0.0031,0.4972,0.5660,0.7692,0.0044,0.1367,0.0753
469.9323,0.3546,0.1901,0.0114,0.4485,0.5542,0.5515,0.0032,0.0236,0.0077
561.5510,0.3407,0.1562,0.0378,0.4781,0.5565,0.7600,0.0199,0.0056,0.0012
573.6778,0.3671,0.2413,0.0046,0.4244,0.4659,0.7559,0.0000,0.1419,0.0195
413.1499,0.3611,0.1302,0.0026,0.2809,0.5486,0.7220,0.0045,0.0137,0.1762
534.6937,0.4453,0.1421,0.0104,0.3608,0.5923,0.6774,0.0072,0.0121,0.0268
420.5380,0.3471,0.1847,0.0020,0.2406,0.4087,0.7595,0.0082,0.0917,0.0119
588.4328,0.4327,0.1780,0.0039,0.4115,0.5711,0.6008,0.0060,0.0255,0.0883
520.1600,0.3982,0.1299,0.0067,0.4767,0.4030,0.7908,0.0107,0.0380,0.0125
513.7125,0.3369,0.2039,0.0138,0.4147,0.5330,0.7616,0.0130,0.0711,0.0470
596.6961,0.3022,0.0966,0.0019,0.4623,0.5747,0.7513,0.0078,0.0994,0.1048
494.8073,0.3312,0.1655,0.0060,0.0069,0.1797,0.7882,0.0025,0.0092,0.0608
339.0469,0.3756,0.1763,0.0110,0.2366,0.5127,0.7075,0.0010,0.0701,0.0561
503.8837,0.4232,0.1394,0.0036,0.4321,0.5404,0.7640,0.0039,0.1535,0.0380
408.2251,0.3678,0.2237,0.0106,0.4822,0.4962,0.7612,0.0111,0.0144,0.0657
524.7369,0.3094,0.1983,0.0168,0.4950,0.4279,0.7894,0.0022,0.1854,0.0392
531.3882,0.5770,0.1752,0.0207,0.4766,0.5332,0.6515,0.0013,0.0247,0.0343
561.4259,0.3183,0.2094,0.0144,0.3888,0.5998,0.5510,0.0002,0.0431,0.0665
484.6619,0.3367,0.1275,0.0309,0.3021,0.4006,0.7096,0.0001,0.0353,0.0266
316.7278,0.4001,0.1342,0.0094,0.0229,0.1594,0.3852,0.0026,0.0719,0.0128
504.6129,0.3085,0.1734,0.0240,0.3386,0.5743,0.7224,0.0015,0.0696,0.1270
320.5157,0.4069,0.1907,0.0042,0.3671,0.4783,0.6569,0.0007,0.0150,0.0222
410.3252,0.3816,0.1009,0.0091,0.2656,0.3790,0.7759,0.0052,0.0659,0.0124
365.2609,0.3600,0.1927,0.0169,0.0273,0.5290,0.4026,0.0006,0.0484,0.0063
362.0720,0.3650,0.1398,0.0013,0.2374,0.2133,0.6635,0.0152,0.0077,0.0026
487.5478,0.3335,0.1070,0.0163,0.0135,0.3762,0.5047,0.0032,0.0330,0.0172
347.3885,0.4785,0.1577,0.0037,0.4426,0.5661,0.7326,0.0009,0.0405,0.1010
561.1841,0.8946,0.1856,0.0110,0.4949,0.5053,0.6341,0.0001,0.0510,0.0078
440.8355,0.3370,0.1676,0.0083,0.0204,0.3231,0.4469,0.0089,0.0278,0.0157
419.9128,0.3592,0.1088,0.0148,0.0803,0.2656,0.7104,0.0088,0.0058,0.0532
487.1087,0.4325,0.2156,0.0029,0.4501,0.4937,0.7296,0.0024,0.0880,0.0661
596.2926,0.3111,0.1514,0.0072,0.2727,0.4793,0.7459,0.0043,0.0495,0.1057
437.8766,0.4783,0.1964,0.0024,0.4490,0.5776,0.5944,0.0063,0.0065,0.0642
414.1659,0.3985,0.2010,0.0307,0.3050,0.5679,0.7895,0.0008,0.0231,0.0249
540.8278,0.3048,0.2322,0.0068,0.4411,0.5044,0.6682,0.0031,0.0629,0.1046
581.8277,0.3515,0.1519,0.0034,0.3896,0.4223,0.7341,0.0178,0.0000,0.0069
582.2644,0.7599,0.2284,0.0122,0.4979,0.5739,0.7496,0.0061,0.1185,0.0747
457.9712,0.3167,0.1633,0.0089,0.3886,0.2186,0.7861,0.0023,0.0917,0.0311
531.7551,0.3204,0.1974,0.0321,0.3344,0.5809,0.7445,0.0084,0.0215,0.0462
566.0522,0.5687,0.2000,0.0130,0.4117,0.5632,0.5812,0.0041,0.0052,0.0113
590.5475,0.3078,0.1239,0.0310,0.3776,0.5903,0.6659,0.0097,0.0163,0.0122
509.5788,0.3554,0.0926,0.0102,0.0120,0.2227,0.4813,0.0006,0.0067,0.0304
463.8725,0.4077,0.1552,0.0059,0.3686,0.5289,0.7951,0.0064,0.0514,0.0933
268.9728,0.4389,0.1327,0.0109,0.2493,0.4226,0.7916,0.0004,0.0638,0.0268
416.9840,0.3685,0.1715,0.0039,0.4394,0.4748,0.7706,0.0017,0.0829,0.1507
359.0358,0.4031,0.1329,0.0237,0.4829,0.5929,0.7103,0.0048,0.0026,0.0483
496.2186,0.3548,0.2339,0.0210,0.4837,0.5392,0.7976,0.0074,0.1073,0.0515
531.0665,0.6514,0.2208,0.0013,0.4656,0.5723,0.7098,0.0174,0.0402,0.0460
332.9923,0.3765,0.1721,0.0189,0.1485,0.1795,0.7585,0.0050,0.0182,0.0286
418.9041,0.3036,0.1906,0.0058,0.4161,0.5838,0.7972,0.0092,0.1259,0.0117
425.7804,0.3462,0.1167,0.0121,0.2131,0.5593,0.7840,0.0189,0.0055,0.0397
458.2255,0.3068,0.2393,0.0202,0.2908,0.5813,0.6785,0.0004,0.0058,0.0891
593.2954,0.6820,0.1909,0.0021,0.4944,0.5131,0.6692,0.0095,0.0682,0.0327
508.0273,0.7996,0.1895,0.0148,0.4917,0.5983,0.6919,0.0113,0.0226,0.0670
528.9248,0.3936,0.2028,0.0074,0.4414,0.5650,0.7526,0.0013,0.1249,0.1454
480.8193,0.3059,0.1449,0.0306,0.4796,0.4822,0.7870,0.0036,0.0974,0.0404
590.6697,0.3289,0.1791,0.0061,0.4738,0.5636,0.7070,0.0100,0.0537,0.1979
555.2600,0.7321,0.1971,0.0232,0.4596,0.5928,0.7987,0.0000,0.0986,0.0485
438.6297,0.3435,0.1244,0.0068,0.1468,0.3041,0.7996,0.0195,0.0144,0.0078
596.3393,0.4381,0.2756,0.0300,0.4987,0.5866,0.6860,0.0065,0.0901,0.0118
453.2216,0.3688,0.1161,0.0108,0.0156,0.1299,0.6861,0.0037,0.0450,0.0084
434.6260,0.3474,0.1238,0.0165,0.3303,0.5167,0.7454,0.0022,0.0315,0.1401
379.1325,0.3573,0.1973,0.0222,0.3816,0.5226,0.6687,0.0010,0.0062,0.0532
550.0915,0.3401,0.1393,0.0052,0.3267,0.5609,0.7281,0.0144,0.0828,0.0104
415.2582,0.3673,0.1142,0.0011,0.1101,0.1094,0.5930,0.0005,0.0968,0.0127
496.8552,0.5350,0.2333,0.0143,0.4859,0.5540,0.6852,0.0065,0.0768,0.0208
364.6368,0.7603,0.2850,0.0066,0.4994,0.5523,0.7526,0.0034,0.0109,0.0014
281.9546,0.4644,0.0944,0.0051,0.0245,0.2907,0.3894,0.0037,0.0061,0.0325
474.7630,0.3587,0.1953,0.0187,0.4937,0.5140,0.7677,0.0029,0.1333,0.0731
475.2052,0.3722,0.1195,0.0109,0.3258,0.3232,0.7960,0.0055,0.0105,0.0339
338.4280,0.5027,0.2055,0.0019,0.4227,0.4484,0.7979,0.0022,0.0057,0.0349
512.6863,0.3220,0.1504,0.0179,0.3897,0.5904,0.7239,0.0009,0.2159,0.0335
435.4445,0.3021,0.1927,0.0091,0.4584,0.5925,0.6384,0.0073,0.0371,0.0109
579.4478,0.9392,0.2232,0.0056,0.4719,0.5887,0.7332,0.0053,0.1489,0.0458
542.5635,0.3001,0.1821,0.0042,0.1123,0.3269,0.7265,0.0043,0.0393,0.0474
596.9456,0.3817,0.1612,0.0432,0.4919,0.5943,0.6877,0.0108,0.0181,0.0230
520.5090,0.3232,0.1900,0.0229,0.2961,0.4401,0.7918,0.0004,0.0342,0.0821
513.3886,0.4042,0.1156,0.0098,0.3590,0.5545,0.7625,0.0031,0.0023,0.0970
574.4378,0.3378,0.1303,0.0156,0.4959,0.4186,0.6185,0.0017,0.0031,0.0153
566.6578,0.3976,0.2047,0.0048,0.4329,0.5483,0.6516,0.0044,0.0357,0.1323
443.7289,0.5576,0.2214,0.0146,0.4361,0.5739,0.7608,0.0130,0.0085,0.0046
407.8900,0.4404,0.1588,0.0188,0.2918,0.5997,0.7619,0.0003,0.0575,0.0235
400.9895,0.3798,0.2093,0.0014,0.3538,0.4619,0.7914,0.0036,0.0537,0.0835
562.1902,0.3544,0.0997,0.0056,0.4448,0.5524,0.6964,0.0018,0.1119,0.0192
468.5924,0.3700,0.0902,0.0231,0.0001,0.4813,0.7842,0.0012,0.0090,0.0012
591.3681,0.5064,0.1787,0.0117,0.4961,0.5491,0.7602,0.0110,0.0655,0.0992
461.1845,0.4503,0.2240,0.0200,0.4982,0.5744,0.6521,0.0015,0.0546,0.0661
511.8253,0.3217,0.1084,0.0024,0.0976,0.5806,0.6037,0.0102,0.0553,0.0008
504.9645,0.4108,0.2070,0.0055,0.4041,0.4904,0.7236,0.0124,0.0071,0.0263
407.2706,0.3800,0.1228,0.0088,0.4476,0.5619,0.7244,0.0026,0.1601,0.0137
540.0085,0.3441,0.1467,0.0202,0.3173,0.5501,0.7799,0.0080,0.0573,0.0418
552.2005,0.3005,0.2302,0.0095,0.4345,0.4840,0.7672,0.0012,0.0766,0.1625
417.6210,0.3434,0.1733,0.0243,0.1713,0.5633,0.5713,0.0006,0.0070,0.0428
500.6616,0.3154,0.1495,0.0046,0.3516,0.4939,0.6594,0.0024,0.1111,0.0850
479.6816,0.3282,0.2096,0.0148,0.1206,0.5375,0.7104,0.0019,0.0300,0.0085
326.0667,0.5256,0.1624,0.0046,0.4640,0.5883,0.7698,0.0100,0.0483,0.0060
470.0948,0.3061,0.2172,0.0083,0.2875,0.2135,0.7757,0.0029,0.0436,0.0185
558.8749,0.3201,0.1469,0.0074,0.0832,0.4735,0.7298,0.0074,0.0055,0.0322
451.7146,0.3964,0.2267,0.0050,0.4558,0.5320,0.7806,0.0083,0.0759,0.0818
526.5504,0.5729,0.2019,0.0033,0.4637,0.5507,0.7302,0.0023,0.1318,0.0686
357.6477,0.3808,0.1067,0.0317,0.0021,0.5336,0.5648,0.0033,0.0114,0.0064
308.8178,0.4135,0.1144,0.0159,0.4343,0.3102,0.7843,0.0053,0.0017,0.0257
411.4103,0.3654,0.1593,0.0022,0.1709,0.2846,0.6729,0.0033,0.0370,0.0423
595.9841,0.4300,0.2310,0.0162,0.4534,0.5828,0.7469,0.0146,0.0274,0.0885
505.4435,0.3506,0.2140,0.0016,0.4663,0.5290,0.5841,0.0065,0.0728,0.0169
546.8960,0.3052,0.1644,0.0041,0.3914,0.4470,0.7761,0.0118,0.0138,0.1672
472.8215,0.5243,0.1833,0.0063,0.4586,0.5378,0.6656,0.0029,0.0166,0.0946
483.2781,0.3184,0.1641,0.0146,0.0111,0.5163,0.4617,0.0032,0.0069,0.0829
464.4135,0.3355,0.2268,0.0237,0.4360,0.5660,0.7959,0.0175,0.0264,0.0278
377.4595,0.3837,0.0975,0.0092,0.0758,0.5763,0.6983,0.0033,0.0268,0.0560
587.3427,0.6103,0.1798,0.0076,0.4333,0.5873,0.6164,0.0051,0.0185,0.0871
443.4287,0.4432,0.1661,0.0020,0.3509,0.5047,0.7073,0.0030,0.0380,0.0437
531.3092,0.3205,0.1035,0.0108,0.0180,0.1830,0.5210,0.0091,0.0165,0.0111
570.0913,0.3489,0.1348,0.0256,0.4031,0.5681,0.5942,0.0007,0.0075,0.0357
556.4149,0.3135,0.2853,0.0026,0.3623,0.5798,0.7619,0.0072,0.0746,0.0493
351.4983,0.3862,0.1419,0.0119,0.0878,0.5179,0.7294,0.0041,0.0945,0.0272
373.1691,0.3681,0.1807,0.0112,0.4221,0.4405,0.7549,0.0079,0.0250,0.0625
323.2017,0.4492,0.1218,0.0213,0.4850,0.5546,0.8000,0.0057,0.0112,0.0271
402.8302,0.3363,0.2324,0.0070,0.0528,0.5080,0.7652,0.0040,0.0105,0.0196
453.0541,0.3244,0.1512,0.0074,0.2216,0.5333,0.6573,0.0027,0.0274,0.1078
516.6610,0.3198,0.2074,0.0234,0.4858,0.5775,0.7125,0.0033,0.0940,0.1190
507.9232,0.3684,0.2392,0.0072,0.4510,0.4452,0.6650,0.0032,0.0163,0.0333
388.5553,0.3543,0.1700,0.0357,0.1954,0.4155,0.6737,0.0020,0.0033,0.0136
397.1467,0.3505,0.1881,0.0018,0.4258,0.5435,0.7130,0.0001,0.1135,0.1342
579.4634,0.4389,0.2539,0.0134,0.3376,0.5911,0.7786,0.0017,0.0172,0.0473
494.4468,0.4340,0.1760,0.0128,0.4631,0.5896,0.6951,0.0078,0.1140,0.0374
301.8761,0.4161,0.0969,0.0035,0.2356,0.5275,0.7959,0.0008,0.0167,0.0224
363.7966,0.3614,0.1497,0.0040,0.3148,0.3524,0.7316,0.0165,0.0219,0.0143
531.9350,0.3355,0.1291,0.0044,0.0021,0.2271,0.4768,0.0006,0.0726,0.0106
413.4502,0.8907,0.2086,0.0010,0.4809,0.5935,0.6647,0.0096,0.0020,0.0779
376.4099,0.3578,0.1346,0.0028,0.0916,0.3982,0.7381,0.0063,0.0436,0.0492
450.9312,0.3176,0.1793,0.0062,0.0162,0.5741,0.5558,0.0116,0.0194,0.0483
344.6177,0.4463,0.0887,0.0092,0.1847,0.2753,0.7803,0.0001,0.0079,0.0277
476.7126,0.3138,0.1878,0.0135,0.1619,0.4640,0.7898,0.0044,0.0992,0.0245
531.9973,0.4005,0.1826,0.0155,0.4910,0.5168,0.5656,0.0023,0.0177,0.0295
569.8043,0.3703,0.1997,0.0022,0.4951,0.5882,0.7954,0.0191,0.0450,0.2144
496.6009,0.3297,0.1238,0.0050,0.4280,0.3890,0.6108,0.0038,0.0232,0.0079
473.6333,0.3276,0.1426,0.0098,0.0174,0.1545,0.7536,0.0071,0.0537,0.0433
555.3892,0.3423,0.1972,0.0092,0.3464,0.4102,0.6903,0.0025,0.0144,0.0383
589.5378,0.3411,0.1745,0.0010,0.4400,0.4984,0.7474,0.0037,0.1982,0.0770
438.7185,0.3293,0.1654,0.0348,0.0556,0.3910,0.6660,0.0002,0.0599,0.0022
370.6260,0.3741,0.1475,0.0052,0.0216,0.4240,0.5681,0.0073,0.0975,0.0084
572.4465,0.3039,0.2008,0.0213,0.1285,0.5745,0.7577,0.0002,0.0114,0.0406
393.3153,0.3797,0.1140,0.0156,0.0083,0.1750,0.3163,0.0056,0.0171,0.0491
457.7328,0.3303,0.1766,0.0013,0.3173,0.5188,0.7205,0.0020,0.0950,0.1432
522.4453,0.3130,0.1195,0.0171,0.0853,0.5996,0.6488,0.0014,0.0262,0.0357
563.3587,0.4410,0.1989,0.0089,0.4840,0.5549,0.5034,0.0012,0.0519,0.0297
596.9764,0.9258,0.1893,0.0256,0.4760,0.5556,0.7857,0.0060,0.0262,0.0082
350.1088,0.3779,0.2298,0.0056,0.4999,0.5341,0.6642,0.0011,0.0267,0.0396
552.7673,0.4978,0.2992,0.0203,0.4526,0.5613,0.6795,0.0025,0.0172,0.0109
587.8898,0.9038,0.2821,0.0036,0.4970,0.5946,0.7636,0.0125,0.1400,0.0423
579.4167,0.3459,0.1263,0.0154,0.4882,0.5656,0.7435,0.0105,0.1196,0.0354
558.6312,0.6616,0.1404,0.0076,0.4379,0.5989,0.6985,0.0005,0.0373,0.0765
484.6108,0.5987,0.1748,0.0071,0.4904,0.5872,0.6691,0.0021,0.1491,0.0475
436.9963,0.3341,0.1382,0.0035,0.1691,0.4394,0.7463,0.0057,0.0246,0.1100
523.0791,0.9683,0.2901,0.0114,0.4666,0.5970,0.7272,0.0012,0.0565,0.0584
491.2289,0.3290,0.1324,0.0108,0.1864,0.5829,0.4694,0.0022,0.0057,0.0218
510.9833,0.3022,0.1962,0.0016,0.2616,0.4995,0.7875,0.0185,0.0278,0.0670
532.1839,0.4544,0.1344,0.0226,0.4558,0.5632,0.7159,0.0017,0.0391,0.0525
423.4844,0.3532,0.1303,0.0093,0.2199,0.1910,0.7619,0.0052,0.0328,0.0618
564.0885,0.5503,0.1646,0.0164,0.4268,0.5043,0.7523,0.0006,0.0193,0.0270
560.5794,0.3101,0.1482,0.0258,0.3231,0.5855,0.7966,0.0143,0.0560,0.0366
413.6821,0.3739,0.1380,0.0150,0.4345,0.5776,0.7019,0.0088,0.0384,0.0517
589.8353,0.3541,0.2208,0.0124,0.4751,0.5760,0.6633,0.0030,0.1587,0.0814
533.6087,0.6930,0.1932,0.0246,0.4973,0.5895,0.5205,0.0025,0.0221,0.0318
555.6429,0.7145,0.2598,0.0054,0.4336,0.5304,0.7566,0.0023,0.0022,0.0570
428.2569,0.3376,0.1336,0.0205,0.2864,0.3885,0.7838,0.0128,0.0124,0.0472
532.3644,0.3612,0.1628,0.0020,0.2992,0.5971,0.7399,0.0043,0.1792,0.0156
505.1795,0.3391,0.1656,0.0120,0.4937,0.5451,0.7015,0.0072,0.0192,0.1789
472.7627,0.5153,0.1371,0.0072,0.4859,0.5227,0.7527,0.0034,0.0380,0.0830
472.1135,0.3397,0.1467,0.0016,0.0919,0.3109,0.6649,0.0039,0.0542,0.0509
537.1469,0.6031,0.2106,0.0308,0.4673,0.5800,0.7867,0.0014,0.0304,0.0851
560.8662,0.3325,0.2170,0.0025,0.2944,0.5666,0.5916,0.0059,0.0185,0.0387
500.4142,0.8315,0.2589,0.0253,0.4907,0.5702,0.6824,0.0051,0.0014,0.0256
361.0506,0.4750,0.2053,0.0085,0.4925,0.5987,0.7400,0.0045,0.0866,0.0582
478.1299,0.3191,0.1547,0.0196,0.2537,0.4475,0.6035,0.0003,0.0222,0.0606
569.7312,0.3360,0.1823,0.0368,0.4304,0.5216,0.6951,0.0000,0.0471,0.0558
419.1179,0.3092,0.2282,0.0192,0.4601,0.4688,0.6821,0.0015,0.0157,0.0533
384.4768,0.4237,0.1693,0.0010,0.3981,0.5888,0.7155,0.0049,0.0208,0.1402
333.2071,0.3627,0.1842,0.0235,0.0791,0.4797,0.6856,0.0053,0.0197,0.0097
449.9464,0.3472,0.1008,0.0015,0.0360,0.4156,0.7798,0.0180,0.0155,0.0206
390.0894,0.3636,0.1194,0.0302,0.1326,0.5094,0.7644,0.0088,0.0016,0.0418
421.1318,0.3682,0.1008,0.0029,0.2358,0.2366,0.6903,0.0045,0.0562,0.0092
284.6215,0.4083,0.1255,0.0036,0.0914,0.1149,0.7268,0.0077,0.0058,0.0042
315.6622,0.4098,0.1108,0.0310,0.0421,0.3887,0.7696,0.0033,0.0495,0.0043
578.8042,0.4321,0.1830,0.0018,0.4699,0.5115,0.7430,0.0014,0.2534,0.0070
445.7927,0.3152,0.1461,0.0125,0.4282,0.5864,0.7441,0.0137,0.1018,0.0264
591.3375,0.7880,0.1718,0.0215,0.4797,0.5720,0.7169,0.0059,0.0549,0.0123
556.3774,0.4066,0.1575,0.0014,0.4616,0.5388,0.7891,0.0159,0.1020,0.0629
582.8916,0.6456,0.2678,0.0097,0.4728,0.5433,0.7281,0.0064,0.0746,0.0241
451.1698,0.3236,0.1676,0.0022,0.4790,0.4616,0.5486,0.0007,0.0006,0.0250
403.0082,0.3479,0.1549,0.0081,0.0176,0.5544,0.6493,0.0045,0.0454,0.0771
395.8129,0.4720,0.2848,0.0111,0.4807,0.5247,0.7716,0.0030,0.0183,0.0129
369.5289,0.4086,0.0743,0.0070,0.0262,0.3869,0.5331,0.0061,0.0167,0.0088
461.5481,0.4154,0.1472,0.0179,0.4630,0.4958,0.7545,0.0021,0.0010,0.1244
504.9958,0.3288,0.1107,0.0066,0.3043,0.5118,0.7039,0.0012,0.1297,0.0436
454.5509,0.3119,0.2217,0.0024,0.4010,0.3739,0.7994,0.0042,0.0328,0.1427
481.2000,0.9293,0.2377,0.0069,0.4582,0.5257,0.7511,0.0001,0.0208,0.0268
534.2990,0.3278,0.2051,0.0445,0.4895,0.5513,0.7812,0.0029,0.0671,0.0812
531.0054,0.5977,0.2380,0.0017,0.3802,0.5956,0.6232,0.0010,0.0761,0.0051
571.7871,0.4778,0.2260,0.0031,0.4751,0.5682,0.6437,0.0075,0.1768,0.0124
597.0789,0.3253,0.1594,0.0197,0.4258,0.5122,0.7717,0.0099,0.0015,0.1432
500.2939,0.3693,0.2262,0.0090,0.3243,0.5724,0.7591,0.0018,0.1319,0.0041
438.1873,0.3644,0.0867,0.0109,0.4699,0.4419,0.7266,0.0036,0.0025,0.0249
598.0443,0.5660,0.1779,0.0056,0.4838,0.5784,0.5463,0.0093,0.0726,0.0372
552.4653,0.3792,0.1527,0.0056,0.3993,0.5939,0.6511,0.0006,0.1302,0.0841
362.3520,0.3891,0.1330,0.0173,0.0157,0.2080,0.7501,0.0056,0.0253,0.0499
573.4520,0.3727,0.2743,0.0174,0.4527,0.5692,0.7146,0.0080,0.0365,0.0594
493.4211,0.3246,0.1439,0.0027,0.0590,0.5638,0.7420,0.0115,0.0367,0.0513
563.9868,0.7979,0.1947,0.0350,0.4762,0.5791,0.7662,0.0042,0.0092,0.0286
329.7147,0.3844,0.1720,0.0252,0.3501,0.5445,0.7350,0.0046,0.0284,0.0192
564.7141,0.3127,0.1802,0.0014,0.4875,0.4526,0.6704,0.0079,0.0782,0.0939
484.4372,0.3011,0.2326,0.0355,0.4963,0.3251,0.7963,0.0004,0.0016,0.0478
453.9510,0.3433,0.2472,0.0082,0.3857,0.5518,0.7142,0.0061,0.0562,0.0395
567.5250,0.5393,0.2090,0.0166,0.4416,0.5885,0.5020,0.0044,0.0152,0.0046
557.3256,0.3104,0.1423,0.0034,0.0263,0.5046,0.5785,0.0041,0.0084,0.0836
549.9091,0.4221,0.2430,0.0064,0.4735,0.5980,0.7008,0.0031,0.0540,0.2131
387.6724,0.3943,0.1324,0.0022,0.3222,0.4127,0.7929,0.0014,0.1086,0.0703
422.9589,0.3331,0.1986,0.0181,0.2592,0.5503,0.7595,0.0048,0.0755,0.0454
577.0082,0.6178,0.1638,0.0109,0.4613,0.5935,0.7617,0.0140,0.0829,0.0089
494.6097,0.3175,0.1788,0.0106,0.2012,0.4791,0.7187,0.0029,0.0289,0.1058
339.2441,0.3620,0.1641,0.0064,0.0580,0.2123,0.7981,0.0007,0.0428,0.0220
310.3188,0.3858,0.1625,0.0055,0.2333,0.5334,0.7012,0.0168,0.0073,0.0009
520.2141,0.6954,0.2526,0.0161,0.4907,0.5623,0.7176,0.0044,0.0194,0.0916
448.9674,0.3295,0.1243,0.0128,0.3523,0.4190,0.6979,0.0101,0.0327,0.0135
513.2164,0.3111,0.2667,0.0086,0.4434,0.5956,0.7900,0.0144,0.1234,0.0279
288.4555,0.4117,0.1468,0.0031,0.1288,0.2836,0.7739,0.0060,0.0866,0.0194
505.0424,0.4644,0.2364,0.0336,0.4672,0.5566,0.7671,0.0084,0.0097,0.0180
355.5743,0.3967,0.1075,0.0051,0.3414,0.3621,0.7617,0.0011,0.0314,0.1069
435.3780,0.3767,0.1161,0.0043,0.4858,0.4836,0.7723,0.0067,0.0584,0.0997
543.3814,0.5530,0.1563,0.0026,0.4936,0.5999,0.7288,0.0027,0.0022,0.2897
574.1738,0.3468,0.1785,0.0239,0.4686,0.4034,0.7998,0.0023,0.0526,0.0703
566.9569,0.4736,0.1279,0.0088,0.4055,0.5331,0.7550,0.0038,0.0565,0.0040
587.7206,0.3215,0.1867,0.0185,0.3187,0.5929,0.6859,0.0158,0.0080,0.0240
537.7818,0.9434,0.2143,0.0017,0.4595,0.5539,0.5493,0.0032,0.0591,0.0183
386.5366,0.3859,0.2244,0.0293,0.4222,0.5695,0.7806,0.0011,0.0113,0.0765
496.0582,0.5193,0.1805,0.0050,0.4782,0.5213,0.7133,0.0096,0.0893,0.0094
484.1417,0.4113,0.2472,0.0255,0.4943,0.5850,0.7611,0.0175,0.0341,0.0034
570.7840,0.9829,0.1844,0.0103,0.4609,0.5574,0.5678,0.0014,0.0335,0.0267
358.0966,0.3923,0.1351,0.0090,0.0703,0.3355,0.6174,0.0004,0.0325,0.0939
475.7248,0.3458,0.2168,0.0037,0.4704,0.5613,0.7881,0.0010,0.1454,0.1930
406.3118,0.3566,0.1752,0.0261,0.0716,0.4195,0.7004,0.0006,0.0018,0.0459
300.8438,0.3996,0.1852,0.0056,0.1436,0.3298,0.7897,0.0016,0.0049,0.0887
358.7459,0.5666,0.1565,0.0030,0.4770,0.4965,0.7989,0.0020,0.0253,0.0758
426.8834,0.3543,0.1398,0.0284,0.4068,0.5223,0.7965,0.0068,0.0801,0.0364
429.3140,0.3129,0.2100,0.0046,0.0675,0.5953,0.6290,0.0119,0.0144,0.0294
422.2405,0.4198,0.1054,0.0015,0.4327,0.4990,0.7605,0.0103,0.0439,0.0003
482.8064,0.3030,0.1735,0.0096,0.1423,0.5700,0.7701,0.0107,0.0232,0.0888
514.2404,0.3980,0.1722,0.0248,0.3667,0.5209,0.7889,0.0000,0.0144,0.0939
521.4156,0.3376,0.2233,0.0077,0.3037,0.3850,0.7635,0.0035,0.0194,0.0163
369.5657,0.3806,0.1188,0.0035,0.4398,0.3079,0.6830,0.0000,0.0524,0.0270
461.5161,0.3465,0.1098,0.0152,0.0027,0.1980,0.4797,0.0067,0.0400,0.0307
384.7066,0.3824,0.1661,0.0032,0.2167,0.3265,0.7856,0.0102,0.0318,0.0115
565.7512,0.4052,0.2067,0.0137,0.4096,0.5263,0.6175,0.0013,0.0232,0.0498
535.0035,0.3752,0.2364,0.0040,0.4206,0.5821,0.7204,0.0195,0.0688,0.0118
573.5860,0.3221,0.1556,0.0066,0.4725,0.4063,0.6546,0.0048,0.0176,0.0831
439.3093,0.3104,0.1755,0.0391,0.3365,0.5900,0.7467,0.0049,0.0631,0.0091
559.1157,0.3249,0.1080,0.0167,0.0912,0.5601,0.7398,0.0010,0.0691,0.0100
594.9566,0.6013,0.1709,0.0089,0.4854,0.5511,0.7939,0.0039,0.1549,0.0512
288.3425,0.4717,0.1430,0.0037,0.0116,0.5918,0.6329,0.0012,0.0226,0.0176
541.0976,0.4902,0.1784,0.0199,0.4427,0.5852,0.5850,0.0002,0.0399,0.0434
447.0826,0.3321,0.1832,0.0326,0.0051,0.1641,0.6849,0.0009,0.0110,0.0074
341.6147,0.4624,0.1771,0.0102,0.2178,0.5824,0.7740,0.0025,0.0150,0.0058
433.6869,0.3579,0.1206,0.0040,0.2454,0.2595,0.5900,0.0029,0.0039,0.0214
502.2449,0.4238,0.2051,0.0146,0.3808,0.5845,0.7029,0.0143,0.0137,0.0018
599.7902,0.3446,0.1753,0.0031,0.3830,0.5151,0.6670,0.0073,0.0408,0.0946
522.8650,0.3086,0.1306,0.0059,0.4428,0.4721,0.7245,0.0120,0.0275,0.1203
328.2173,0.4038,0.1145,0.0306,0.0323,0.3648,0.6199,0.0043,0.0081,0.0417
379.9480,0.3452,0.1956,0.0105,0.0466,0.2808,0.6998,0.0041,0.0337,0.0515
537.2891,0.3598,0.1409,0.0112,0.3406,0.5252,0.7437,0.0061,0.0718,0.0436
535.2390,0.3524,0.1607,0.0273,0.4464,0.5386,0.6676,0.0004,0.0312,0.0925
322.4422,0.3963,0.1579,0.0083,0.1765,0.4724,0.7938,0.0097,0.0387,0.0352
401.8403,0.3683,0.2036,0.0170,0.3617,0.3627,0.7629,0.0005,0.0381,0.0191
372.1761,0.3365,0.2084,0.0242,0.2386,0.5848,0.7606,0.0064,0.0724,0.0026
510.5224,0.6163,0.2094,0.0094,0.4825,0.5817,0.5667,0.0059,0.0223,0.0768
470.5073,0.3243,0.1191,0.0063,0.3852,0.4211,0.7835,0.0087,0.0959,0.0374
520.6801,0.3170,0.2602,0.0013,0.2884,0.5893,0.6885,0.0068,0.0415,0.0366
449.1048,0.4053,0.1856,0.0142,0.4481,0.5433,0.7386,0.0052,0.0903,0.0530
588.1325,0.4192,0.1230,0.0076,0.4729,0.4707,0.7663,0.0008,0.0940,0.0429
552.9967,0.3163,0.1814,0.0249,0.4109,0.5909,0.7876,0.0031,0.0902,0.1629
465.2106,0.3252,0.1858,0.0085,0.4124,0.5089,0.7599,0.0193,0.0318,0.0597
559.3855,0.4667,0.1450,0.0058,0.4863,0.5902,0.7588,0.0056,0.1753,0.0770
478.9082,0.3874,0.1795,0.0032,0.3124,0.4563,0.7083,0.0027,0.0576,0.0197
416.4791,0.3284,0.1693,0.0327,0.4760,0.5480,0.7622,0.0135,0.0414,0.0219
544.2322,0.3114,0.1234,0.0136,0.3837,0.3782,0.7479,0.0149,0.0071,0.0234
444.5433,0.3862,0.1566,0.0074,0.4060,0.5441,0.7763,0.0036,0.1739,0.0408
593.3752,0.4156,0.1823,0.0069,0.4457,0.4926,0.7733,0.0114,0.0314,0.0829
412.3172,0.3496,0.1300,0.0178,0.1786,0.2900,0.6291,0.0002,0.0213,0.0206
470.2128,0.5401,0.2283,0.0153,0.4509,0.5374,0.6392,0.0010,0.0042,0.0349
324.0528,0.4403,0.1668,0.0124,0.4771,0.5200,0.7558,0.0076,0.0049,0.0384
400.2212,0.3233,0.1797,0.0159,0.0451,0.5671,0.7857,0.0021,0.0063,0.0112
276.1210,0.4159,0.1483,0.0058,0.0166,0.3631,0.3722,0.0065,0.0409,0.0085
406.8883,0.4063,0.1208,0.0043,0.1081,0.4315,0.7681,0.0044,0.0299,0.0274
576.5479,0.3201,0.1148,0.0062,0.3102,0.4878,0.6075,0.0014,0.0774,0.0053
455.7179,0.3360,0.1374,0.0225,0.2449,0.5416,0.6134,0.0008,0.0314,0.0584
517.5679,0.3082,0.2055,0.0082,0.4778,0.4979,0.6861,0.0002,0.1097,0.1308
590.5898,0.7688,0.1936,0.0013,0.4600,0.5807,0.6107,0.0084,0.0154,0.1172
383.3831,0.3778,0.1151,0.0103,0.0932,0.3065,0.4491,0.0009,0.0008,0.0416
598.2182,0.3007,0.2001,0.0054,0.2074,0.4695,0.6406,0.0052,0.0093,0.0310
523.8629,0.5102,0.2453,0.0035,0.4807,0.5920,0.7928,0.0052,0.2185,0.0563
539.0189,0.3152,0.1173,0.0088,0.0005,0.4439,0.7816,0.0064,0.0286,0.0489
560.8946,0.7301,0.2250,0.0149,0.4964,0.5862,0.5626,0.0029,0.0705,0.0793
582.4061,0.3268,0.2078,0.0075,0.4529,0.5568,0.6310,0.0129,0.0820,0.0380
540.6931,0.7383,0.2196,0.0020,0.4859,0.5149,0.7761,0.0160,0.0250,0.0227
397.5577,0.3675,0.1443,0.0121,0.2736,0.3450,0.7207,0.0059,0.0237,0.0435
471.4862,0.3522,0.1061,0.0080,0.1938,0.4254,0.6938,0.0006,0.0833,0.0357
557.4167,0.9305,0.2575,0.0021,0.4655,0.5926,0.3864,0.0041,0.0360,0.0345
356.9277,0.3759,0.1282,0.0125,0.0075,0.2970,0.7607,0.0157,0.0418,0.0082
466.4399,0.3209,0.1525,0.0067,0.3322,0.5965,0.7364,0.0051,0.0337,0.2252
377.0090,0.3952,0.1415,0.0321,0.0081,0.2693,0.7650,0.0003,0.0057,0.0188
330.3323,0.3646,0.1855,0.0028,0.0067,0.3768,0.5527,0.0006,0.0363,0.0361
592.0916,0.3294,0.1139,0.0166,0.4636,0.5770,0.7757,0.0005,0.1928,0.0660
480.9735,0.3476,0.1510,0.0104,0.4507,0.3989,0.7475,0.0116,0.0644,0.0077
473.9932,0.3022,0.2250,0.0041,0.1854,0.3609,0.7616,0.0013,0.1045,0.0131
538.2954,0.3385,0.0840,0.0030,0.0165,0.5287,0.7321,0.0033,0.0511,0.0047
440.5818,0.5679,0.1971,0.0016,0.4756,0.5085,0.6532,0.0052,0.0592,0.0010
531.2013,0.3915,0.2315,0.0060,0.4833,0.5584,0.6098,0.0042,0.0032,0.1521
446.3538,0.3214,0.1762,0.0116,0.4883,0.4340,0.7956,0.0061,0.2176,0.0022
556.1852,0.3293,0.2149,0.0246,0.3697,0.4145,0.7087,0.0007,0.0023,0.0245
591.9665,0.4007,0.1482,0.0079,0.3067,0.5523,0.6874,0.0029,0.0341,0.0235
419.3734,0.3358,0.2828,0.0095,0.4681,0.5540,0.7973,0.0050,0.0600,0.0652
595.6820,0.3103,0.1747,0.0113,0.3617,0.4566,0.7062,0.0095,0.0769,0.0129
551.9702,0.5122,0.2386,0.0112,0.4603,0.5140,0.7157,0.0043,0.0036,0.0861
456.6459,0.3896,0.2008,0.0081,0.4340,0.5884,0.7768,0.0014,0.2684,0.0013
582.0253,0.3575,0.1596,0.0061,0.4803,0.5095,0.7796,0.0136,0.1262,0.0624
436.1443,0.3266,0.1479,0.0189,0.1768,0.3852,0.7744,0.0076,0.0297,0.0451
395.9242,0.3680,0.1744,0.0067,0.0163,0.1501,0.3601,0.0075,0.0037,0.0076
575.1653,0.3127,0.2106,0.0124,0.1520,0.5008,0.7938,0.0033,0.0052,0.0199
526.7536,0.4269,0.2709,0.0052,0.4233,0.5723,0.7525,0.0029,0.0596,0.0960
519.8913,0.3028,0.1684,0.0021,0.0774,0.4751,0.6204,0.0045,0.0328,0.0868
583.1024,0.6067,0.1820,0.0191,0.4808,0.4562,0.7493,0.0002,0.0023,0.0227
561.5347,0.5579,0.1237,0.0014,0.4188,0.5703,0.7709,0.0037,0.0342,0.0514
416.4007,0.3841,0.1477,0.0057,0.4109,0.4970,0.7284,0.0069,0.0528,0.0747
344.8998,0.3811,0.1325,0.0068,0.1829,0.5117,0.7529,0.0171,0.0311,0.0162
430.8109,0.3219,0.1550,0.0110,0.3099,0.4368,0.7398,0.0109,0.0084,0.0770
596.5873,0.5411,0.2453,0.0139,0.4958,0.5925,0.5941,0.0062,0.1279,0.0446
465.1181,0.3811,0.1957,0.0305,0.4746,0.5986,0.7307,0.0002,0.0251,0.1568
510.0763,0.3139,0.2177,0.0168,0.2693,0.5751,0.7668,0.0154,0.0306,0.0011
570.8147,0.3020,0.1661,0.0218,0.4445,0.5970,0.6589,0.0166,0.0065,0.0724
531.2772,0.4687,0.1520,0.0074,0.4481,0.5119,0.6797,0.0048,0.0527,0.0274
404.6103,0.3447,0.1828,0.0076,0.3347,0.5456,0.7674,0.0187,0.0504,0.0222
542.9963,0.3380,0.2422,0.0092,0.4285,0.5078,0.6683,0.0014,0.1288,0.0005
418.2121,0.3181,0.1832,0.0038,0.4522,0.3561,0.7165,0.0046,0.0009,0.0867
552.5822,0.4916,0.2132,0.0056,0.4444,0.4605,0.7990,0.0060,0.0574,0.0189
391.6738,0.3890,0.1243,0.0109,0.2054,0.1617,0.7445,0.0028,0.0383,0.0124
507.7342,0.3316,0.1206,0.0209,0.4704,0.5300,0.7279,0.0091,0.0351,0.0603
592.9740,0.4491,0.1348,0.0082,0.4809,0.5701,0.6413,0.0121,0.0616,0.0020
411.9228,0.3408,0.1753,0.0218,0.1434,0.2739,0.7776,0.0007,0.0708,0.0266
490.0119,0.3143,0.1556,0.0359,0.0407,0.2231,0.6237,0.0008,0.0078,0.0303
470.0433,0.5051,0.1508,0.0226,0.4782,0.5524,0.7714,0.0003,0.0537,0.0778
479.2030,0.6694,0.2419,0.0116,0.4753,0.5785,0.7982,0.0024,0.0711,0.0955
471.1525,0.3308,0.1409,0.0168,0.0686,0.2645,0.6365,0.0020,0.0421,0.0527
567.3409,0.6010,0.2764,0.0029,0.4540,0.5744,0.5811,0.0000,0.1080,0.0314
455.5338,0.3489,0.1830,0.0154,0.2175,0.5264,0.7932,0.0002,0.0616,0.0784
387.3941,0.9759,0.1573,0.0078,0.4952,0.5802,0.7564,0.0016,0.0227,0.0406
400.2886,0.3555,0.1334,0.0235,0.0099,0.5208,0.6208,0.0014,0.0505,0.0370
393.2031,0.4617,0.2516,0.0204,0.4884,0.5507,0.7529,0.0011,0.0026,0.0700
390.9961,0.3506,0.1682,0.0397,0.1562,0.5655,0.7909,0.0070,0.0152,0.0133
496.6319,0.3665,0.2396,0.0187,0.4006,0.5983,0.7977,0.0084,0.0045,0.1187
537.4397,0.3251,0.1874,0.0038,0.3680,0.5414,0.6747,0.0055,0.0223,0.1603
550.1738,0.3954,0.2040,0.0223,0.4811,0.4327,0.7688,0.0097,0.0191,0.0060
599.7425,0.3342,0.1300,0.0103,0.4181,0.5624,0.7514,0.0068,0.0147,0.1873
370.4899,0.3943,0.0879,0.0161,0.0029,0.4382,0.4910,0.0080,0.0046,0.0427
453.7541,0.3043,0.1924,0.0176,0.3775,0.4515,0.7555,0.0024,0.0207,0.1164
460.5864,0.4311,0.1414,0.0029,0.4395,0.5793,0.7964,0.0040,0.0158,0.2273
535.0952,0.3434,0.2070,0.0352,0.4815,0.5234,0.7390,0.0010,0.0620,0.0797
585.8758,0.7331,0.2529,0.0063,0.4461,0.5711,0.6428,0.0143,0.0063,0.0225
372.1388,0.3481,0.1628,0.0137,0.2034,0.4759,0.6579,0.0070,0.0230,0.0245
389.7337,0.4340,0.1339,0.0099,0.3887,0.3309,0.7807,0.0044,0.0065,0.0088
363.1479,0.4021,0.1544,0.0019,0.0080,0.1167,0.7706,0.0087,0.0283,0.0084
574.3588,0.3858,0.2646,0.0019,0.4606,0.5061,0.6806,0.0062,0.0219,0.0952
413.4302,0.3479,0.1226,0.0069,0.3697,0.3834,0.7761,0.0093,0.1126,0.0129
534.6777,0.7999,0.2605,0.0072,0.4785,0.5734,0.5976,0.0031,0.0774,0.0434
397.8156,0.5620,0.2890,0.0067,0.4684,0.5775,0.7543,0.0045,0.0405,0.0089
484.0072,0.4645,0.2607,0.0127,0.4313,0.5186,0.7295,0.0034,0.0226,0.0140
553.7997,0.3271,0.1102,0.0015,0.4827,0.5960,0.7267,0.0116,0.1851,0.0021
320.3290,0.3589,0.2073,0.0051,0.3875,0.5750,0.7926,0.0128,0.0216,0.0677
346.2234,0.3869,0.1445,0.0081,0.0566,0.4917,0.4623,0.0065,0.0013,0.0620
580.4233,0.5228,0.1873,0.0097,0.4558,0.5993,0.7905,0.0011,0.2875,0.0031
499.8824,0.3535,0.1374,0.0056,0.4690,0.3180,0.7670,0.0073,0.0052,0.0757
419.8844,0.3627,0.1921,0.0046,0.1438,0.5585,0.6761,0.0031,0.0444,0.0306
554.6609,0.3165,0.1443,0.0189,0.0027,0.5705,0.5969,0.0022,0.0124,0.0172
430.5880,0.5896,0.2580,0.0172,0.4891,0.5896,0.7725,0.0094,0.0229,0.0457
525.3958,0.3559,0.2737,0.0010,0.4856,0.5641,0.6399,0.0182,0.0126,0.0349
422.0529,0.3269,0.2123,0.0027,0.2669,0.5244,0.7958,0.0016,0.0911,0.1274
547.3543,0.4132,0.2956,0.0158,0.4970,0.4774,0.7290,0.0000,0.0419,0.0193
497.2194,0.3100,0.2353,0.0201,0.2092,0.5958,0.6765,0.0010,0.0247,0.0284
476.0119,0.3341,0.1706,0.0115,0.4431,0.5150,0.6225,0.0003,0.0965,0.0433
408.0247,0.7539,0.1665,0.0045,0.4960,0.5569,0.7993,0.0085,0.0034,0.0797
484.0779,0.3294,0.1350,0.0274,0.3286,0.5634,0.7883,0.0062,0.1379,0.0018
414.6647,0.3402,0.1729,0.0020,0.2427,0.4182,0.7042,0.0053,0.0096,0.1330
539.5992,0.6679,0.1704,0.0094,0.3963,0.5693,0.7504,0.0007,0.0035,0.0587
564.9154,0.5262,0.2031,0.0012,0.4649,0.4866,0.5226,0.0013,0.0016,0.0261
410.9780,0.3711,0.0934,0.0125,0.3543,0.5892,0.7221,0.0010,0.0983,0.0021
573.2130,0.3570,0.2351,0.0084,0.4452,0.4215,0.7560,0.0041,0.0390,0.0545
441.8805,0.3205,0.1692,0.0037,0.0442,0.2378,0.7933,0.0121,0.0504,0.0229
585.5758,0.3229,0.1631,0.0122,0.2299,0.5846,0.5425,0.0018,0.0282,0.0132
586.9244,0.3057,0.2239,0.0031,0.3420,0.4822,0.7122,0.0176,0.0134,0.0191
387.4984,0.3729,0.1872,0.0382,0.4145,0.5056,0.7386,0.0030,0.0047,0.0201
507.1948,0.3451,0.1043,0.0177,0.1697,0.5353,0.7473,0.0016,0.0131,0.0720
342.0005,0.4085,0.1318,0.0031,0.2451,0.5038,0.6403,0.0018,0.0405,0.0528
521.0101,0.7083,0.2858,0.0070,0.4828,0.5131,0.6815,0.0013,0.0342,0.0166
565.4042,0.3565,0.1322,0.0034,0.3514,0.5720,0.6978,0.0047,0.1550,0.0108
456.7605,0.8848,0.2669,0.0022,0.4749,0.5550,0.7553,0.0081,0.0529,0.0027
437.9876,0.3706,0.1727,0.0134,0.4778,0.5915,0.7518,0.0098,0.0709,0.1131
486.8971,0.4522,0.2238,0.0071,0.4158,0.4696,0.7693,0.0063,0.0383,0.0044
484.1365,0.3787,0.1891,0.0022,0.1878,0.4191,0.7809,0.0021,0.0221,0.0050
580.9233,0.7073,0.1834,0.0087,0.4190,0.5726,0.7341,0.0067,0.0304,0.0287
559.7398,0.3013,0.2004,0.0135,0.4049,0.5394,0.7714,0.0167,0.1127,0.0218
427.1051,0.3694,0.1312,0.0118,0.0202,0.4406,0.6417,0.0008,0.0156,0.0881
572.5223,0.8524,0.2270,0.0143,0.4442,0.5985,0.5980,0.0135,0.0015,0.0078
566.6136,0.3488,0.1265,0.0194,0.2334,0.5930,0.7845,0.0064,0.0186,0.0329
565.5247,0.5584,0.2137,0.0095,0.4897,0.5654,0.6584,0.0035,0.1412,0.0593
477.4968,0.8018,0.1797,0.0044,0.4407,0.5537,0.6895,0.0041,0.0282,0.0122
477.0581,0.3366,0.1380,0.0086,0.4221,0.4746,0.7990,0.0124,0.1466,0.0109
496.0084,0.3187,0.2137,0.0039,0.3429,0.5689,0.7755,0.0079,0.1861,0.0195
343.8246,0.4059,0.1622,0.0060,0.1393,0.4223,0.7769,0.0111,0.0163,0.0044
525.8428,0.3406,0.1186,0.0148,0.1591,0.3484,0.7690,0.0070,0.0083,0.0051
415.7493,0.4034,0.1149,0.0064,0.3917,0.4682,0.6918,0.0011,0.0683,0.0132
394.9094,0.3320,0.1889,0.0139,0.4547,0.5884,0.7366,0.0028,0.0453,0.1774
585.2927,0.3120,0.1209,0.0053,0.1895,0.5135,0.6640,0.0034,0.1146,0.0026
583.7470,0.5057,0.2075,0.0183,0.4624,0.4782,0.7801,0.0066,0.0265,0.0176
530.1571,0.3181,0.1263,0.0083,0.4992,0.4226,0.7095,0.0084,0.0699,0.0457
360.7702,0.3613,0.2307,0.0033,0.2601,0.2850,0.7863,0.0055,0.0089,0.0063
578.4357,0.3596,0.2032,0.0116,0.4243,0.5046,0.6498,0.0137,0.0164,0.0076
445.4203,0.3876,0.1657,0.0027,0.4745,0.5464,0.6487,0.0013,0.1508,0.0399
494.9255,0.4115,0.1772,0.0245,0.4372,0.5448,0.6881,0.0055,0.0463,0.0136
441.5161,0.4919,0.1451,0.0127,0.4914,0.4099,0.7920,0.0022,0.0136,0.0329
515.6869,0.3448,0.1140,0.0028,0.3502,0.4791,0.7607,0.0149,0.0206,0.0419
357.6955,0.3696,0.1544,0.0202,0.4360,0.5982,0.7580,0.0029,0.1485,0.0190
553.6767,0.6418,0.1764,0.0047,0.4871,0.5049,0.7623,0.0020,0.0464,0.1030
417.5639,0.4683,0.2200,0.0030,0.4949,0.5783,0.6886,0.0086,0.0277,0.1097
382.5520,0.3544,0.1460,0.0173,0.4320,0.4483,0.7100,0.0051,0.0132,0.0777
374.9345,0.3511,0.2016,0.0012,0.0754,0.2453,0.4949,0.0005,0.0223,0.0460
580.5422,0.3747,0.1742,0.0037,0.3126,0.5380,0.5638,0.0019,0.0116,0.0282
466.2505,0.3441,0.1003,0.0090,0.3064,0.4507,0.7662,0.0039,0.1181,0.0083
528.5631,0.3848,0.2087,0.0109,0.3955,0.5638,0.7371,0.0006,0.0263,0.1728
510.6891,0.3755,0.2512,0.0012,0.4599,0.5927,0.7427,0.0158,0.1583,0.0006
310.5836,0.3981,0.1428,0.0243,0.0641,0.3806,0.5438,0.0025,0.0084,0.0362
509.0303,0.3119,0.1665,0.0091,0.2618,0.2936,0.5793,0.0015,0.0013,0.0193
590.3182,0.4485,0.2319,0.0026,0.4276,0.5653,0.7534,0.0119,0.0951,0.0543
461.2323,0.3126,0.1458,0.0042,0.1676,0.5590,0.7851,0.0095,0.0738,0.0281
571.0918,0.3054,0.2161,0.0049,0.4618,0.3151,0.7214,0.0003,0.0358,0.0707
594.9879,0.3390,0.2620,0.0266,0.4203,0.5889,0.7957,0.0059,0.0564,0.0753
468.3225,0.3581,0.2280,0.0105,0.4648,0.5836,0.7709,0.0198,0.0946,0.0043
558.2936,0.8936,0.2530,0.0094,0.4127,0.5921,0.5137,0.0007,0.0118,0.0088
523.9267,0.8283,0.1863,0.0136,0.4692,0.5318,0.7771,0.0008,0.0295,0.0446
413.2837,0.3217,0.1938,0.0290,0.2292,0.5356,0.7990,0.0027,0.0087,0.0953
533.0865,0.3360,0.0892,0.0024,0.4838,0.5029,0.7884,0.0013,0.0098,0.1933
549.0539,0.3709,0.2334,0.0216,0.4624,0.5328,0.7449,0.0035,0.0083,0.1379
411.6567,0.3643,0.1856,0.0285,0.4286,0.4567,0.7574,0.0049,0.0402,0.0164
474.0894,0.3059,0.1637,0.0075,0.3579,0.5484,0.7211,0.0138,0.0563,0.1029
373.2192,0.4163,0.1339,0.0145,0.2242,0.4588,0.6222,0.0012,0.0056,0.0011
459.5092,0.3572,0.1711,0.0035,0.4920,0.3551,0.7647,0.0079,0.0306,0.0859
453.1025,0.4600,0.2293,0.0167,0.4290,0.4832,0.7901,0.0057,0.0082,0.0131
519.1269,0.6338,0.1993,0.0154,0.4368,0.5995,0.7077,0.0050,0.0642,0.0379
567.8603,0.3278,0.0983,0.0192,0.4091,0.5973,0.6868,0.0042,0.0296,0.0409
575.0223,0.3993,0.2979,0.0011,0.4711,0.4597,0.7084,0.0019,0.0069,0.0622
364.2475,0.3828,0.1247,0.0010,0.0605,0.3486,0.7437,0.0045,0.0181,0.1446
545.2972,0.8420,0.1928,0.0059,0.4198,0.5648,0.6912,0.0037,0.0098,0.0339
458.5767,0.9270,0.2046,0.0072,0.4412,0.5773,0.7091,0.0058,0.0114,0.0199
588.8470,0.3336,0.2346,0.0067,0.4898,0.5732,0.6155,0.0066,0.1233,0.0720
398.0390,0.3584,0.1635,0.0202,0.1247,0.4689,0.7964,0.0107,0.0051,0.0292
345.1377,0.4007,0.1190,0.0075,0.0119,0.4736,0.4266,0.0005,0.0261,0.1329
390.2753,0.3482,0.1923,0.0275,0.0025,0.2958,0.3931,0.0005,0.0145,0.0319
533.3526,0.3271,0.1441,0.0078,0.2827,0.5990,0.7869,0.0054,0.1391,0.0843
385.7288,0.3784,0.1243,0.0169,0.3478,0.5533,0.7864,0.0087,0.0824,0.0205
438.9986,0.3605,0.1151,0.0016,0.2548,0.2340,0.6501,0.0023,0.0382,0.0258
367.0927,0.3888,0.1878,0.0013,0.4798,0.5974,0.7867,0.0059,0.1966,0.0544
524.5074,0.3485,0.1869,0.0113,0.3230,0.4577,0.7828,0.0031,0.1072,0.0131
562.6666,0.4598,0.2035,0.0173,0.4676,0.5932,0.6613,0.0021,0.1034,0.0947
313.7362,0.4195,0.1100,0.0113,0.1457,0.3194,0.6850,0.0005,0.0960,0.0050
414.0255,0.4467,0.1394,0.0013,0.2005,0.5163,0.7320,0.0014,0.0368,0.0042
482.1094,0.8782,0.2360,0.0212,0.4771,0.5894,0.6907,0.0004,0.0665,0.0258
331.1863,0.3876,0.1482,0.0093,0.3237,0.4352,0.7295,0.0054,0.0033,0.0899
432.7023,0.4968,0.2188,0.0010,0.4639,0.5602,0.7513,0.0104,0.0767,0.0533
423.7989,0.3434,0.1503,0.0305,0.4660,0.5980,0.7459,0.0073,0.0182,0.1062
551.3397,0.3640,0.1361,0.0165,0.2921,0.5746,0.7216,0.0121,0.0011,0.0068
399.5151,0.6042,0.2263,0.0125,0.4943,0.5547,0.7081,0.0016,0.0072,0.0847
572.5426,0.4307,0.2022,0.0077,0.4866,0.5128,0.7897,0.0078,0.0634,0.1426
536.4872,0.6671,0.1983,0.0022,0.4497,0.5664,0.6125,0.0009,0.1203,0.0269
565.0374,0.3046,0.1356,0.0250,0.4245,0.3925,0.7642,0.0062,0.0501,0.0499
492.0639,0.5084,0.2306,0.0014,0.3946,0.5716,0.6941,0.0089,0.0091,0.0525
485.8235,0.3348,0.1980,0.0062,0.4024,0.4964,0.7444,0.0005,0.0656,0.1706
437.3396,0.3953,0.1396,0.0140,0.4654,0.3743,0.7777,0.0034,0.0506,0.0333
523.8113,0.4222,0.1543,0.0317,0.4249,0.5519,0.7949,0.0044,0.0169,0.0635
503.0268,0.3076,0.2127,0.0498,0.4878,0.4160,0.7580,0.0017,0.0219,0.0074
473.4537,0.3444,0.1377,0.0024,0.1724,0.3939,0.5321,0.0030,0.0172,0.0268
342.6589,0.3786,0.1651,0.0040,0.2020,0.4623,0.6702,0.0051,0.0630,0.0374
438.8549,0.3296,0.1936,0.0120,0.2821,0.3438,0.7682,0.0017,0.0174,0.1028
547.4465,0.7499,0.2298,0.0011,0.4852,0.5527,0.7135,0.0057,0.1511,0.0280
529.6913,0.4894,0.1590,0.0162,0.4033,0.5510,0.7208,0.0001,0.0839,0.0079
358.7515,0.3733,0.1606,0.0097,0.1115,0.1299,0.6471,0.0064,0.0151,0.0312
437.1415,0.3610,0.1412,0.0082,0.0122,0.1631,0.5400,0.0042,0.0651,0.0088
349.9156,0.3768,0.1410,0.0289,0.2265,0.2063,0.7661,0.0020,0.0504,0.0114
285.0753,0.4304,0.1515,0.0015,0.2834,0.5880,0.7485,0.0107,0.0295,0.0089
462.0330,0.3100,0.2496,0.0050,0.4409,0.5092,0.6022,0.0018,0.0089,0.0516
477.4725,0.5147,0.1707,0.0158,0.4569,0.5922,0.7876,0.0192,0.0013,0.0367
572.4984,0.4395,0.1225,0.0059,0.4592,0.5591,0.6248,0.0084,0.0285,0.0026
501.2937,0.3384,0.1328,0.0171,0.4648,0.4897,0.7138,0.0102,0.0576,0.0224
594.8145,0.9975,0.2785,0.0192,0.4621,0.5850,0.6281,0.0089,0.0108,0.0136
325.8883,0.4078,0.1040,0.0145,0.0715,0.3089,0.5566,0.0081,0.0165,0.0162
555.0270,0.5286,0.1988,0.0369,0.4856,0.5946,0.5869,0.0027,0.0210,0.0252
471.8832,0.6571,0.2611,0.0033,0.4657,0.5675,0.7841,0.0187,0.0193,0.0079
425.1138,0.3598,0.2018,0.0068,0.3564,0.5991,0.7526,0.0024,0.0072,0.2087
586.7567,0.7427,0.2575,0.0107,0.4246,0.5824,0.7665,0.0108,0.0206,0.0137
486.0728,0.3450,0.1186,0.0072,0.4298,0.5740,0.6740,0.0011,0.0301,0.1628
488.4742,0.3016,0.2289,0.0222,0.2906,0.5549,0.7530,0.0042,0.0642,0.0424
436.4231,0.3816,0.1080,0.0025,0.0275,0.2469,0.4587,0.0061,0.0052,0.0277
328.8652,0.3844,0.1480,0.0313,0.0203,0.5694,0.6439,0.0076,0.0208,0.0141
569.0845,0.8500,0.2471,0.0053,0.4868,0.5815,0.6467,0.0049,0.0659,0.1224
523.9579,0.4537,0.1641,0.0066,0.4851,0.4931,0.6957,0.0160,0.0002,0.0266
549.4602,0.3143,0.1539,0.0165,0.4975,0.5489,0.6735,0.0030,0.0485,0.1710
472.2499,0.3407,0.1810,0.0276,0.3184,0.3575,0.7649,0.0030,0.0229,0.0093
592.0589,0.3115,0.1098,0.0071,0.0662,0.3863,0.7600,0.0016,0.0336,0.0610
488.1844,0.4272,0.1934,0.0063,0.4465,0.5908,0.7106,0.0018,0.1680,0.0770
423.9398,0.3746,0.1678,0.0080,0.4049,0.5080,0.7134,0.0132,0.0021,0.0599
584.5056,0.3092,0.2755,0.0045,0.4160,0.5555,0.7233,0.0053,0.1047,0.0638
409.4560,0.3370,0.1663,0.0026,0.2571,0.4591,0.7567,0.0098,0.0515,0.1053
527.0113,0.3500,0.1537,0.0051,0.2312,0.4683,0.5941,0.0022,0.0341,0.0020
471.6155,0.4420,0.1446,0.0070,0.4372,0.5134,0.7459,0.0045,0.0828,0.0416
567.0577,0.3169,0.1853,0.0073,0.4767,0.5845,0.7490,0.0105,0.2346,0.0600
539.0621,0.3544,0.2038,0.0325,0.3913,0.5962,0.7895,0.0006,0.1489,0.0229
363.5427,0.4827,0.2131,0.0057,0.4281,0.5777,0.7430,0.0034,0.0552,0.0468
542.7969,0.6202,0.2406,0.0142,0.4696,0.5468,0.6311,0.0037,0.0078,0.0619
531.9683,0.3063,0.1221,0.0265,0.2195,0.5426,0.7764,0.0103,0.0197,0.0565
412.6032,0.3235,0.2871,0.0041,0.4736,0.5762,0.7813,0.0138,0.0374,0.0386
333.1457,0.4001,0.1372,0.0022,0.2546,0.5288,0.5685,0.0036,0.0016,0.0364
519.3824,0.8060,0.1444,0.0014,0.4842,0.5836,0.6276,0.0042,0.0279,0.0708
588.7685,0.3451,0.1561,0.0084,0.4547,0.4946,0.7951,0.0072,0.0838,0.1426
580.5900,0.4569,0.2705,0.0025,0.4788,0.5791,0.5834,0.0106,0.1140,0.0008
444.8891,0.3288,0.1580,0.0164,0.3230,0.3641,0.7176,0.0070,0.0687,0.0114
515.8223,0.3136,0.1434,0.0355,0.2863,0.5610,0.7300,0.0059,0.0373,0.0432
375.5064,0.3883,0.0899,0.0251,0.0941,0.4669,0.7037,0.0066,0.0143,0.0008
553.6265,0.5674,0.1290,0.0087,0.4598,0.5826,0.6443,0.0014,0.0116,0.0692
558.2997,0.3216,0.1195,0.0064,0.4417,0.3758,0.7867,0.0024,0.1534,0.0396
458.6004,0.3774,0.1450,0.0249,0.4561,0.5376,0.7680,0.0110,0.0195,0.0540
465.8732,0.6740,0.1629,0.0051,0.4693,0.5707,0.6764,0.0010,0.1236,0.0061
450.5083,0.4825,0.1405,0.0044,0.4306,0.5663,0.6310,0.0093,0.0094,0.0022
594.0182,0.3474,0.2073,0.0060,0.4977,0.4735,0.7405,0.0154,0.0159,0.1177
528.6425,0.3060,0.1632,0.0026,0.4228,0.5164,0.5563,0.0001,0.0659,0.0675
545.3284,0.4729,0.1567,0.0143,0.4348,0.5877,0.7816,0.0183,0.0202,0.0268
580.3736,0.3208,0.2204,0.0115,0.3478,0.5220,0.7297,0.0013,0.0465,0.1146
422.0941,0.3306,0.1452,0.0120,0.1903,0.4618,0.6869,0.0142,0.0432,0.0025
585.7092,0.9734,0.2088,0.0104,0.4845,0.5917,0.6862,0.0038,0.1703,0.0306
506.9314,0.3112,0.1522,0.0037,0.0045,0.1153,0.4380,0.0044,0.0258,0.0753
374.7436,0.4046,0.2039,0.0194,0.4042,0.5499,0.7643,0.0021,0.0183,0.0792
407.5741,0.3819,0.1583,0.0052,0.0893,0.5345,0.7930,0.0076,0.0174,0.0393
532.9074,0.3490,0.2937,0.0125,0.4486,0.5805,0.6261,0.0019,0.0447,0.0285
403.0766,0.9807,0.2636,0.0013,0.4973,0.5689,0.7181,0.0005,0.0827,0.0375
379.7170,0.4449,0.1686,0.0146,0.4865,0.5439,0.7224,0.0023,0.1031,0.0153
590.1573,0.3554,0.0860,0.0014,0.2808,0.5907,0.7966,0.0006,0.0674,0.0358
294.1176,0.4200,0.1211,0.0126,0.0204,0.1966,0.5906,0.0045,0.0522,0.0311
298.4871,0.4074,0.1465,0.0172,0.0141,0.5995,0.3904,0.0059,0.0055,0.0559
427.0728,0.3155,0.1775,0.0017,0.0476,0.3933,0.7727,0.0002,0.0411,0.0131
325.7474,0.3718,0.1714,0.0059,0.0036,0.5124,0.4795,0.0127,0.0537,0.0068
468.1825,0.3045,0.2145,0.0279,0.3987,0.5249,0.6885,0.0008,0.1108,0.0024
341.1620,0.3438,0.2351,0.0089,0.4283,0.5543,0.7781,0.0067,0.0734,0.0327
541.3420,0.3922,0.1332,0.0117,0.4290,0.5769,0.7220,0.0043,0.1208,0.0419
501.3952,0.9447,0.1692,0.0109,0.4835,0.5601,0.6473,0.0060,0.0076,0.0208
565.4540,0.4813,0.1655,0.0055,0.4545,0.5180,0.7599,0.0029,0.1017,0.0775
475.7902,0.3186,0.1629,0.0258,0.1109,0.4167,0.7801,0.0070,0.0322,0.0245
581.5348,0.3331,0.2460,0.0048,0.3635,0.4504,0.7694,0.0084,0.0238,0.0301
506.2979,0.4089,0.2626,0.0235,0.4689,0.5859,0.6740,0.0067,0.0271,0.0317
419.8708,0.3547,0.1348,0.0077,0.3133,0.3709,0.7908,0.0105,0.0900,0.0143
482.0782,0.4161,0.1135,0.0113,0.4925,0.5664,0.7822,0.0152,0.0394,0.0131
459.0695,0.3392,0.1248,0.0183,0.0136,0.3888,0.4541,0.0019,0.0540,0.0338
584.1456,0.5405,0.1603,0.0196,0.4976,0.5880,0.6305,0.0072,0.0667,0.0402
515.7517,0.4379,0.2682,0.0017,0.4500,0.5201,0.7957,0.0037,0.1421,0.0132
592.3992,0.7263,0.2564,0.0086,0.4869,0.5581,0.6271,0.0055,0.0487,0.0839
272.2184,0.4124,0.1609,0.0109,0.2264,0.5830,0.6953,0.0051,0.0261,0.0089
446.8097,0.3515,0.1777,0.0145,0.2827,0.5051,0.7291,0.0046,0.0273,0.0748
578.0311,0.3247,0.1257,0.0033,0.3970,0.5832,0.7686,0.0130,0.0378,0.1541
565.8176,0.3550,0.1596,0.0105,0.2411,0.4821,0.7659,0.0095,0.0027,0.0059
369.9539,0.3876,0.1181,0.0043,0.0351,0.5104,0.6018,0.0007,0.0801,0.0888
382.7775,0.3811,0.1071,0.0083,0.4240,0.5510,0.7626,0.0015,0.0622,0.1182
575.7712,0.3438,0.2089,0.0207,0.4163,0.5705,0.6233,0.0106,0.0043,0.0400
532.8218,0.3093,0.1594,0.0233,0.4757,0.4026,0.6891,0.0053,0.0633,0.0080
358.1615,0.3538,0.1819,0.0183,0.2678,0.2903,0.7656,0.0086,0.0119,0.0241
473.6985,0.5996,0.1937,0.0106,0.4214,0.5530,0.7890,0.0020,0.0315,0.0679
518.2965,0.3592,0.1746,0.0180,0.3738,0.5958,0.7947,0.0118,0.0331,0.0998
360.3593,0.3785,0.1330,0.0113,0.4124,0.4765,0.7939,0.0010,0.1353,0.0711
456.0147,0.3358,0.1135,0.0286,0.3833,0.5724,0.7038,0.0063,0.0226,0.0372
417.2324,0.3753,0.0823,0.0077,0.0062,0.2016,0.3806,0.0034,0.0318,0.0039
447.8251,0.3325,0.1569,0.0095,0.2787,0.4924,0.5849,0.0022,0.0617,0.0291
346.5431,0.3970,0.1252,0.0155,0.1472,0.4023,0.7429,0.0130,0.0005,0.0086
546.3623,0.4269,0.1256,0.0335,0.4753,0.5541,0.7218,0.0041,0.0218,0.0031
394.1133,0.3395,0.2220,0.0046,0.4470,0.4864,0.6928,0.0009,0.0506,0.0910
584.7079,0.5160,0.2056,0.0032,0.4391,0.5967,0.7440,0.0097,0.0317,0.1712
401.1920,0.3906,0.0922,0.0016,0.0542,0.5767,0.5710,0.0018,0.0025,0.1125
391.8349,0.3473,0.1824,0.0027,0.0739,0.5807,0.7771,0.0044,0.0786,0.0760
322.3165,0.4560,0.1530,0.0040,0.0211,0.2000,0.4920,0.0003,0.0029,0.0097
527.6013,0.3745,0.2027,0.0198,0.3875,0.5115,0.6932,0.0025,0.0326,0.0394
551.0678,0.6302,0.2369,0.0138,0.4794,0.5699,0.7886,0.0039,0.0493,0.1317
385.1610,0.3606,0.1401,0.0019,0.4087,0.3764,0.6896,0.0082,0.0081,0.0700
456.2497,0.3144,0.1892,0.0052,0.4836,0.5522,0.6238,0.0135,0.0601,0.0136
369.1429,0.3582,0.1563,0.0016,0.1855,0.3892,0.7917,0.0184,0.0580,0.0105
446.4553,0.6623,0.2013,0.0028,0.4847,0.5245,0.6918,0.0067,0.0430,0.0313
524.7784,0.8385,0.2273,0.0042,0.4925,0.5431,0.7431,0.0027,0.0242,0.1442
481.9409,0.3170,0.1826,0.0157,0.3383,0.4426,0.7335,0.0001,0.1399,0.0347
494.7381,0.4053,0.2633,0.0028,0.4295,0.4576,0.7913,0.0016,0.0295,0.0649
487.7743,0.3271,0.1140,0.0059,0.0722,0.3632,0.6597,0.0007,0.0563,0.0152
395.1389,0.3163,0.2590,0.0102,0.4628,0.4412,0.7428,0.0088,0.0291,0.0006
571.4459,0.3306,0.1202,0.0091,0.3641,0.5695,0.7138,0.0057,0.1247,0.0328
309.6775,0.4042,0.1448,0.0087,0.0874,0.4445,0.5075,0.0007,0.0123,0.0717
331.4143,0.4266,0.1093,0.0179,0.3155,0.5985,0.7509,0.0017,0.0710,0.0010
455.6574,0.4730,0.1845,0.0017,0.4213,0.5922,0.7617,0.0075,0.0133,0.1681
462.2288,0.3469,0.1183,0.0188,0.4844,0.4700,0.7911,0.0061,0.0276,0.1152
368.4142,0.3784,0.1113,0.0063,0.0460,0.5476,0.4965,0.0019,0.0294,0.0417
548.2028,0.3771,0.1807,0.0121,0.4388,0.5421,0.7792,0.0004,0.0125,0.2558
456.9584,0.3626,0.1114,0.0346,0.1920,0.5747,0.7704,0.0043,0.0066,0.0142
489.6562,0.3700,0.1365,0.0018,0.2712,0.5675,0.6391,0.0017,0.0248,0.1012
466.8906,0.3426,0.1148,0.0045,0.0425,0.1006,0.7389,0.0134,0.0012,0.0405
337.4279,0.4046,0.1014,0.0122,0.0301,0.1726,0.6895,0.0028,0.0002,0.0866
533.8188,0.3089,0.1883,0.0067,0.3880,0.2895,0.7948,0.0011,0.0027,0.1498
357.3836,0.3546,0.1699,0.0109,0.3673,0.4019,0.7141,0.0028,0.0731,0.0173
515.0328,0.4436,0.2039,0.0014,0.4692,0.5396,0.6803,0.0117,0.0913,0.0371
521.9203,0.7375,0.1898,0.0210,0.4570,0.5690,0.7642,0.0017,0.0611,0.0192
397.1330,0.3454,0.1225,0.0113,0.1012,0.3560,0.7546,0.0126,0.0117,0.0021
294.9233,0.4564,0.1095,0.0067,0.0809,0.4251,0.7051,0.0037,0.0104,0.0444
412.2661,0.3883,0.1768,0.0079,0.4721,0.3356,0.7460,0.0084,0.0043,0.0164
361.6935,0.3752,0.1619,0.0166,0.0369,0.2261,0.7799,0.0013,0.0034,0.1028
402.2993,0.3812,0.1283,0.0026,0.0580,0.4809,0.5279,0.0006,0.1118,0.0128
539.4814,0.9012,0.2769,0.0083,0.4873,0.5781,0.4406,0.0004,0.0267,0.0550
489.1584,0.7108,0.2210,0.0075,0.4929,0.5977,0.7782,0.0071,0.0060,0.2016
535.9986,0.4605,0.2673,0.0388,0.4539,0.5915,0.7028,0.0007,0.0350,0.0073
366.0064,0.3319,0.1973,0.0082,0.2694,0.5116,0.7265,0.0050,0.0231,0.0230
483.3290,0.3515,0.0930,0.0064,0.1587,0.1236,0.7715,0.0003,0.0291,0.0583
388.3375,0.3695,0.1613,0.0015,0.3713,0.5216,0.7680,0.0056,0.0889,0.1187
428.9456,0.5386,0.2497,0.0013,0.4620,0.4491,0.7780,0.0007,0.0111,0.0368
436.4877,0.4069,0.1495,0.0052,0.4421,0.4509,0.7415,0.0002,0.0452,0.1190
484.9165,0.3260,0.2156,0.0153,0.3791,0.5789,0.7787,0.0036,0.0683,0.1411
503.9326,0.3193,0.1990,0.0344,0.4801,0.4086,0.7939,0.0048,0.0365,0.0495
486.2347,0.3174,0.1695,0.0082,0.2970,0.2651,0.7523,0.0060,0.0787,0.0107
573.6561,0.3112,0.1751,0.0023,0.2604,0.5985,0.7256,0.0082,0.1525,0.0289
311.0045,0.3997,0.1333,0.0048,0.2141,0.4323,0.7350,0.0100,0.0200,0.0577
426.3455,0.3351,0.1641,0.0234,0.3290,0.5844,0.6395,0.0049,0.0443,0.0330
421.2442,0.3276,0.1366,0.0393,0.4424,0.4774,0.7742,0.0092,0.0025,0.0244
554.0583,0.3510,0.1498,0.0011,0.3000,0.5008,0.6776,0.0139,0.0157,0.0138
557.5770,0.5039,0.1670,0.0411,0.4503,0.5897,0.7229,0.0002,0.0587,0.0061
480.4431,0.5394,0.1947,0.0086,0.4841,0.5913,0.6511,0.0166,0.0410,0.0214
567.5914,0.3121,0.1532,0.0094,0.4166,0.4321,0.7907,0.0080,0.0462,0.1408
464.7837,0.3029,0.2079,0.0088,0.2128,0.1921,0.7153,0.0022,0.0081,0.0274
575.2614,0.4150,0.2121,0.0231,0.4786,0.5621,0.7612,0.0059,0.0700,0.1093
568.0315,0.8210,0.2290,0.0060,0.4625,0.5953,0.6812,0.0159,0.0779,0.0069
563.8896,0.3971,0.1619,0.0129,0.4716,0.5903,0.7738,0.0046,0.1451,0.1351
248.7077,0.4651,0.1156,0.0143,0.0040,0.1805,0.6713,0.0025,0.0008,0.0549
510.3420,0.3266,0.1016,0.0041,0.1955,0.4904,0.7570,0.0042,0.0907,0.0201
381.5160,0.3548,0.1671,0.0057,0.0394,0.5746,0.6636,0.0159,0.0122,0.0300
445.8338,0.3202,0.2113,0.0029,0.0987,0.3989,0.7230,0.0012,0.0747,0.0363
589.6618,0.6388,0.2410,0.0044,0.4672,0.5870,0.7136,0.0125,0.0228,0.1328
277.4604,0.4445,0.1421,0.0067,0.2485,0.3407,0.7550,0.0056,0.0024,0.0144
370.8438,0.3483,0.1545,0.0321,0.4082,0.5135,0.7249,0.0002,0.0306,0.0252
426.0748,0.3440,0.2116,0.0163,0.3641,0.4755,0.7710,0.0042,0.0135,0.0954
347.4454,0.4199,0.1342,0.0121,0.1743,0.5852,0.7393,0.0059,0.0128,0.0442
457.7928,0.5569,0.2097,0.0061,0.4866,0.5722,0.7836,0.0006,0.1546,0.0998
443.5054,0.3567,0.0963,0.0130,0.0298,0.4638,0.7948,0.0018,0.0397,0.0354
485.2767,0.3594,0.1673,0.0228,0.4065,0.5014,0.6318,0.0030,0.0235,0.0113
498.6292,0.3323,0.1543,0.0021,0.4413,0.5849,0.6857,0.0133,0.0709,0.1064
575.1082,0.4498,0.1636,0.0148,0.4512,0.5157,0.6454,0.0053,0.0257,0.0272
582.8881,0.3823,0.1728,0.0257,0.4330,0.5966,0.7258,0.0034,0.1638,0.0142
528.3668,0.5279,0.2647,0.0091,0.4994,0.5884,0.7456,0.0038,0.0987,0.1374
512.2856,0.3794,0.1490,0.0089,0.3383,0.4114,0.7981,0.0099,0.0267,0.0059
553.9190,0.3170,0.1673,0.0373,0.3599,0.5437,0.7819,0.0055,0.0036,0.1024
324.3961,0.3818,0.1653,0.0231,0.1496,0.5817,0.7874,0.0002,0.0703,0.0558
400.3448,0.4043,0.1801,0.0023,0.3433,0.5034,0.7539,0.0094,0.0686,0.0130
498.8882,0.3098,0.2114,0.0262,0.4105,0.5650,0.6407,0.0068,0.0334,0.0217
489.2713,0.3145,0.1840,0.0132,0.2986,0.5202,0.7715,0.0023,0.0696,0.1412
344.4731,0.3591,0.1732,0.0043,0.4423,0.1873,0.7224,0.0038,0.0085,0.0164
366.3364,0.7177,0.2228,0.0123,0.4637,0.5907,0.7372,0.0005,0.0539,0.0147
503.8461,0.3535,0.1815,0.0048,0.4141,0.4440,0.6967,0.0158,0.0203,0.0062
548.4984,0.3027,0.1325,0.0013,0.4739,0.5260,0.6314,0.0011,0.0433,0.1691
449.9411,0.4019,0.1637,0.0263,0.2799,0.5893,0.7678,0.0027,0.0034,0.0499
428.1883,0.3415,0.1934,0.0171,0.2410,0.5760,0.6993,0.0004,0.1168,0.0129
541.9451,0.6086,0.2973,0.0051,0.4931,0.5278,0.6732,0.0006,0.0129,0.0982
411.7512,0.3366,0.2501,0.0135,0.4972,0.4987,0.7393,0.0120,0.0215,0.0141
420.2521,0.8286,0.1588,0.0023,0.4865,0.5361,0.7663,0.0103,0.0037,0.0045
335.8651,0.3912,0.1509,0.0178,0.2779,0.5458,0.6124,0.0005,0.0152,0.0275
586.0499,0.3582,0.1308,0.0239,0.4470,0.5800,0.7607,0.0091,0.0877,0.0326
306.1704,0.4341,0.0921,0.0179,0.0073,0.1482,0.3770,0.0043,0.0416,0.0137
472.5221,0.4482,0.1426,0.0161,0.4137,0.5617,0.7743,0.0014,0.0881,0.0509
450.6390,0.3665,0.1932,0.0044,0.4757,0.4339,0.7488,0.0047,0.1030,0.0560
362.6369,0.4943,0.1995,0.0150,0.4202,0.4971,0.7772,0.0003,0.0407,0.0058
449.0087,0.3222,0.1862,0.0034,0.1829,0.4815,0.7697,0.0025,0.1345,0.0604
478.4706,0.3416,0.2307,0.0093,0.4870,0.5644,0.7407,0.0099,0.1714,0.0114
398.8531,0.3954,0.2504,0.0076,0.3921,0.5995,0.7592,0.0035,0.0802,0.0358
581.2796,0.3065,0.1912,0.0207,0.3713,0.5527,0.7011,0.0044,0.0492,0.1082
497.3930,0.4576,0.2086,0.0298,0.4728,0.5734,0.7528,0.0120,0.0429,0.0045
492.7405,0.3043,0.2387,0.0063,0.4996,0.5494,0.7730,0.0057,0.0815,0.1951
442.3342,0.3418,0.1289,0.0013,0.3307,0.4612,0.6814,0.0088,0.0647,0.0549
401.0601,0.3308,0.1695,0.0284,0.2445,0.5831,0.7837,0.0097,0.0876,0.0013
348.4509,0.4316,0.0909,0.0020,0.4985,0.5895,0.7353,0.0034,0.0330,0.0202
455.8810,0.3698,0.1429,0.0097,0.4485,0.5370,0.7868,0.0128,0.0340,0.1104
581.9270,0.4211,0.2272,0.0046,0.4029,0.5773,0.7857,0.0022,0.1730,0.0625
560.9635,0.3060,0.1683,0.0159,0.4650,0.4495,0.7682,0.0043,0.1681,0.0521
485.1723,0.9786,0.1999,0.0286,0.4876,0.5828,0.6140,0.0016,0.0038,0.0163
571.6207,0.4125,0.2619,0.0072,0.4673,0.5479,0.6863,0.0170,0.0033,0.0530
558.6983,0.3470,0.2318,0.0342,0.4424,0.5710,0.7067,0.0008,0.1169,0.0040
550.2215,0.3453,0.1257,0.0065,0.1808,0.4510,0.6674,0.0013,0.0021,0.0562
597.7040,0.6109,0.1516,0.0040,0.4707,0.5512,0.7465,0.0052,0.1247,0.0233
565.8904,0.3014,0.1578,0.0279,0.1771,0.5643,0.7247,0.0111,0.0141,0.0038
432.4592,0.3282,0.2585,0.0060,0.4225,0.5940,0.7316,0.0147,0.0037,0.0696
372.0799,0.3984,0.2099,0.0106,0.3808,0.5249,0.7905,0.0040,0.0024,0.1072
408.4800,0.3662,0.1291,0.0141,0.0658,0.5409,0.7589,0.0057,0.0041,0.0972
463.2593,0.3374,0.1534,0.0038,0.4079,0.3477,0.6084,0.0006,0.0159,0.0351
405.8153,0.3222,0.2265,0.0103,0.3645,0.3265,0.6850,0.0019,0.0212,0.0127
471.1222,0.5697,0.2461,0.0128,0.4845,0.5932,0.5565,0.0008,0.0499,0.0413
594.2846,0.3851,0.2934,0.0211,0.4900,0.5602,0.7311,0.0118,0.0607,0.0040
544.6482,0.6818,0.2801,0.0011,0.4437,0.5894,0.7758,0.0018,0.0867,0.0928
375.7601,0.4259,0.1602,0.0035,0.1017,0.5677,0.7757,0.0006,0.0592,0.0065
301.0969,0.3945,0.1407,0.0020,0.0218,0.4759,0.4110,0.0078,0.0107,0.0255
576.6619,0.5756,0.2047,0.0080,0.4582,0.5674,0.5322,0.0106,0.0201,0.0131
502.4357,0.3320,0.1289,0.0271,0.1444,0.5061,0.6548,0.0032,0.0240,0.0153
485.3245,0.5040,0.1828,0.0071,0.4765,0.4574,0.7761,0.0054,0.0824,0.0031
362.7195,0.4242,0.1128,0.0032,0.3668,0.5824,0.7047,0.0103,0.0069,0.0224
486.8529,0.3158,0.1455,0.0218,0.2466,0.4220,0.6678,0.0046,0.0577,0.0226
575.4773,0.3349,0.1627,0.0189,0.3890,0.4919,0.7872,0.0112,0.0538,0.0438
429.8558,0.3759,0.1115,0.0019,0.2645,0.2577,0.7392,0.0000,0.0143,0.1015
440.0534,0.3451,0.1507,0.0061,0.2037,0.3716,0.7963,0.0053,0.1114,0.0349
456.5158,0.3316,0.1618,0.0031,0.0213,0.4363,0.4728,0.0038,0.0419,0.0776
394.1463,0.3512,0.1452,0.0090,0.4822,0.5952,0.5928,0.0003,0.0064,0.0714
447.6616,0.3631,0.2344,0.0056,0.3060,0.5701,0.7007,0.0015,0.0315,0.0704
511.4710,0.7462,0.2882,0.0124,0.4760,0.5880,0.6833,0.0106,0.0156,0.0251
527.5285,0.3428,0.1772,0.0437,0.4526,0.5935,0.7974,0.0166,0.0253,0.0157
496.0622,0.3282,0.2860,0.0099,0.4641,0.5990,0.7685,0.0026,0.0244,0.1820
364.1704,0.3579,0.1649,0.0288,0.3366,0.3821,0.7621,0.0054,0.0074,0.0447
530.8135,0.3990,0.1105,0.0228,0.4022,0.4615,0.7859,0.0011,0.0094,0.0195
556.7999,0.3437,0.0939,0.0042,0.2653,0.5741,0.6576,0.0038,0.0132,0.0370
445.5795,0.3501,0.1592,0.0056,0.4842,0.4874,0.7469,0.0161,0.0894,0.0238
406.7507,0.3710,0.1029,0.0023,0.0484,0.1578,0.7887,0.0112,0.0368,0.0454
451.0596,0.3141,0.1983,0.0266,0.0102,0.5452,0.6488,0.0002,0.0052,0.0383
285.2873,0.4322,0.1135,0.0099,0.0047,0.2113,0.7334,0.0001,0.0355,0.0689
482.1770,0.3137,0.1847,0.0068,0.4593,0.5773,0.7930,0.0018,0.2285,0.1549
576.6822,0.3178,0.1629,0.0128,0.4812,0.2874,0.6790,0.0040,0.0024,0.0039
452.7801,0.3106,0.2332,0.0119,0.1560,0.5274,0.7639,0.0057,0.0416,0.0169
582.6924,0.5889,0.2557,0.0038,0.4350,0.5329,0.7310,0.0040,0.0434,0.0549
505.8320,0.3699,0.1711,0.0060,0.4071,0.5311,0.6947,0.0044,0.0129,0.1565
412.2309,0.3545,0.1438,0.0227,0.1013,0.5846,0.7824,0.0025,0.0963,0.0281
592.5626,0.8626,0.2024,0.0104,0.4776,0.5552,0.4826,0.0025,0.0102,0.0586
569.4908,0.3736,0.1856,0.0302,0.4706,0.5545,0.7019,0.0078,0.0592,0.0380
408.7811,0.5472,0.2118,0.0259,0.4785,0.5125,0.7522,0.0016,0.0032,0.0166
561.3226,0.3954,0.2784,0.0050,0.4946,0.5937,0.7224,0.0138,0.0979,0.0773
586.9561,0.6348,0.1369,0.0123,0.4442,0.5973,0.7871,0.0034,0.0693,0.0350
354.1771,0.4295,0.1209,0.0027,0.0711,0.4665,0.7177,0.0008,0.0266,0.0741
383.8382,0.4613,0.1667,0.0079,0.4521,0.4849,0.7125,0.0073,0.0130,0.0193
510.7426,0.3631,0.1984,0.0073,0.3307,0.5763,0.7962,0.0112,0.0153,0.1091
464.0682,0.3427,0.2127,0.0454,0.4107,0.5997,0.7015,0.0056,0.0028,0.0132
569.3108,0.3513,0.1177,0.0069,0.3812,0.5978,0.6258,0.0125,0.0217,0.0030
497.0965,0.3050,0.1981,0.0034,0.4484,0.3908,0.6838,0.0071,0.0459,0.0662
439.3516,0.6041,0.1640,0.0152,0.3784,0.5569,0.7867,0.0001,0.0138,0.0105
475.0231,0.4788,0.2306,0.0051,0.4405,0.4426,0.7652,0.0035,0.0271,0.0144
564.7411,0.5086,0.1680,0.0231,0.4821,0.5694,0.7377,0.0078,0.0119,0.0978
469.5927,0.3257,0.1856,0.0172,0.2982,0.4885,0.5863,0.0003,0.0440,0.0080
555.4439,0.6510,0.2643,0.0112,0.4714,0.5435,0.7655,0.0099,0.0320,0.0305
533.0304,0.3044,0.1732,0.0084,0.3547,0.4786,0.7506,0.0067,0.1527,0.0443
510.5196,0.4144,0.2603,0.0044,0.4657,0.5348,0.6534,0.0019,0.0890,0.0396
596.0557,0.4226,0.2169,0.0411,0.4479,0.5501,0.7155,0.0036,0.0041,0.0351
546.8028,0.3074,0.1503,0.0283,0.3849,0.4143,0.6821,0.0001,0.0367,0.0530
444.4257,0.7838,0.1411,0.0118,0.4913,0.5250,0.7114,0.0002,0.0053,0.0000
529.2180,0.4652,0.2547,0.0208,0.4844,0.5713,0.7817,0.0086,0.0444,0.0787
376.0277,0.3823,0.1854,0.0043,0.0318,0.4118,0.6656,0.0046,0.0208,0.0154
451.3187,0.3368,0.1363,0.0017,0.1073,0.5797,0.7250,0.0199,0.0427,0.0074
543.9231,0.4740,0.1753,0.0062,0.3629,0.5699,0.6944,0.0025,0.0871,0.0125
418.6247,0.3851,0.2667,0.0190,0.4045,0.5549,0.7679,0.0009,0.0425,0.0174
356.6259,0.4007,0.0956,0.0093,0.0865,0.5077,0.7966,0.0089,0.0437,0.0276
436.7968,0.3758,0.1359,0.0100,0.2387,0.3863,0.7451,0.0033,0.0168,0.0631
525.9850,0.3157,0.1741,0.0421,0.4450,0.3813,0.7994,0.0029,0.0166,0.0512
504.3761,0.4200,0.2251,0.0274,0.3820,0.5191,0.7545,0.0007,0.0222,0.0064
568.3614,0.7360,0.1814,0.0011,0.4784,0.5788,0.4474,0.0070,0.0294,0.0314
377.6942,0.3394,0.1939,0.0035,0.3719,0.5806,0.6410,0.0030,0.0620,0.0661
484.4731,0.4030,0.1772,0.0220,0.4772,0.4704,0.7400,0.0022,0.0652,0.0389
435.1648,0.3322,0.1262,0.0107,0.4143,0.5906,0.7812,0.0043,0.0510,0.1393
404.4687,0.5850,0.1565,0.0045,0.4512,0.5240,0.6850,0.0029,0.0312,0.0073
573.9471,0.3188,0.1889,0.0171,0.3814,0.4204,0.7852,0.0099,0.0636,0.0115
567.1564,0.4113,0.1148,0.0032,0.4434,0.5426,0.7676,0.0065,0.0499,0.0827
591.8723,0.4972,0.1909,0.0334,0.4698,0.5780,0.7293,0.0021,0.0413,0.0859
416.3052,0.3785,0.1265,0.0238,0.1816,0.4173,0.7373,0.0012,0.0366,0.0231
394.3533,0.4390,0.1770,0.0087,0.2436,0.5471,0.6926,0.0027,0.0046,0.0099
453.2853,0.3658,0.2417,0.0022,0.4567,0.5219,0.7133,0.0037,0.0625,0.0967
501.9774,0.3623,0.1337,0.0064,0.3736,0.3635,0.7433,0.0018,0.0843,0.0204
517.5639,0.5423,0.2797,0.0070,0.4646,0.5444,0.7879,0.0070,0.0063,0.0892
358.2378,0.3877,0.1504,0.0040,0.1471,0.5413,0.7942,0.0030,0.1075,0.0627
428.5073,0.6389,0.2759,0.0084,0.4273,0.5886,0.7392,0.0048,0.0053,0.0189
484.5339,0.3380,0.1335,0.0116,0.0277,0.1817,0.4011,0.0011,0.0062,0.0655
422.3233,0.3568,0.1188,0.0051,0.4728,0.3352,0.7967,0.0048,0.0416,0.1210
495.2481,0.3482,0.1891,0.0044,0.1478,0.5947,0.7097,0.0056,0.0024,0.0524
491.8891,0.6026,0.2483,0.0175,0.4853,0.5634,0.7388,0.0019,0.0614,0.0679
420.0965,0.3327,0.1612,0.0039,0.0998,0.2476,0.6809,0.0011,0.0887,0.0019
487.3647,0.4262,0.2731,0.0161,0.4931,0.5195,0.6963,0.0075,0.0051,0.0218
499.6144,0.3042,0.1537,0.0205,0.4075,0.3168,0.7963,0.0018,0.0227,0.1192
514.1501,0.7449,0.1523,0.0042,0.5000,0.5963,0.7666,0.0010,0.0434,0.1973
550.6525,0.3381,0.1213,0.0272,0.3324,0.5897,0.7595,0.0037,0.0965,0.0125
507.6066,0.3273,0.1458,0.0024,0.2467,0.4537,0.7368,0.0028,0.0561,0.1324
327.2368,0.3689,0.1955,0.0090,0.0095,0.2534,0.7824,0.0008,0.0234,0.0566
481.6691,0.3207,0.1311,0.0446,0.1436,0.5338,0.7187,0.0043,0.0124,0.0230
572.7995,0.3365,0.2766,0.0237,0.3972,0.5051,0.7137,0.0004,0.0067,0.0214
454.3384,0.3535,0.2087,0.0081,0.4414,0.4505,0.7848,0.0067,0.0078,0.1363
400.5982,0.3608,0.1742,0.0061,0.2726,0.4717,0.6144,0.0055,0.0296,0.0170
440.8019,0.3146,0.2198,0.0026,0.3383,0.5148,0.6795,0.0101,0.0522,0.0425
577.8325,0.8758,0.2394,0.0019,0.4710,0.5981,0.7851,0.0006,0.0129,0.2729
433.8213,0.3574,0.1689,0.0089,0.0413,0.4922,0.6966,0.0005,0.0789,0.0094
596.8524,0.3834,0.1460,0.0137,0.4818,0.5616,0.7806,0.0023,0.0324,0.2496
547.7639,0.4337,0.2199,0.0066,0.4198,0.4336,0.7396,0.0038,0.0085,0.0302
466.6600,0.5708,0.1318,0.0054,0.4771,0.5908,0.6319,0.0103,0.0033,0.0085
550.7145,0.4312,0.2591,0.0260,0.4982,0.5682,0.7948,0.0150,0.0691,0.0072
407.8709,0.3618,0.1357,0.0264,0.3108,0.1962,0.7763,0.0023,0.0094,0.0320
551.9742,0.3655,0.2269,0.0039,0.4744,0.5917,0.7545,0.0085,0.1078,0.1803
302.4014,0.4046,0.1414,0.0044,0.4731,0.5521,0.6836,0.0012,0.0027,0.0781
461.9270,0.3260,0.1523,0.0062,0.0816,0.2753,0.4901,0.0079,0.0080,0.0380
472.9593,0.3735,0.1643,0.0212,0.4483,0.4222,0.7502,0.0028,0.0829,0.0043
374.2011,0.3857,0.1922,0.0032,0.1770,0.5856,0.7898,0.0021,0.0502,0.0786
400.7900,0.3299,0.2205,0.0074,0.2999,0.3619,0.7923,0.0060,0.0650,0.0262
561.5376,0.3114,0.1120,0.0125,0.4045,0.5238,0.7012,0.0091,0.0819,0.0172
440.6222,0.3700,0.1714,0.0108,0.3734,0.5611,0.6100,0.0107,0.0033,0.0075
387.1302,0.3771,0.2073,0.0035,0.4167,0.5398,0.6877,0.0120,0.0343,0.0172
391.9359,0.3614,0.1446,0.0127,0.0308,0.5270,0.5058,0.0086,0.0166,0.0513
510.2965,0.5672,0.1915,0.0182,0.4213,0.5809,0.6000,0.0005,0.0047,0.0375
588.4994,0.3123,0.2058,0.0389,0.3403,0.5632,0.7804,0.0073,0.0214,0.0349
596.5834,0.3062,0.2257,0.0242,0.4466,0.5142,0.6338,0.0017,0.0631,0.0336
504.2849,0.4730,0.2193,0.0111,0.4420,0.5855,0.7361,0.0197,0.0336,0.0078
449.5078,0.3262,0.1434,0.0322,0.3615,0.4478,0.7918,0.0018,0.0176,0.1244
539.7681,0.3216,0.1581,0.0146,0.2790,0.5242,0.7729,0.0004,0.0496,0.1529
440.8386,0.4076,0.0998,0.0015,0.4844,0.4776,0.7148,0.0014,0.0800,0.0106
434.7781,0.3629,0.2060,0.0028,0.3869,0.4818,0.6333,0.0049,0.0061,0.0510
567.1216,0.3293,0.2654,0.0013,0.3558,0.5836,0.7873,0.0153,0.0776,0.0174
456.4488,0.3449,0.1169,0.0018,0.0996,0.4611,0.6000,0.0087,0.0759,0.0124
355.2998,0.7711,0.1665,0.0030,0.4664,0.5921,0.6866,0.0063,0.0162,0.0019
396.3675,0.3734,0.1230,0.0174,0.0049,0.1397,0.7138,0.0022,0.0446,0.0711
499.5044,0.7320,0.2062,0.0049,0.4652,0.5517,0.7554,0.0040,0.0989,0.0337
534.8042,0.3259,0.1880,0.0251,0.4842,0.5810,0.6871,0.0139,0.0535,0.0436
567.3380,0.4434,0.1943,0.0102,0.4708,0.5275,0.6508,0.0072,0.0057,0.1058
501.6148,0.3273,0.1790,0.0085,0.3385,0.4723,0.6712,0.0025,0.1239,0.0118
564.3348,0.3429,0.1372,0.0058,0.3891,0.4508,0.7508,0.0012,0.1385,0.0522
401.3711,0.3040,0.2460,0.0016,0.2845,0.5638,0.7212,0.0043,0.0053,0.0362
585.5592,0.3924,0.1956,0.0144,0.4521,0.5786,0.7723,0.0027,0.1254,0.1495
493.0542,0.3318,0.1629,0.0298,0.0376,0.5927,0.7104,0.0003,0.0137,0.0136
564.7718,0.7958,0.1825,0.0100,0.4976,0.5453,0.7351,0.0127,0.0225,0.0460
488.2313,0.3930,0.2422,0.0122,0.3256,0.5782,0.7035,0.0065,0.0064,0.0097
474.5501,0.3074,0.1998,0.0254,0.4071,0.5623,0.7549,0.0056,0.1255,0.0436
475.8716,0.3373,0.1228,0.0041,0.2703,0.2506,0.7891,0.0029,0.0215,0.1293
569.5781,0.3395,0.1955,0.0082,0.4085,0.4880,0.7888,0.0119,0.0712,0.0674
468.2033,0.4633,0.1737,0.0061,0.4902,0.5630,0.7916,0.0031,0.2091,0.0624
547.1941,0.3115,0.1332,0.0052,0.0229,0.5944,0.4662,0.0076,0.0559,0.0113
299.2126,0.4122,0.1631,0.0055,0.3068,0.4694,0.7620,0.0026,0.0929,0.0131
469.7844,0.3592,0.1391,0.0224,0.2709,0.5974,0.7031,0.0009,0.0138,0.1027
505.9051,0.3357,0.1495,0.0330,0.4721,0.5740,0.7959,0.0160,0.0055,0.0786
483.3706,0.3093,0.1329,0.0139,0.3876,0.4000,0.7767,0.0174,0.0398,0.0328
414.2864,0.3439,0.1810,0.0167,0.4392,0.5757,0.5942,0.0021,0.0239,0.0346
590.2177,0.3677,0.1621,0.0078,0.4022,0.5779,0.7426,0.0061,0.2104,0.0076
537.2195,0.5995,0.2297,0.0020,0.4418,0.5463,0.6931,0.0105,0.0154,0.0559
574.3549,0.4893,0.2216,0.0130,0.4739,0.5527,0.7973,0.0017,0.0870,0.1510
549.5916,0.7659,0.2632,0.0061,0.4904,0.5728,0.5420,0.0104,0.0204,0.0523
390.6227,0.3550,0.1326,0.0023,0.1535,0.4766,0.7330,0.0180,0.0255,0.0471
436.7167,0.3204,0.1812,0.0049,0.2036,0.4337,0.6732,0.0027,0.0376,0.0759
479.3204,0.3177,0.2542,0.0185,0.3582,0.5329,0.7603,0.0015,0.0257,0.0816
349.6082,0.3642,0.1477,0.0011,0.3777,0.5245,0.7396,0.0079,0.0400,0.0983
445.6651,0.3186,0.1612,0.0327,0.4183,0.5536,0.7125,0.0045,0.0774,0.0429
466.6294,0.7211,0.2187,0.0152,0.4925,0.5670,0.5952,0.0054,0.0326,0.0125
381.8255,0.3818,0.1561,0.0106,0.3815,0.3893,0.7269,0.0001,0.1027,0.0164
476.6574,0.3610,0.1021,0.0101,0.0868,0.2559,0.6837,0.0052,0.0053,0.0143
596.8213,0.9331,0.2034,0.0069,0.4976,0.5845,0.6922,0.0172,0.0030,0.1198
372.5167,0.3415,0.1833,0.0053,0.4780,0.3832,0.7677,0.0005,0.0187,0.1471
438.7832,0.3272,0.1493,0.0100,0.0333,0.3611,0.5716,0.0117,0.0468,0.0018
323.8818,0.3910,0.1165,0.0151,0.4160,0.5210,0.7852,0.0034,0.0224,0.0510
452.3746,0.3853,0.1537,0.0014,0.1833,0.5424,0.6466,0.0051,0.0161,0.0335
410.9749,0.4761,0.1364,0.0022,0.3361,0.5108,0.7461,0.0068,0.0130,0.0110
490.0905,0.3134,0.1417,0.0286,0.2430,0.4250,0.7898,0.0034,0.0828,0.0267
398.4092,0.3388,0.2756,0.0020,0.4971,0.4578,0.7986,0.0020,0.0861,0.0494
561.1377,0.3025,0.1662,0.0070,0.3283,0.5566,0.7027,0.0026,0.0693,0.1781
442.4621,0.3371,0.1424,0.0169,0.4675,0.5449,0.7430,0.0080,0.1540,0.0105
505.6702,0.3144,0.2164,0.0074,0.3798,0.5472,0.5948,0.0038,0.0430,0.0523
521.0141,0.8666,0.1803,0.0081,0.4655,0.5908,0.7984,0.0059,0.0818,0.0519
510.6625,0.3097,0.1810,0.0312,0.2666,0.5331,0.6944,0.0096,0.0039,0.0168
587.1437,0.5809,0.1842,0.0013,0.4716,0.4883,0.6234,0.0027,0.0251,0.0632
464.2006,0.3745,0.2304,0.0173,0.4758,0.5097,0.7892,0.0147,0.0142,0.0429
559.6393,0.4285,0.1309,0.0214,0.4225,0.5891,0.7920,0.0003,0.1529,0.0079
318.5550,0.3901,0.1242,0.0073,0.0328,0.5568,0.7603,0.0155,0.0156,0.0278
333.4822,0.3820,0.1334,0.0219,0.0433,0.4856,0.6087,0.0037,0.0424,0.0030
581.4813,0.3016,0.2050,0.0113,0.4845,0.4691,0.7628,0.0036,0.1856,0.0716
304.1312,0.4482,0.1168,0.0034,0.1799,0.3790,0.7098,0.0014,0.0462,0.0287
442.7764,0.3973,0.1706,0.0084,0.3107,0.5695,0.7201,0.0054,0.0689,0.0318
455.3348,0.3168,0.1804,0.0210,0.1324,0.5473,0.7904,0.0076,0.0541,0.0392
577.4784,0.3089,0.1257,0.0218,0.4892,0.2878,0.7151,0.0021,0.0184,0.0135
471.2890,0.4443,0.1823,0.0093,0.4800,0.5982,0.5370,0.0087,0.0137,0.0086
569.9909,0.7542,0.2410,0.0186,0.4972,0.5958,0.6203,0.0076,0.0864,0.0426
496.8582,0.3426,0.2528,0.0254,0.4408,0.4756,0.7868,0.0007,0.0298,0.0594
351.6387,0.3829,0.1593,0.0068,0.1334,0.2496,0.5591,0.0016,0.0195,0.0345
588.8898,0.3648,0.1867,0.0046,0.3805,0.5506,0.4883,0.0008,0.0121,0.0145
448.2442,0.3644,0.1299,0.0151,0.4922,0.5875,0.7733,0.0179,0.0773,0.0101
597.6139,0.3307,0.1180,0.0038,0.1652,0.4637,0.7790,0.0032,0.0598,0.0190
530.8601,0.3934,0.2163,0.0264,0.4883,0.5920,0.6417,0.0127,0.0262,0.0248
404.4115,0.3208,0.1851,0.0013,0.2656,0.5287,0.7548,0.0110,0.0567,0.0541
543.6485,0.3716,0.2467,0.0028,0.4839,0.5680,0.6653,0.0088,0.1398,0.0450
278.9001,0.4386,0.0996,0.0112,0.0217,0.4176,0.4764,0.0025,0.0096,0.0184
418.8782,0.3475,0.1806,0.0096,0.3968,0.4678,0.7115,0.0069,0.0310,0.0798
467.1912,0.3136,0.1706,0.0261,0.3269,0.5677,0.7668,0.0168,0.0096,0.0526
508.3868,0.3773,0.1183,0.0155,0.4306,0.5443,0.7307,0.0013,0.0086,0.1331
529.0066,0.4372,0.1845,0.0050,0.4927,0.4241,0.6977,0.0048,0.0323,0.0451
499.3093,0.8697,0.2750,0.0035,0.4296,0.5690,0.7117,0.0008,0.0261,0.0296
411.2700,0.3607,0.1418,0.0073,0.1246,0.4905,0.7406,0.0007,0.1120,0.0678
330.7127,0.3784,0.1347,0.0044,0.1208,0.3709,0.7258,0.0085,0.0493,0.0079
465.2361,0.3442,0.1698,0.0059,0.0058,0.4236,0.3339,0.0007,0.0205,0.0501
417.0667,0.3246,0.1532,0.0123,0.4977,0.5767,0.7312,0.0047,0.0653,0.0906
562.1871,0.5011,0.1192,0.0075,0.4898,0.5055,0.7815,0.0060,0.0089,0.0580
556.3508,0.6654,0.2740,0.0203,0.4947,0.5312,0.7859,0.0068,0.0268,0.0241
593.5011,0.4123,0.1955,0.0255,0.4556,0.5252,0.6792,0.0005,0.0166,0.0976
536.4169,0.7313,0.2074,0.0028,0.4338,0.5888,0.4912,0.0066,0.0069,0.0245
464.9191,0.3284,0.1989,0.0365,0.4342,0.4752,0.7279,0.0075,0.0185,0.0031
337.3871,0.3759,0.1882,0.0064,0.3931,0.5708,0.7555,0.0047,0.1312,0.0233
496.2445,0.3112,0.2155,0.0190,0.4563,0.4343,0.7119,0.0090,0.0499,0.0049
530.5976,0.4161,0.1494,0.0015,0.3942,0.5643,0.6867,0.0074,0.0637,0.0642
597.6053,0.5604,0.2072,0.0079,0.4492,0.5953,0.7651,0.0118,0.1603,0.0086
552.1967,0.5470,0.2497,0.0053,0.3888,0.5623,0.7126,0.0066,0.0301,0.0081
419.5863,0.3734,0.2726,0.0040,0.3809,0.5202,0.7864,0.0028,0.0487,0.0316
435.9451,0.3834,0.1534,0.0253,0.2308,0.4386,0.7794,0.0002,0.0046,0.0451
521.7978,0.6269,0.2304,0.0070,0.4816,0.5977,0.7253,0.0005,0.2433,0.0244
581.7991,0.3075,0.1726,0.0120,0.4244,0.5668,0.7729,0.0162,0.1325,0.0547
458.0547,0.3602,0.1455,0.0065,0.4233,0.3330,0.7156,0.0038,0.0742,0.0047
478.3789,0.3921,0.1612,0.0012,0.4655,0.5831,0.7593,0.0134,0.1323,0.0768
472.5265,0.3629,0.1033,0.0170,0.0149,0.1001,0.5510,0.0001,0.0126,0.0393
451.7175,0.6312,0.2384,0.0100,0.4689,0.5786,0.6954,0.0039,0.0285,0.0790
518.1261,0.3045,0.1874,0.0370,0.4880,0.5277,0.7800,0.0117,0.0861,0.0233
526.5544,0.4577,0.2839,0.0114,0.4767,0.5034,0.7380,0.0055,0.0474,0.0025
595.6658,0.6941,0.2724,0.0046,0.4594,0.5748,0.6643,0.0037,0.1415,0.0101
456.0947,0.3177,0.1673,0.0013,0.2322,0.1604,0.6778,0.0035,0.0310,0.0217
566.3602,0.4244,0.1716,0.0184,0.4670,0.5323,0.7882,0.0096,0.0459,0.0845
535.6119,0.3450,0.1466,0.0054,0.4570,0.5722,0.5742,0.0114,0.0167,0.0324
572.9861,0.3085,0.2221,0.0021,0.4050,0.4043,0.7666,0.0067,0.0702,0.0685
388.1783,0.3367,0.1761,0.0442,0.4855,0.5707,0.7514,0.0054,0.0359,0.0287
505.4464,0.4993,0.2570,0.0119,0.4839,0.5757,0.6379,0.0007,0.1206,0.0284
507.4354,0.3212,0.1069,0.0233,0.2392,0.5409,0.7425,0.0093,0.0206,0.0352
424.3948,0.7426,0.2851,0.0020,0.4620,0.5796,0.7335,0.0017,0.0075,0.0810
521.0335,0.3183,0.1569,0.0124,0.3226,0.3948,0.6558,0.0055,0.0428,0.0161
353.8274,0.3772,0.1395,0.0083,0.0100,0.2696,0.3945,0.0122,0.0132,0.0575
501.7124,0.4261,0.1880,0.0424,0.4053,0.5558,0.7964,0.0025,0.0366,0.0008
523.3763,0.3013,0.1135,0.0269,0.4683,0.4434,0.7555,0.0011,0.0042,0.0221
382.4544,0.4006,0.1030,0.0158,0.1511,0.5845,0.7915,0.0014,0.0192,0.0873
491.6216,0.5649,0.1937,0.0081,0.4927,0.4631,0.7328,0.0053,0.0120,0.0428
327.6794,0.4058,0.1296,0.0018,0.0586,0.3946,0.5884,0.0126,0.0211,0.0260
437.7746,0.3384,0.1594,0.0200,0.4220,0.4847,0.7390,0.0024,0.0455,0.1217
387.3992,0.3633,0.1467,0.0136,0.0707,0.3915,0.3885,0.0036,0.0001,0.0284
596.6143,0.3458,0.1071,0.0104,0.4738,0.4613,0.6968,0.0061,0.0443,0.0014
583.0779,0.3164,0.1026,0.0067,0.3716,0.5371,0.7714,0.0121,0.0187,0.0859
487.2533,0.3224,0.1549,0.0205,0.0043,0.1432,0.3729,0.0030,0.0104,0.0571
423.1744,0.3466,0.1676,0.0142,0.4961,0.2399,0.7547,0.0017,0.0541,0.0154
583.2943,0.4552,0.1698,0.0096,0.4871,0.5737,0.6667,0.0002,0.0856,0.1769
415.3444,0.3696,0.1597,0.0084,0.1581,0.4080,0.6935,0.0031,0.0218,0.0550
504.5321,0.3521,0.1551,0.0159,0.3503,0.4616,0.7773,0.0049,0.0871,0.0312
556.1948,0.5634,0.2489,0.0016,0.4515,0.5704,0.6025,0.0119,0.0395,0.0328
506.8097,0.3334,0.1399,0.0175,0.2234,0.3712,0.6930,0.0010,0.0404,0.0344
470.0162,0.3107,0.2011,0.0017,0.4914,0.4192,0.6378,0.0004,0.1186,0.0214
573.7062,0.3236,0.2591,0.0085,0.3896,0.5700,0.6853,0.0036,0.0095,0.1342
482.4653,0.3062,0.1565,0.0351,0.1359,0.5413,0.6765,0.0024,0.0085,0.0139
494.4429,0.5936,0.2894,0.0025,0.4774,0.5112,0.7809,0.0050,0.0677,0.0015
552.2790,0.3051,0.1842,0.0029,0.3570,0.2835,0.6443,0.0037,0.0016,0.0258
484.6461,0.4201,0.2633,0.0068,0.4695,0.5551,0.7307,0.0057,0.0116,0.1264
500.5213,0.3118,0.1322,0.0110,0.4311,0.2578,0.7541,0.0049,0.0361,0.0508
334.2106,0.3561,0.2094,0.0060,0.3244,0.4346,0.6786,0.0016,0.0409,0.0173
465.0216,0.9343,0.1690,0.0179,0.4842,0.5890,0.7106,0.0065,0.0288,0.0001
463.0336,0.3499,0.1271,0.0076,0.1322,0.4748,0.6236,0.0101,0.0128,0.0192
379.4522,0.3753,0.1214,0.0089,0.0809,0.2788,0.5966,0.0075,0.0470,0.0285
536.8008,0.3845,0.1761,0.0097,0.2828,0.5349,0.6600,0.0029,0.0113,0.0279
410.3377,0.4622,0.2073,0.0333,0.4633,0.5965,0.7968,0.0009,0.0558,0.0592
599.5163,0.3746,0.1401,0.0048,0.4897,0.5132,0.7386,0.0042,0.0260,0.2123
378.8105,0.5510,0.1625,0.0030,0.4975,0.5533,0.6960,0.0052,0.0446,0.0518
265.9278,0.4247,0.1586,0.0012,0.0288,0.4526,0.7989,0.0006,0.0123,0.0947
460.8265,0.4537,0.1284,0.0091,0.4017,0.4949,0.7878,0.0063,0.0279,0.0250
439.8403,0.3016,0.1945,0.0182,0.3149,0.5601,0.7157,0.0133,0.0390,0.0085
537.0172,0.3880,0.2515,0.0065,0.4217,0.5764,0.7740,0.0148,0.0929,0.0141
535.7335,0.3660,0.2194,0.0288,0.4261,0.5523,0.7518,0.0086,0.0542,0.0157
490.8553,0.3473,0.1692,0.0432,0.4343,0.5688,0.7881,0.0024,0.1291,0.0042
309.3801,0.4202,0.1552,0.0075,0.1577,0.1051,0.7752,0.0016,0.0602,0.0027
534.6200,0.3198,0.2585,0.0039,0.4763,0.4181,0.7903,0.0176,0.0234,0.0170
461.1310,0.3348,0.1346,0.0154,0.0739,0.2993,0.5340,0.0060,0.0134,0.0346
470.2948,0.3851,0.1233,0.0117,0.4563,0.4032,0.7690,0.0010,0.0884,0.0316
420.3751,0.3817,0.1257,0.0032,0.2325,0.5641,0.6045,0.0060,0.0200,0.0358
418.4155,0.5262,0.2104,0.0147,0.4898,0.5990,0.7150,0.0040,0.1200,0.0270
552.7702,0.3498,0.1860,0.0192,0.4977,0.4829,0.7965,0.0054,0.1012,0.1041
303.3630,0.3971,0.1472,0.0133,0.4964,0.5232,0.7121,0.0030,0.0187,0.0318
599.1382,0.3207,0.1886,0.0088,0.4546,0.5606,0.6681,0.0048,0.0662,0.1800
452.2264,0.3337,0.1454,0.0474,0.3535,0.3770,0.7635,0.0049,0.0031,0.0006
474.3538,0.3355,0.2388,0.0034,0.4147,0.4594,0.7177,0.0016,0.1000,0.0366
537.0484,0.3059,0.1288,0.0054,0.2554,0.5510,0.7468,0.0036,0.0468,0.1531
409.0228,0.3911,0.1406,0.0101,0.3552,0.5986,0.7952,0.0057,0.0446,0.1360
535.4790,0.3135,0.1719,0.0336,0.3909,0.5372,0.6665,0.0080,0.0000,0.0388
389.3813,0.3539,0.1425,0.0218,0.0075,0.5479,0.5495,0.0055,0.0041,0.0672
538.2451,0.4209,0.1646,0.0200,0.4739,0.5790,0.7091,0.0011,0.1855,0.0195
460.9719,0.4011,0.1766,0.0043,0.4368,0.5736,0.6229,0.0069,0.0675,0.0403
521.1756,0.3724,0.2344,0.0012,0.3578,0.4413,0.7587,0.0061,0.0120,0.0376
443.4879,0.5083,0.2026,0.0112,0.4999,0.5727,0.7900,0.0185,0.0190,0.0668
566.4311,0.4359,0.2198,0.0197,0.4944,0.5474,0.6223,0.0090,0.0111,0.0600
535.6560,0.3348,0.2251,0.0095,0.4921,0.4936,0.7076,0.0121,0.0376,0.0755
355.2725,0.3778,0.1168,0.0015,0.2526,0.1978,0.7882,0.0143,0.0330,0.0329
560.6460,0.6042,0.1909,0.0034,0.3924,0.5602,0.7450,0.0107,0.0209,0.0113
437.4969,0.3513,0.2079,0.0179,0.3946,0.5935,0.6676,0.0018,0.0100,0.1153
288.5417,0.4122,0.1310,0.0097,0.0808,0.4840,0.6396,0.0085,0.0116,0.0307
487.3957,0.4658,0.1574,0.0024,0.4576,0.4635,0.6343,0.0046,0.0238,0.0041
481.7918,0.3418,0.1054,0.0033,0.2561,0.5208,0.5458,0.0004,0.0050,0.0458
375.4375,0.3640,0.1720,0.0205,0.3135,0.5718,0.7472,0.0005,0.0270,0.1306
539.5435,0.3264,0.1032,0.0110,0.2713,0.3765,0.7045,0.0067,0.0236,0.0079
475.5117,0.3205,0.2136,0.0098,0.4306,0.5128,0.7971,0.0087,0.1204,0.0748
495.8319,0.4967,0.1829,0.0115,0.4228,0.5549,0.7145,0.0019,0.1014,0.0211
475.0745,0.3229,0.1639,0.0136,0.2626,0.3243,0.7629,0.0010,0.0375,0.1061
582.8956,0.3986,0.2170,0.0055,0.4598,0.4960,0.7517,0.0008,0.1211,0.1055
540.2035,0.6869,0.2133,0.0108,0.4771,0.5831,0.6710,0.0077,0.0655,0.0671
467.1198,0.3449,0.1490,0.0129,0.2632,0.4777,0.7238,0.0028,0.0075,0.1260
481.2028,0.8148,0.2260,0.0080,0.4764,0.5723,0.7268,0.0070,0.0858,0.0164
480.7610,0.3182,0.1543,0.0046,0.3953,0.4249,0.7425,0.0193,0.0520,0.0217
561.8151,0.5332,0.1979,0.0059,0.4546,0.5840,0.6329,0.0054,0.0490,0.1182
544.5845,0.3054,0.1547,0.0141,0.0149,0.4805,0.4318,0.0057,0.0399,0.0031
570.5389,0.3320,0.2169,0.0232,0.4321,0.5871,0.7622,0.0150,0.0579,0.0553
577.5905,0.4035,0.1503,0.0093,0.4951,0.4749,0.7917,0.0115,0.0536,0.0730
300.1745,0.4224,0.1260,0.0145,0.2833,0.3557,0.7885,0.0007,0.0784,0.0200
440.3413,0.6232,0.2014,0.0073,0.4372,0.5658,0.6501,0.0026,0.0471,0.0153
591.3004,0.4397,0.1527,0.0025,0.3470,0.5234,0.6785,0.0055,0.0088,0.0266
338.9004,0.3884,0.1360,0.0046,0.2408,0.5932,0.5300,0.0053,0.0118,0.0011
540.9049,0.3366,0.1740,0.0042,0.4647,0.4686,0.6992,0.0002,0.1253,0.1179
478.4145,0.3102,0.2835,0.0031,0.3661,0.5420,0.7946,0.0047,0.0284,0.1008
397.3450,0.3422,0.1567,0.0059,0.3139,0.2294,0.7081,0.0031,0.0171,0.0497
370.7595,0.3732,0.1303,0.0108,0.1946,0.2182,0.7184,0.0099,0.0225,0.0218
526.2562,0.4022,0.1107,0.0036,0.4494,0.5820,0.6688,0.0062,0.0073,0.0834
315.4820,0.3859,0.1901,0.0035,0.0192,0.1971,0.5793,0.0087,0.0148,0.0283
573.4490,0.4777,0.1922,0.0223,0.4974,0.5219,0.7536,0.0048,0.0843,0.0544
366.4558,0.4026,0.0944,0.0177,0.0151,0.4108,0.6638,0.0040,0.0509,0.0171
324.7327,0.3999,0.1694,0.0057,0.4237,0.5538,0.7667,0.0003,0.0358,0.1569
373.4225,0.3299,0.2282,0.0146,0.4857,0.4414,0.7881,0.0036,0.0027,0.1239
518.2203,0.3580,0.1931,0.0023,0.4220,0.5783,0.6794,0.0077,0.0834,0.1185
427.8654,0.4484,0.2052,0.0131,0.4670,0.5634,0.7278,0.0003,0.0830,0.0923
555.8036,0.3628,0.2407,0.0244,0.3003,0.5790,0.7950,0.0013,0.0476,0.0001
501.9956,0.9105,0.2352,0.0015,0.4770,0.5597,0.6359,0.0021,0.0450,0.0905
538.7920,0.3501,0.1216,0.0031,0.0877,0.3798,0.7708,0.0039,0.0032,0.0319
587.9408,0.5720,0.2290,0.0163,0.4949,0.5866,0.6497,0.0008,0.0291,0.1984
553.1894,0.5108,0.1702,0.0040,0.4319,0.4741,0.6204,0.0031,0.0048,0.0079
464.9974,0.3847,0.1815,0.0019,0.4991,0.5650,0.7628,0.0116,0.0018,0.2365
479.5878,0.3225,0.1840,0.0087,0.3503,0.3680,0.7192,0.0050,0.0513,0.0509
558.5288,0.3142,0.1214,0.0161,0.3204,0.5180,0.7233,0.0007,0.0639,0.1146
373.3344,0.3948,0.1450,0.0066,0.0056,0.2147,0.3848,0.0046,0.0571,0.0126
344.3957,0.3847,0.1194,0.0255,0.1579,0.4818,0.7210,0.0060,0.0168,0.0337
471.9800,0.3419,0.1310,0.0082,0.1401,0.5738,0.7486,0.0013,0.1293,0.0524
430.7469,0.3311,0.1673,0.0337,0.2886,0.4696,0.7087,0.0022,0.0232,0.0524
445.1818,0.3227,0.1443,0.0015,0.4439,0.5298,0.7771,0.0061,0.1673,0.0805
593.5746,0.4683,0.1856,0.0128,0.3918,0.5837,0.7802,0.0189,0.0005,0.0235
276.0543,0.4356,0.1305,0.0053,0.0945,0.3857,0.7474,0.0011,0.0768,0.0504
470.9495,0.3990,0.1569,0.0126,0.4755,0.5628,0.7450,0.0071,0.1081,0.0713
568.2473,0.3031,0.2820,0.0147,0.4685,0.5877,0.6074,0.0074,0.0538,0.0102
533.9567,0.4645,0.2874,0.0030,0.4556,0.5163,0.7547,0.0144,0.0054,0.0120
583.3641,0.7749,0.2024,0.0322,0.4919,0.5938,0.6272,0.0011,0.0622,0.0416
538.8493,0.3113,0.1908,0.0270,0.4472,0.4776,0.7945,0.0079,0.1192,0.0229
550.6245,0.6363,0.1855,0.0031,0.4993,0.5950,0.4078,0.0061,0.0179,0.0299
421.1683,0.3577,0.1112,0.0017,0.0092,0.5828,0.4853,0.0029,0.0260,0.0871
533.7334,0.3080,0.2339,0.0123,0.3400,0.5852,0.6167,0.0037,0.0777,0.0126
443.0923,0.3362,0.1700,0.0221,0.0778,0.5097,0.6905,0.0031,0.0060,0.0630
553.4338,0.4125,0.2193,0.0183,0.4456,0.4511,0.7647,0.0014,0.0762,0.0006
377.1371,0.4094,0.1092,0.0133,0.3491,0.5632,0.7308,0.0034,0.0606,0.0163
494.1579,0.3355,0.1056,0.0063,0.0845,0.1910,0.7455,0.0097,0.0175,0.0336
589.4481,0.3198,0.1448,0.0020,0.3836,0.5792,0.7901,0.0049,0.1100,0.2135
584.9281,0.4159,0.2102,0.0012,0.3721,0.5906,0.5926,0.0150,0.0059,0.0236
428.4861,0.3498,0.1618,0.0151,0.0036,0.2613,0.7062,0.0035,0.0163,0.0574
577.1019,0.5481,0.2340,0.0056,0.4906,0.5497,0.7508,0.0081,0.1923,0.0069
524.1841,0.4311,0.1685,0.0130,0.4160,0.5806,0.7005,0.0137,0.0311,0.0257
402.0970,0.3716,0.1936,0.0012,0.4983,0.5330,0.6996,0.0013,0.1736,0.0495
502.6854,0.3044,0.2269,0.0197,0.4779,0.4447,0.7259,0.0102,0.0074,0.0528
423.6998,0.3342,0.1645,0.0024,0.4451,0.5681,0.7146,0.0158,0.0321,0.1130
395.6399,0.3746,0.0948,0.0203,0.2196,0.5996,0.6651,0.0037,0.0055,0.0194
500.8320,0.3482,0.1974,0.0473,0.4737,0.5659,0.6740,0.0023,0.0135,0.0299
584.7049,0.3563,0.2798,0.0105,0.4876,0.5188,0.7359,0.0031,0.0797,0.0879
410.1085,0.3718,0.1698,0.0094,0.3422,0.3666,0.7654,0.0024,0.0578,0.0517
572.2717,0.4005,0.1202,0.0122,0.3900,0.5146,0.6162,0.0007,0.0035,0.0029
473.7146,0.3040,0.1515,0.0376,0.3638,0.5783,0.7530,0.0030,0.0433,0.0348
521.8579,0.3914,0.2011,0.0018,0.3394,0.5248,0.7865,0.0019,0.0345,0.1329
515.5611,0.3411,0.1349,0.0185,0.2764,0.4124,0.7649,0.0042,0.0020,0.0722
451.0512,0.3050,0.2444,0.0135,0.4280,0.4770,0.7363,0.0009,0.1349,0.0105
326.5270,0.4331,0.1075,0.0204,0.0160,0.2673,0.5597,0.0003,0.0242,0.0419
425.7660,0.3058,0.1972,0.0128,0.3024,0.4767,0.7378,0.0098,0.0334,0.0109
349.9240,0.4581,0.1491,0.0149,0.2373,0.5862,0.7726,0.0006,0.0352,0.0218
514.8994,0.6806,0.2447,0.0187,0.4750,0.5477,0.6065,0.0001,0.0402,0.0088
491.6938,0.3205,0.1425,0.0119,0.0692,0.2367,0.7057,0.0006,0.0715,0.0355
342.9269,0.3649,0.2158,0.0054,0.1753,0.4719,0.7510,0.0033,0.0013,0.0785
486.3132,0.3211,0.1238,0.0017,0.4700,0.5021,0.6612,0.0086,0.0036,0.1254
492.3363,0.4948,0.1485,0.0062,0.4779,0.5813,0.5864,0.0021,0.0599,0.0480
279.0747,0.4062,0.1573,0.0224,0.1866,0.3415,0.7882,0.0010,0.0246,0.0138
597.4386,0.4507,0.2509,0.0038,0.4892,0.5833,0.5580,0.0013,0.0338,0.1878
578.6659,0.9864,0.1574,0.0149,0.4960,0.5457,0.5702,0.0008,0.0160,0.0266
476.6069,0.6679,0.1437,0.0065,0.4982,0.5751,0.7174,0.0116,0.0246,0.0334
441.6938,0.3493,0.1255,0.0236,0.4508,0.5418,0.7895,0.0016,0.1280,0.0744
434.6117,0.3099,0.1995,0.0173,0.1853,0.5974,0.7764,0.0113,0.0035,0.0851
584.0087,0.3851,0.1881,0.0047,0.4717,0.4692,0.7777,0.0073,0.1313,0.0579
313.0185,0.4303,0.0993,0.0138,0.0903,0.5199,0.5753,0.0012,0.0332,0.0296
364.7497,0.3577,0.1566,0.0227,0.0419,0.3572,0.5543,0.0025,0.0186,0.0250
556.4779,0.3231,0.2131,0.0090,0.4909,0.5886,0.7704,0.0024,0.2128,0.1695
432.9280,0.3542,0.1759,0.0150,0.4703,0.3950,0.7499,0.0110,0.0467,0.0027
528.2218,0.3810,0.2238,0.0342,0.3888,0.5926,0.7680,0.0125,0.0030,0.0024
446.5830,0.3139,0.1901,0.0204,0.3673,0.5691,0.7300,0.0069,0.0163,0.1352
290.9875,0.4521,0.0845,0.0127,0.0917,0.2978,0.6613,0.0026,0.0068,0.0204
503.7019,0.9559,0.2980,0.0080,0.4511,0.5843,0.5883,0.0043,0.0034,0.0061
429.6815,0.3188,0.2675,0.0058,0.4958,0.5725,0.7442,0.0032,0.1154,0.0779
592.4118,0.3219,0.1274,0.0016,0.3345,0.4418,0.7103,0.0013,0.0197,0.1529
440.3512,0.3367,0.1821,0.0025,0.0371,0.1823,0.7953,0.0083,0.0578,0.0014
334.3857,0.4112,0.0921,0.0061,0.0176,0.5494,0.6456,0.0034,0.0154,0.0657
463.2912,0.4269,0.2443,0.0077,0.4635,0.5739,0.7151,0.0145,0.0435,0.0275
437.0813,0.6253,0.1671,0.0035,0.4747,0.5706,0.7801,0.0028,0.0908,0.0919
595.2809,0.3359,0.2478,0.0062,0.4265,0.5590,0.7018,0.0172,0.0431,0.0455
589.5307,0.4451,0.2157,0.0298,0.4211,0.5990,0.7224,0.0012,0.0818,0.0459
461.7269,0.3427,0.2356,0.0026,0.2097,0.5611,0.6188,0.0015,0.0139,0.0224
511.4989,0.3008,0.1678,0.0189,0.4426,0.4862,0.6885,0.0020,0.0899,0.0929
468.9292,0.3901,0.0862,0.0057,0.2900,0.5332,0.7387,0.0012,0.0408,0.0113
374.5169,0.4367,0.1907,0.0140,0.4419,0.5239,0.7574,0.0094,0.0246,0.0187
563.6244,0.5784,0.2601,0.0132,0.4883,0.5599,0.5853,0.0082,0.0157,0.0475
325.3739,0.3864,0.1402,0.0065,0.3789,0.4118,0.7945,0.0067,0.0116,0.1229
346.1104,0.3682,0.1824,0.0043,0.1072,0.5458,0.7024,0.0005,0.0893,0.0659
589.4909,0.3096,0.0905,0.0075,0.3192,0.4836,0.7877,0.0084,0.0412,0.0447
599.8575,0.3320,0.2284,0.0018,0.4923,0.4759,0.5384,0.0000,0.0769,0.0098
465.6455,0.4037,0.2070,0.0011,0.4480,0.4004,0.7984,0.0152,0.0268,0.0002
417.9440,0.4491,0.1613,0.0046,0.3824,0.5761,0.6079,0.0005,0.0416,0.0353
459.2393,0.3316,0.1560,0.0192,0.3850,0.5363,0.7535,0.0187,0.0117,0.0393
579.5171,0.4704,0.1816,0.0195,0.4667,0.5785,0.7564,0.0063,0.1554,0.0196
335.1092,0.3962,0.1253,0.0117,0.0016,0.3764,0.6034,0.0064,0.0736,0.0448
516.5018,0.3526,0.1301,0.0301,0.3716,0.5128,0.7291,0.0032,0.0064,0.0564
527.9623,0.3601,0.1735,0.0093,0.4781,0.5578,0.5591,0.0078,0.0406,0.0153
479.0549,0.3800,0.1855,0.0181,0.4256,0.5636,0.7699,0.0042,0.1562,0.0256
544.6757,0.4121,0.1446,0.0206,0.4731,0.4887,0.7707,0.0108,0.0139,0.0311
580.1610,0.3447,0.2094,0.0051,0.3099,0.5519,0.7305,0.0090,0.0716,0.0228
403.1511,0.3834,0.0996,0.0039,0.3911,0.4627,0.7630,0.0058,0.0933,0.0101
542.4979,0.3088,0.1613,0.0025,0.3594,0.3760,0.6728,0.0143,0.0101,0.0270
449.1931,0.3580,0.1546,0.0044,0.0764,0.2923,0.7765,0.0008,0.0335,0.0717
391.0796,0.5211,0.1871,0.0033,0.3021,0.5313,0.7808,0.0004,0.0155,0.0137
568.0355,0.9260,0.2408,0.0071,0.4799,0.5173,0.7986,0.0113,0.0311,0.0019
475.4155,0.3153,0.1439,0.0071,0.1049,0.4504,0.6862,0.0162,0.0183,0.0432
315.1267,0.4081,0.1273,0.0089,0.3755,0.2519,0.7934,0.0002,0.1097,0.0125
415.2572,0.4574,0.0910,0.0066,0.4610,0.5546,0.7466,0.0018,0.0224,0.0127
461.8845,0.3529,0.1591,0.0108,0.2371,0.5147,0.7996,0.0021,0.0441,0.1238
423.6756,0.9714,0.1850,0.0185,0.4600,0.5920,0.7588,0.0010,0.0029,0.0340
595.2004,0.3698,0.2577,0.0328,0.4913,0.4850,0.7888,0.0032,0.0499,0.0283
518.4920,0.6719,0.2333,0.0039,0.4558,0.5628,0.6536,0.0115,0.0319,0.0253
511.4289,0.3780,0.2150,0.0206,0.4700,0.5961,0.6009,0.0015,0.1160,0.0064
434.1767,0.3555,0.1416,0.0048,0.4328,0.5898,0.7652,0.0053,0.2310,0.0361
439.5852,0.3715,0.0977,0.0068,0.0172,0.3364,0.5710,0.0020,0.0526,0.0495
468.9612,0.3082,0.2335,0.0045,0.3776,0.4921,0.7815,0.0124,0.0872,0.0364
532.4070,0.3735,0.0866,0.0080,0.4280,0.5709,0.7953,0.0090,0.0222,0.0165
417.7771,0.4157,0.2098,0.0090,0.4097,0.4976,0.6778,0.0012,0.0155,0.0509
578.8393,0.3283,0.1427,0.0291,0.3873,0.5496,0.7366,0.0038,0.0617,0.0647
546.1524,0.3162,0.0948,0.0016,0.4943,0.3232,0.7796,0.0094,0.0305,0.0471
327.7691,0.4546,0.1198,0.0038,0.4496,0.5035,0.7777,0.0007,0.1001,0.0265
317.1528,0.4400,0.0798,0.0041,0.0177,0.1417,0.7578,0.0058,0.0074,0.0542
252.6290,0.4393,0.1404,0.0205,0.0108,0.5571,0.6936,0.0013,0.0160,0.0226
528.3636,0.3253,0.2217,0.0041,0.4509,0.5105,0.7226,0.0084,0.0151,0.1678
362.0152,0.3710,0.1367,0.0129,0.3056,0.1815,0.7708,0.0055,0.0574,0.0212
545.0486,0.4428,0.2231,0.0190,0.4379,0.5975,0.6397,0.0102,0.0441,0.0167
593.8498,0.7394,0.2101,0.0111,0.4882,0.5682,0.5556,0.0002,0.1083,0.0593
450.0112,0.5015,0.1756,0.0028,0.4431,0.5563,0.7728,0.0022,0.0713,0.1316
452.0047,0.3190,0.1529,0.0143,0.2170,0.5912,0.6702,0.0078,0.0885,0.0045
429.4984,0.4007,0.1129,0.0047,0.3300,0.5470,0.7795,0.0145,0.0127,0.0207
583.5478,0.5542,0.2188,0.0243,0.3758,0.5977,0.7734,0.0043,0.0141,0.0119
330.0510,0.4086,0.1602,0.0051,0.0765,0.5950,0.6940,0.0046,0.0718,0.0111
476.5761,0.6487,0.2068,0.0133,0.4834,0.5520,0.7598,0.0064,0.0163,0.0873
529.9582,0.3475,0.1161,0.0022,0.4125,0.4017,0.7184,0.0007,0.0387,0.1066
578.6347,0.3056,0.1920,0.0049,0.4796,0.5697,0.6527,0.0160,0.0242,0.1420
495.1520,0.4723,0.1905,0.0181,0.4755,0.5314,0.6772,0.0029,0.0725,0.0238
386.6797,0.3547,0.1864,0.0016,0.2081,0.1612,0.7876,0.0089,0.0006,0.0471
459.3305,0.3850,0.1620,0.0443,0.4472,0.5712,0.7371,0.0022,0.0050,0.0598
516.3531,0.3209,0.1244,0.0092,0.3123,0.5946,0.7615,0.0172,0.0131,0.0886
440.1938,0.3483,0.1349,0.0127,0.0019,0.1360,0.6152,0.0077,0.0364,0.0399
581.1502,0.6587,0.1799,0.0033,0.4885,0.5036,0.7254,0.0041,0.0039,0.1265
484.7889,0.3302,0.1787,0.0081,0.1494,0.4048,0.7720,0.0095,0.0099,0.0334
296.1763,0.4333,0.1599,0.0165,0.3434,0.4206,0.7384,0.0003,0.0106,0.0161
390.5299,0.8352,0.2165,0.0046,0.4964,0.5788,0.7758,0.0052,0.0603,0.0621
576.0318,0.3051,0.1054,0.0347,0.4031,0.3759,0.7769,0.0059,0.0086,0.0083
289.4543,0.3838,0.2343,0.0040,0.2805,0.5428,0.7832,0.0037,0.0256,0.0153
427.3453,0.3401,0.1423,0.0062,0.0761,0.3836,0.6309,0.0082,0.0280,0.0684
341.4300,0.3740,0.1453,0.0105,0.4490,0.5679,0.6430,0.0049,0.0120,0.0333
527.1904,0.3074,0.2472,0.0107,0.4667,0.4619,0.7765,0.0013,0.0740,0.1263
463.1182,0.3339,0.1360,0.0088,0.3602,0.5525,0.6801,0.0032,0.0909,0.0961
567.2800,0.3167,0.1164,0.0139,0.1793,0.4813,0.7990,0.0038,0.0249,0.0885
405.4242,0.3619,0.1274,0.0202,0.0747,0.1674,0.6075,0.0056,0.0169,0.0295
423.5722,0.3659,0.1546,0.0366,0.3793,0.4782,0.7449,0.0049,0.0248,0.0036
571.8902,0.4532,0.1968,0.0012,0.4174,0.5610,0.7945,0.0001,0.0524,0.2272
565.7175,0.3613,0.1380,0.0190,0.4804,0.4332,0.7574,0.0036,0.0567,0.0529
486.4621,0.3751,0.2006,0.0118,0.4426,0.5798,0.7455,0.0079,0.0532,0.1333
328.7997,0.3813,0.1671,0.0012,0.0138,0.5397,0.5507,0.0192,0.0063,0.0109
492.7436,0.5515,0.2270,0.0074,0.4505,0.5026,0.7030,0.0015,0.0345,0.0390
560.0431,0.9630,0.2311,0.0020,0.4874,0.5760,0.5908,0.0097,0.0912,0.0493
425.7201,0.3843,0.1197,0.0023,0.2673,0.5855,0.6689,0.0092,0.0595,0.0072
471.9389,0.3375,0.1961,0.0049,0.3408,0.3864,0.7344,0.0139,0.0087,0.0137
524.0517,0.4625,0.1510,0.0262,0.4789,0.5220,0.7901,0.0071,0.0244,0.0419
531.8478,0.3029,0.1382,0.0064,0.2443,0.5762,0.6819,0.0016,0.0049,0.1700
441.4334,0.3404,0.2032,0.0160,0.4782,0.5267,0.6249,0.0022,0.0791,0.0002
509.0923,0.4974,0.1116,0.0050,0.4285,0.5630,0.7601,0.0009,0.0038,0.0912
525.1734,0.3177,0.1766,0.0053,0.2694,0.3665,0.7702,0.0054,0.0771,0.0400
366.3014,0.3702,0.2116,0.0178,0.3307,0.5109,0.6973,0.0009,0.0055,0.0476
414.2243,0.3940,0.1341,0.0076,0.1446,0.5579,0.7272,0.0089,0.0068,0.0278
596.2752,0.7269,0.2618,0.0129,0.4991,0.5232,0.5441,0.0014,0.0013,0.0669
489.4680,0.6616,0.2030,0.0170,0.4314,0.5967,0.7489,0.0013,0.0213,0.0873
362.9397,0.5017,0.1701,0.0010,0.4485,0.5756,0.6626,0.0056,0.0328,0.0362
426.0944,0.6978,0.2228,0.0077,0.4968,0.5554,0.7484,0.0046,0.0408,0.0807
544.6450,0.8741,0.2058,0.0122,0.4890,0.5115,0.7060,0.0060,0.0222,0.0099
390.1703,0.3771,0.1733,0.0028,0.4713,0.2224,0.7423,0.0011,0.0100,0.0448
507.2558,0.6294,0.1942,0.0069,0.4482,0.5672,0.5918,0.0030,0.0776,0.0024
384.1540,0.3557,0.1654,0.0215,0.1868,0.5468,0.6823,0.0049,0.0618,0.0160
534.0188,0.3824,0.1574,0.0011,0.3673,0.4754,0.7978,0.0031,0.1266,0.0570
368.5736,0.3634,0.1189,0.0219,0.4070,0.5945,0.7990,0.0147,0.0039,0.0532
425.9006,0.3616,0.1837,0.0256,0.3653,0.5664,0.7215,0.0108,0.0220,0.0113
598.4236,0.3884,0.1693,0.0054,0.4381,0.4209,0.7752,0.0078,0.0016,0.0914
549.7333,0.3388,0.2282,0.0148,0.3752,0.5429,0.7459,0.0061,0.0348,0.0835
548.4130,0.3032,0.1492,0.0086,0.3010,0.2317,0.7821,0.0035,0.1183,0.0020
453.9078,0.3091,0.2062,0.0019,0.2643,0.5546,0.6920,0.0006,0.1945,0.0007
304.1391,0.4206,0.1158,0.0082,0.0248,0.1064,0.4549,0.0085,0.0048,0.0565
488.9634,0.3318,0.1546,0.0236,0.3328,0.5687,0.6683,0.0074,0.0025,0.0690
501.0024,0.3365,0.1197,0.0398,0.4386,0.5194,0.7444,0.0017,0.0443,0.0328
409.7372,0.3179,0.2170,0.0042,0.3695,0.4453,0.6491,0.0017,0.0364,0.0375
510.8008,0.3107,0.1467,0.0049,0.0089,0.2053,0.6069,0.0085,0.0733,0.0152
402.6851,0.4119,0.1509,0.0163,0.3075,0.5812,0.6235,0.0046,0.0044,0.0002
554.4952,0.5208,0.1866,0.0081,0.4803,0.5618,0.6174,0.0142,0.0060,0.0600
460.1476,0.3086,0.1656,0.0099,0.4205,0.4710,0.7580,0.0005,0.0006,0.1910
452.4368,0.4238,0.2317,0.0228,0.4824,0.5910,0.7949,0.0034,0.0332,0.1447
364.1654,0.3911,0.0990,0.0056,0.0965,0.4972,0.7819,0.0100,0.0113,0.0784
371.3742,0.3389,0.2152,0.0024,0.4032,0.5897,0.6537,0.0122,0.0383,0.0141
586.7294,0.3069,0.1429,0.0172,0.3915,0.4957,0.7618,0.0018,0.0943,0.1298
382.9290,0.3365,0.2000,0.0013,0.1283,0.5438,0.5689,0.0025,0.0271,0.0368
506.0309,0.5665,0.1712,0.0232,0.4911,0.5546,0.7356,0.0004,0.1144,0.0177
364.3887,0.3863,0.1726,0.0084,0.2310,0.5495,0.6678,0.0019,0.0931,0.0046
536.5105,0.4584,0.2502,0.0186,0.4476,0.5588,0.7967,0.0125,0.0106,0.0484
501.3206,0.7742,0.2684,0.0107,0.4940,0.5920,0.7087,0.0025,0.1321,0.0396
537.9985,0.3051,0.2201,0.0420,0.4549,0.5972,0.7603,0.0060,0.1219,0.0104
406.5361,0.4871,0.2970,0.0039,0.4527,0.5961,0.6158,0.0001,0.0191,0.0072
553.7198,0.3491,0.1650,0.0313,0.2909,0.5306,0.7709,0.0030,0.0301,0.0216
592.2437,0.9051,0.1662,0.0084,0.4731,0.5902,0.6906,0.0017,0.1116,0.0563
557.2290,0.5018,0.1480,0.0163,0.4609,0.5609,0.7549,0.0117,0.0457,0.0120
455.3816,0.4430,0.1337,0.0062,0.4552,0.5939,0.6575,0.0009,0.0746,0.0786
312.7779,0.3927,0.1541,0.0106,0.0821,0.3546,0.6472,0.0072,0.0400,0.0323
498.2222,0.3557,0.2149,0.0317,0.4973,0.5087,0.6318,0.0042,0.0072,0.0011
399.6649,0.4364,0.1837,0.0081,0.2566,0.5724,0.7683,0.0022,0.0377,0.0294
563.0653,0.6660,0.2452,0.0028,0.4619,0.5857,0.7505,0.0112,0.0652,0.0912
583.7432,0.3475,0.2583,0.0194,0.4799,0.5563,0.6940,0.0012,0.0918,0.0895
489.9374,0.3508,0.1795,0.0065,0.3525,0.5541,0.7824,0.0099,0.0396,0.1294
398.3635,0.3664,0.1120,0.0274,0.1066,0.5867,0.7755,0.0060,0.0550,0.0189
431.0401,0.3655,0.1248,0.0057,0.0269,0.3136,0.7246,0.0004,0.0003,0.1470
353.0019,0.3961,0.1557,0.0014,0.3527,0.5781,0.7262,0.0022,0.1412,0.0493
311.5080,0.4071,0.1192,0.0281,0.1893,0.4660,0.7665,0.0018,0.0070,0.0598
503.6473,0.3118,0.1857,0.0102,0.4856,0.3799,0.6995,0.0133,0.0140,0.0280
548.6974,0.3635,0.1376,0.0076,0.4336,0.5478,0.6403,0.0087,0.0730,0.0153
498.7846,0.3385,0.1231,0.0011,0.0668,0.4535,0.4947,0.0073,0.0288,0.0183
588.7413,0.7919,0.2764,0.0133,0.4880,0.5812,0.7997,0.0152,0.0077,0.0767
376.8697,0.4141,0.1482,0.0108,0.3565,0.4623,0.7407,0.0094,0.0164,0.0099
340.3731,0.3504,0.1983,0.0145,0.1677,0.3532,0.7697,0.0002,0.0147,0.0236
426.7268,0.3215,0.2149,0.0218,0.2945,0.5982,0.7819,0.0067,0.0201,0.0998
347.2054,0.4643,0.1395,0.0060,0.2296,0.4891,0.7520,0.0037,0.0191,0.0042
549.0153,0.3859,0.1967,0.0325,0.4646,0.5748,0.6852,0.0115,0.0356,0.0084
520.7467,0.3294,0.1763,0.0072,0.4092,0.5787,0.7263,0.0015,0.1985,0.1004
485.5173,0.3067,0.1648,0.0168,0.4936,0.5730,0.6407,0.0054,0.0172,0.1328
466.7375,0.3350,0.1299,0.0280,0.0483,0.1332,0.7079,0.0048,0.0257,0.0168
567.9807,0.3421,0.2274,0.0111,0.4607,0.4381,0.6132,0.0010,0.0229,0.0229
574.8812,0.3903,0.1691,0.0216,0.3977,0.5601,0.6579,0.0025,0.0180,0.0709
476.3236,0.3130,0.1379,0.0467,0.3562,0.4966,0.7715,0.0011,0.0484,0.0176
512.9515,0.3296,0.1525,0.0030,0.2531,0.4128,0.7856,0.0023,0.0142,0.1708
519.1933,0.4002,0.2108,0.0174,0.3161,0.5506,0.7678,0.0038,0.0197,0.0256
431.9471,0.3175,0.2131,0.0020,0.1620,0.4778,0.7482,0.0144,0.0180,0.0359
321.9243,0.4374,0.1211,0.0252,0.0025,0.5058,0.3065,0.0030,0.0033,0.0108
468.3255,0.5170,0.2397,0.0032,0.4776,0.5369,0.7012,0.0130,0.0096,0.0505
515.3987,0.4527,0.1887,0.0315,0.4947,0.5695,0.7743,0.0002,0.1043,0.0845
339.7417,0.5815,0.2263,0.0078,0.4652,0.5899,0.7585,0.0033,0.0106,0.0598
502.4757,0.3433,0.2816,0.0046,0.4698,0.5456,0.7515,0.0164,0.0657,0.0039
467.6946,0.3460,0.1137,0.0016,0.1527,0.5755,0.7958,0.0077,0.1501,0.0062
397.6451,0.3540,0.1376,0.0338,0.1225,0.3859,0.7235,0.0043,0.0341,0.0239
439.1390,0.3651,0.1626,0.0080,0.4585,0.5336,0.7614,0.0047,0.1132,0.1174
549.0576,0.4848,0.2530,0.0166,0.4800,0.5798,0.7370,0.0093,0.1124,0.0208
312.2427,0.8201,0.1797,0.0029,0.4739,0.5889,0.7946,0.0011,0.0272,0.0301
342.0945,0.4156,0.1370,0.0012,0.0030,0.3431,0.4080,0.0009,0.0320,0.1013
428.7748,0.3085,0.2694,0.0149,0.4723,0.5026,0.7804,0.0001,0.1311,0.0208
440.7058,0.3212,0.1542,0.0120,0.1346,0.4523,0.7874,0.0026,0.0817,0.0117
497.9199,0.4040,0.1441,0.0109,0.4636,0.5285,0.5721,0.0004,0.0354,0.0094
576.1567,0.3738,0.1738,0.0252,0.4600,0.5843,0.7978,0.0184,0.0648,0.0339
584.3175,0.4913,0.1158,0.0047,0.4346,0.5869,0.6598,0.0018,0.0562,0.0235
433.8349,0.3604,0.2364,0.0057,0.4938,0.4297,0.7703,0.0129,0.0497,0.0018
482.2643,0.4543,0.1620,0.0147,0.4308,0.5655,0.7528,0.0108,0.0641,0.0126
421.6845,0.3511,0.1017,0.0212,0.1445,0.5115,0.7936,0.0104,0.0001,0.0238
523.7990,0.4760,0.2043,0.0096,0.3516,0.5775,0.7394,0.0006,0.0568,0.0462
270.2475,0.4616,0.1147,0.0135,0.1627,0.5841,0.7286,0.0008,0.0014,0.0456
447.4347,0.3023,0.2233,0.0110,0.3438,0.5062,0.6960,0.0088,0.0003,0.0902
396.2712,0.6617,0.1675,0.0051,0.4175,0.5924,0.7983,0.0120,0.0096,0.0064
403.3771,0.3458,0.1545,0.0247,0.3985,0.5630,0.7067,0.0020,0.1335,0.0068
559.4381,0.4326,0.1040,0.0120,0.3650,0.5794,0.7810,0.0011,0.0369,0.0173
507.4864,0.4471,0.2786,0.0024,0.4075,0.5850,0.6409,0.0023,0.0001,0.0850
369.2433,0.3986,0.1226,0.0206,0.2292,0.3276,0.7129,0.0001,0.0115,0.0430
519.3076,0.9990,0.2426,0.0016,0.4933,0.5530,0.6892,0.0080,0.1143,0.0074
348.9482,0.4214,0.1149,0.0018,0.4291,0.4410,0.7743,0.0040,0.0626,0.0526
588.8432,0.5357,0.2463,0.0086,0.4447,0.5267,0.6085,0.0012,0.0584,0.0171
472.6662,0.3131,0.1476,0.0200,0.0591,0.5936,0.5533,0.0111,0.0019,0.0112
444.4761,0.3521,0.1077,0.0011,0.2769,0.5625,0.7677,0.0082,0.0356,0.1323
559.2151,0.3403,0.1673,0.0026,0.4960,0.5222,0.6685,0.0117,0.1048,0.0688
488.3724,0.3079,0.2038,0.0013,0.0514,0.3536,0.7440,0.0077,0.0057,0.0511
530.0989,0.3107,0.2475,0.0160,0.3848,0.5816,0.6593,0.0065,0.0575,0.0256
414.8939,0.3472,0.1388,0.0089,0.4673,0.2949,0.7817,0.0160,0.0180,0.0173
341.4687,0.3923,0.1117,0.0079,0.0189,0.1451,0.3565,0.0088,0.0477,0.0058
460.8758,0.3283,0.1750,0.0182,0.2020,0.5137,0.6548,0.0046,0.0074,0.0648
508.8891,0.3151,0.1191,0.0034,0.4662,0.5892,0.7072,0.0039,0.0763,0.1521
446.4005,0.3310,0.2602,0.0053,0.3597,0.4214,0.7397,0.0009,0.0606,0.0037
322.7650,0.3721,0.1460,0.0158,0.4025,0.4131,0.7603,0.0098,0.0052,0.0133
538.9189,0.5546,0.2919,0.0077,0.4706,0.5847,0.7710,0.0132,0.0489,0.0412
371.8530,0.4428,0.2200,0.0045,0.4655,0.5507,0.7936,0.0063,0.0289,0.1102
409.1189,0.3436,0.1412,0.0209,0.0254,0.5354,0.7637,0.0033,0.0303,0.0420
478.2581,0.3683,0.2264,0.0027,0.4179,0.5113,0.7493,0.0023,0.1604,0.0283
545.5818,0.4237,0.1428,0.0115,0.4964,0.5867,0.7524,0.0127,0.0074,0.1547
595.5492,0.3092,0.1932,0.0210,0.4343,0.4743,0.7698,0.0112,0.0312,0.0830
450.7759,0.5208,0.1585,0.0201,0.4937,0.5651,0.6603,0.0047,0.0364,0.0164
451.8579,0.3465,0.1332,0.0133,0.0841,0.2830,0.7481,0.0026,0.0201,0.0891
442.3302,0.7284,0.2498,0.0082,0.4908,0.5951,0.6559,0.0030,0.0169,0.1189
435.1236,0.3250,0.1840,0.0016,0.1208,0.4031,0.7016,0.0119,0.0778,0.0004
492.0610,0.3610,0.2501,0.0118,0.4131,0.5244,0.7800,0.0033,0.1116,0.0216
442.1080,0.3671,0.1409,0.0075,0.2615,0.3649,0.6845,0.0016,0.0534,0.0284
456.5196,0.3391,0.1306,0.0038,0.3930,0.5386,0.7974,0.0156,0.0090,0.1534
317.4350,0.3762,0.1570,0.0079,0.0198,0.4089,0.7851,0.0113,0.0305,0.0123
519.0558,0.3628,0.1556,0.0390,0.3480,0.5621,0.7007,0.0001,0.0103,0.0415
501.6285,0.3244,0.1157,0.0053,0.1338,0.5349,0.5613,0.0149,0.0007,0.0069
468.1095,0.3198,0.1809,0.0140,0.4009,0.5825,0.7376,0.0142,0.0841,0.0545
363.5001,0.4264,0.1318,0.0297,0.3569,0.5525,0.7988,0.0016,0.0200,0.0464
329.8093,0.4148,0.0900,0.0206,0.0685,0.4316,0.7785,0.0083,0.0036,0.0180
394.5006,0.3498,0.2646,0.0048,0.3757,0.3849,0.7476,0.0016,0.0029,0.0152
594.3495,0.3773,0.2792,0.0484,0.4836,0.5899,0.7626,0.0000,0.0459,0.0468
460.9226,0.3617,0.1298,0.0199,0.2294,0.5602,0.7557,0.0039,0.0469,0.0481
557.2601,0.7834,0.2015,0.0046,0.4445,0.5993,0.7184,0.0065,0.0749,0.0747
592.2195,0.3992,0.1843,0.0244,0.4889,0.5661,0.7866,0.0165,0.0822,0.0361
362.3699,0.3524,0.2270,0.0010,0.3953,0.4590,0.7787,0.0010,0.0798,0.0878
255.3484,0.4510,0.1462,0.0110,0.0187,0.5176,0.7357,0.0045,0.0000,0.0352
527.4020,0.3355,0.1924,0.0136,0.4585,0.5646,0.7038,0.0052,0.0017,0.2151
511.8192,0.7387,0.2691,0.0326,0.4976,0.5543,0.7769,0.0013,0.0301,0.0108
433.2221,0.3677,0.1153,0.0021,0.0033,0.5442,0.3263,0.0044,0.0686,0.0474
420.4407,0.4300,0.2040,0.0240,0.4332,0.5771,0.7218,0.0030,0.0007,0.0811
354.8166,0.3554,0.1584,0.0036,0.1221,0.4993,0.6870,0.0073,0.0022,0.0625
399.4559,0.3634,0.1422,0.0033,0.3462,0.5178,0.7895,0.0175,0.0638,0.0376
441.9530,0.3116,0.1874,0.0059,0.2966,0.4749,0.5972,0.0021,0.0045,0.0378
473.9117,0.6344,0.2048,0.0044,0.4911,0.5231,0.7960,0.0096,0.0003,0.1118
490.9030,0.3593,0.0919,0.0057,0.0010,0.5121,0.5893,0.0014,0.0297,0.0447
497.7616,0.4607,0.2238,0.0027,0.4988,0.5437,0.7214,0.0011,0.0568,0.2037
337.1363,0.4150,0.1193,0.0084,0.2613,0.1482,0.7979,0.0025,0.0145,0.0624
532.6228,0.3564,0.1727,0.0178,0.4358,0.4237,0.6762,0.0025,0.0523,0.0041
518.9629,0.3065,0.1615,0.0246,0.2890,0.4800,0.7899,0.0191,0.0078,0.0116
498.9735,0.6857,0.1643,0.0016,0.4543,0.5778,0.5259,0.0006,0.0047,0.0641
428.7022,0.3905,0.1733,0.0138,0.3220,0.5281,0.7451,0.0114,0.0088,0.0225
584.5085,0.5440,0.1935,0.0087,0.3994,0.4770,0.7468,0.0025,0.0019,0.0107
385.4950,0.3546,0.1713,0.0012,0.0369,0.4774,0.4908,0.0124,0.0410,0.0110
332.6048,0.3943,0.1269,0.0142,0.0842,0.4801,0.7362,0.0014,0.0573,0.0639
465.8378,0.3264,0.1496,0.0242,0.3525,0.5226,0.7141,0.0001,0.0752,0.0984
514.5033,0.3177,0.2069,0.0094,0.1205,0.5722,0.6474,0.0007,0.0088,0.0518
590.8564,0.9923,0.2652,0.0054,0.4498,0.5799,0.4975,0.0011,0.0516,0.0522
566.4838,0.3106,0.1730,0.0045,0.1714,0.5941,0.7553,0.0020,0.0292,0.1479
432.6142,0.3248,0.2443,0.0269,0.4163,0.5643,0.7621,0.0034,0.0278,0.0729
559.5134,0.3504,0.2158,0.0108,0.4686,0.5383,0.7382,0.0123,0.1397,0.0213
580.2991,0.6690,0.2327,0.0183,0.4808,0.5715,0.7049,0.0023,0.0174,0.1390
571.3000,0.4162,0.2478,0.0375,0.4418,0.5768,0.7798,0.0061,0.0259,0.0305
295.2694,0.4449,0.1267,0.0013,0.3198,0.4046,0.7822,0.0034,0.0054,0.0824
501.8360,0.3020,0.1875,0.0287,0.2331,0.4925,0.7663,0.0052,0.0382,0.0525
342.3369,0.3842,0.1433,0.0194,0.4569,0.5068,0.6618,0.0017,0.0093,0.0202
424.7355,0.3311,0.1443,0.0153,0.0838,0.4418,0.6749,0.0051,0.0308,0.0158
485.5554,0.3841,0.2103,0.0211,0.4662,0.4953,0.7736,0.0060,0.0386,0.0684
297.1726,0.4024,0.1353,0.0065,0.0271,0.5733,0.7440,0.0043,0.0393,0.0341
493.5954,0.5576,0.1861,0.0224,0.4584,0.5725,0.7234,0.0046,0.0197,0.0615
346.9569,0.3899,0.1850,0.0076,0.2023,0.5989,0.6664,0.0031,0.0728,0.0053
503.7196,0.3459,0.1957,0.0280,0.4248,0.4151,0.7911,0.0074,0.0067,0.0335
383.9149,0.3714,0.0951,0.0056,0.1789,0.4439,0.7980,0.0085,0.0124,0.0303
553.8458,0.3148,0.1551,0.0078,0.3539,0.5734,0.6884,0.0164,0.0281,0.0739
404.4623,0.3531,0.1607,0.0112,0.0823,0.1572,0.5734,0.0087,0.0045,0.0129
421.0173,0.3816,0.1330,0.0461,0.4027,0.5969,0.7792,0.0018,0.0287,0.0363
568.2712,0.3538,0.1477,0.0040,0.4881,0.3917,0.7935,0.0005,0.0724,0.1572
498.1306,0.3021,0.2285,0.0066,0.4360,0.5988,0.6088,0.0151,0.0099,0.0478
574.6088,0.4690,0.2144,0.0165,0.4251,0.5136,0.7604,0.0032,0.0388,0.0486
445.4435,0.3340,0.1684,0.0046,0.0237,0.4088,0.5578,0.0078,0.0130,0.0658
502.6580,0.4254,0.1631,0.0057,0.3235,0.5710,0.7712,0.0051,0.0945,0.0178
395.4444,0.3267,0.2105,0.0095,0.1998,0.3874,0.7282,0.0091,0.0242,0.0316
365.3405,0.3777,0.2018,0.0022,0.3228,0.5640,0.7335,0.0028,0.0107,0.1422
563.4015,0.4106,0.2204,0.0084,0.4059,0.5924,0.6320,0.0064,0.0928,0.0274
511.0526,0.3374,0.1078,0.0208,0.0014,0.2900,0.6127,0.0049,0.0009,0.0234
568.9531,0.6240,0.1936,0.0155,0.4886,0.5739,0.7672,0.0133,0.1026,0.0124
530.9409,0.3132,0.1479,0.0152,0.2207,0.4986,0.7162,0.0047,0.0112,0.1136
359.3258,0.3550,0.1939,0.0202,0.0228,0.2084,0.7927,0.0014,0.0629,0.0130
438.7695,0.3302,0.2091,0.0069,0.4859,0.5486,0.6453,0.0041,0.0924,0.0530
458.3340,0.3291,0.1333,0.0343,0.1383,0.4265,0.7314,0.0037,0.0524,0.0035
388.9897,0.3401,0.1747,0.0073,0.2866,0.5542,0.7532,0.0028,0.0952,0.0911
536.6835,0.3763,0.1320,0.0167,0.3438,0.5998,0.7536,0.0012,0.1144,0.0429
486.2893,0.3580,0.2395,0.0155,0.4504,0.4146,0.7241,0.0043,0.0223,0.0010
294.2707,0.4284,0.0982,0.0129,0.0113,0.3991,0.6925,0.0060,0.0217,0.0239
443.6324,0.3552,0.1959,0.0019,0.1128,0.5186,0.5766,0.0006,0.0457,0.0023
371.1823,0.3518,0.1677,0.0127,0.4306,0.4808,0.7568,0.0116,0.0175,0.0783
391.1310,0.3709,0.1126,0.0180,0.4948,0.1027,0.7783,0.0029,0.0068,0.0015
545.6060,0.8803,0.2077,0.0216,0.4811,0.5636,0.7243,0.0079,0.0368,0.0038
595.0777,0.4770,0.2249,0.0015,0.4679,0.5930,0.7811,0.0179,0.1202,0.0841
498.2836,0.3234,0.1684,0.0307,0.4621,0.5552,0.7787,0.0048,0.0473,0.1473
510.0046,0.3169,0.1409,0.0144,0.0168,0.1198,0.5729,0.0054,0.0600,0.0138
399.9657,0.4235,0.1372,0.0068,0.2840,0.4937,0.6500,0.0015,0.0169,0.0220
515.7548,0.5845,0.2174,0.0120,0.4982,0.5983,0.6783,0.0091,0.0396,0.1313
454.9914,0.4108,0.1790,0.0072,0.4904,0.4842,0.7609,0.0003,0.0211,0.2006
462.8670,0.3188,0.1206,0.0253,0.4284,0.3544,0.7939,0.0036,0.0154,0.0174
430.3164,0.5064,0.2132,0.0012,0.3907,0.5502,0.7229,0.0014,0.0377,0.0682
567.8073,0.3046,0.1219,0.0090,0.0442,0.5506,0.4835,0.0113,0.0041,0.0133
548.8824,0.3327,0.1832,0.0059,0.3985,0.5317,0.7742,0.0080,0.0189,0.2033
481.1890,0.3399,0.1129,0.0066,0.2299,0.2722,0.7323,0.0023,0.0581,0.0565
489.8692,0.3392,0.1332,0.0086,0.3251,0.5066,0.6321,0.0093,0.0182,0.0292
430.9934,0.3307,0.2036,0.0077,0.0621,0.2662,0.5609,0.0010,0.0539,0.0015
481.6101,0.6514,0.1850,0.0114,0.4289,0.5739,0.7433,0.0052,0.0629,0.0041
596.1157,0.8911,0.2698,0.0137,0.4941,0.5684,0.4593,0.0043,0.0266,0.0452
442.3644,0.3208,0.1800,0.0095,0.0275,0.1598,0.4449,0.0103,0.0146,0.0239
542.0530,0.3347,0.2121,0.0301,0.3619,0.5681,0.7968,0.0005,0.0785,0.0759
515.8329,0.3943,0.2479,0.0115,0.4851,0.4064,0.7100,0.0002,0.0096,0.0325
522.9284,0.3357,0.1298,0.0084,0.0142,0.4383,0.5857,0.0024,0.0388,0.0249
430.2932,0.3029,0.2442,0.0039,0.4049,0.3603,0.6923,0.0081,0.0115,0.0116
453.7677,0.3531,0.1157,0.0168,0.1068,0.3969,0.7977,0.0115,0.0112,0.0106
532.6800,0.3147,0.1375,0.0142,0.3314,0.3327,0.6515,0.0034,0.0348,0.0095
530.4817,0.3287,0.1852,0.0093,0.4759,0.5191,0.6154,0.0062,0.1182,0.0004
578.5550,0.7483,0.1811,0.0040,0.4619,0.5590,0.7917,0.0031,0.0613,0.1135
571.7770,0.4516,0.1954,0.0206,0.4790,0.5884,0.7157,0.0131,0.0910,0.0308
589.4646,0.3022,0.1797,0.0245,0.3825,0.3385,0.7595,0.0047,0.0026,0.0463
492.4472,0.3868,0.1874,0.0189,0.4489,0.5868,0.7438,0.0043,0.0126,0.1824
541.4254,0.4358,0.1135,0.0014,0.3859,0.4746,0.7769,0.0021,0.0259,0.0423
399.1327,0.4660,0.1758,0.0203,0.4116,0.5392,0.7883,0.0065,0.0131,0.0342
406.2534,0.3515,0.1247,0.0124,0.4737,0.4251,0.7631,0.0100,0.0281,0.0707
469.0185,0.3328,0.1433,0.0059,0.0288,0.5840,0.3636,0.0060,0.0576,0.0213
550.9564,0.4876,0.1559,0.0037,0.3640,0.5898,0.7944,0.0173,0.0164,0.0066
511.7257,0.3208,0.1445,0.0154,0.4066,0.4459,0.7635,0.0066,0.0458,0.1118
518.6267,0.4148,0.2186,0.0048,0.4696,0.5835,0.7888,0.0095,0.0700,0.1778
525.3806,0.3180,0.1042,0.0018,0.0302,0.4874,0.6631,0.0080,0.0222,0.0203
452.6070,0.5884,0.1788,0.0035,0.4775,0.4984,0.7063,0.0011,0.0141,0.0908
497.2042,0.3475,0.1587,0.0209,0.3064,0.5183,0.7202,0.0100,0.0154,0.0217
461.0902,0.3200,0.1648,0.0228,0.0078,0.2114,0.6009,0.0049,0.0293,0.0322
477.1096,0.3271,0.1299,0.0345,0.4531,0.5261,0.7466,0.0056,0.0027,0.0962
482.9800,0.3414,0.1728,0.0048,0.3380,0.5435,0.6667,0.0010,0.0442,0.1489
559.5784,0.3136,0.1925,0.0397,0.4700,0.3600,0.7581,0.0012,0.0368,0.0004
581.5165,0.4165,0.1415,0.0298,0.4081,0.4819,0.7953,0.0027,0.0044,0.0172
379.6336,0.4010,0.1562,0.0230,0.4515,0.4295,0.7773,0.0038,0.0457,0.0211
429.2709,0.3288,0.2072,0.0097,0.3894,0.5652,0.7443,0.0022,0.0681,0.1554
422.2836,0.4036,0.1085,0.0129,0.1103,0.5375,0.6142,0.0000,0.0223,0.0066
317.6730,0.3627,0.1985,0.0034,0.2162,0.3285,0.7215,0.0116,0.0062,0.0112
441.8936,0.3588,0.2146,0.0029,0.4403,0.3138,0.7599,0.0019,0.0596,0.0162
334.7990,0.4011,0.1335,0.0098,0.0981,0.5879,0.6455,0.0025,0.1001,0.0211
544.9139,0.7096,0.2126,0.0145,0.4866,0.5488,0.7428,0.0082,0.0063,0.0874
389.3379,0.3666,0.1730,0.0175,0.0741,0.4640,0.5852,0.0041,0.0211,0.0065
379.8828,0.3626,0.1376,0.0271,0.3788,0.2747,0.7622,0.0060,0.0125,0.0152
526.9822,0.3064,0.1749,0.0073,0.2039,0.5832,0.6646,0.0039,0.1267,0.0334
528.0733,0.5107,0.1967,0.0218,0.4486,0.5479,0.7790,0.0061,0.0322,0.0538
449.7592,0.3370,0.2309,0.0236,0.4407,0.5351,0.7364,0.0045,0.0507,0.0490
276.3070,0.4484,0.1223,0.0011,0.0057,0.5510,0.7036,0.0053,0.0494,0.0523
539.0910,0.3108,0.1831,0.0289,0.4188,0.4554,0.7190,0.0033,0.0165,0.0854
575.1509,0.3611,0.1662,0.0132,0.3636,0.5507,0.7593,0.0129,0.0332,0.0524
418.0529,0.6021,0.2006,0.0173,0.4116,0.5940,0.7610,0.0034,0.0312,0.0179
382.0522,0.4753,0.1341,0.0029,0.4746,0.4643,0.7904,0.0005,0.0074,0.1382
443.6913,0.3163,0.2232,0.0056,0.1549,0.1094,0.7976,0.0009,0.0281,0.0264
588.6871,0.3016,0.1685,0.0047,0.4823,0.3538,0.7089,0.0089,0.0639,0.0453
519.9057,0.3547,0.2176,0.0013,0.4069,0.5609,0.6514,0.0142,0.0045,0.0814
473.9431,0.4319,0.2993,0.0068,0.4925,0.4660,0.7642,0.0010,0.0489,0.0029
438.6429,0.3830,0.0999,0.0135,0.4305,0.5960,0.7897,0.0026,0.0626,0.0901
344.9138,0.3419,0.1809,0.0061,0.3327,0.5867,0.7688,0.0069,0.0031,0.0635
351.4852,0.3908,0.1225,0.0144,0.2697,0.4743,0.7514,0.0096,0.0357,0.0187
447.7479,0.8751,0.1913,0.0025,0.4295,0.5662,0.7785,0.0047,0.0422,0.0044
459.6239,0.3663,0.2371,0.0017,0.4840,0.5709,0.6071,0.0051,0.0813,0.0383
423.9671,0.3309,0.1568,0.0043,0.4091,0.4030,0.7991,0.0104,0.1321,0.0525
510.0619,0.3654,0.1683,0.0176,0.2462,0.5233,0.7861,0.0056,0.0026,0.0459
342.7069,0.4065,0.0983,0.0359,0.0618,0.5724,0.7624,0.0001,0.0145,0.0470
554.3536,0.9596,0.2032,0.0129,0.4629,0.5825,0.7644,0.0074,0.0444,0.0470
448.1748,0.3606,0.1078,0.0078,0.2237,0.1779,0.7278,0.0015,0.0115,0.0645
591.9496,0.8164,0.2645,0.0122,0.4554,0.5943,0.4854,0.0001,0.0633,0.0334
512.7273,0.3213,0.2037,0.0076,0.4475,0.2464,0.7203,0.0020,0.0227,0.0016
465.3631,0.3192,0.1830,0.0057,0.1071,0.4807,0.6133,0.0091,0.0531,0.0066
418.2247,0.3558,0.1389,0.0031,0.0321,0.4299,0.6806,0.0144,0.0292,0.0268
405.0618,0.3375,0.1814,0.0151,0.0130,0.3156,0.7574,0.0001,0.0886,0.0054
450.8947,0.3164,0.2682,0.0177,0.4562,0.4548,0.7782,0.0052,0.0290,0.0311
273.8274,0.4690,0.0932,0.0077,0.0212,0.3764,0.7473,0.0044,0.0302,0.0191
370.4509,0.3642,0.1787,0.0084,0.4055,0.5460,0.7311,0.0046,0.1617,0.0006
586.3431,0.3303,0.0806,0.0105,0.4978,0.5582,0.7902,0.0008,0.0064,0.1329
466.5394,0.3048,0.2104,0.0326,0.2426,0.5918,0.7989,0.0044,0.0125,0.0911
581.4131,0.8442,0.2345,0.0238,0.4870,0.5878,0.7780,0.0013,0.0245,0.1399
340.6012,0.3861,0.1460,0.0222,0.0964,0.3099,0.7372,0.0005,0.0232,0.0859
411.4954,0.3521,0.1762,0.0024,0.4464,0.5126,0.7725,0.0181,0.1091,0.0112
568.4387,0.5941,0.2507,0.0293,0.4636,0.5936,0.7030,0.0053,0.0143,0.0576
535.9046,0.3403,0.2395,0.0040,0.2904,0.5524,0.6168,0.0021,0.0306,0.0187
486.5969,0.8100,0.1877,0.0079,0.4916,0.5665,0.6346,0.0111,0.0160,0.0318
519.5878,0.3756,0.1478,0.0269,0.4444,0.5955,0.7236,0.0057,0.0420,0.0861
441.1363,0.3597,0.1332,0.0201,0.4146,0.3942,0.7084,0.0071,0.0077,0.0115
547.8564,0.3396,0.1625,0.0016,0.4371,0.5915,0.6898,0.0156,0.1745,0.0032
476.7523,0.4634,0.1999,0.0126,0.4766,0.5063,0.6868,0.0094,0.0308,0.0115
495.3122,0.6368,0.2278,0.0082,0.4688,0.5600,0.7614,0.0000,0.0498,0.1358
478.0542,0.3495,0.0950,0.0286,0.1288,0.5236,0.7271,0.0026,0.0241,0.0042
583.3569,0.3678,0.1955,0.0020,0.3810,0.4939,0.7360,0.0014,0.0324,0.1554
393.4141,0.3632,0.1318,0.0164,0.1462,0.5375,0.6650,0.0021,0.1090,0.0197
372.5863,0.3951,0.0855,0.0020,0.0875,0.1290,0.7630,0.0040,0.0201,0.0466
315.3355,0.3877,0.2169,0.0176,0.3897,0.4800,0.7635,0.0001,0.0029,0.0471
562.8249,0.3059,0.1436,0.0123,0.0218,0.1684,0.4374,0.0027,0.0326,0.0203
585.9436,0.3653,0.2521,0.0031,0.4626,0.5118,0.6243,0.0002,0.0513,0.1076
514.7663,0.4171,0.2535,0.0146,0.4575,0.5967,0.7134,0.0184,0.0032,0.0405
400.2351,0.3724,0.1342,0.0152,0.4392,0.4845,0.7674,0.0117,0.0345,0.0384
504.3288,0.3051,0.1597,0.0091,0.4599,0.4319,0.7880,0.0004,0.1676,0.1302
374.0899,0.3433,0.1529,0.0196,0.0702,0.4641,0.7563,0.0151,0.0010,0.0050
495.0415,0.5843,0.1512,0.0069,0.4415,0.5137,0.6451,0.0007,0.0050,0.0217
575.0108,0.3077,0.1524,0.0261,0.3047,0.4923,0.7313,0.0064,0.0211,0.0601
548.3863,0.3066,0.2454,0.0249,0.4896,0.5942,0.7458,0.0096,0.0819,0.0863
359.5509,0.3686,0.1504,0.0156,0.2171,0.5323,0.7139,0.0017,0.0503,0.0918
455.4876,0.3905,0.2417,0.0143,0.4018,0.5466,0.7950,0.0024,0.0797,0.0458
524.4253,0.3046,0.2004,0.0011,0.3660,0.5938,0.7278,0.0008,0.0498,0.2842
448.7196,0.3396,0.1431,0.0173,0.0989,0.5169,0.6727,0.0002,0.1279,0.0111
421.6165,0.3350,0.2223,0.0156,0.4925,0.5821,0.7843,0.0060,0.1714,0.0410
539.0037,0.3640,0.1969,0.0096,0.4838,0.4045,0.7404,0.0174,0.0003,0.0051
445.1641,0.9053,0.2486,0.0026,0.4769,0.5801,0.5770,0.0034,0.0239,0.0570
390.9171,0.3571,0.2275,0.0226,0.3004,0.5603,0.7282,0.0026,0.0311,0.0120
326.3530,0.4290,0.1193,0.0020,0.2393,0.5133,0.6956,0.0071,0.0327,0.0186
574.9950,0.4432,0.2766,0.0112,0.4669,0.5762,0.7946,0.0042,0.1370,0.0640
464.5971,0.3445,0.1122,0.0013,0.0878,0.3848,0.7204,0.0001,0.0574,0.0887
544.9381,0.5975,0.1369,0.0061,0.4713,0.5719,0.7305,0.0137,0.0331,0.0060
426.4055,0.4211,0.1657,0.0017,0.4790,0.4947,0.7808,0.0169,0.0521,0.0374
392.3606,0.4612,0.1910,0.0020,0.4561,0.5845,0.7659,0.0002,0.1913,0.0573
519.7215,0.3416,0.1692,0.0123,0.3796,0.5135,0.7670,0.0148,0.0535,0.0393
476.8946,0.4289,0.1821,0.0259,0.4177,0.5963,0.7726,0.0103,0.0235,0.0475
533.3816,0.3710,0.1648,0.0053,0.2783,0.4526,0.7168,0.0083,0.0090,0.0073
599.0481,0.4081,0.1459,0.0012,0.4116,0.5082,0.7238,0.0036,0.1251,0.0320
356.8525,0.3915,0.1337,0.0198,0.0280,0.5285,0.3913,0.0064,0.0110,0.0149
474.0063,0.3498,0.1454,0.0048,0.3301,0.4407,0.7917,0.0123,0.0763,0.0313
538.3094,0.3791,0.2847,0.0037,0.4992,0.5698,0.6962,0.0129,0.0606,0.0674
563.7844,0.3927,0.2832,0.0139,0.4873,0.5299,0.6739,0.0059,0.0314,0.0453
379.2036,0.3699,0.1050,0.0030,0.1370,0.3298,0.7478,0.0175,0.0214,0.0200
536.2540,0.4009,0.1939,0.0262,0.4734,0.5472,0.7358,0.0092,0.0969,0.0002
335.6888,0.3583,0.1709,0.0311,0.4741,0.5849,0.7764,0.0016,0.0130,0.0814
584.8913,0.5206,0.2558,0.0158,0.4899,0.5395,0.7732,0.0002,0.0988,0.0969
477.2637,0.3578,0.1754,0.0294,0.4805,0.5421,0.6600,0.0062,0.0516,0.0005
554.3847,0.3225,0.1473,0.0199,0.4465,0.5440,0.7122,0.0119,0.0715,0.0399
589.7941,0.7286,0.1604,0.0033,0.4948,0.5733,0.7922,0.0019,0.0811,0.1719
420.0390,0.3452,0.1410,0.0336,0.3116,0.5675,0.7386,0.0075,0.0604,0.0048
564.1346,0.3008,0.1550,0.0011,0.1455,0.2119,0.7739,0.0133,0.0003,0.0303
468.3507,0.3142,0.2097,0.0018,0.4761,0.4680,0.7321,0.0163,0.0396,0.0756
429.3014,0.3608,0.1606,0.0054,0.4168,0.5187,0.6741,0.0016,0.0239,0.1531
290.7011,0.4097,0.1431,0.0189,0.1802,0.5443,0.7816,0.0099,0.0123,0.0186
482.8191,0.3545,0.2181,0.0088,0.3732,0.5285,0.7517,0.0003,0.0140,0.1702
384.7202,0.3353,0.2106,0.0040,0.2991,0.2719,0.7673,0.0012,0.0036,0.1128
378.0655,0.3972,0.1119,0.0070,0.1993,0.3067,0.6377,0.0016,0.0494,0.0068
498.8917,0.9470,0.2613,0.0071,0.4756,0.5752,0.7585,0.0014,0.1251,0.0159
363.0506,0.3471,0.1938,0.0147,0.4783,0.5935,0.6911,0.0083,0.0400,0.0421
341.6278,0.4138,0.1287,0.0110,0.2978,0.5318,0.7479,0.0115,0.0245,0.0014
528.4791,0.3408,0.2294,0.0021,0.4146,0.4252,0.7764,0.0029,0.1213,0.0314
507.1453,0.3890,0.1710,0.0181,0.4766,0.5376,0.7472,0.0007,0.1449,0.0762
467.4005,0.4324,0.1857,0.0055,0.3687,0.5888,0.6681,0.0040,0.0994,0.0143
415.6680,0.4470,0.1356,0.0090,0.4194,0.5834,0.7468,0.0028,0.0882,0.0594
312.0760,0.4198,0.0981,0.0067,0.4893,0.2603,0.7932,0.0044,0.0068,0.0303
329.3167,0.3886,0.1523,0.0016,0.0422,0.3691,0.7423,0.0091,0.1018,0.0107
530.1843,0.3620,0.1397,0.0041,0.4407,0.5665,0.7952,0.0055,0.0875,0.1969
467.6169,0.3401,0.2431,0.0085,0.4920,0.5199,0.7817,0.0134,0.0214,0.1091
336.9250,0.4066,0.2252,0.0039,0.4400,0.5734,0.7087,0.0028,0.0224,0.0666
387.3851,0.3787,0.1127,0.0246,0.0041,0.4951,0.6761,0.0073,0.0216,0.0238
544.8042,0.3266,0.1318,0.0117,0.3900,0.3139,0.7795,0.0061,0.0777,0.0059
521.4351,0.5059,0.1815,0.0035,0.4354,0.5956,0.7408,0.0024,0.2102,0.0313
492.6331,0.3083,0.1409,0.0205,0.4840,0.4770,0.6746,0.0050,0.0428,0.0447
468.5307,0.3369,0.1555,0.0259,0.3752,0.4325,0.6559,0.0035,0.0021,0.0259
550.8015,0.5805,0.2869,0.0018,0.4677,0.5683,0.7594,0.0060,0.1188,0.0407
546.1255,0.3182,0.1753,0.0178,0.3079,0.4989,0.7512,0.0037,0.0692,0.0698
549.6346,0.5587,0.1923,0.0274,0.4428,0.5917,0.7977,0.0125,0.0051,0.0334
527.8981,0.3148,0.2546,0.0080,0.4305,0.5022,0.7225,0.0074,0.0991,0.0143
463.4268,0.3320,0.1129,0.0130,0.2714,0.3871,0.7554,0.0081,0.0447,0.0252
497.2847,0.3158,0.1608,0.0428,0.3696,0.5848,0.7392,0.0091,0.0040,0.0541
327.3594,0.4445,0.1058,0.0122,0.4308,0.5088,0.7775,0.0047,0.0155,0.0187
514.7460,0.3314,0.1332,0.0018,0.1743,0.1529,0.6095,0.0011,0.0284,0.0132
320.2623,0.3758,0.2084,0.0091,0.0695,0.5385,0.6577,0.0025,0.0423,0.0158
476.9768,0.3805,0.1281,0.0045,0.3870,0.5769,0.7128,0.0140,0.0142,0.0605
546.7693,0.4113,0.2118,0.0097,0.4647,0.5367,0.7117,0.0010,0.1532,0.0648
379.4339,0.4167,0.1013,0.0013,0.4435,0.5924,0.6933,0.0077,0.0289,0.0116
530.1254,0.3017,0.1511,0.0051,0.3237,0.2424,0.6230,0.0003,0.0188,0.0155
568.9990,0.3340,0.2744,0.0022,0.3720,0.5541,0.5669,0.0019,0.0081,0.0311
446.3725,0.3222,0.1701,0.0158,0.4231,0.1525,0.7757,0.0072,0.0219,0.0032
511.9949,0.3270,0.1055,0.0118,0.4142,0.5487,0.7071,0.0006,0.0296,0.1458
574.7725,0.6335,0.1923,0.0095,0.4274,0.5466,0.6883,0.0011,0.0641,0.0284
403.6438,0.3631,0.1619,0.0213,0.4972,0.4003,0.7912,0.0068,0.0309,0.0649
396.4681,0.4571,0.2363,0.0112,0.4352,0.5359,0.7621,0.0096,0.0077,0.0133
528.8244,0.3347,0.1326,0.0030,0.4785,0.5776,0.7630,0.0154,0.1596,0.0474
316.3652,0.4133,0.1404,0.0074,0.2338,0.4372,0.6488,0.0048,0.0055,0.0310
467.3024,0.3559,0.1786,0.0455,0.4337,0.4393,0.7929,0.0010,0.0400,0.0098
412.9207,0.3264,0.1644,0.0080,0.0560,0.1715,0.7380,0.0139,0.0151,0.0111
339.7760,0.3609,0.1867,0.0129,0.0100,0.2906,0.4439,0.0013,0.0025,0.0512
485.4063,0.5476,0.2041,0.0052,0.4645,0.5942,0.7373,0.0082,0.0648,0.1186
559.3717,0.7909,0.2361,0.0087,0.4822,0.5904,0.6420,0.0093,0.1030,0.0347
493.4080,0.3711,0.2245,0.0035,0.4566,0.4878,0.7799,0.0024,0.0087,0.2073
482.0184,0.3297,0.1161,0.0137,0.3145,0.5314,0.6382,0.0029,0.0470,0.0392
580.5555,0.4295,0.1473,0.0391,0.4316,0.5927,0.7591,0.0008,0.0165,0.0743
487.6115,0.3142,0.1800,0.0055,0.0796,0.5794,0.6926,0.0035,0.1304,0.0032
558.7822,0.3034,0.2218,0.0302,0.4936,0.4649,0.7923,0.0031,0.0220,0.1425
430.0678,0.3419,0.2052,0.0248,0.3973,0.5100,0.7803,0.0041,0.0651,0.0547
380.5952,0.3907,0.1307,0.0078,0.4594,0.3958,0.7433,0.0020,0.0508,0.0711
548.5886,0.5181,0.2233,0.0204,0.4052,0.5579,0.7369,0.0053,0.0090,0.0233
516.0180,0.4210,0.1931,0.0143,0.4930,0.4912,0.7625,0.0064,0.0638,0.0780
509.0621,0.3064,0.1426,0.0062,0.4300,0.3790,0.7918,0.0098,0.0500,0.1392
557.3400,0.3471,0.1868,0.0026,0.4893,0.5470,0.5998,0.0145,0.0364,0.0629
455.2707,0.5972,0.2355,0.0187,0.4852,0.5762,0.6879,0.0030,0.0074,0.0867
462.6111,0.4828,0.1610,0.0017,0.4222,0.4542,0.7092,0.0009,0.0311,0.0434
494.5953,0.3563,0.1294,0.0114,0.2831,0.5568,0.6784,0.0132,0.0006,0.0137
479.7744,0.3333,0.1592,0.0497,0.4608,0.5490,0.7731,0.0087,0.0187,0.0283
515.9413,0.3122,0.1181,0.0070,0.0119,0.2801,0.4218,0.0053,0.0053,0.0206
540.9230,0.3491,0.1098,0.0019,0.3476,0.5860,0.7939,0.0083,0.1710,0.0011
506.1418,0.4573,0.1949,0.0109,0.4572,0.5523,0.6411,0.0032,0.1035,0.0187
545.7659,0.6939,0.1989,0.0054,0.4789,0.5258,0.7769,0.0051,0.0105,0.1253
391.9468,0.3810,0.1163,0.0024,0.0818,0.3609,0.5590,0.0023,0.0332,0.0862
442.2533,0.3857,0.1178,0.0110,0.3583,0.5747,0.7676,0.0073,0.0823,0.0308
281.6119,0.4190,0.1495,0.0098,0.0277,0.3082,0.7614,0.0055,0.0727,0.0128
385.4372,0.3737,0.1986,0.0030,0.4317,0.5965,0.6587,0.0061,0.1051,0.0204
444.2108,0.3415,0.1404,0.0090,0.0495,0.4021,0.7900,0.0051,0.1161,0.0150
373.0421,0.3835,0.1217,0.0278,0.0278,0.4353,0.6926,0.0023,0.0038,0.0749
402.7031,0.3305,0.1657,0.0329,0.4007,0.5161,0.7027,0.0058,0.0359,0.0127
572.4313,0.3536,0.1212,0.0221,0.3559,0.5239,0.7955,0.0110,0.0210,0.0071
472.7285,0.3224,0.1583,0.0038,0.3704,0.4520,0.7594,0.0025,0.1542,0.1026
420.6075,0.5946,0.2105,0.0020,0.4349,0.4811,0.7894,0.0003,0.0272,0.0439
586.1324,0.3146,0.1198,0.0137,0.4900,0.4715,0.6902,0.0070,0.0701,0.0305
551.4502,0.4181,0.1859,0.0067,0.4271,0.5857,0.7079,0.0091,0.0458,0.1264
594.9978,0.9159,0.2102,0.0060,0.4817,0.5513,0.6616,0.0012,0.0825,0.0932
527.2224,0.4991,0.2142,0.0127,0.4565,0.5268,0.7446,0.0080,0.0267,0.0601
332.8274,0.3987,0.1157,0.0342,0.0446,0.3103,0.5090,0.0026,0.0305,0.0021
351.6460,0.3708,0.1932,0.0258,0.4899,0.5064,0.7918,0.0060,0.0829,0.0001
450.6650,0.3226,0.1822,0.0079,0.4643,0.5395,0.6944,0.0014,0.0456,0.2011
402.5789,0.3476,0.1948,0.0022,0.0343,0.4451,0.3088,0.0027,0.0002,0.0352
488.6562,0.4103,0.1692,0.0315,0.4888,0.4997,0.7200,0.0037,0.0369,0.0212
363.7505,0.3664,0.1487,0.0103,0.1344,0.3862,0.5967,0.0068,0.0432,0.0264
385.8372,0.3901,0.2054,0.0070,0.4944,0.5419,0.7962,0.0101,0.1145,0.0445
313.4013,0.4045,0.1621,0.0086,0.0480,0.5823,0.6016,0.0015,0.0864,0.0179
509.0000,0.5555,0.2209,0.0154,0.4996,0.5791,0.6162,0.0024,0.1417,0.0076
510.9680,0.3497,0.1196,0.0024,0.2227,0.5521,0.7658,0.0075,0.0183,0.1033
503.7643,0.3096,0.1940,0.0083,0.3949,0.5920,0.7517,0.0178,0.1129,0.0413
352.2822,0.4010,0.1636,0.0049,0.2617,0.3508,0.7717,0.0065,0.0233,0.0383
378.8669,0.4349,0.1235,0.0130,0.1349,0.5977,0.7830,0.0005,0.0169,0.0436
496.7839,0.3627,0.1487,0.0037,0.4095,0.5759,0.5291,0.0025,0.0317,0.0189
469.2589,0.3110,0.2007,0.0480,0.2191,0.4830,0.7569,0.0013,0.0082,0.0120
588.9520,0.3405,0.0825,0.0194,0.4742,0.5166,0.7617,0.0027,0.0096,0.0131
542.6410,0.5934,0.1895,0.0014,0.4578,0.5914,0.6605,0.0064,0.0867,0.1014
491.4661,0.3286,0.2174,0.0043,0.1404,0.4421,0.7377,0.0003,0.0402,0.0187
343.1558,0.3731,0.1401,0.0131,0.1197,0.2655,0.6931,0.0036,0.0356,0.0190
498.6577,0.3762,0.1741,0.0102,0.4997,0.4510,0.7558,0.0106,0.0909,0.0240
366.2292,0.3880,0.1344,0.0069,0.0736,0.3905,0.5084,0.0014,0.0086,0.0905
512.2575,0.3359,0.1599,0.0065,0.3496,0.5151,0.7125,0.0065,0.1216,0.0393
584.2087,0.3794,0.2171,0.0172,0.4044,0.5812,0.6938,0.0045,0.0259,0.1140
563.9181,0.4406,0.1509,0.0033,0.4673,0.4456,0.7350,0.0018,0.0127,0.1169
396.0228,0.3515,0.1571,0.0014,0.1382,0.5371,0.6369,0.0040,0.0953,0.0599
523.9078,0.3674,0.1655,0.0214,0.3231,0.5909,0.5840,0.0033,0.0113,0.0047
390.4206,0.3908,0.1056,0.0036,0.0929,0.4489,0.5394,0.0010,0.0763,0.0230
373.5473,0.4067,0.0757,0.0173,0.0640,0.1959,0.7914,0.0021,0.0335,0.0032
438.9483,0.3282,0.1839,0.0290,0.0097,0.5002,0.3269,0.0020,0.0253,0.0040
452.9942,0.3188,0.1483,0.0069,0.2901,0.5031,0.7961,0.0130,0.0387,0.1188
474.1986,0.4708,0.2135,0.0219,0.4845,0.5683,0.7074,0.0075,0.0280,0.0604
438.4177,0.3441,0.1547,0.0106,0.4225,0.4307,0.6898,0.0090,0.0131,0.0568
498.0308,0.6472,0.1829,0.0232,0.4924,0.5146,0.7899,0.0031,0.0467,0.0103
576.2677,0.4859,0.1970,0.0121,0.4902,0.5860,0.5802,0.0151,0.0172,0.0567
349.7632,0.4096,0.1142,0.0184,0.0294,0.1829,0.5552,0.0009,0.0527,0.0281
436.4613,0.4505,0.1595,0.0072,0.4930,0.5851,0.7027,0.0037,0.1026,0.0968
384.6501,0.3815,0.1031,0.0037,0.2051,0.4842,0.7166,0.0027,0.1139,0.0199
588.6632,0.3495,0.2853,0.0185,0.4390,0.5631,0.6449,0.0033,0.0450,0.0180
317.8895,0.4033,0.1953,0.0024,0.3976,0.5946,0.7918,0.0032,0.0186,0.1513
404.3195,0.3566,0.1527,0.0077,0.0483,0.3068,0.6130,0.0026,0.1225,0.0032
368.3040,0.3886,0.1219,0.0119,0.3162,0.5697,0.6185,0.0045,0.0191,0.0136
567.6735,0.3560,0.1715,0.0060,0.3974,0.5414,0.7201,0.0059,0.1013,0.0921
523.6294,0.3121,0.2139,0.0167,0.3583,0.4810,0.7015,0.0027,0.0467,0.0628
446.1649,0.3321,0.1450,0.0019,0.1225,0.5584,0.6287,0.0033,0.1131,0.0241
555.3572,0.5010,0.2072,0.0019,0.4770,0.5739,0.6968,0.0015,0.2059,0.0834
402.8450,0.3867,0.1519,0.0063,0.4628,0.5904,0.7879,0.0149,0.0197,0.1341
502.5538,0.7763,0.2942,0.0029,0.4563,0.5988,0.6289,0.0045,0.0293,0.0604
358.6992,0.3788,0.1368,0.0067,0.1937,0.5426,0.6857,0.0048,0.0461,0.0899
549.3470,0.3209,0.2905,0.0097,0.4819,0.4804,0.7743,0.0065,0.0847,0.0178
383.5008,0.3610,0.1285,0.0095,0.1898,0.4435,0.7979,0.0070,0.0970,0.0326
522.3854,0.3299,0.1165,0.0215,0.4029,0.5619,0.7873,0.0117,0.0377,0.0622
410.2751,0.3474,0.1458,0.0033,0.3864,0.3526,0.7669,0.0006,0.2090,0.0062
438.3252,0.3123,0.1644,0.0284,0.4874,0.3642,0.7697,0.0105,0.0064,0.0420
565.6616,0.7515,0.2420,0.0036,0.4900,0.5317,0.6842,0.0123,0.0006,0.0776
389.9555,0.3469,0.1864,0.0074,0.2925,0.5150,0.7020,0.0007,0.0272,0.1463
536.6434,0.7159,0.2631,0.0134,0.4927,0.5719,0.6459,0.0091,0.0492,0.0305
527.2915,0.5297,0.1687,0.0022,0.4917,0.5429,0.6737,0.0086,0.0663,0.0762
540.7630,0.3069,0.1245,0.0028,0.1888,0.2063,0.7223,0.0131,0.0335,0.0068
450.9186,0.3562,0.1349,0.0070,0.4994,0.5243,0.5913,0.0020,0.0102,0.0518
596.6424,0.3338,0.1689,0.0081,0.3409,0.5933,0.7916,0.0030,0.2611,0.0058
562.9324,0.3988,0.2540,0.0045,0.4793,0.5450,0.6319,0.0078,0.0275,0.0998
459.9509,0.3388,0.1787,0.0023,0.3512,0.2702,0.6864,0.0002,0.0372,0.0426
508.5996,0.4798,0.1744,0.0225,0.4645,0.5006,0.7943,0.0018,0.1016,0.0025
323.5974,0.3825,0.1453,0.0045,0.0521,0.1716,0.6044,0.0054,0.0351,0.0274
548.1738,0.3332,0.1907,0.0040,0.4972,0.4313,0.7248,0.0032,0.1450,0.0686
598.1961,0.3937,0.1402,0.0164,0.4352,0.5672,0.7031,0.0004,0.1212,0.0564
480.5225,0.3254,0.1360,0.0031,0.1390,0.1869,0.7822,0.0064,0.1057,0.0167
440.9406,0.3200,0.2655,0.0094,0.3799,0.5892,0.6455,0.0001,0.0264,0.0636
354.1330,0.4005,0.1551,0.0109,0.0045,0.5466,0.4096,0.0095,0.0056,0.0041
430.2072,0.3534,0.1275,0.0147,0.4247,0.5564,0.6302,0.0047,0.0302,0.0291
380.4187,0.4692,0.1780,0.0056,0.4867,0.4423,0.6712,0.0014,0.0060,0.0259
525.2470,0.6008,0.1737,0.0047,0.4289,0.5975,0.7823,0.0127,0.0006,0.1026
293.3098,0.4255,0.1450,0.0035,0.1569,0.5311,0.7375,0.0067,0.0084,0.0683
481.9681,0.3606,0.1926,0.0242,0.3496,0.5464,0.7723,0.0034,0.0075,0.1033
508.6847,0.3133,0.1568,0.0258,0.0362,0.5124,0.5138,0.0022,0.0308,0.0167
571.5298,0.3745,0.1302,0.0070,0.3209,0.4665,0.7999,0.0079,0.0321,0.0208
396.3358,0.4256,0.2071,0.0270,0.4981,0.5711,0.7285,0.0111,0.0103,0.0103
584.0403,0.5335,0.2811,0.0065,0.4820,0.5351,0.7469,0.0034,0.1054,0.0519
556.9395,0.3383,0.1415,0.0108,0.4542,0.5308,0.6858,0.0138,0.0578,0.0318
420.8380,0.5118,0.1621,0.0091,0.4620,0.5514,0.7683,0.0156,0.0017,0.0317
433.0283,0.3146,0.2303,0.0354,0.4680,0.5736,0.7620,0.0024,0.0933,0.0335
528.1248,0.3115,0.1382,0.0117,0.2546,0.2113,0.7843,0.0087,0.0230,0.0342
362.2536,0.3574,0.2193,0.0052,0.4863,0.4816,0.7349,0.0052,0.0559,0.0546
435.4310,0.3498,0.1130,0.0099,0.0571,0.5216,0.6650,0.0164,0.0090,0.0146
584.5022,0.9463,0.2023,0.0283,0.4779,0.5773,0.6056,0.0000,0.0552,0.0152
472.0258,0.5782,0.1540,0.0044,0.4924,0.5460,0.7222,0.0068,0.0823,0.0372
506.1843,0.4020,0.1183,0.0027,0.4845,0.5373,0.7735,0.0026,0.1384,0.0893
527.6829,0.3305,0.1844,0.0178,0.4225,0.3994,0.7481,0.0011,0.1252,0.0040
531.6979,0.3327,0.2384,0.0261,0.4552,0.5876,0.7984,0.0033,0.1784,0.0327
586.5454,0.4933,0.1505,0.0087,0.3966,0.5960,0.6771,0.0040,0.0842,0.0194
380.2873,0.3592,0.1323,0.0137,0.0063,0.2158,0.5120,0.0003,0.0656,0.0129
320.6981,0.3989,0.1503,0.0025,0.1143,0.2110,0.7111,0.0107,0.0444,0.0074
382.1106,0.3250,0.2008,0.0192,0.2911,0.3028,0.7880,0.0031,0.0171,0.0023
559.9266,0.3824,0.2608,0.0025,0.4166,0.5993,0.7381,0.0131,0.0556,0.0849
568.8426,0.4271,0.1704,0.0034,0.4596,0.5952,0.6100,0.0106,0.1295,0.0194
576.2365,0.8113,0.1535,0.0204,0.4738,0.5619,0.6470,0.0006,0.0278,0.0037
532.7932,0.3532,0.1494,0.0136,0.4642,0.5084,0.7591,0.0086,0.0832,0.0807
542.0866,0.3026,0.1677,0.0107,0.0663,0.1862,0.5125,0.0037,0.0083,0.0153
401.0017,0.3432,0.1611,0.0022,0.1305,0.3865,0.7619,0.0127,0.0632,0.0440
598.5527,0.6252,0.2475,0.0078,0.4787,0.5997,0.6748,0.0023,0.0080,0.2493
339.5897,0.3951,0.1881,0.0193,0.4636,0.5017,0.6903,0.0009,0.0360,0.0033
554.5972,0.3177,0.1081,0.0044,0.4388,0.4593,0.7652,0.0159,0.0031,0.0760
394.4720,0.3478,0.1653,0.0150,0.3143,0.1929,0.7838,0.0053,0.0416,0.0290
569.0656,0.3457,0.1009,0.0127,0.3369,0.5078,0.7147,0.0025,0.0476,0.0140
414.8710,0.4313,0.1532,0.0240,0.4270,0.4920,0.7729,0.0009,0.0831,0.0009
273.0259,0.4288,0.1360,0.0017,0.0817,0.1518,0.6724,0.0037,0.0722,0.0132
465.9806,0.3395,0.1735,0.0223,0.2635,0.4375,0.7994,0.0062,0.0510,0.0214
527.4287,0.3429,0.1091,0.0061,0.2704,0.2632,0.7303,0.0016,0.0380,0.0167
479.6956,0.3676,0.1613,0.0140,0.3949,0.4984,0.6862,0.0121,0.0020,0.0242
593.4538,0.3084,0.1359,0.0078,0.3782,0.4258,0.7127,0.0008,0.1732,0.0144
396.1862,0.4032,0.1588,0.0037,0.4001,0.5520,0.6446,0.0089,0.0478,0.0040
415.5056,0.3357,0.1899,0.0465,0.3252,0.3984,0.7852,0.0016,0.0234,0.0027
535.2045,0.3213,0.1011,0.0241,0.0715,0.3686,0.7959,0.0030,0.0338,0.0035
458.1752,0.3384,0.1983,0.0143,0.4198,0.5883,0.7324,0.0051,0.1675,0.0323
493.4848,0.3186,0.1468,0.0116,0.4917,0.5976,0.6308,0.0019,0.0482,0.1550
379.6788,0.3824,0.0989,0.0195,0.0223,0.2565,0.4390,0.0100,0.0047,0.0112
512.4500,0.8547,0.2381,0.0227,0.4927,0.5641,0.6263,0.0010,0.0659,0.0011
484.5780,0.3164,0.1655,0.0036,0.0782,0.3321,0.7336,0.0098,0.0272,0.0584
545.2187,0.3092,0.2358,0.0028,0.2846,0.5765,0.7719,0.0006,0.0641,0.1447
513.2973,0.3547,0.2454,0.0045,0.4937,0.4560,0.7199,0.0117,0.0284,0.0443
435.3499,0.3331,0.1345,0.0081,0.4503,0.3805,0.7334,0.0094,0.0760,0.0349
367.8058,0.3813,0.1159,0.0257,0.4725,0.4721,0.7683,0.0028,0.0386,0.0402
499.5877,0.3075,0.2449,0.0130,0.3439,0.5091,0.7620,0.0051,0.0591,0.0506
574.0925,0.3029,0.1968,0.0137,0.4724,0.5076,0.7136,0.0038,0.1100,0.1241
490.3227,0.3111,0.2805,0.0259,0.4902,0.5537,0.6507,0.0009,0.0253,0.0167
455.8670,0.3313,0.1884,0.0089,0.0360,0.5770,0.7665,0.0032,0.0061,0.0738
483.6352,0.9937,0.2256,0.0029,0.4932,0.5871,0.7404,0.0068,0.0976,0.0751
564.6319,0.3566,0.1912,0.0110,0.4525,0.5990,0.5843,0.0057,0.0606,0.0879
487.7077,0.3215,0.1148,0.0084,0.3771,0.3919,0.7751,0.0110,0.0075,0.0970
468.8417,0.3488,0.1365,0.0103,0.1837,0.3390,0.6712,0.0041,0.0214,0.0351
388.7878,0.3779,0.1479,0.0144,0.3957,0.5849,0.7487,0.0025,0.1735,0.0127
473.0038,0.3264,0.1626,0.0383,0.4820,0.5966,0.7899,0.0124,0.0412,0.0716
502.1348,0.3468,0.1260,0.0029,0.2771,0.5732,0.6931,0.0070,0.0519,0.0820
415.1056,0.3560,0.1807,0.0038,0.1023,0.3332,0.7508,0.0028,0.0162,0.0771
408.4661,0.3295,0.1774,0.0133,0.4187,0.4950,0.7943,0.0154,0.0321,0.0864
500.3198,0.3254,0.2079,0.0064,0.3598,0.4635,0.6890,0.0046,0.0018,0.1106
420.3225,0.3332,0.1532,0.0058,0.0029,0.2235,0.7545,0.0051,0.0375,0.0437
535.3321,0.4070,0.1573,0.0139,0.2978,0.5933,0.7067,0.0018,0.0344,0.0438
513.9111,0.3862,0.2201,0.0103,0.4784,0.5320,0.7948,0.0187,0.0512,0.0529
552.4943,0.3353,0.1720,0.0075,0.4107,0.4577,0.6124,0.0034,0.0353,0.0431
586.8469,0.3945,0.2226,0.0250,0.4728,0.5721,0.5675,0.0006,0.0032,0.0900
463.9145,0.5599,0.1763,0.0090,0.4705,0.5504,0.7201,0.0120,0.0322,0.0234
382.8407,0.4240,0.1653,0.0087,0.2418,0.5221,0.7632,0.0012,0.0816,0.0026
334.8501,0.3617,0.1802,0.0189,0.2981,0.5379,0.7941,0.0091,0.0808,0.0065
536.4460,0.3252,0.1203,0.0115,0.4535,0.5671,0.7492,0.0041,0.1933,0.0456
406.0189,0.3988,0.0904,0.0020,0.0205,0.3291,0.5971,0.0010,0.0900,0.0128
309.4374,0.4591,0.1277,0.0104,0.0748,0.5067,0.5502,0.0019,0.0027,0.0021
322.9390,0.4018,0.1202,0.0054,0.0005,0.2629,0.5658,0.0016,0.0125,0.1110
517.1508,0.5318,0.1959,0.0094,0.4207,0.5928,0.7878,0.0085,0.1093,0.0256
385.2193,0.3445,0.1916,0.0374,0.0138,0.3664,0.7520,0.0013,0.0194,0.0097
442.4711,0.3599,0.1258,0.0263,0.2136,0.3605,0.6743,0.0000,0.0177,0.0219
433.1812,0.3525,0.1455,0.0131,0.0773,0.4679,0.7389,0.0059,0.0480,0.0380
354.8049,0.3866,0.1260,0.0116,0.0481,0.3879,0.3857,0.0037,0.0229,0.0478
422.7881,0.3672,0.1048,0.0075,0.3919,0.3025,0.7966,0.0007,0.1451,0.0027
447.6481,0.3162,0.1577,0.0048,0.2097,0.5284,0.7273,0.0125,0.0032,0.1005
430.7340,0.6274,0.1995,0.0045,0.4384,0.5491,0.7394,0.0008,0.1088,0.0028
525.5519,0.3280,0.2150,0.0145,0.4426,0.5746,0.6732,0.0118,0.0816,0.0289
360.4054,0.4211,0.0740,0.0124,0.2226,0.5965,0.7943,0.0013,0.0045,0.0302
504.3699,0.7340,0.2320,0.0102,0.4909,0.5452,0.5813,0.0018,0.0707,0.0121
431.2822,0.3092,0.1674,0.0076,0.2689,0.5175,0.7786,0.0069,0.0162,0.0620
596.7432,0.4928,0.1848,0.0021,0.4528,0.5443,0.5647,0.0038,0.0404,0.0788
445.8195,0.3591,0.1668,0.0037,0.3857,0.4495,0.7052,0.0103,0.0467,0.0370
351.4248,0.3529,0.2008,0.0114,0.0641,0.4248,0.6340,0.0013,0.0187,0.0411
445.3791,0.7799,0.2154,0.0117,0.4941,0.5481,0.7833,0.0036,0.0785,0.0276
539.3110,0.6002,0.1620,0.0160,0.4960,0.5959,0.7581,0.0003,0.1550,0.0817
452.8981,0.3115,0.2101,0.0100,0.2447,0.4406,0.6872,0.0006,0.0845,0.0418
510.1053,0.4025,0.2151,0.0081,0.4156,0.4777,0.6535,0.0027,0.0230,0.0309
556.7369,0.6830,0.2113,0.0013,0.3983,0.5937,0.7653,0.0059,0.0786,0.0361
570.8750,0.3880,0.1636,0.0062,0.3725,0.4992,0.7614,0.0039,0.0143,0.1257
515.9512,0.7425,0.2542,0.0027,0.4891,0.5662,0.7468,0.0020,0.1748,0.0369
457.1198,0.3452,0.2868,0.0053,0.3523,0.5823,0.7078,0.0062,0.0234,0.0094
545.8592,0.3817,0.2648,0.0182,0.4749,0.5940,0.7926,0.0007,0.2013,0.0467
491.5622,0.3235,0.1555,0.0073,0.3402,0.5046,0.7294,0.0127,0.0884,0.0369
361.1318,0.4310,0.1860,0.0046,0.4416,0.4528,0.7011,0.0016,0.0667,0.0013
418.6527,0.3775,0.1597,0.0020,0.3430,0.2692,0.7942,0.0072,0.0061,0.0576
419.0902,0.3528,0.2099,0.0214,0.4798,0.5828,0.7678,0.0049,0.1458,0.0314
385.7959,0.3932,0.1362,0.0099,0.0409,0.3545,0.6863,0.0026,0.0100,0.0692
359.2076,0.4523,0.1509,0.0019,0.4218,0.5941,0.6809,0.0094,0.0249,0.0338
421.3163,0.3341,0.1946,0.0227,0.1029,0.4845,0.7118,0.0011,0.0238,0.0479
555.4564,0.3101,0.1307,0.0080,0.3700,0.5638,0.6575,0.0004,0.0973,0.1296
476.8103,0.3269,0.1216,0.0161,0.1853,0.4944,0.5697,0.0023,0.0139,0.0076
496.4720,0.3164,0.1906,0.0061,0.4202,0.5380,0.7684,0.0017,0.0897,0.2247
537.3526,0.8590,0.2070,0.0068,0.4905,0.5999,0.5618,0.0086,0.0538,0.0833
404.4758,0.3671,0.1305,0.0040,0.0235,0.2294,0.4996,0.0022,0.0207,0.1255
331.3641,0.3840,0.1601,0.0175,0.0065,0.4785,0.7515,0.0008,0.0892,0.0302
393.3493,0.4024,0.1784,0.0078,0.4376,0.5881,0.7824,0.0088,0.0907,0.0828
503.8605,0.3039,0.1323,0.0056,0.0703,0.4045,0.7316,0.0054,0.0111,0.0193
546.9613,0.3148,0.1738,0.0303,0.4834,0.5146,0.7533,0.0061,0.1370,0.0259
444.1145,0.3376,0.2021,0.0056,0.4699,0.5896,0.6772,0.0176,0.0120,0.0807
404.5780,0.4334,0.1802,0.0174,0.4814,0.5184,0.6529,0.0008,0.0413,0.0165
411.7660,0.3865,0.0796,0.0143,0.0183,0.5529,0.7826,0.0017,0.0122,0.0501
534.5418,0.5114,0.2265,0.0012,0.4777,0.4772,0.7596,0.0118,0.0680,0.0064
567.0471,0.6070,0.2162,0.0157,0.4735,0.5643,0.6105,0.0099,0.0228,0.0310
457.8158,0.3739,0.1949,0.0111,0.3678,0.4078,0.7910,0.0041,0.0375,0.0454
357.2237,0.3957,0.1035,0.0128,0.0602,0.4212,0.7179,0.0049,0.0925,0.0102
465.6350,0.3750,0.1730,0.0068,0.4616,0.4919,0.7253,0.0046,0.1564,0.0193
558.2204,0.4277,0.1981,0.0074,0.3897,0.5435,0.7222,0.0104,0.0139,0.0607
496.5178,0.3733,0.1421,0.0073,0.3850,0.5220,0.6501,0.0023,0.1157,0.0001
555.3075,0.3858,0.1780,0.0069,0.3426,0.5164,0.7609,0.0011,0.1469,0.0059
517.7243,0.3784,0.2559,0.0201,0.4661,0.5159,0.7154,0.0097,0.0220,0.0064
555.5305,0.3919,0.2495,0.0099,0.4537,0.5853,0.6147,0.0117,0.0700,0.0047
489.6440,0.3311,0.1848,0.0010,0.2444,0.4840,0.6642,0.0120,0.0152,0.0348
585.6680,0.6314,0.1724,0.0013,0.4805,0.5886,0.5505,0.0012,0.0974,0.1089
306.6233,0.4056,0.1472,0.0201,0.0027,0.1383,0.7502,0.0073,0.0285,0.0243
483.6114,0.3129,0.1249,0.0173,0.4783,0.5633,0.7368,0.0114,0.0871,0.0311
434.6885,0.6943,0.1419,0.0125,0.4632,0.5926,0.7701,0.0014,0.0604,0.0262
507.8413,0.3248,0.2571,0.0051,0.4860,0.5907,0.5949,0.0004,0.1464,0.0206
591.7297,0.3331,0.2157,0.0419,0.4765,0.4825,0.7818,0.0049,0.0616,0.0122
404.7208,0.4203,0.1330,0.0222,0.4463,0.5658,0.7536,0.0001,0.0153,0.1179
534.9130,0.5229,0.1487,0.0122,0.4503,0.5872,0.6586,0.0125,0.0237,0.0023
494.5282,0.3905,0.1953,0.0026,0.4749,0.4463,0.7500,0.0057,0.0190,0.1357
542.8885,0.3422,0.1365,0.0177,0.4129,0.5841,0.7716,0.0079,0.0151,0.1646
435.9977,0.3430,0.1260,0.0220,0.0012,0.3495,0.5620,0.0011,0.0597,0.0177
593.3051,0.3297,0.1807,0.0211,0.3616,0.5900,0.6314,0.0091,0.0228,0.0394
596.6922,0.5480,0.1395,0.0130,0.4802,0.5282,0.7286,0.0044,0.0143,0.0645
381.2433,0.3717,0.1640,0.0086,0.4724,0.5389,0.7712,0.0062,0.0703,0.1253
395.6567,0.3355,0.1705,0.0032,0.3692,0.3647,0.6971,0.0121,0.0260,0.0401
570.9217,0.3058,0.2791,0.0043,0.4601,0.5247,0.7886,0.0127,0.1179,0.0281
365.9916,0.3692,0.1167,0.0074,0.2463,0.5868,0.7014,0.0160,0.0136,0.0329
444.0229,0.3694,0.1808,0.0326,0.4087,0.5154,0.7822,0.0016,0.0052,0.1049
563.8294,0.3534,0.1115,0.0102,0.1634,0.4867,0.7754,0.0030,0.0133,0.0134
510.1856,0.4567,0.1679,0.0068,0.3883,0.5865,0.7532,0.0033,0.0725,0.0978
399.7831,0.3501,0.1720,0.0144,0.1859,0.2146,0.7073,0.0098,0.0009,0.0020
516.6883,0.3634,0.2266,0.0134,0.4503,0.4741,0.7982,0.0006,0.0389,0.1444
522.2002,0.3342,0.1033,0.0055,0.2298,0.2380,0.7910,0.0036,0.0043,0.0826
430.5213,0.3173,0.1882,0.0261,0.4830,0.2717,0.7979,0.0025,0.0147,0.0809
560.5278,0.3197,0.1588,0.0027,0.3018,0.4074,0.7485,0.0086,0.0944,0.0162
390.8747,0.4054,0.1492,0.0016,0.0997,0.5733,0.5956,0.0059,0.0129,0.0154
312.7919,0.4150,0.1219,0.0032,0.0237,0.5323,0.4797,0.0037,0.0568,0.0798
573.0663,0.5008,0.2550,0.0030,0.3909,0.5845,0.7975,0.0025,0.0212,0.1387
596.4533,0.6650,0.1617,0.0157,0.4055,0.5596,0.7707,0.0046,0.0040,0.0007
546.8680,0.3491,0.1447,0.0082,0.4187,0.5890,0.7374,0.0146,0.1438,0.0054
471.2994,0.3363,0.1638,0.0198,0.2368,0.4632,0.7229,0.0092,0.0097,0.0278
463.8903,0.7541,0.1732,0.0235,0.4854,0.5745,0.7566,0.0075,0.0030,0.0221
554.0735,0.3009,0.2264,0.0019,0.2157,0.5508,0.7193,0.0049,0.0252,0.0859
479.3490,0.3142,0.1717,0.0011,0.4215,0.2951,0.7867,0.0053,0.0621,0.1221
540.5221,0.3136,0.1112,0.0235,0.4283,0.4061,0.7274,0.0024,0.0739,0.0140
582.1403,0.3645,0.2809,0.0208,0.4959,0.5819,0.6601,0.0171,0.0126,0.0151
491.5988,0.4164,0.2872,0.0092,0.4903,0.5261,0.7019,0.0039,0.0419,0.0394
498.7954,0.3164,0.1535,0.0122,0.0080,0.5609,0.5782,0.0036,0.0128,0.0931
487.1125,0.5901,0.2664,0.0109,0.4981,0.5408,0.7522,0.0055,0.0234,0.0830
375.8239,0.3847,0.1093,0.0016,0.2946,0.5092,0.7736,0.0022,0.0784,0.1224
514.2899,0.3090,0.1746,0.0033,0.4510,0.5480,0.6158,0.0180,0.0070,0.0545
587.2525,0.4703,0.1448,0.0144,0.4376,0.4945,0.7141,0.0012,0.0522,0.0099
550.4174,0.3346,0.1468,0.0021,0.1680,0.5139,0.4685,0.0001,0.0106,0.0014
582.2675,0.9626,0.2401,0.0011,0.4522,0.5270,0.7263,0.0017,0.0726,0.0274
438.0959,0.4027,0.2205,0.0034,0.3663,0.5726,0.7382,0.0115,0.0323,0.0406
363.0956,0.3966,0.1159,0.0110,0.1840,0.5479,0.5581,0.0000,0.0604,0.0028
499.9151,0.6983,0.2704,0.0072,0.4152,0.5855,0.7555,0.0006,0.0143,0.0652
486.7862,0.3327,0.1466,0.0169,0.3043,0.4583,0.7830,0.0148,0.0086,0.0426
369.7516,0.3334,0.2613,0.0080,0.3147,0.5153,0.6897,0.0022,0.0313,0.0013
592.8521,0.6761,0.2120,0.0159,0.4843,0.5345,0.5189,0.0004,0.0364,0.0212
375.6008,0.3882,0.1633,0.0107,0.4101,0.5937,0.6606,0.0103,0.0048,0.0402
536.5245,0.3601,0.2000,0.0036,0.4886,0.5207,0.6614,0.0047,0.1626,0.0425
309.1383,0.4066,0.2045,0.0030,0.1022,0.5540,0.7314,0.0013,0.0517,0.0044
502.0492,0.3151,0.1320,0.0361,0.3359,0.5304,0.7975,0.0135,0.0400,0.0041
575.7568,0.3081,0.1597,0.0199,0.0681,0.5279,0.6484,0.0009,0.0323,0.0051
442.4132,0.3251,0.2024,0.0363,0.2488,0.4693,0.7440,0.0007,0.0390,0.0108
582.5094,0.4247,0.2798,0.0229,0.4331,0.5586,0.7722,0.0018,0.0593,0.0287
400.9605,0.3359,0.2286,0.0117,0.3342,0.5740,0.7214,0.0003,0.1088,0.0407
518.3109,0.3201,0.2190,0.0188,0.1420,0.5183,0.7583,0.0022,0.0048,0.0049
454.9168,0.3234,0.1552,0.0029,0.3778,0.5991,0.5802,0.0015,0.0788,0.0598
353.3611,0.3872,0.1303,0.0042,0.3065,0.5838,0.7419,0.0003,0.0053,0.2160
504.4406,0.6567,0.1554,0.0050,0.4558,0.5292,0.7003,0.0025,0.0212,0.0443
496.2148,0.5143,0.2456,0.0167,0.4665,0.4924,0.6804,0.0004,0.0041,0.0240
539.9263,0.3006,0.1660,0.0166,0.3678,0.4389,0.7250,0.0059,0.0772,0.0627
475.8979,0.3408,0.2758,0.0154,0.4587,0.5754,0.7550,0.0089,0.0601,0.0323
440.2268,0.3890,0.0924,0.0049,0.3956,0.4554,0.7998,0.0075,0.0558,0.0018
519.3962,0.4490,0.2368,0.0107,0.4882,0.5814,0.7419,0.0009,0.2503,0.0169
553.2664,0.3756,0.2487,0.0125,0.3914,0.5453,0.7546,0.0070,0.0043,0.0829
448.8488,0.4554,0.2444,0.0014,0.4989,0.5954,0.7718,0.0047,0.0027,0.2657
456.2641,0.3649,0.1399,0.0045,0.0008,0.4993,0.6480,0.0025,0.0509,0.0218
355.4830,0.3478,0.2236,0.0091,0.4489,0.5233,0.7186,0.0140,0.0040,0.0105
367.3185,0.3744,0.1594,0.0060,0.1235,0.5443,0.5372,0.0053,0.0188,0.0415
398.7894,0.3495,0.1763,0.0094,0.2072,0.4776,0.7588,0.0038,0.0621,0.0848
320.2181,0.4144,0.1614,0.0181,0.2681,0.5871,0.7907,0.0058,0.0627,0.0018
369.1277,0.3212,0.2359,0.0023,0.3302,0.4749,0.7612,0.0081,0.0484,0.0026
374.2278,0.3767,0.1088,0.0164,0.1136,0.2383,0.7538,0.0061,0.0138,0.0505
517.4842,0.9819,0.2961,0.0018,0.4781,0.5863,0.6567,0.0139,0.0440,0.0063
414.1777,0.4994,0.1578,0.0053,0.4719,0.5936,0.7516,0.0042,0.0536,0.1393
564.5886,0.3232,0.1136,0.0040,0.4798,0.4891,0.7014,0.0052,0.0346,0.1319
494.9476,0.3294,0.1201,0.0126,0.2094,0.4470,0.6253,0.0001,0.0842,0.0184
598.2762,0.3842,0.2131,0.0028,0.4559,0.5789,0.7177,0.0122,0.1720,0.0523
439.4913,0.4177,0.1255,0.0115,0.3804,0.5347,0.7146,0.0028,0.0333,0.0491
474.8464,0.3148,0.1760,0.0212,0.4433,0.3969,0.6815,0.0007,0.0009,0.1000
514.0035,0.3304,0.2219,0.0282,0.4164,0.5750,0.6958,0.0021,0.0445,0.0777
405.8737,0.3396,0.1672,0.0273,0.2120,0.3306,0.7477,0.0076,0.0052,0.0312
460.2562,0.3538,0.1892,0.0142,0.3402,0.5985,0.7866,0.0173,0.0498,0.0235
573.2957,0.3131,0.2143,0.0047,0.4957,0.5676,0.6855,0.0019,0.0941,0.2408
398.4943,0.4867,0.1820,0.0030,0.4878,0.5159,0.7669,0.0087,0.1130,0.0056
521.7540,0.3038,0.1644,0.0097,0.2963,0.5421,0.6078,0.0007,0.0936,0.0741
316.4248,0.3741,0.1874,0.0167,0.4325,0.4541,0.7972,0.0069,0.0248,0.0470
330.0359,0.4212,0.1319,0.0101,0.0021,0.4172,0.3703,0.0058,0.0553,0.0060
486.8685,0.4086,0.2104,0.0091,0.3962,0.5820,0.7305,0.0098,0.0957,0.0126
461.5152,0.3291,0.1449,0.0102,0.3442,0.5857,0.6502,0.0198,0.0110,0.0080
433.4350,0.3805,0.1066,0.0156,0.0697,0.5546,0.7326,0.0019,0.0265,0.0411
407.5594,0.3411,0.2340,0.0044,0.4264,0.5796,0.7600,0.0186,0.0269,0.0486
515.3283,0.8336,0.2433,0.0034,0.4470,0.5882,0.5344,0.0019,0.0894,0.0014
427.3028,0.3145,0.1728,0.0074,0.0016,0.5028,0.4341,0.0021,0.0066,0.0065
325.1605,0.3728,0.1783,0.0123,0.0495,0.3719,0.7634,0.0146,0.0133,0.0074
401.3176,0.3914,0.1595,0.0160,0.4884,0.4499,0.7933,0.0150,0.0119,0.0279
453.5130,0.3577,0.0987,0.0099,0.2761,0.1993,0.7926,0.0033,0.0493,0.0225
417.1759,0.5242,0.1768,0.0249,0.4682,0.5907,0.6386,0.0018,0.0168,0.0181
540.1186,0.4216,0.2219,0.0087,0.4636,0.5613,0.7741,0.0107,0.0270,0.1530
386.1780,0.3703,0.1383,0.0055,0.3878,0.4897,0.7749,0.0043,0.1801,0.0199
372.5485,0.4897,0.2783,0.0059,0.4766,0.5742,0.7984,0.0088,0.0446,0.0021
490.7018,0.8059,0.2089,0.0135,0.4777,0.5944,0.7330,0.0006,0.1299,0.0427
490.2615,0.3058,0.1714,0.0238,0.4006,0.4335,0.7485,0.0129,0.0138,0.0516
470.5985,0.3116,0.1778,0.0051,0.3927,0.5216,0.5644,0.0058,0.0170,0.0454
427.0585,0.3638,0.1282,0.0025,0.4681,0.4708,0.7491,0.0111,0.0693,0.0585
533.7821,0.3354,0.1653,0.0208,0.4458,0.5080,0.7754,0.0023,0.1984,0.0202
506.0882,0.3326,0.1168,0.0133,0.1265,0.5970,0.7424,0.0052,0.0865,0.0212
332.3782,0.4089,0.1026,0.0035,0.0181,0.4927,0.3305,0.0039,0.0337,0.0525
508.4973,0.4879,0.2196,0.0034,0.4004,0.5616,0.6381,0.0048,0.0735,0.0014
499.4137,0.3342,0.2059,0.0158,0.3519,0.3614,0.7096,0.0014,0.0142,0.0208
335.2626,0.3774,0.1523,0.0201,0.4034,0.3467,0.7861,0.0050,0.0563,0.0207
348.8539,0.3800,0.1125,0.0095,0.0349,0.1177,0.6366,0.0012,0.0070,0.0366
587.7530,0.4074,0.1893,0.0096,0.4963,0.5033,0.6094,0.0037,0.0181,0.1076
513.0601,0.3718,0.1908,0.0196,0.4863,0.5432,0.7605,0.0155,0.0446,0.0592
461.3112,0.3081,0.2206,0.0335,0.2576,0.5666,0.7224,0.0001,0.0485,0.0334
355.7667,0.3722,0.1631,0.0207,0.0404,0.4372,0.4201,0.0006,0.0354,0.0335
380.1040,0.3775,0.1296,0.0131,0.0544,0.1921,0.6680,0.0013,0.0791,0.0469
599.2781,0.7552,0.2012,0.0109,0.4720,0.5700,0.7750,0.0167,0.0287,0.0401
423.1462,0.3500,0.2589,0.0071,0.3100,0.5879,0.7890,0.0052,0.0178,0.0701
325.6579,0.3902,0.1691,0.0147,0.0241,0.3122,0.6096,0.0047,0.0082,0.0562
453.6715,0.3479,0.1789,0.0200,0.4365,0.5845,0.6849,0.0040,0.1133,0.0361
387.7534,0.5564,0.2130,0.0072,0.4262,0.5561,0.7951,0.0116,0.0086,0.0112
365.7103,0.4354,0.1040,0.0051,0.2445,0.3232,0.7366,0.0017,0.0279,0.0053
517.6935,0.3386,0.1392,0.0094,0.4856,0.4594,0.6545,0.0031,0.0033,0.1152
510.9023,0.3882,0.1975,0.0233,0.4236,0.5972,0.6171,0.0008,0.0352,0.0667
576.4841,0.3316,0.1809,0.0052,0.2870,0.4540,0.7643,0.0043,0.0343,0.0822
569.9131,0.4037,0.1226,0.0153,0.3489,0.5759,0.7896,0.0020,0.0019,0.0995
452.5417,0.3408,0.1262,0.0043,0.0846,0.1940,0.6792,0.0061,0.0712,0.0365
501.8627,0.6464,0.2166,0.0060,0.4632,0.5690,0.7467,0.0189,0.0078,0.0335
599.4070,0.4852,0.2258,0.0171,0.4605,0.5311,0.5834,0.0019,0.0560,0.0075
469.4329,0.4702,0.1808,0.0012,0.4554,0.4978,0.7043,0.0105,0.0640,0.0068
303.0722,0.5835,0.1383,0.0126,0.4948,0.5684,0.7992,0.0003,0.0285,0.0245
419.5596,0.3699,0.1264,0.0172,0.3197,0.3057,0.7602,0.0091,0.0100,0.0017
577.5531,0.4493,0.1447,0.0255,0.4653,0.5478,0.7530,0.0032,0.0848,0.0213
418.2384,0.3617,0.2040,0.0123,0.4878,0.4923,0.7865,0.0018,0.1333,0.0777
304.1817,0.4092,0.1441,0.0069,0.0832,0.2802,0.6175,0.0024,0.0262,0.0782
552.6108,0.5352,0.2247,0.0075,0.4955,0.5754,0.7127,0.0076,0.0773,0.1408
593.4949,0.7278,0.2042,0.0083,0.4093,0.5626,0.6644,0.0020,0.0382,0.0195
342.7017,0.3507,0.1661,0.0103,0.2551,0.4336,0.7816,0.0155,0.0043,0.0207
386.2534,0.3829,0.1022,0.0330,0.1055,0.1765,0.7380,0.0011,0.0311,0.0090
486.0863,0.3070,0.1951,0.0079,0.0859,0.5244,0.6293,0.0102,0.0019,0.0395
481.0181,0.3599,0.1560,0.0365,0.4241,0.5939,0.7976,0.0060,0.0864,0.0415
561.8931,0.9692,0.1753,0.0014,0.4723,0.5623,0.7477,0.0137,0.0108,0.0534
583.1851,0.5631,0.1935,0.0215,0.4533,0.5954,0.6949,0.0037,0.1324,0.0043
431.7111,0.6752,0.2235,0.0176,0.4751,0.5917,0.6650,0.0039,0.0193,0.0457
416.3176,0.3405,0.1611,0.0097,0.3991,0.3514,0.7834,0.0092,0.1079,0.0113
502.8997,0.3128,0.1537,0.0145,0.0936,0.4206,0.6953,0.0085,0.0057,0.0615
423.9259,0.3266,0.2160,0.0072,0.1108,0.5904,0.6834,0.0030,0.0304,0.0646
496.8851,0.3352,0.1457,0.0079,0.2520,0.3465,0.7606,0.0074,0.0661,0.0152
474.1457,0.3330,0.1665,0.0068,0.1617,0.5807,0.6058,0.0042,0.0076,0.0940
579.4508,0.3185,0.2495,0.0278,0.4066,0.5520,0.5989,0.0006,0.0110,0.0169
495.5662,0.3103,0.2237,0.0155,0.4278,0.5366,0.7869,0.0048,0.0764,0.1361
531.3062,0.4248,0.1728,0.0049,0.4908,0.3990,0.7654,0.0013,0.1101,0.0238
595.6543,0.3542,0.1539,0.0018,0.3262,0.5949,0.7450,0.0066,0.0570,0.1383
540.6009,0.3615,0.2289,0.0129,0.4013,0.5694,0.6655,0.0053,0.0551,0.0551
582.0544,0.3139,0.1496,0.0101,0.4607,0.4014,0.7251,0.0100,0.0313,0.0715
405.5390,0.4451,0.2329,0.0018,0.4891,0.5570,0.6167,0.0026,0.0550,0.0327
443.3186,0.3220,0.2120,0.0151,0.4933,0.4855,0.7209,0.0157,0.0089,0.0382
531.9814,0.3457,0.2016,0.0258,0.2648,0.4934,0.7453,0.0012,0.0105,0.0150
566.2510,0.6213,0.1948,0.0066,0.4968,0.5110,0.5664,0.0067,0.0361,0.0131
535.5026,0.4983,0.1854,0.0164,0.4854,0.5979,0.7957,0.0149,0.0652,0.0860
412.6172,0.3721,0.0816,0.0048,0.0106,0.5222,0.7405,0.0048,0.0091,0.0105
361.3441,0.3921,0.2561,0.0197,0.4495,0.5375,0.7694,0.0056,0.0078,0.0024
505.3359,0.3441,0.1083,0.0254,0.4507,0.5936,0.7308,0.0029,0.1114,0.0083
508.3411,0.7974,0.2036,0.0421,0.4819,0.5655,0.7859,0.0006,0.0090,0.0006
454.4230,0.5458,0.2412,0.0092,0.4506,0.5075,0.7539,0.0028,0.0555,0.0015
516.9275,0.3695,0.2813,0.0106,0.4428,0.5593,0.6793,0.0066,0.0368,0.0271
305.7173,0.3968,0.1414,0.0106,0.0263,0.1866,0.7690,0.0092,0.0258,0.0448
480.9475,0.3040,0.1620,0.0020,0.4863,0.5121,0.6931,0.0145,0.0843,0.0780
430.9702,0.4589,0.2695,0.0032,0.4173,0.5736,0.7279,0.0039,0.0358,0.0443
540.3344,0.3293,0.1502,0.0023,0.4365,0.4908,0.7530,0.0060,0.0015,0.2471
571.2674,0.9084,0.1763,0.0098,0.4914,0.5955,0.5198,0.0066,0.0036,0.1022
364.2348,0.3348,0.2044,0.0018,0.4551,0.2655,0.7781,0.0142,0.0274,0.0079
436.9593,0.3286,0.1630,0.0126,0.0248,0.2251,0.5826,0.0030,0.0743,0.0057
546.6134,0.7521,0.2747,0.0195,0.4607,0.5871,0.7274,0.0053,0.0398,0.0212
595.8006,0.4364,0.2888,0.0029,0.4729,0.5539,0.7801,0.0153,0.1034,0.0158
590.8238,0.3269,0.1982,0.0263,0.4998,0.5923,0.7379,0.0018,0.0671,0.2287
438.7485,0.3347,0.1435,0.0256,0.1374,0.3367,0.7056,0.0086,0.0290,0.0077
405.5728,0.4142,0.1544,0.0131,0.4540,0.5096,0.7978,0.0032,0.0008,0.1687
506.5112,0.3766,0.1757,0.0011,0.3823,0.5885,0.7986,0.0118,0.1665,0.0394
368.3610,0.3493,0.2001,0.0153,0.0220,0.5562,0.7669,0.0065,0.0022,0.0502
398.0264,0.3209,0.2128,0.0194,0.3909,0.3952,0.7566,0.0003,0.0333,0.0542
478.1972,0.4394,0.1669,0.0339,0.4943,0.4397,0.7832,0.0014,0.0246,0.0120
306.8751,0.4118,0.1083,0.0043,0.0104,0.2391,0.7292,0.0011,0.0446,0.0359
526.3866,0.3394,0.1171,0.0034,0.2438,0.5312,0.5438,0.0010,0.0256,0.0299
532.0747,0.3114,0.1803,0.0125,0.3248,0.5521,0.7140,0.0197,0.0078,0.0391
517.5394,0.3517,0.1857,0.0042,0.4582,0.3506,0.7562,0.0037,0.0522,0.0659
426.4073,0.3663,0.0987,0.0266,0.2041,0.3832,0.7609,0.0023,0.0419,0.0077
402.3927,0.3644,0.1154,0.0049,0.1624,0.1106,0.6869,0.0067,0.0153,0.0574
599.2470,0.5610,0.1493,0.0223,0.4878,0.5472,0.7022,0.0013,0.0019,0.0951
381.6009,0.3461,0.1996,0.0060,0.3277,0.3476,0.7788,0.0004,0.0854,0.0703
560.6881,0.4748,0.2292,0.0403,0.4575,0.5743,0.7869,0.0070,0.0097,0.0343
414.0102,0.4076,0.1839,0.0021,0.2839,0.5978,0.6961,0.0124,0.0085,0.0267
570.0708,0.3216,0.2578,0.0134,0.4522,0.5505,0.7623,0.0108,0.1233,0.0202
576.7386,0.7030,0.2434,0.0090,0.4966,0.5837,0.6821,0.0008,0.0199,0.2352
513.0912,0.9214,0.1587,0.0129,0.4699,0.5819,0.7162,0.0001,0.0739,0.0145
551.3541,0.3153,0.1855,0.0173,0.1924,0.5239,0.6754,0.0018,0.0291,0.0372
494.2633,0.4294,0.2502,0.0246,0.4826,0.5490,0.7284,0.0020,0.0544,0.0500
478.8243,0.3435,0.1919,0.0129,0.2535,0.5953,0.7945,0.0012,0.0751,0.1035
557.8632,0.3082,0.1296,0.0180,0.2942,0.4177,0.7747,0.0055,0.1092,0.0120
322.1508,0.4529,0.1006,0.0116,0.0690,0.4835,0.7135,0.0005,0.0550,0.0033
579.7469,0.4220,0.2035,0.0025,0.3571,0.5457,0.7455,0.0084,0.0773,0.0168
411.8520,0.3361,0.1982,0.0037,0.0612,0.3716,0.5946,0.0062,0.0310,0.0311
335.6839,0.3907,0.1089,0.0063,0.2178,0.4190,0.7566,0.0163,0.0056,0.0232
472.1504,0.3233,0.1228,0.0109,0.2289,0.3621,0.7026,0.0074,0.0069,0.0396
484.1225,0.3388,0.1407,0.0015,0.2966,0.3669,0.7411,0.0117,0.0129,0.0650
590.1335,0.6837,0.2023,0.0064,0.4920,0.5409,0.5002,0.0036,0.0218,0.0668
470.5363,0.3682,0.1315,0.0098,0.4278,0.5679,0.7291,0.0052,0.0384,0.1394
533.9696,0.3444,0.2138,0.0186,0.4809,0.5544,0.6430,0.0016,0.1583,0.0032
508.2231,0.5420,0.1711,0.0116,0.4356,0.5143,0.7724,0.0042,0.0199,0.0533
588.0495,0.4627,0.1428,0.0055,0.4611,0.5809,0.6801,0.0031,0.0389,0.1586
553.0789,0.3599,0.1939,0.0150,0.3992,0.4450,0.7170,0.0008,0.0726,0.0257
407.6326,0.3754,0.2085,0.0341,0.4914,0.5289,0.7306,0.0020,0.0290,0.0378
350.8064,0.3715,0.1556,0.0135,0.2831,0.4914,0.7782,0.0034,0.0107,0.1473
430.1639,0.3927,0.2057,0.0111,0.2259,0.5693,0.7473,0.0067,0.0098,0.0001
522.7821,0.3525,0.1196,0.0095,0.4933,0.5795,0.7795,0.0144,0.1201,0.0348
497.1215,0.5069,0.2906,0.0017,0.4430,0.5828,0.7143,0.0035,0.0174,0.1056
335.0651,0.4115,0.1576,0.0015,0.0761,0.5110,0.5316,0.0027,0.0523,0.0125
432.4492,0.3277,0.1891,0.0174,0.1125,0.4670,0.6336,0.0084,0.0130,0.0110
475.0461,0.3305,0.2621,0.0061,0.4507,0.4997,0.7969,0.0071,0.0737,0.0703
537.3725,0.3163,0.1211,0.0012,0.3444,0.3857,0.7044,0.0078,0.0894,0.0254
578.4205,0.3197,0.1264,0.0108,0.0914,0.5469,0.6222,0.0028,0.0260,0.0273
585.0632,0.4103,0.2583,0.0077,0.4098,0.5161,0.7519,0.0049,0.0739,0.0152
515.7022,0.3071,0.1936,0.0036,0.1343,0.5569,0.7927,0.0041,0.0114,0.1381
563.8759,0.7705,0.2193,0.0038,0.4989,0.5901,0.6582,0.0004,0.2174,0.0766
473.3420,0.3532,0.1020,0.0034,0.4124,0.3598,0.7689,0.0045,0.0225,0.0906
526.3671,0.6435,0.2594,0.0153,0.4832,0.5881,0.7011,0.0078,0.0748,0.0371
458.8736,0.3506,0.1458,0.0139,0.0244,0.5761,0.6217,0.0006,0.0454,0.0433
546.5961,0.4766,0.2462,0.0023,0.4718,0.5170,0.6612,0.0108,0.0266,0.0474
535.4719,0.7855,0.1651,0.0034,0.4706,0.5585,0.6810,0.0095,0.0548,0.0054
321.1248,0.4207,0.1243,0.0025,0.2604,0.4880,0.7642,0.0077,0.0658,0.0228
341.2559,0.3996,0.1166,0.0213,0.0854,0.1561,0.6986,0.0063,0.0054,0.0361
540.1543,0.3396,0.0958,0.0076,0.3603,0.5866,0.7466,0.0019,0.1497,0.0117
475.6426,0.3018,0.2366,0.0118,0.4666,0.4277,0.7176,0.0026,0.0153,0.1081
440.4523,0.4280,0.1626,0.0208,0.4037,0.5402,0.6805,0.0010,0.0208,0.0426
596.9661,0.3324,0.2880,0.0064,0.4102,0.5768,0.6680,0.0007,0.1127,0.0374
451.6313,0.3583,0.0951,0.0029,0.0177,0.2682,0.4047,0.0001,0.0715,0.0130
556.0600,0.8295,0.2654,0.0057,0.4965,0.5602,0.7173,0.0090,0.0015,0.1304
468.3094,0.3213,0.1485,0.0113,0.0509,0.5305,0.7512,0.0089,0.0854,0.0109
416.1381,0.3368,0.1539,0.0202,0.0829,0.3205,0.6374,0.0003,0.0542,0.0036
421.7175,0.6532,0.2883,0.0013,0.4887,0.5066,0.7998,0.0004,0.0580,0.0132
545.0255,0.3083,0.1393,0.0256,0.0580,0.1543,0.6229,0.0013,0.0134,0.0254
416.7874,0.5111,0.1284,0.0148,0.4955,0.4817,0.7720,0.0024,0.0376,0.0108
539.9379,0.4332,0.1454,0.0047,0.4987,0.5148,0.6404,0.0101,0.0672,0.0021
582.7226,0.3981,0.2252,0.0013,0.4258,0.4719,0.7003,0.0054,0.0152,0.0891
561.9239,0.3375,0.1742,0.0192,0.4877,0.5863,0.7295,0.0083,0.0189,0.2100
491.9745,0.3161,0.1335,0.0096,0.4629,0.3552,0.7960,0.0008,0.1480,0.0627
442.2284,0.3307,0.2419,0.0114,0.3664,0.5302,0.6996,0.0040,0.0151,0.0688
282.5194,0.4339,0.1039,0.0138,0.1734,0.5461,0.7322,0.0058,0.0160,0.0160
561.4836,0.3053,0.1744,0.0324,0.1123,0.5004,0.6928,0.0001,0.0044,0.0165
427.3518,0.3427,0.1266,0.0147,0.0287,0.4246,0.6768,0.0014,0.0452,0.0314
468.7498,0.3316,0.1482,0.0394,0.4274,0.5562,0.7766,0.0020,0.1067,0.0467
538.1940,0.5119,0.2448,0.0291,0.4795,0.5355,0.6628,0.0012,0.0319,0.0096
405.9557,0.3245,0.1961,0.0152,0.4889,0.5328,0.7763,0.0052,0.1166,0.0977
466.2846,0.3062,0.2015,0.0063,0.3949,0.3209,0.6625,0.0038,0.0066,0.0545
567.3557,0.3195,0.1311,0.0070,0.2258,0.5770,0.5930,0.0058,0.0423,0.0319
564.9484,0.4982,0.2324,0.0169,0.4968,0.5495,0.7250,0.0042,0.0976,0.0782
544.8243,0.4678,0.1576,0.0269,0.4915,0.5373,0.6427,0.0004,0.0619,0.0096
446.2869,0.3681,0.1263,0.0014,0.2623,0.5990,0.7557,0.0034,0.0220,0.1844
538.6110,0.9680,0.2221,0.0013,0.4825,0.5773,0.6777,0.0030,0.1287,0.0765
371.7464,0.4081,0.1042,0.0023,0.4066,0.4695,0.7785,0.0088,0.0678,0.0068
458.5262,0.3120,0.1755,0.0069,0.0315,0.4203,0.5422,0.0007,0.0511,0.0059
329.9752,0.4053,0.1439,0.0151,0.0302,0.4954,0.6130,0.0051,0.0143,0.0503
394.7726,0.3801,0.1940,0.0125,0.4612,0.5732,0.6468,0.0046,0.0157,0.0661
578.6276,0.3088,0.1765,0.0149,0.4333,0.4896,0.7318,0.0144,0.0443,0.0648
495.1182,0.4702,0.2053,0.0021,0.4281,0.5607,0.6294,0.0074,0.0149,0.0756
440.2148,0.3454,0.1184,0.0194,0.0796,0.1731,0.6924,0.0020,0.0545,0.0098
557.9297,0.3379,0.1866,0.0179,0.4784,0.4694,0.6980,0.0011,0.1586,0.0062
459.1059,0.3615,0.2198,0.0119,0.4988,0.5064,0.7322,0.0122,0.0248,0.0681
579.6486,0.3977,0.1199,0.0024,0.4154,0.5916,0.7313,0.0028,0.1823,0.0185
349.0617,0.4745,0.2640,0.0042,0.4488,0.5794,0.7895,0.0015,0.0235,0.0670
519.6603,0.5377,0.1776,0.0074,0.4910,0.5602,0.7825,0.0184,0.0435,0.0595
444.5827,0.3020,0.2085,0.0048,0.3510,0.4577,0.7516,0.0056,0.0739,0.0609
492.9985,0.3394,0.1005,0.0037,0.4476,0.5567,0.7186,0.0089,0.0911,0.0260
579.8010,0.3373,0.1461,0.0230,0.3221,0.5533,0.7553,0.0001,0.0401,0.1142
325.6125,0.4153,0.1224,0.0074,0.0043,0.1091,0.3523,0.0040,0.0423,0.0740
528.2605,0.3219,0.2367,0.0157,0.4035,0.5476,0.6474,0.0013,0.0724,0.0412
351.2484,0.3614,0.1559,0.0371,0.1567,0.5953,0.7495,0.0054,0.0314,0.0128
451.9163,0.3214,0.1687,0.0059,0.1393,0.4994,0.7141,0.0019,0.1440,0.0058
374.2123,0.4205,0.1294,0.0079,0.4219,0.5185,0.7363,0.0009,0.0119,0.1273
459.3786,0.5548,0.1971,0.0078,0.4315,0.5716,0.7255,0.0023,0.1168,0.0151
554.6026,0.7927,0.2276,0.0068,0.3902,0.5832,0.6304,0.0001,0.0037,0.0345
380.2260,0.4717,0.2273,0.0017,0.4687,0.5128,0.7583,0.0010,0.0967,0.0387
447.5538,0.7136,0.2313,0.0086,0.4704,0.5664,0.6439,0.0079,0.0033,0.0317
428.6415,0.3456,0.1689,0.0186,0.4056,0.3926,0.7956,0.0026,0.0922,0.0585
429.4579,0.5175,0.1847,0.0036,0.4616,0.5654,0.6274,0.0052,0.0339,0.0514
483.8464,0.3285,0.1580,0.0041,0.1600,0.2580,0.6170,0.0062,0.0156,0.0212
524.2660,0.4367,0.2297,0.0181,0.4662,0.5870,0.7853,0.0172,0.0066,0.0841
549.7409,0.3411,0.2127,0.0050,0.4538,0.5175,0.5770,0.0042,0.0526,0.0422
502.6021,0.3777,0.1636,0.0022,0.4042,0.4746,0.7676,0.0188,0.0299,0.0233
338.5265,0.4449,0.0732,0.0050,0.0148,0.1365,0.6748,0.0016,0.0449,0.0035
488.9969,0.3291,0.1709,0.0092,0.2542,0.5238,0.7162,0.0029,0.0601,0.1020
345.9532,0.3723,0.1875,0.0019,0.4855,0.1692,0.7927,0.0006,0.0180,0.0643
432.0611,0.3597,0.1110,0.0044,0.2120,0.4018,0.7633,0.0119,0.0541,0.0158
510.8902,0.3077,0.1632,0.0149,0.0875,0.1057,0.7778,0.0019,0.0187,0.0702
402.5821,0.4144,0.1669,0.0046,0.3539,0.4777,0.6987,0.0050,0.0594,0.0039
477.9460,0.3346,0.1153,0.0341,0.0527,0.3068,0.7948,0.0004,0.0501,0.0068
518.3848,0.5980,0.1805,0.0110,0.4283,0.5842,0.6724,0.0031,0.0340,0.0651
550.9121,0.3267,0.1856,0.0332,0.3179,0.5629,0.7117,0.0098,0.0132,0.0003
423.3433,0.3477,0.2263,0.0195,0.4251,0.5394,0.7401,0.0145,0.0050,0.0142
537.2218,0.3296,0.1930,0.0011,0.4106,0.3770,0.7839,0.0034,0.1761,0.0026
450.3408,0.3647,0.1442,0.0018,0.4559,0.4225,0.6783,0.0003,0.1122,0.0415
512.8320,0.3697,0.2859,0.0068,0.3749,0.5918,0.7704,0.0048,0.0532,0.0446
404.7363,0.3769,0.1062,0.0062,0.0123,0.3479,0.7361,0.0055,0.0151,0.1002
589.0938,0.3730,0.2065,0.0199,0.4964,0.5884,0.7055,0.0060,0.0785,0.1588
384.1888,0.3584,0.1506,0.0117,0.2341,0.5136,0.6325,0.0053,0.0066,0.0799
530.2878,0.5173,0.2097,0.0032,0.4231,0.5198,0.7485,0.0013,0.0775,0.0641
368.8013,0.3830,0.2003,0.0362,0.3984,0.5304,0.7960,0.0047,0.0213,0.0112
441.3854,0.3437,0.1868,0.0045,0.4308,0.5638,0.7059,0.0081,0.1337,0.0526
548.6053,0.3124,0.2382,0.0114,0.4385,0.4724,0.6251,0.0061,0.0365,0.0014
305.8980,0.3799,0.1524,0.0112,0.4598,0.5539,0.7886,0.0075,0.0495,0.0294
510.6084,0.3172,0.2436,0.0021,0.2479,0.4910,0.7014,0.0011,0.0812,0.0005
481.3682,0.8401,0.2094,0.0053,0.4701,0.5742,0.6244,0.0023,0.0228,0.0918
392.8143,0.3362,0.1854,0.0075,0.1290,0.4045,0.6206,0.0031,0.0474,0.0158
583.4351,0.8033,0.1934,0.0138,0.4731,0.5489,0.7882,0.0102,0.0120,0.0493
562.5297,0.4218,0.1755,0.0094,0.4600,0.5782,0.7197,0.0002,0.1359,0.1477
405.3345,0.3645,0.1434,0.0118,0.0283,0.1421,0.7784,0.0047,0.0739,0.0201
551.2020,0.3043,0.1178,0.0098,0.2840,0.5896,0.6628,0.0102,0.0506,0.0563
585.2239,0.3490,0.1898,0.0295,0.3892,0.5718,0.7971,0.0015,0.1542,0.0245
500.7882,0.3116,0.1987,0.0041,0.4904,0.5835,0.7395,0.0115,0.0617,0.2091
477.1472,0.4879,0.2290,0.0027,0.4983,0.4986,0.6971,0.0179,0.0054,0.0120
371.2436,0.3965,0.1741,0.0076,0.3577,0.3737,0.7839,0.0028,0.0834,0.0141
294.5430,0.3918,0.1688,0.0044,0.0815,0.5893,0.6053,0.0078,0.0343,0.0113
328.8062,0.3780,0.1506,0.0186,0.0924,0.5182,0.7568,0.0110,0.0612,0.0008
521.4555,0.3507,0.1731,0.0053,0.4528,0.4859,0.7876,0.0057,0.2202,0.0216
425.6863,0.3873,0.1355,0.0183,0.3136,0.5054,0.7167,0.0012,0.0043,0.0851
549.5056,0.3201,0.1527,0.0291,0.4288,0.4820,0.7509,0.0157,0.0150,0.0096
503.3750,0.3305,0.2412,0.0071,0.4157,0.5627,0.5973,0.0102,0.0056,0.0252
386.0798,0.3618,0.1759,0.0054,0.3221,0.5220,0.6982,0.0100,0.0795,0.0082
392.7539,0.3491,0.1391,0.0061,0.1563,0.4197,0.7860,0.0037,0.0073,0.1137
462.7741,0.3583,0.2543,0.0216,0.4476,0.5254,0.7779,0.0012,0.0520,0.0652
464.2658,0.3410,0.1314,0.0127,0.2306,0.1643,0.7704,0.0029,0.0173,0.0651
565.3644,0.3318,0.2017,0.0121,0.4057,0.4239,0.7360,0.0074,0.0554,0.0226
398.9889,0.5774,0.1677,0.0254,0.4609,0.5234,0.7416,0.0004,0.0043,0.0052
405.7221,0.3310,0.1887,0.0016,0.0556,0.1895,0.6283,0.0041,0.0203,0.0497
554.3400,0.4897,0.1800,0.0386,0.4931,0.5793,0.7941,0.0046,0.0682,0.0543
451.1138,0.3025,0.2609,0.0067,0.4753,0.5805,0.6572,0.0093,0.0779,0.0057
595.3917,0.9396,0.2890,0.0072,0.4540,0.5690,0.6869,0.0083,0.0410,0.0111
491.7700,0.3171,0.1263,0.0205,0.0218,0.3246,0.6246,0.0098,0.0145,0.0060
573.3620,0.3326,0.1622,0.0047,0.3118,0.5705,0.7953,0.0063,0.1620,0.0546
502.4611,0.3245,0.1540,0.0369,0.4671,0.3848,0.7231,0.0004,0.0272,0.0343
486.3753,0.3179,0.1393,0.0192,0.4236,0.5900,0.7090,0.0018,0.0592,0.1683
521.6326,0.3390,0.2216,0.0097,0.4802,0.5958,0.6229,0.0050,0.1754,0.0075
436.7517,0.4119,0.1976,0.0011,0.4857,0.4681,0.6876,0.0047,0.0547,0.0612
492.4390,0.4915,0.1633,0.0144,0.4315,0.4777,0.7905,0.0076,0.0027,0.0205
575.7813,0.5060,0.2435,0.0010,0.4455,0.5685,0.7697,0.0131,0.1245,0.0250
568.3974,0.9120,0.2575,0.0212,0.4958,0.5977,0.7364,0.0031,0.0234,0.1423
428.4101,0.3521,0.1461,0.0050,0.0813,0.2984,0.6252,0.0069,0.0710,0.0070
581.3443,0.6154,0.2112,0.0282,0.4567,0.5915,0.7483,0.0091,0.0131,0.0498
429.0592,0.5278,0.1362,0.0115,0.4968,0.5180,0.7910,0.0058,0.0593,0.0224
549.5972,0.3540,0.1664,0.0101,0.4889,0.5639,0.7084,0.0048,0.0031,0.2590
501.4010,0.3298,0.1479,0.0035,0.0126,0.4676,0.3560,0.0012,0.0426,0.0624
476.5786,0.3193,0.1549,0.0029,0.4919,0.3270,0.7843,0.0152,0.0901,0.0205
313.6497,0.4014,0.1168,0.0126,0.0280,0.3707,0.7040,0.0012,0.0361,0.0272
452.7378,0.4332,0.1704,0.0053,0.4009,0.5769,0.6908,0.0069,0.0041,0.1123
419.1176,0.3595,0.1263,0.0335,0.1942,0.2810,0.7871,0.0022,0.0322,0.0173
395.5648,0.3723,0.1096,0.0117,0.1722,0.4921,0.7130,0.0066,0.0630,0.0286
543.7710,0.7486,0.2256,0.0079,0.4642,0.5883,0.5290,0.0043,0.0575,0.0411
477.0217,0.5192,0.2155,0.0355,0.4351,0.5414,0.7936,0.0014,0.0127,0.0074
376.9270,0.3656,0.1467,0.0097,0.4333,0.5832,0.7999,0.0157,0.0799,0.0493
379.3584,0.3421,0.2015,0.0347,0.0919,0.5117,0.6314,0.0006,0.0141,0.0087
526.3242,0.3130,0.1667,0.0214,0.2240,0.4531,0.7855,0.0003,0.0643,0.0787
363.9445,0.3559,0.1754,0.0141,0.0159,0.2550,0.7098,0.0033,0.0128,0.0741
568.1445,0.3003,0.2975,0.0062,0.3899,0.5038,0.7783,0.0029,0.0337,0.0715
435.7157,0.3969,0.2855,0.0077,0.4698,0.5201,0.7645,0.0050,0.0344,0.0324
485.6827,0.3357,0.1099,0.0250,0.4078,0.3843,0.7898,0.0085,0.0018,0.0391
368.7170,0.3294,0.1827,0.0031,0.4573,0.5736,0.6946,0.0162,0.0334,0.0004
542.1648,0.5731,0.2672,0.0125,0.4775,0.5620,0.6899,0.0043,0.0532,0.0636
443.0309,0.3329,0.1535,0.0107,0.0304,0.5508,0.6407,0.0072,0.0615,0.0437
512.8942,0.4625,0.1589,0.0048,0.4585,0.5663,0.7507,0.0135,0.0818,0.0470
535.8561,0.3350,0.1744,0.0026,0.4304,0.3165,0.7241,0.0043,0.0122,0.0739
354.1371,0.3766,0.1831,0.0083,0.3261,0.3916,0.7697,0.0022,0.0636,0.0550
383.8014,0.3264,0.2291,0.0034,0.1990,0.5609,0.7818,0.0060,0.0514,0.0637
558.9406,0.8117,0.2826,0.0044,0.4532,0.5611,0.7065,0.0013,0.0601,0.0475
396.6525,0.3413,0.2074,0.0128,0.2638,0.5480,0.7247,0.0104,0.0433,0.0128
578.4862,0.3647,0.2060,0.0479,0.4923,0.5558,0.7589,0.0053,0.0510,0.0417
417.8549,0.4524,0.1466,0.0159,0.4600,0.4843,0.7768,0.0098,0.0212,0.0087
382.2251,0.3707,0.2206,0.0043,0.3980,0.3546,0.7434,0.0063,0.0173,0.0039
335.0193,0.3932,0.1417,0.0203,0.0793,0.4642,0.7742,0.0033,0.0184,0.0814
554.2029,0.6259,0.1258,0.0177,0.4679,0.5986,0.7342,0.0009,0.0400,0.0370
300.7218,0.4592,0.0751,0.0027,0.0233,0.4057,0.5109,0.0032,0.0335,0.0113
528.0112,0.3569,0.1580,0.0239,0.4308,0.5324,0.7632,0.0019,0.0234,0.1571
507.6519,0.4604,0.2090,0.0088,0.4938,0.4046,0.7887,0.0042,0.0177,0.0500
327.2444,0.4159,0.1338,0.0023,0.2627,0.2884,0.7128,0.0019,0.0598,0.0253
580.1809,0.3475,0.2256,0.0151,0.3572,0.5069,0.6553,0.0006,0.0146,0.0486
555.4148,0.8277,0.1842,0.0188,0.4852,0.5546,0.5389,0.0000,0.0207,0.0256
389.5582,0.3839,0.1647,0.0065,0.1233,0.5882,0.7066,0.0001,0.0881,0.0392
432.7140,0.3731,0.1433,0.0293,0.4597,0.4561,0.7470,0.0009,0.0641,0.0283
311.7516,0.4460,0.1415,0.0074,0.3134,0.5437,0.7285,0.0015,0.0703,0.0098
571.6145,0.3322,0.1505,0.0163,0.4895,0.2840,0.7475,0.0015,0.0317,0.0232
511.5054,0.3040,0.1518,0.0013,0.3963,0.5740,0.6426,0.0076,0.1475,0.0579
568.5410,0.3133,0.2269,0.0132,0.3136,0.5991,0.7837,0.0089,0.1152,0.0192
529.2370,0.6412,0.1784,0.0038,0.4710,0.5893,0.4928,0.0013,0.0553,0.0490
492.5432,0.7693,0.1959,0.0331,0.4792,0.5905,0.7727,0.0066,0.0247,0.0024
412.9069,0.3376,0.1436,0.0420,0.1948,0.5670,0.7012,0.0039,0.0035,0.0286
532.7148,0.3194,0.2734,0.0139,0.4402,0.5968,0.6924,0.0001,0.0162,0.1665
547.8046,0.3101,0.1582,0.0106,0.1650,0.3581,0.6839,0.0026,0.0466,0.0350
492.2264,0.3688,0.1790,0.0055,0.4981,0.4651,0.6145,0.0002,0.0938,0.0216
484.4360,0.3628,0.1150,0.0138,0.2320,0.3876,0.6845,0.0008,0.0274,0.0168
506.6005,0.4345,0.2423,0.0030,0.4785,0.5699,0.7093,0.0061,0.0713,0.1345
472.2207,0.6107,0.2800,0.0047,0.4706,0.4967,0.7919,0.0045,0.0151,0.0184
583.4594,0.4778,0.1571,0.0068,0.4886,0.5717,0.6890,0.0053,0.0224,0.1917
525.3475,0.3134,0.1856,0.0017,0.1399,0.2546,0.6808,0.0057,0.0030,0.0266
364.7017,0.3552,0.1728,0.0097,0.1196,0.4530,0.7603,0.0079,0.0735,0.0383
458.9326,0.3675,0.1299,0.0082,0.0041,0.4041,0.3643,0.0001,0.0068,0.0710
544.9003,0.3918,0.2370,0.0370,0.4564,0.5525,0.7757,0.0011,0.0311,0.0753
592.5369,0.6858,0.2513,0.0180,0.4954,0.5431,0.6933,0.0074,0.0027,0.0808
446.5629,0.3114,0.2058,0.0120,0.2897,0.4891,0.6548,0.0027,0.0710,0.0387
459.0277,0.3079,0.2257,0.0266,0.4350,0.5962,0.7585,0.0081,0.0321,0.1027
532.9008,0.3097,0.1292,0.0037,0.3505,0.2026,0.7723,0.0020,0.0837,0.0448
582.0347,0.9748,0.2154,0.0052,0.4645,0.5493,0.4937,0.0061,0.0383,0.0058
476.9391,0.5693,0.1455,0.0086,0.4009,0.5534,0.7338,0.0026,0.0220,0.0198
495.2903,0.3956,0.1268,0.0130,0.3930,0.5134,0.7772,0.0067,0.0410,0.0475
594.5635,0.3579,0.1026,0.0097,0.4610,0.5287,0.7655,0.0106,0.0636,0.0039
580.0402,0.3107,0.1069,0.0014,0.3142,0.4686,0.7144,0.0065,0.0334,0.0990
403.2372,0.3361,0.2177,0.0063,0.4810,0.5421,0.7478,0.0083,0.1299,0.0399
513.1239,0.3227,0.1474,0.0070,0.1562,0.3021,0.6962,0.0013,0.0929,0.0187
567.5022,0.5126,0.1797,0.0015,0.4733,0.5254,0.7044,0.0023,0.1112,0.0972
542.8349,0.4265,0.2139,0.0075,0.3776,0.5921,0.7931,0.0012,0.1303,0.0808
492.8263,0.3004,0.1551,0.0250,0.4396,0.4700,0.7598,0.0027,0.1359,0.0072
363.2749,0.4075,0.1874,0.0161,0.3382,0.4885,0.7958,0.0116,0.0005,0.0046
558.1860,0.3098,0.2570,0.0093,0.4703,0.5561,0.7823,0.0073,0.2169,0.0169
467.8987,0.3392,0.1385,0.0303,0.4197,0.5187,0.7426,0.0038,0.1015,0.0152
424.6881,0.3283,0.1598,0.0053,0.0051,0.4007,0.7189,0.0045,0.0506,0.0247
453.8332,0.3098,0.1668,0.0066,0.2041,0.3452,0.7454,0.0179,0.0116,0.0360
576.0189,0.3190,0.2371,0.0060,0.4097,0.5857,0.6976,0.0125,0.0474,0.1046
447.0840,0.3797,0.1596,0.0170,0.2700,0.4764,0.7996,0.0003,0.0368,0.0781
332.6949,0.3964,0.1420,0.0056,0.0066,0.5798,0.6571,0.0082,0.0018,0.1010
580.7621,0.3230,0.1403,0.0078,0.3300,0.5216,0.7991,0.0032,0.0557,0.1758
482.4453,0.4253,0.1716,0.0329,0.4161,0.5829,0.6626,0.0005,0.0111,0.0399
527.4643,0.3376,0.1762,0.0066,0.3799,0.5275,0.6267,0.0044,0.0563,0.0687
428.9267,0.4107,0.2074,0.0302,0.3740,0.5892,0.7403,0.0018,0.0259,0.0307
463.6162,0.6698,0.1764,0.0011,0.4584,0.5977,0.7469,0.0041,0.1140,0.0758
456.4415,0.3540,0.1943,0.0211,0.4755,0.5684,0.6982,0.0141,0.0288,0.0311
354.8644,0.3588,0.1731,0.0166,0.0445,0.5910,0.6431,0.0031,0.0569,0.0184
551.2596,0.6014,0.2084,0.0129,0.4719,0.5859,0.5895,0.0033,0.0021,0.1324
441.9729,0.3150,0.2027,0.0143,0.3743,0.3674,0.7720,0.0075,0.0594,0.0374
586.9964,0.3003,0.1324,0.0135,0.0119,0.1270,0.7340,0.0021,0.0225,0.0572
484.6247,0.3122,0.2484,0.0030,0.1894,0.5994,0.6224,0.0063,0.0085,0.0129
576.1954,0.3401,0.1594,0.0316,0.4416,0.5666,0.6137,0.0078,0.0098,0.0098
429.5474,0.3586,0.1202,0.0036,0.3821,0.4321,0.7593,0.0007,0.0786,0.1367
381.0768,0.4614,0.1863,0.0169,0.4451,0.5621,0.7926,0.0028,0.1123,0.0159
429.9895,0.7800,0.1995,0.0124,0.4886,0.5953,0.7124,0.0128,0.0447,0.0019
353.1728,0.3922,0.1510,0.0055,0.2402,0.2008,0.7540,0.0014,0.0694,0.0263
511.8868,0.3640,0.1321,0.0020,0.2792,0.2651,0.7835,0.0028,0.0463,0.0084
371.4937,0.4143,0.1587,0.0235,0.4142,0.5561,0.6941,0.0028,0.0088,0.0378
409.0302,0.3493,0.2024,0.0010,0.1080,0.5094,0.7220,0.0070,0.0082,0.0593
329.7758,0.4114,0.1048,0.0122,0.0220,0.4101,0.6076,0.0015,0.0592,0.0529
422.5804,0.3130,0.1941,0.0095,0.2413,0.4566,0.7422,0.0110,0.0525,0.0155
508.8130,0.3669,0.1828,0.0215,0.4159,0.5789,0.7474,0.0051,0.1104,0.0528
509.9286,0.3194,0.1262,0.0058,0.0642,0.2194,0.7419,0.0050,0.0028,0.0951
476.5062,0.3468,0.1352,0.0039,0.3746,0.5102,0.6419,0.0101,0.0264,0.0417
490.5238,0.3915,0.1440,0.0038,0.4968,0.5777,0.7810,0.0036,0.1585,0.1630
420.7895,0.3566,0.1851,0.0104,0.4174,0.5360,0.7840,0.0114,0.0116,0.1337
412.4118,0.3846,0.1239,0.0012,0.0296,0.5463,0.4737,0.0080,0.0311,0.0161
446.9949,0.6262,0.2154,0.0044,0.4506,0.5944,0.6841,0.0103,0.0659,0.0154
597.9746,0.7328,0.1849,0.0095,0.4951,0.5902,0.6522,0.0123,0.1040,0.0372
548.8340,0.3295,0.1989,0.0142,0.4458,0.5572,0.6033,0.0023,0.0392,0.1006
525.1178,0.4525,0.1809,0.0027,0.4427,0.4879,0.7666,0.0191,0.0094,0.0179
489.8489,0.3421,0.1182,0.0246,0.2778,0.5516,0.6819,0.0011,0.0737,0.0143
381.4307,0.3995,0.1140,0.0072,0.0465,0.1713,0.7903,0.0070,0.0044,0.0544
351.3304,0.4362,0.1737,0.0030,0.4157,0.2762,0.7957,0.0010,0.0352,0.0096
586.4301,0.3860,0.2046,0.0108,0.4730,0.4865,0.7239,0.0079,0.0930,0.0407
522.6066,0.8003,0.1930,0.0055,0.4630,0.5849,0.5573,0.0011,0.0374,0.0849
385.2499,0.5624,0.2230,0.0091,0.4809,0.5967,0.7752,0.0015,0.1493,0.0247
280.6896,0.4279,0.1662,0.0098,0.4743,0.5246,0.7801,0.0005,0.0269,0.0671
362.0403,0.5112,0.1340,0.0036,0.3785,0.5908,0.6881,0.0016,0.0460,0.0112
596.3947,0.5224,0.2467,0.0061,0.4701,0.5796,0.7394,0.0028,0.1977,0.0609
471.9909,0.4641,0.1927,0.0030,0.3851,0.5306,0.6754,0.0001,0.0922,0.0159
436.2850,0.3321,0.1770,0.0054,0.4761,0.2805,0.7997,0.0120,0.0013,0.0855
577.3286,0.3126,0.1865,0.0076,0.2824,0.5433,0.5488,0.0019,0.0609,0.0061
445.5051,0.3365,0.1534,0.0160,0.0711,0.4302,0.7580,0.0025,0.0683,0.0567
459.9857,0.3338,0.1111,0.0013,0.4907,0.5342,0.6726,0.0036,0.0184,0.0900
593.7420,0.3179,0.1804,0.0293,0.2380,0.5045,0.6658,0.0022,0.0007,0.0013
584.8381,0.3196,0.1615,0.0081,0.3903,0.3764,0.7207,0.0005,0.1155,0.0300
488.5821,0.6521,0.2242,0.0192,0.4858,0.5815,0.6023,0.0052,0.0550,0.0044
543.3305,0.3086,0.1368,0.0336,0.0384,0.4792,0.7444,0.0009,0.0364,0.0165
402.4082,0.4083,0.0965,0.0194,0.3458,0.3929,0.7709,0.0015,0.0152,0.0009
584.3961,0.8190,0.2187,0.0047,0.4967,0.5260,0.7676,0.0133,0.0089,0.0824
530.9619,0.3162,0.1639,0.0053,0.1744,0.5904,0.6683,0.0056,0.0667,0.0636
359.3605,0.3578,0.1786,0.0118,0.0702,0.1010,0.5925,0.0083,0.0056,0.0288
485.6036,0.3862,0.2265,0.0113,0.3886,0.5949,0.6027,0.0043,0.0206,0.0393
412.0568,0.3353,0.1496,0.0085,0.4381,0.3958,0.7877,0.0189,0.0424,0.0311
559.1845,0.9741,0.1980,0.0026,0.4333,0.5912,0.7608,0.0032,0.1326,0.0076
426.5924,0.3715,0.1531,0.0033,0.3369,0.5694,0.6824,0.0030,0.0164,0.1584
548.6536,0.3071,0.1350,0.0383,0.4211,0.5929,0.7693,0.0176,0.0017,0.0321
404.5386,0.3502,0.1454,0.0213,0.0047,0.1826,0.7423,0.0016,0.0595,0.0385
498.0687,0.3055,0.2123,0.0136,0.4825,0.4913,0.7836,0.0146,0.0668,0.0787
574.5202,0.4667,0.2304,0.0034,0.4724,0.5468,0.5543,0.0065,0.0193,0.0795
479.7019,0.4789,0.1841,0.0179,0.4747,0.5762,0.7333,0.0161,0.0108,0.0407
395.3625,0.3552,0.1488,0.0154,0.1798,0.4054,0.7654,0.0006,0.0136,0.1494
537.7834,0.3234,0.1607,0.0035,0.4755,0.5371,0.7553,0.0159,0.1423,0.0657
563.2583,0.4464,0.1592,0.0135,0.4797,0.5753,0.6057,0.0027,0.0938,0.0459
512.0022,0.5190,0.2378,0.0077,0.4633,0.5328,0.6916,0.0063,0.0208,0.0694
460.0555,0.3453,0.2836,0.0121,0.4555,0.5494,0.7418,0.0030,0.0398,0.0627
524.1286,0.3829,0.1738,0.0072,0.3743,0.4612,0.7127,0.0024,0.0977,0.0054
586.5008,0.3326,0.1754,0.0283,0.4139,0.5605,0.7668,0.0113,0.0763,0.0334
598.3105,0.4419,0.2719,0.0017,0.4339,0.5995,0.7903,0.0052,0.0376,0.2037
337.4050,0.4110,0.1259,0.0108,0.1477,0.5373,0.6997,0.0036,0.0927,0.0002
502.0376,0.3827,0.1979,0.0030,0.4682,0.5644,0.7717,0.0014,0.2885,0.0457
428.2087,0.3801,0.1069,0.0205,0.0891,0.1961,0.6033,0.0003,0.0034,0.0151
494.3238,0.3096,0.1596,0.0110,0.0141,0.2508,0.6451,0.0066,0.0021,0.0690
525.2089,0.3967,0.1986,0.0358,0.3818,0.5542,0.7240,0.0000,0.0073,0.0451
545.4058,0.4926,0.1978,0.0089,0.3644,0.5758,0.6545,0.0070,0.0193,0.0058
485.4135,0.3090,0.1490,0.0038,0.4159,0.4851,0.6905,0.0049,0.0748,0.0927
493.2360,0.4853,0.1223,0.0055,0.4081,0.5973,0.7643,0.0057,0.0186,0.0810
465.1176,0.3307,0.1567,0.0218,0.2385,0.1610,0.7497,0.0010,0.0040,0.0469
574.9155,0.3882,0.1526,0.0116,0.4451,0.5308,0.7351,0.0071,0.0729,0.0788
396.3800,0.5644,0.1187,0.0098,0.4530,0.5512,0.7777,0.0035,0.0164,0.0126
397.0492,0.3901,0.1714,0.0037,0.0941,0.2652,0.6312,0.0038,0.0002,0.0029
306.5588,0.4215,0.1284,0.0021,0.0293,0.3414,0.4929,0.0067,0.0694,0.0198
495.5936,0.3145,0.1401,0.0272,0.1520,0.3267,0.7682,0.0025,0.0447,0.0292
526.5107,0.3301,0.0962,0.0059,0.2315,0.5382,0.6860,0.0068,0.0100,0.0627
509.2187,0.5505,0.2126,0.0013,0.4475,0.4574,0.7450,0.0033,0.0401,0.0195
319.4793,0.4558,0.1106,0.0012,0.0647,0.3883,0.4278,0.0029,0.0003,0.0015
312.7427,0.3899,0.1694,0.0219,0.0044,0.4542,0.7224,0.0031,0.0228,0.0537
462.5095,0.3740,0.1838,0.0057,0.4396,0.3763,0.6937,0.0073,0.0212,0.0056
476.1093,0.3378,0.1814,0.0110,0.3394,0.5575,0.7763,0.0108,0.0659,0.0805
411.9240,0.3669,0.1673,0.0305,0.3781,0.4622,0.7029,0.0005,0.0498,0.0017
490.0125,0.3538,0.1950,0.0133,0.3051,0.5365,0.6115,0.0004,0.0195,0.0421
562.3374,0.3021,0.1191,0.0169,0.3644,0.4544,0.7957,0.0151,0.0434,0.0346
406.8252,0.7227,0.2433,0.0075,0.4801,0.5894,0.7448,0.0094,0.0544,0.0157
548.8010,0.3602,0.1214,0.0252,0.4810,0.5107,0.6901,0.0017,0.0178,0.0597
292.3919,0.4112,0.1617,0.0039,0.3372,0.3174,0.7882,0.0017,0.0560,0.0478
436.5666,0.4058,0.2522,0.0231,0.4934,0.5548,0.7908,0.0081,0.0199,0.0600
559.7293,0.5493,0.2989,0.0086,0.4970,0.5996,0.6216,0.0193,0.0114,0.0336
443.5536,0.3188,0.1828,0.0034,0.1749,0.3358,0.6329,0.0018,0.0757,0.0040
383.0054,0.3340,0.1840,0.0188,0.2070,0.5145,0.7378,0.0079,0.0449,0.0161
336.0021,0.4521,0.1692,0.0088,0.2708,0.5611,0.7726,0.0024,0.0460,0.0202
456.4108,0.9419,0.1562,0.0113,0.4904,0.5913,0.7786,0.0090,0.0019,0.0428
418.8412,0.3931,0.1175,0.0014,0.1439,0.3865,0.7828,0.0058,0.0687,0.0076
305.9777,0.4093,0.1031,0.0085,0.0140,0.1332,0.4434,0.0037,0.0102,0.0047
528.9886,0.3040,0.1217,0.0125,0.2473,0.3716,0.7649,0.0035,0.0697,0.0015
361.3356,0.3484,0.2360,0.0052,0.0079,0.3199,0.6893,0.0001,0.0086,0.0463
565.5898,0.3161,0.2409,0.0153,0.3976,0.5716,0.7423,0.0011,0.0200,0.1888
377.3400,0.3516,0.1896,0.0047,0.2731,0.3053,0.7920,0.0102,0.0572,0.0144
516.6391,0.3820,0.1820,0.0085,0.4549,0.5210,0.5409,0.0012,0.0026,0.0401
527.1043,0.3466,0.1287,0.0083,0.4073,0.5427,0.7916,0.0038,0.0356,0.2066
451.8366,0.3486,0.1182,0.0065,0.0064,0.3084,0.5753,0.0071,0.0378,0.0655
556.3764,0.8393,0.2292,0.0035,0.4773,0.5200,0.5126,0.0031,0.0328,0.0067
581.0329,0.3565,0.1885,0.0056,0.3651,0.5679,0.6193,0.0025,0.0021,0.1460
392.1671,0.3751,0.1236,0.0158,0.1000,0.4872,0.6880,0.0032,0.0828,0.0222
541.4038,0.6607,0.2518,0.0036,0.4433,0.5986,0.6500,0.0164,0.0277,0.0238
575.9315,0.3504,0.2079,0.0325,0.4690,0.5193,0.7930,0.0084,0.0447,0.0662
384.7790,0.3769,0.1913,0.0134,0.3903,0.4703,0.7797,0.0094,0.0040,0.0654
334.2232,0.4089,0.1476,0.0112,0.0713,0.3611,0.7459,0.0002,0.0025,0.1076
420.5737,0.4380,0.1408,0.0070,0.4523,0.5903,0.7424,0.0066,0.0372,0.1172
520.2300,0.3017,0.1797,0.0024,0.2045,0.5966,0.7745,0.0141,0.1331,0.0124
441.1894,0.4815,0.2899,0.0032,0.4556,0.5884,0.7770,0.0074,0.0566,0.0430
559.4403,0.3214,0.2135,0.0413,0.4500,0.5872,0.6714,0.0015,0.0844,0.0204
530.0512,0.3077,0.2637,0.0046,0.4635,0.4781,0.7345,0.0032,0.0005,0.1657
481.3581,0.3329,0.1234,0.0027,0.3668,0.4114,0.7669,0.0013,0.1346,0.1012
578.1066,0.7686,0.2599,0.0114,0.4735,0.5923,0.5594,0.0051,0.0947,0.0206
550.3584,0.3177,0.1289,0.0201,0.1727,0.4670,0.7102,0.0007,0.0493,0.0495
290.8216,0.4554,0.1550,0.0046,0.0050,0.1135,0.7614,0.0008,0.0128,0.0400
507.4912,0.3068,0.1693,0.0463,0.2736,0.5771,0.7510,0.0002,0.1026,0.0051
568.9506,0.3383,0.1368,0.0013,0.4815,0.2913,0.7760,0.0046,0.0266,0.0830
460.8414,0.3311,0.1915,0.0020,0.1547,0.5469,0.7300,0.0051,0.0647,0.0624
422.7533,0.3658,0.1146,0.0056,0.2062,0.3790,0.6722,0.0104,0.0030,0.0292
592.7930,0.6592,0.1967,0.0094,0.4875,0.4564,0.7772,0.0010,0.0704,0.0031
416.0758,0.3920,0.2596,0.0093,0.4265,0.5223,0.6892,0.0060,0.0019,0.0079
341.9106,0.3696,0.1720,0.0331,0.0294,0.4647,0.4368,0.0010,0.0076,0.0296
403.4247,0.3492,0.1692,0.0073,0.4458,0.5259,0.6627,0.0077,0.0757,0.0269
542.6637,0.3336,0.1058,0.0087,0.2900,0.5667,0.7578,0.0125,0.0089,0.0536
449.0290,0.3718,0.0850,0.0130,0.0222,0.1037,0.6268,0.0026,0.0231,0.0200
479.7331,0.8044,0.1654,0.0018,0.4910,0.5522,0.7435,0.0009,0.0189,0.1426
317.0265,0.3889,0.1827,0.0019,0.1083,0.2537,0.7417,0.0083,0.0460,0.0076
594.4223,0.3270,0.2731,0.0052,0.4962,0.5449,0.6489,0.0112,0.0282,0.0954
361.9222,0.3281,0.2391,0.0092,0.3164,0.3234,0.7869,0.0080,0.0205,0.0012
471.2599,0.6183,0.2586,0.0138,0.4940,0.5782,0.7634,0.0014,0.0015,0.1681
578.7253,0.3709,0.2449,0.0267,0.4848,0.4706,0.7215,0.0013,0.0256,0.0493
487.1555,0.3526,0.1716,0.0047,0.2399,0.4370,0.7107,0.0027,0.0316,0.0614
456.3090,0.3195,0.1886,0.0417,0.4115,0.4784,0.7925,0.0050,0.0267,0.0570
532.5411,0.3255,0.2345,0.0102,0.4480,0.4339,0.7801,0.0065,0.0604,0.0631
357.8362,0.3700,0.1242,0.0068,0.3121,0.2590,0.7307,0.0099,0.0183,0.0170
415.3574,0.4152,0.2225,0.0028,0.4110,0.4502,0.7627,0.0043,0.0591,0.0151
595.3212,0.3279,0.1260,0.0352,0.3867,0.4104,0.7728,0.0007,0.0140,0.0339
447.4689,0.3053,0.2078,0.0211,0.2974,0.5863,0.6188,0.0009,0.0576,0.0056
589.9821,0.6743,0.2844,0.0028,0.4721,0.5318,0.7375,0.0093,0.0186,0.0584
496.3772,0.3250,0.1334,0.0061,0.3544,0.5995,0.7200,0.0073,0.1769,0.0380
537.5465,0.6759,0.1846,0.0129,0.4065,0.5992,0.6807,0.0038,0.0131,0.0429
330.0331,0.3572,0.2219,0.0121,0.3236,0.5132,0.7616,0.0034,0.0348,0.0483
535.6414,0.3316,0.1008,0.0266,0.4460,0.4681,0.7670,0.0061,0.0178,0.0237
408.5247,0.7650,0.1806,0.0025,0.4512,0.5497,0.7294,0.0067,0.0126,0.0142
495.1667,0.3337,0.1274,0.0236,0.2225,0.5727,0.7467,0.0041,0.0341,0.0759
599.4100,0.3245,0.2425,0.0024,0.3843,0.3666,0.7546,0.0017,0.0648,0.0009
543.0750,0.5371,0.2064,0.0156,0.4577,0.5062,0.7558,0.0040,0.0051,0.0731
434.8673,0.3608,0.1900,0.0173,0.4656,0.5775,0.6812,0.0054,0.0613,0.0687
567.5520,0.3748,0.2129,0.0059,0.3303,0.5971,0.7684,0.0003,0.1641,0.0440
588.2742,0.3381,0.1134,0.0069,0.3552,0.4994,0.7833,0.0170,0.0039,0.0235
396.3736,0.3763,0.1380,0.0028,0.0835,0.1690,0.6640,0.0081,0.0275,0.0302
525.5323,0.3055,0.1403,0.0043,0.0102,0.5901,0.3011,0.0049,0.0184,0.0430
573.8056,0.3743,0.1276,0.0109,0.4864,0.4346,0.7004,0.0011,0.0485,0.0529
567.2891,0.4457,0.1781,0.0218,0.4244,0.5646,0.7260,0.0026,0.0630,0.0611
444.1797,0.4767,0.1723,0.0374,0.4541,0.5621,0.7667,0.0052,0.0152,0.0089
534.5797,0.3002,0.1303,0.0330,0.4618,0.5201,0.6843,0.0042,0.0713,0.0117
461.8717,0.3875,0.2213,0.0064,0.4922,0.5897,0.7264,0.0009,0.0063,0.2808
454.2566,0.3394,0.1469,0.0139,0.4291,0.4675,0.7010,0.0030,0.0299,0.1178
510.3028,0.5640,0.1751,0.0020,0.4999,0.4774,0.7690,0.0097,0.0626,0.0305
346.0871,0.3264,0.2626,0.0110,0.4401,0.5372,0.7952,0.0104,0.0053,0.0385
468.7301,0.3422,0.1012,0.0034,0.0096,0.4973,0.6007,0.0018,0.0521,0.0253
592.0553,0.5557,0.2048,0.0149,0.4865,0.5641,0.5611,0.0117,0.0329,0.0155
596.4944,0.3094,0.2093,0.0082,0.4002,0.5435,0.6816,0.0086,0.0055,0.1567
539.7059,0.3188,0.1733,0.0063,0.3254,0.5652,0.6040,0.0099,0.0319,0.0492
558.1552,0.5732,0.1605,0.0269,0.4364,0.5790,0.7839,0.0031,0.0153,0.0495
370.3044,0.3774,0.1209,0.0021,0.0130,0.1899,0.3583,0.0128,0.0614,0.0174
387.3697,0.4226,0.0943,0.0039,0.4380,0.2775,0.7836,0.0019,0.0229,0.0056
417.7587,0.3687,0.1471,0.0023,0.1628,0.5481,0.7472,0.0024,0.0536,0.1186
523.5027,0.3541,0.2613,0.0293,0.4096,0.5768,0.7404,0.0036,0.0409,0.0226
403.3333,0.3434,0.1564,0.0091,0.0616,0.3546,0.7346,0.0159,0.0093,0.0400
551.5257,0.3167,0.2526,0.0055,0.4646,0.5729,0.7962,0.0135,0.1756,0.0403
573.0992,0.3456,0.0903,0.0043,0.4710,0.4753,0.7504,0.0092,0.0312,0.0045
505.7810,0.9171,0.1949,0.0061,0.4693,0.5998,0.6072,0.0105,0.0405,0.0343
461.9891,0.3226,0.1675,0.0144,0.0030,0.3164,0.3172,0.0023,0.0653,0.0299
424.7294,0.3238,0.2288,0.0086,0.4598,0.5883,0.7642,0.0121,0.0773,0.0852
483.1591,0.3275,0.1865,0.0304,0.4334,0.4609,0.7817,0.0069,0.0569,0.0381
507.8890,0.3311,0.1529,0.0045,0.3440,0.3232,0.7647,0.0033,0.1272,0.0127
561.1863,0.3050,0.1515,0.0140,0.2507,0.5351,0.6275,0.0072,0.0121,0.0659
473.0692,0.4885,0.1963,0.0203,0.4651,0.5540,0.7163,0.0048,0.0444,0.0467
547.0895,0.7756,0.2282,0.0181,0.4786,0.5657,0.6239,0.0027,0.0814,0.0038
596.2318,0.4571,0.2103,0.0102,0.4625,0.5988,0.5710,0.0127,0.0711,0.0253
359.7360,0.3738,0.1113,0.0382,0.3357,0.4673,0.7925,0.0037,0.0086,0.0098
505.6902,0.3123,0.2324,0.0251,0.4574,0.5140,0.7989,0.0059,0.0256,0.1267
476.6020,0.4728,0.2868,0.0090,0.4968,0.5622,0.5489,0.0035,0.0082,0.0006
587.0410,0.5830,0.2001,0.0189,0.4242,0.5723,0.6986,0.0070,0.0422,0.0051
419.4861,0.3258,0.1697,0.0062,0.4951,0.3750,0.7712,0.0003,0.0104,0.1870
384.1447,0.4068,0.2285,0.0141,0.4321,0.4952,0.7499,0.0037,0.0237,0.0275
333.5718,0.3786,0.1179,0.0106,0.1219,0.5735,0.7835,0.0066,0.0249,0.0039
569.3492,0.3194,0.1238,0.0499,0.3959,0.5531,0.7858,0.0013,0.0535,0.0311
524.2192,0.3012,0.1518,0.0092,0.1336,0.5389,0.6523,0.0143,0.0237,0.0382
434.1001,0.3612,0.1623,0.0126,0.4286,0.1304,0.7869,0.0006,0.0001,0.0190
496.1387,0.3646,0.0978,0.0150,0.4216,0.5703,0.7271,0.0065,0.0141,0.0380
577.6467,0.3558,0.1449,0.0113,0.2933,0.5709,0.7490,0.0027,0.1177,0.0219
273.7041,0.4568,0.1201,0.0117,0.0010,0.4460,0.4807,0.0078,0.0053,0.0172
517.3481,0.3486,0.2340,0.0033,0.4929,0.5925,0.6694,0.0040,0.1453,0.1212
318.1396,0.3754,0.2078,0.0011,0.0889,0.2122,0.7725,0.0047,0.0567,0.0101
571.9084,0.3311,0.1346,0.0099,0.1703,0.4807,0.7232,0.0013,0.0144,0.0707
436.6555,0.3172,0.1972,0.0149,0.1260,0.4083,0.7191,0.0070,0.0205,0.0471
579.1102,0.3737,0.1777,0.0040,0.4670,0.5345,0.7100,0.0116,0.1166,0.0667
558.0381,0.6895,0.1910,0.0205,0.4822,0.5052,0.7978,0.0016,0.0308,0.0343
553.3552,0.4815,0.1006,0.0072,0.4714,0.5300,0.7701,0.0012,0.0130,0.0435
366.9668,0.3682,0.1288,0.0260,0.0256,0.1263,0.7809,0.0081,0.0095,0.0422
593.5237,0.3334,0.1880,0.0079,0.3199,0.4619,0.7600,0.0051,0.0864,0.0211
393.1155,0.3365,0.1591,0.0332,0.4024,0.3262,0.7706,0.0038,0.0254,0.0143
531.8603,0.4375,0.2009,0.0111,0.4991,0.5320,0.7494,0.0004,0.0432,0.2163
439.4833,0.6139,0.2277,0.0097,0.4912,0.5506,0.6992,0.0089,0.0245,0.0376
463.9863,0.3501,0.1514,0.0285,0.4532,0.5699,0.7863,0.0047,0.0343,0.1464
420.7209,0.3611,0.1254,0.0011,0.1181,0.4734,0.6986,0.0038,0.1134,0.0494
427.9264,0.3218,0.1998,0.0074,0.2584,0.4196,0.6854,0.0141,0.0176,0.0057
414.2666,0.3471,0.1974,0.0035,0.3918,0.4839,0.7983,0.0075,0.0436,0.1411
503.0254,0.3556,0.1427,0.0029,0.2210,0.2283,0.7077,0.0021,0.0056,0.0202
564.4447,0.5235,0.2312,0.0048,0.3996,0.5983,0.7168,0.0019,0.0246,0.1469
536.2806,0.3136,0.1340,0.0025,0.1944,0.3826,0.7511,0.0173,0.0277,0.0118
397.5133,0.3664,0.1140,0.0133,0.4002,0.5122,0.7407,0.0014,0.1188,0.0424
521.8689,0.3499,0.1383,0.0092,0.0925,0.5836,0.7307,0.0007,0.0722,0.0039
591.3230,0.3607,0.1599,0.0324,0.4905,0.4598,0.7539,0.0002,0.0751,0.0479
317.4213,0.4945,0.1223,0.0058,0.4536,0.4490,0.7688,0.0033,0.0188,0.0015
553.0690,0.5589,0.2712,0.0063,0.4441,0.5461,0.6366,0.0005,0.0438,0.0449
451.2840,0.3335,0.1208,0.0193,0.0599,0.4801,0.6440,0.0105,0.0247,0.0061
465.3157,0.8022,0.2387,0.0083,0.4853,0.5424,0.7310,0.0020,0.0819,0.0182
528.9475,0.3098,0.1889,0.0029,0.2958,0.5591,0.7175,0.0110,0.0965,0.0573
356.5639,0.4037,0.1108,0.0239,0.0078,0.5526,0.5964,0.0009,0.0236,0.0646
484.3632,0.6383,0.1462,0.0195,0.4999,0.5710,0.7119,0.0003,0.0990,0.0038
390.5445,0.3271,0.1964,0.0196,0.2282,0.5055,0.7548,0.0117,0.0124,0.0460
349.8261,0.3950,0.1617,0.0127,0.0028,0.2297,0.3135,0.0003,0.0187,0.0716
555.6768,0.3144,0.1380,0.0222,0.3276,0.4415,0.7790,0.0038,0.0115,0.1184
523.2160,0.9197,0.2771,0.0150,0.4571,0.5807,0.6529,0.0018,0.0328,0.0159
285.9206,0.4610,0.1029,0.0165,0.0665,0.2965,0.6121,0.0001,0.0338,0.0030
531.4969,0.4273,0.1234,0.0040,0.4640,0.5482,0.6650,0.0010,0.0124,0.1301
497.1305,0.3025,0.1823,0.0165,0.4019,0.4201,0.6398,0.0025,0.0261,0.0587
405.0347,0.3306,0.1546,0.0276,0.2822,0.4865,0.7937,0.0028,0.0523,0.0250
408.5559,0.5271,0.1699,0.0184,0.4676,0.5735,0.7473,0.0115,0.0233,0.0028
476.1504,0.3416,0.1142,0.0021,0.1329,0.3701,0.6909,0.0032,0.0951,0.0435
419.2303,0.3211,0.1814,0.0022,0.0000,0.4895,0.3253,0.0125,0.0282,0.0142
590.0828,0.3142,0.2254,0.0141,0.4837,0.5920,0.7217,0.0049,0.2023,0.0899
331.5849,0.3666,0.1675,0.0065,0.0499,0.3547,0.6225,0.0050,0.0267,0.0205
469.6958,0.3228,0.2004,0.0026,0.3456,0.5725,0.7904,0.0094,0.0245,0.1975
427.8323,0.3531,0.1821,0.0310,0.3234,0.3768,0.7740,0.0050,0.0015,0.0129
442.3741,0.3451,0.2061,0.0111,0.4162,0.5620,0.7212,0.0017,0.1831,0.0204
596.2699,0.4032,0.1648,0.0032,0.4976,0.4890,0.7183,0.0133,0.0221,0.1104
505.7568,0.3676,0.1546,0.0145,0.4847,0.5603,0.6195,0.0053,0.0698,0.0332
500.1674,0.8814,0.2459,0.0010,0.4994,0.5862,0.6395,0.0070,0.0503,0.1286
541.0188,0.3843,0.2762,0.0018,0.4132,0.5518,0.6830,0.0027,0.0886,0.0315
478.3216,0.3439,0.1656,0.0068,0.2598,0.4628,0.7794,0.0022,0.0670,0.1023
407.2605,0.3547,0.1404,0.0288,0.1591,0.5807,0.6781,0.0013,0.0805,0.0176
301.7927,0.4008,0.1348,0.0018,0.1178,0.1628,0.7808,0.0002,0.0762,0.0140
419.7500,0.3591,0.2172,0.0072,0.4677,0.4526,0.6392,0.0009,0.0453,0.0129
463.8394,0.3186,0.1691,0.0107,0.3943,0.5346,0.7043,0.0162,0.0223,0.0693
560.0021,0.4396,0.1942,0.0035,0.4415,0.5789,0.7035,0.0088,0.1847,0.0085
378.6709,0.3411,0.1731,0.0121,0.3184,0.2150,0.7951,0.0013,0.0584,0.0212
430.6727,0.4271,0.1454,0.0027,0.4244,0.5331,0.7861,0.0075,0.0988,0.0602
592.0795,0.7498,0.1457,0.0048,0.4716,0.5882,0.6661,0.0065,0.0059,0.0972
563.0303,0.3183,0.1010,0.0098,0.0029,0.1619,0.7984,0.0095,0.0077,0.0058
516.9503,0.3357,0.1572,0.0103,0.4656,0.4836,0.7411,0.0045,0.1005,0.1129
354.4399,0.3777,0.1569,0.0346,0.0840,0.3449,0.6216,0.0010,0.0135,0.0157
480.8608,0.3577,0.2880,0.0022,0.4767,0.5956,0.7585,0.0168,0.0154,0.0875
350.2144,0.3673,0.1838,0.0135,0.0398,0.4242,0.5288,0.0102,0.0043,0.0065
582.6998,0.5859,0.2397,0.0168,0.4824,0.5583,0.6538,0.0057,0.0239,0.0855
479.3899,0.4233,0.1912,0.0277,0.4879,0.5566,0.7985,0.0003,0.1267,0.0740
400.7019,0.3629,0.1592,0.0144,0.3199,0.3682,0.6935,0.0049,0.0473,0.0009
561.6195,0.3707,0.2982,0.0187,0.4792,0.5214,0.7846,0.0006,0.1066,0.0144
534.8754,0.3789,0.1785,0.0309,0.4970,0.5675,0.5975,0.0048,0.0217,0.0216
415.1825,0.3602,0.1052,0.0027,0.2433,0.5962,0.6081,0.0012,0.0347,0.0311
380.3520,0.3860,0.1515,0.0079,0.0257,0.2626,0.7547,0.0010,0.0245,0.0833
431.4390,0.5477,0.1756,0.0121,0.3449,0.5647,0.7631,0.0001,0.0062,0.0303
525.7709,0.3351,0.2067,0.0034,0.4850,0.4464,0.7944,0.0127,0.0368,0.1319
596.8862,0.3867,0.1620,0.0069,0.4354,0.5285,0.6117,0.0080,0.0504,0.0285
504.5877,0.3949,0.1556,0.0169,0.4219,0.5839,0.7575,0.0112,0.0041,0.1093
480.2130,0.3014,0.1589,0.0017,0.0843,0.5065,0.7390,0.0006,0.0329,0.0322
582.3272,0.5258,0.2428,0.0146,0.4197,0.5822,0.7932,0.0105,0.0521,0.0265
417.9069,0.3159,0.2246,0.0128,0.1277,0.5319,0.6594,0.0019,0.0041,0.0488
541.1376,0.9448,0.2100,0.0085,0.4971,0.5798,0.7240,0.0068,0.1542,0.0164
551.8340,0.3274,0.1637,0.0211,0.3918,0.5776,0.7333,0.0024,0.0807,0.1317
424.7760,0.4169,0.0908,0.0098,0.3716,0.5628,0.7915,0.0009,0.0500,0.0372
452.2596,0.4133,0.1673,0.0166,0.4991,0.5632,0.6846,0.0096,0.0811,0.0092
490.2476,0.3177,0.1346,0.0266,0.3478,0.2899,0.6916,0.0030,0.0069,0.0271
521.3089,0.3268,0.0868,0.0049,0.2682,0.5792,0.7426,0.0086,0.0507,0.0001
472.6596,0.3194,0.2261,0.0037,0.4371,0.4354,0.7140,0.0068,0.1053,0.0086
348.4992,0.3893,0.1185,0.0023,0.1254,0.2722,0.6478,0.0109,0.0240,0.0400
572.8207,0.3339,0.2931,0.0091,0.4436,0.5852,0.6639,0.0099,0.0619,0.0159
550.4271,0.3126,0.1981,0.0168,0.3470,0.5295,0.7566,0.0132,0.0787,0.0096
429.9177,0.3309,0.1293,0.0024,0.1102,0.5732,0.5736,0.0125,0.0052,0.0082
307.5422,0.3983,0.1600,0.0194,0.4954,0.4133,0.7989,0.0024,0.0571,0.0261
480.0734,0.7608,0.2032,0.0048,0.4958,0.5774,0.5374,0.0049,0.0840,0.0152
550.6503,0.4596,0.2617,0.0200,0.4815,0.5817,0.6187,0.0038,0.0069,0.0919
523.4184,0.3200,0.2436,0.0100,0.4695,0.5262,0.7190,0.0170,0.0523,0.0226
297.7373,0.4192,0.1677,0.0014,0.1630,0.3392,0.7351,0.0035,0.0141,0.0565
474.4737,0.3855,0.1361,0.0056,0.4574,0.5451,0.7328,0.0041,0.1362,0.0680
536.9632,0.3481,0.2471,0.0014,0.3686,0.4692,0.7628,0.0011,0.0077,0.1240
569.6428,0.9734,0.1705,0.0082,0.4708,0.5492,0.6387,0.0033,0.0243,0.0371
496.3274,0.5619,0.1665,0.0012,0.4651,0.5227,0.7841,0.0053,0.0797,0.0726
596.6272,0.3654,0.2348,0.0303,0.4633,0.5005,0.7777,0.0121,0.0128,0.0181
595.5425,0.3015,0.1175,0.0021,0.0624,0.5544,0.6179,0.0067,0.0783,0.0109
520.7904,0.6676,0.2553,0.0105,0.4997,0.5470,0.6669,0.0026,0.0695,0.0622
377.6865,0.3420,0.1786,0.0163,0.2933,0.4770,0.6889,0.0073,0.0065,0.0661
341.3414,0.4437,0.1603,0.0082,0.2295,0.5866,0.7195,0.0031,0.0058,0.0458
541.5849,0.3140,0.1987,0.0124,0.2297,0.5484,0.7883,0.0054,0.1093,0.0108
543.1338,0.5037,0.1609,0.0238,0.4850,0.5839,0.6546,0.0046,0.0494,0.0467
512.1361,0.3061,0.2162,0.0064,0.4090,0.4966,0.7607,0.0021,0.2224,0.0252
440.5767,0.3334,0.1619,0.0413,0.3569,0.5786,0.6765,0.0005,0.0726,0.0020
573.8721,0.3216,0.2051,0.0027,0.4591,0.3871,0.5850,0.0004,0.0084,0.0318
534.7258,0.3562,0.1243,0.0061,0.4017,0.5864,0.7751,0.0151,0.0592,0.0671
382.6790,0.3490,0.1790,0.0069,0.2267,0.3426,0.7314,0.0147,0.0223,0.0047
562.7214,0.3037,0.1390,0.0314,0.4726,0.5981,0.7614,0.0051,0.1567,0.0626
497.7216,0.3262,0.1605,0.0086,0.2461,0.5020,0.7729,0.0022,0.0194,0.1799
337.1203,0.3693,0.1811,0.0028,0.0143,0.2061,0.7286,0.0039,0.0523,0.0560
570.2068,0.9543,0.1953,0.0162,0.4669,0.5424,0.7513,0.0008,0.0649,0.0092
392.5295,0.3089,0.2475,0.0353,0.4983,0.5307,0.7837,0.0036,0.0371,0.0281
577.4806,0.6384,0.1813,0.0083,0.4821,0.5755,0.6909,0.0108,0.0921,0.0420
547.8907,0.3966,0.1041,0.0029,0.4543,0.5710,0.7556,0.0013,0.0448,0.1437
332.6421,0.3469,0.1888,0.0216,0.3315,0.5615,0.7898,0.0003,0.0189,0.0173
545.5870,0.7063,0.2879,0.0014,0.4989,0.5505,0.4511,0.0020,0.0255,0.0361
415.0416,0.3123,0.2229,0.0135,0.2084,0.3871,0.7923,0.0066,0.0161,0.0394
572.0644,0.7945,0.2426,0.0042,0.4920,0.5961,0.6061,0.0040,0.2234,0.0092
587.4231,0.3223,0.1740,0.0160,0.3629,0.5760,0.7412,0.0189,0.0175,0.0532
566.4382,0.4328,0.2348,0.0127,0.4167,0.5103,0.6995,0.0007,0.0657,0.0222
522.9775,0.3212,0.1461,0.0134,0.0179,0.4852,0.3431,0.0018,0.0024,0.0525
540.3556,0.5282,0.2045,0.0067,0.4498,0.5692,0.8000,0.0021,0.0115,0.2256
437.4219,0.3546,0.2231,0.0020,0.4420,0.4979,0.7174,0.0085,0.0679,0.0506
363.3379,0.3580,0.1404,0.0126,0.0156,0.5356,0.6472,0.0198,0.0211,0.0088
417.9859,0.3639,0.1080,0.0236,0.1707,0.4473,0.7254,0.0060,0.0230,0.0229
452.0124,0.3143,0.2363,0.0087,0.3410,0.4370,0.7683,0.0145,0.0232,0.0040
599.2129,0.3184,0.2034,0.0232,0.3769,0.5314,0.7179,0.0055,0.0106,0.0995
351.0268,0.3788,0.1483,0.0032,0.2699,0.3730,0.6573,0.0020,0.0983,0.0107
432.6684,0.3350,0.1817,0.0070,0.0690,0.5849,0.7548,0.0073,0.0959,0.0004
535.4308,0.3159,0.1556,0.0482,0.4383,0.5548,0.7104,0.0023,0.0579,0.0256
453.4048,0.3318,0.1410,0.0046,0.4212,0.3576,0.7293,0.0012,0.0236,0.1678
388.0024,0.3678,0.1905,0.0011,0.4708,0.5568,0.6621,0.0158,0.0393,0.0076
314.7594,0.3821,0.1459,0.0117,0.0405,0.5948,0.7319,0.0070,0.0112,0.0335
460.9650,0.4033,0.1921,0.0159,0.4842,0.4857,0.7000,0.0028,0.0105,0.0939
511.1545,0.5770,0.2356,0.0172,0.4764,0.5979,0.7502,0.0066,0.0666,0.0859
593.6853,0.8947,0.2267,0.0022,0.4896,0.5623,0.7970,0.0054,0.0075,0.2196
545.8913,0.3072,0.1277,0.0077,0.2163,0.5680,0.6105,0.0147,0.0105,0.0234
420.4775,0.3789,0.1412,0.0177,0.1861,0.5270,0.7735,0.0043,0.0380,0.0400
354.8021,0.4068,0.2201,0.0077,0.3674,0.5425,0.7448,0.0060,0.0388,0.0121
552.8598,0.3521,0.2022,0.0014,0.4190,0.5747,0.5963,0.0050,0.1209,0.0440
362.6332,0.3841,0.1073,0.0068,0.0309,0.4524,0.6016,0.0104,0.0399,0.0357
435.0522,0.3669,0.2604,0.0084,0.4578,0.4142,0.7962,0.0018,0.0118,0.0636
383.3487,0.3951,0.1836,0.0052,0.4086,0.5797,0.7702,0.0005,0.0300,0.2099
336.1257,0.3684,0.1707,0.0195,0.0986,0.5018,0.7396,0.0098,0.0292,0.0226
418.5254,0.3347,0.1169,0.0153,0.4715,0.4497,0.7528,0.0034,0.0062,0.0175
570.3111,0.3078,0.1648,0.0345,0.3879,0.5223,0.7652,0.0044,0.0375,0.0971
500.6920,0.3187,0.1432,0.0075,0.0369,0.3961,0.7273,0.0040,0.1096,0.0145
443.6483,0.4077,0.1335,0.0094,0.3659,0.5857,0.6282,0.0017,0.0070,0.0710
364.0927,0.4313,0.1555,0.0107,0.4509,0.5698,0.6852,0.0001,0.0771,0.0454
432.0659,0.3921,0.1691,0.0300,0.4721,0.4781,0.7826,0.0073,0.0397,0.0150
269.5134,0.4632,0.1027,0.0095,0.0195,0.1845,0.7292,0.0052,0.0221,0.0272
540.0536,0.5656,0.1345,0.0283,0.4800,0.5885,0.7323,0.0033,0.0209,0.0285
558.5218,0.3112,0.1379,0.0045,0.2740,0.5395,0.6461,0.0090,0.0092,0.1021
426.1672,0.3495,0.1157,0.0018,0.0377,0.1276,0.7924,0.0160,0.0231,0.0485
470.4046,0.4783,0.2178,0.0112,0.4418,0.5214,0.6823,0.0016,0.0472,0.0324
508.2998,0.3047,0.1795,0.0095,0.4497,0.5613,0.7569,0.0078,0.0286,0.2474
544.4799,0.7600,0.1834,0.0027,0.4865,0.5094,0.6502,0.0008,0.0853,0.0223
366.5180,0.4004,0.1101,0.0032,0.0936,0.4284,0.7137,0.0058,0.0306,0.0730
441.4266,0.3357,0.1236,0.0078,0.1042,0.3763,0.7767,0.0155,0.0319,0.0361
555.9788,0.4122,0.2032,0.0055,0.4818,0.5678,0.7337,0.0190,0.1115,0.0357
590.8374,0.8183,0.1889,0.0253,0.4676,0.5970,0.7708,0.0090,0.0456,0.0177
455.0316,0.3761,0.1171,0.0039,0.2374,0.5576,0.7031,0.0014,0.0575,0.0813
546.7095,0.3466,0.2998,0.0305,0.4910,0.5903,0.6983,0.0025,0.0728,0.0052
448.1559,0.3287,0.1912,0.0098,0.3784,0.5821,0.6889,0.0117,0.1111,0.0049
580.3284,0.8423,0.2776,0.0109,0.4982,0.5896,0.4784,0.0078,0.0047,0.0868
431.3807,0.3537,0.1251,0.0219,0.4207,0.1944,0.7684,0.0025,0.0161,0.0205
435.8585,0.3097,0.2147,0.0058,0.1493,0.4165,0.6750,0.0089,0.0338,0.0151
498.3377,0.3365,0.1060,0.0016,0.0526,0.5941,0.7714,0.0056,0.1295,0.0017
560.7569,0.6820,0.2204,0.0116,0.4899,0.5702,0.7541,0.0048,0.0280,0.1659
491.1509,0.3936,0.2085,0.0047,0.4491,0.5007,0.6491,0.0066,0.0836,0.0001
551.3881,0.3216,0.1046,0.0169,0.0831,0.2571,0.6655,0.0046,0.0101,0.0083
457.2542,0.3134,0.1627,0.0049,0.3604,0.5252,0.7750,0.0026,0.1045,0.1316
266.6063,0.4318,0.1318,0.0038,0.0036,0.2253,0.7695,0.0045,0.0388,0.0420
467.1270,0.3475,0.1650,0.0199,0.3417,0.5812,0.6467,0.0069,0.0645,0.0001
395.4861,0.4602,0.1483,0.0017,0.4469,0.4707,0.7973,0.0079,0.0613,0.0403
416.9303,0.3573,0.2149,0.0187,0.3839,0.5910,0.7565,0.0057,0.0476,0.0747
558.3140,0.3335,0.1970,0.0294,0.3741,0.5831,0.7263,0.0112,0.0468,0.0120
495.9418,0.3708,0.1523,0.0122,0.4138,0.4212,0.7523,0.0000,0.0629,0.0816
530.8987,0.4518,0.2107,0.0204,0.4758,0.5433,0.7698,0.0036,0.0486,0.1153
509.4730,0.3414,0.1509,0.0054,0.3106,0.4816,0.7334,0.0166,0.0370,0.0090
494.1254,0.3147,0.2127,0.0084,0.1359,0.5862,0.5242,0.0028,0.0152,0.0052
464.7825,0.3645,0.1377,0.0435,0.4455,0.5050,0.7656,0.0016,0.0198,0.0445
450.4331,0.3260,0.1658,0.0039,0.0366,0.5950,0.6252,0.0136,0.0289,0.0369
340.3655,0.3906,0.1351,0.0213,0.4205,0.4424,0.7178,0.0016,0.0521,0.0079
521.3596,0.5800,0.2404,0.0025,0.4564,0.5828,0.7051,0.0155,0.0020,0.0914
391.4503,0.3332,0.2177,0.0104,0.2359,0.5694,0.7966,0.0148,0.0085,0.0465
491.2920,0.4721,0.1632,0.0087,0.4842,0.5793,0.7652,0.0072,0.1231,0.0848
266.7706,0.4230,0.1773,0.0113,0.0387,0.3351,0.6371,0.0038,0.0180,0.0053
398.3094,0.3807,0.1746,0.0044,0.3769,0.5624,0.7825,0.0045,0.1230,0.0906
322.0427,0.4130,0.1430,0.0033,0.2376,0.3292,0.7772,0.0026,0.0197,0.0990
546.7900,0.3153,0.2707,0.0085,0.4271,0.5162,0.7924,0.0166,0.0568,0.0071
592.6915,0.3026,0.1882,0.0052,0.4917,0.4831,0.6778,0.0017,0.1887,0.0772
416.9779,0.3225,0.1684,0.0209,0.4190,0.4810,0.6541,0.0051,0.0080,0.0130
386.0198,0.4764,0.2092,0.0034,0.4994,0.5993,0.7594,0.0076,0.1702,0.0191
469.1768,0.3069,0.1671,0.0114,0.4511,0.3180,0.7981,0.0040,0.1126,0.0434
445.6287,0.3983,0.1518,0.0023,0.3061,0.3671,0.7894,0.0098,0.0066,0.0193
306.5438,0.4486,0.1353,0.0095,0.1869,0.5805,0.7929,0.0033,0.0284,0.0466
466.9763,0.3372,0.2103,0.0182,0.3691,0.5027,0.7640,0.0063,0.0296,0.0741
556.5277,0.3014,0.1479,0.0131,0.3353,0.3834,0.7446,0.0019,0.0053,0.1668
347.1076,0.4067,0.1247,0.0218,0.0263,0.3455,0.3322,0.0034,0.0026,0.0140
597.1636,0.5155,0.2636,0.0126,0.4868,0.5775,0.7855,0.0068,0.0831,0.1253
496.2246,0.3142,0.2311,0.0012,0.3786,0.4050,0.6660,0.0006,0.0327,0.0669
570.1825,0.3609,0.1551,0.0047,0.4521,0.5808,0.7255,0.0160,0.0543,0.1165
530.6460,0.4184,0.1645,0.0190,0.4407,0.5272,0.6369,0.0029,0.0084,0.0493
404.1827,0.3409,0.1332,0.0430,0.3055,0.5886,0.7577,0.0009,0.0389,0.0065
570.3905,0.3823,0.2103,0.0297,0.4153,0.5384,0.6493,0.0038,0.0167,0.0110
443.9277,0.4632,0.1791,0.0042,0.3308,0.4767,0.7784,0.0024,0.0472,0.0049
543.7374,0.3740,0.2624,0.0174,0.4366,0.5231,0.7112,0.0008,0.0823,0.0138
509.6216,0.3758,0.1686,0.0339,0.3727,0.5634,0.7572,0.0026,0.0209,0.0652
376.3031,0.3476,0.2399,0.0130,0.1176,0.5923,0.7679,0.0014,0.0363,0.0043
480.9276,0.3255,0.1810,0.0169,0.0612,0.5276,0.5319,0.0013,0.0161,0.0244
470.7853,0.5570,0.1696,0.0037,0.4692,0.5687,0.6111,0.0022,0.0071,0.1147
543.8725,0.3386,0.1826,0.0021,0.4114,0.4720,0.7213,0.0137,0.0042,0.1050
570.7023,0.3119,0.1184,0.0113,0.0157,0.3612,0.5355,0.0069,0.0199,0.0120
508.4754,0.3805,0.1330,0.0054,0.4770,0.5150,0.6535,0.0084,0.0635,0.0162
593.7159,0.3888,0.1238,0.0184,0.4743,0.5861,0.6763,0.0102,0.0367,0.0250
574.0369,0.9464,0.2767,0.0064,0.4792,0.5604,0.7041,0.0119,0.0166,0.0483
558.4493,0.3680,0.1832,0.0089,0.3092,0.5243,0.7644,0.0096,0.0488,0.0135
479.0112,0.6990,0.2627,0.0149,0.4838,0.5935,0.5832,0.0005,0.0274,0.0671
471.4543,0.3813,0.1128,0.0098,0.0780,0.2804,0.6796,0.0001,0.0095,0.0118
517.9121,0.3240,0.1319,0.0196,0.4420,0.5916,0.7830,0.0014,0.1032,0.1830
455.3961,0.3194,0.1959,0.0110,0.2101,0.5102,0.5863,0.0021,0.0367,0.0382
292.2206,0.4179,0.1115,0.0076,0.0534,0.5890,0.7640,0.0104,0.0023,0.0468
487.7643,0.5197,0.2715,0.0161,0.4923,0.5883,0.7181,0.0107,0.0571,0.0232
585.3088,0.5990,0.2964,0.0016,0.4901,0.5168,0.6198,0.0076,0.0302,0.0252
516.5961,0.3214,0.1752,0.0038,0.3599,0.2760,0.7488,0.0088,0.0391,0.0129
373.5628,0.3632,0.1664,0.0073,0.3807,0.4155,0.6996,0.0073,0.0345,0.0397
512.3359,0.4189,0.1804,0.0017,0.4618,0.5945,0.5427,0.0119,0.0215,0.0342
377.1487,0.3512,0.1553,0.0305,0.0152,0.3523,0.6423,0.0117,0.0153,0.0059
588.7773,0.9652,0.2275,0.0090,0.4707,0.5954,0.5105,0.0149,0.0146,0.0378
379.4459,0.3730,0.1379,0.0235,0.0024,0.3120,0.7968,0.0029,0.0296,0.0650
356.4253,0.3779,0.1705,0.0094,0.0281,0.5668,0.5487,0.0040,0.0808,0.0031
501.9230,0.4079,0.1303,0.0015,0.4142,0.4907,0.7934,0.0131,0.0166,0.0634
409.2794,0.3512,0.2301,0.0127,0.4996,0.5447,0.7945,0.0019,0.1506,0.0737
523.1612,0.3248,0.2047,0.0190,0.4773,0.3785,0.7604,0.0108,0.0222,0.0172
380.7610,0.3593,0.1849,0.0060,0.1782,0.5009,0.7626,0.0055,0.1126,0.0089
410.8672,0.3879,0.1319,0.0171,0.0504,0.4370,0.4830,0.0019,0.0006,0.0132
590.8612,0.4874,0.1606,0.0075,0.4512,0.5573,0.7060,0.0142,0.0749,0.0013
555.9482,0.8689,0.1473,0.0154,0.4976,0.5906,0.7391,0.0042,0.0823,0.0196
324.9997,0.4042,0.1608,0.0036,0.0440,0.1918,0.7311,0.0011,0.1099,0.0111
564.2290,0.3769,0.2377,0.0036,0.4869,0.5540,0.7659,0.0037,0.1023,0.2034
439.9023,0.3046,0.1780,0.0020,0.2685,0.5308,0.6698,0.0164,0.0192,0.0099
401.4979,0.3513,0.1299,0.0055,0.3435,0.4567,0.7373,0.0018,0.0445,0.1096
566.5847,0.3986,0.2093,0.0255,0.4775,0.5922,0.7912,0.0197,0.0637,0.0298
506.7480,0.3356,0.1251,0.0031,0.1760,0.4708,0.6139,0.0093,0.0224,0.0200
529.5559,0.5959,0.1530,0.0060,0.4835,0.5559,0.7848,0.0029,0.1414,0.0496
487.6936,0.3102,0.1523,0.0417,0.3713,0.2854,0.7338,0.0011,0.0097,0.0211
403.6283,0.4068,0.0812,0.0068,0.0561,0.1179,0.6995,0.0014,0.0325,0.0061
449.7047,0.4223,0.1184,0.0012,0.4758,0.5119,0.7110,0.0064,0.0851,0.0117
473.0176,0.3378,0.1376,0.0102,0.2692,0.2050,0.7217,0.0023,0.0527,0.0200
329.2035,0.5558,0.1768,0.0024,0.4833,0.5801,0.7159,0.0056,0.0387,0.0321
498.9789,0.4440,0.2613,0.0113,0.4567,0.5594,0.7246,0.0150,0.0188,0.0123
477.5482,0.3157,0.1297,0.0167,0.0766,0.5684,0.7812,0.0037,0.0208,0.0278
552.6851,0.3431,0.1227,0.0120,0.3839,0.4970,0.6970,0.0043,0.0861,0.0158
358.4601,0.5945,0.2081,0.0160,0.4430,0.5904,0.7015,0.0007,0.0188,0.0150
547.9316,0.4740,0.2754,0.0107,0.4894,0.4934,0.6549,0.0019,0.0099,0.0480
337.9365,0.4910,0.1571,0.0043,0.3800,0.4702,0.7269,0.0029,0.0150,0.0067
300.3468,0.4268,0.1189,0.0170,0.1863,0.2361,0.6914,0.0004,0.0019,0.0506
475.3807,0.3726,0.1498,0.0151,0.4497,0.5300,0.6966,0.0022,0.1425,0.0123
405.8165,0.3834,0.1250,0.0390,0.0982,0.3882,0.7998,0.0018,0.0048,0.0005
400.8756,0.3691,0.1046,0.0111,0.3280,0.5335,0.7771,0.0085,0.0258,0.0780
547.7085,0.3037,0.2155,0.0018,0.3706,0.5457,0.7987,0.0100,0.0921,0.1401
422.6395,0.3286,0.1854,0.0363,0.0213,0.1412,0.4465,0.0005,0.0023,0.0190
428.9561,0.3397,0.1586,0.0176,0.1025,0.5014,0.6018,0.0107,0.0115,0.0101
370.5988,0.3666,0.1373,0.0084,0.3395,0.5919,0.7462,0.0090,0.0943,0.0545
566.2979,0.4211,0.1561,0.0022,0.3894,0.5577,0.5821,0.0000,0.0262,0.0862
514.5382,0.4146,0.2236,0.0118,0.3382,0.5520,0.6920,0.0013,0.0114,0.0435
521.0955,0.3207,0.1726,0.0208,0.2762,0.4163,0.7369,0.0048,0.0247,0.0406
369.2833,0.3637,0.1853,0.0151,0.4839,0.2766,0.7824,0.0013,0.0483,0.0326
599.2917,0.3497,0.1781,0.0396,0.4397,0.5741,0.7414,0.0140,0.0086,0.0270
375.0778,0.3290,0.2353,0.0013,0.3012,0.5976,0.7092,0.0092,0.0095,0.0888
348.9281,0.3853,0.1776,0.0093,0.1741,0.3510,0.7205,0.0027,0.0253,0.0434
587.2777,0.4152,0.2689,0.0141,0.4627,0.5506,0.7843,0.0077,0.1199,0.0182
387.3243,0.3605,0.1632,0.0066,0.0243,0.4170,0.4344,0.0068,0.0580,0.0193
514.8556,0.3219,0.1947,0.0159,0.4326,0.5781,0.7951,0.0040,0.2067,0.0771
483.8263,0.3379,0.1944,0.0285,0.4677,0.4992,0.7320,0.0018,0.1069,0.0287
326.3694,0.3779,0.1810,0.0091,0.4846,0.5951,0.7669,0.0058,0.0693,0.0863
412.7242,0.3268,0.2309,0.0011,0.1153,0.3574,0.7566,0.0023,0.0454,0.0354
526.6876,0.4252,0.1579,0.0111,0.4863,0.5410,0.6824,0.0032,0.1156,0.0561
456.7615,0.3368,0.1000,0.0228,0.2776,0.5878,0.7487,0.0047,0.0150,0.0159
471.2917,0.3342,0.1480,0.0130,0.1591,0.3792,0.6458,0.0010,0.0670,0.0328
419.1785,0.3403,0.1466,0.0035,0.4061,0.5852,0.7276,0.0060,0.1163,0.1259
423.8257,0.3712,0.1002,0.0110,0.0132,0.4144,0.6984,0.0004,0.0663,0.0614
571.3599,0.3541,0.1915,0.0027,0.4779,0.5073,0.7620,0.0077,0.2001,0.0570
466.4075,0.4040,0.1698,0.0115,0.4365,0.5906,0.7631,0.0173,0.0423,0.0531
586.3383,0.7887,0.2241,0.0019,0.4992,0.5786,0.4567,0.0139,0.0263,0.0592
543.1171,0.3167,0.1827,0.0282,0.3925,0.5191,0.7765,0.0178,0.0346,0.0003
577.6384,0.7146,0.2775,0.0080,0.4259,0.5988,0.6686,0.0070,0.0518,0.0126
398.1138,0.3892,0.1060,0.0051,0.0589,0.2894,0.5187,0.0045,0.0395,0.0203
561.3399,0.5568,0.2452,0.0072,0.4808,0.5392,0.7170,0.0027,0.0907,0.0859
414.2397,0.3506,0.1079,0.0175,0.3284,0.3401,0.7642,0.0044,0.0049,0.0286
399.7626,0.3532,0.1555,0.0058,0.2333,0.1267,0.6614,0.0005,0.0584,0.0178
591.9448,0.3150,0.1660,0.0039,0.4539,0.5425,0.7768,0.0144,0.0445,0.2013
383.5082,0.3591,0.1827,0.0135,0.3138,0.5860,0.6373,0.0103,0.0124,0.0109
507.9171,0.3223,0.2423,0.0151,0.4074,0.4989,0.7990,0.0099,0.0908,0.0071
591.6819,0.3360,0.2309,0.0273,0.4291,0.5783,0.6109,0.0053,0.0070,0.0491
444.2509,0.3443,0.1384,0.0254,0.3962,0.5803,0.7774,0.0115,0.0247,0.0781
594.4085,0.4038,0.2227,0.0133,0.4396,0.5341,0.7804,0.0035,0.1825,0.0061
544.9355,0.3317,0.1716,0.0070,0.3775,0.3985,0.7432,0.0001,0.1587,0.0115
531.3829,0.3233,0.1478,0.0361,0.3472,0.5880,0.6905,0.0066,0.0309,0.0250
557.9192,0.4402,0.1349,0.0144,0.4957,0.5615,0.7636,0.0193,0.0246,0.0198
579.6926,0.3797,0.2010,0.0058,0.4327,0.4337,0.7888,0.0172,0.0096,0.0200
434.9778,0.5154,0.1507,0.0046,0.4983,0.5909,0.6491,0.0081,0.0161,0.0861
436.0595,0.3397,0.1410,0.0104,0.0799,0.2421,0.7681,0.0092,0.0042,0.0858
593.4075,0.3325,0.1957,0.0113,0.2839,0.5021,0.6754,0.0012,0.0399,0.0380
553.1539,0.9981,0.2895,0.0011,0.4889,0.5982,0.7435,0.0185,0.0065,0.0978
494.3646,0.3230,0.1311,0.0038,0.0647,0.1356,0.4825,0.0031,0.0231,0.0311
359.5161,0.4155,0.2122,0.0200,0.4643,0.5760,0.7813,0.0003,0.0118,0.1270
421.4559,0.3480,0.1334,0.0053,0.0291,0.4977,0.7524,0.0099,0.0134,0.1069
428.3132,0.4720,0.2514,0.0023,0.4725,0.5889,0.6203,0.0077,0.0401,0.0301
448.5421,0.3107,0.2539,0.0154,0.4826,0.5196,0.7095,0.0109,0.0132,0.0365
517.8130,0.3809,0.2397,0.0132,0.3885,0.5452,0.6696,0.0006,0.0417,0.0475
430.7330,0.3416,0.1309,0.0179,0.4625,0.3319,0.7929,0.0119,0.0350,0.0244
414.0678,0.3626,0.1892,0.0062,0.4884,0.4442,0.7152,0.0036,0.0921,0.0474
502.2746,0.3353,0.1873,0.0220,0.3586,0.5943,0.7926,0.0033,0.0603,0.1433
504.4725,0.3108,0.1432,0.0014,0.4640,0.2811,0.7663,0.0057,0.0870,0.0853
564.5539,0.3254,0.1299,0.0170,0.4335,0.5691,0.6223,0.0046,0.0526,0.0453
585.3384,0.4070,0.2039,0.0035,0.4954,0.4567,0.6513,0.0018,0.0565,0.0911
569.5562,0.5398,0.1558,0.0130,0.4533,0.5971,0.7417,0.0151,0.0613,0.0073
502.5101,0.3957,0.2155,0.0056,0.3902,0.5662,0.6944,0.0008,0.1627,0.0138
497.9630,0.3126,0.1796,0.0040,0.0497,0.1764,0.7327,0.0019,0.0185,0.0880
599.5958,0.3414,0.2661,0.0043,0.4811,0.5938,0.6817,0.0071,0.1089,0.1360
484.1831,0.4738,0.1393,0.0064,0.4932,0.4872,0.7991,0.0030,0.0787,0.0825
355.7345,0.3919,0.1101,0.0087,0.4077,0.2938,0.7525,0.0039,0.0160,0.0535
342.1415,0.3891,0.1543,0.0208,0.0310,0.1400,0.6497,0.0003,0.0660,0.0265
493.7592,0.6473,0.1634,0.0020,0.4854,0.5957,0.7176,0.0063,0.1349,0.0597
349.6301,0.5152,0.2030,0.0063,0.4852,0.5403,0.7864,0.0040,0.0500,0.0622
520.7124,0.4082,0.2424,0.0092,0.4507,0.5992,0.7777,0.0159,0.0325,0.1029
426.9519,0.3134,0.2468,0.0047,0.4098,0.5497,0.7641,0.0136,0.0309,0.0773
456.2298,0.3615,0.1252,0.0161,0.0784,0.5911,0.7290,0.0071,0.0305,0.0075
574.4439,0.3793,0.1351,0.0082,0.3977,0.5373,0.7506,0.0053,0.0782,0.0722
453.6200,0.3182,0.2148,0.0123,0.3499,0.3055,0.7775,0.0008,0.0134,0.0883
582.4468,0.4221,0.2958,0.0099,0.4795,0.5332,0.5974,0.0084,0.0044,0.0088
490.1484,0.3484,0.2739,0.0201,0.4754,0.5713,0.7647,0.0104,0.0501,0.0312
517.2376,0.5002,0.1322,0.0156,0.4631,0.5746,0.6998,0.0025,0.0775,0.0154
371.7862,0.3620,0.1232,0.0098,0.0513,0.1522,0.6329,0.0060,0.0109,0.0216
454.9368,0.3265,0.1705,0.0173,0.4554,0.4917,0.7511,0.0082,0.1338,0.0218
597.2415,0.3127,0.2331,0.0109,0.4970,0.3964,0.7547,0.0025,0.1302,0.0206
547.3981,0.4169,0.1664,0.0219,0.4341,0.5085,0.7996,0.0011,0.1357,0.0093
334.2065,0.4209,0.1133,0.0040,0.0052,0.5272,0.3186,0.0089,0.0192,0.0429
539.9889,0.3029,0.1497,0.0036,0.2892,0.4018,0.6439,0.0038,0.1319,0.0021
514.2143,0.3067,0.1588,0.0177,0.4036,0.5109,0.6910,0.0123,0.0617,0.0293
552.1929,0.3467,0.2352,0.0143,0.4532,0.4602,0.6332,0.0070,0.0015,0.0036
587.1502,0.4736,0.1613,0.0062,0.3912,0.5980,0.6701,0.0091,0.0350,0.0530
548.4119,0.4825,0.2006,0.0051,0.4757,0.5821,0.5195,0.0005,0.0926,0.0581
534.9807,0.4608,0.2186,0.0081,0.3169,0.5761,0.7478,0.0079,0.0029,0.0044
572.9537,0.7747,0.2842,0.0104,0.4887,0.5435,0.7787,0.0117,0.0236,0.0289
410.8708,0.3701,0.2071,0.0066,0.2914,0.5578,0.7931,0.0001,0.0042,0.1742
363.0615,0.3941,0.1316,0.0211,0.2314,0.5107,0.7641,0.0096,0.0034,0.0253
477.9176,0.8691,0.2670,0.0205,0.4860,0.5766,0.6340,0.0009,0.0157,0.0335
473.1796,0.3767,0.1726,0.0078,0.4987,0.5519,0.6217,0.0014,0.0328,0.1362
325.2145,0.4179,0.1798,0.0082,0.2227,0.4864,0.7748,0.0008,0.0780,0.0080
401.2585,0.3460,0.1668,0.0164,0.2839,0.5961,0.7430,0.0088,0.0796,0.0458
433.1614,0.3494,0.1606,0.0201,0.0308,0.3722,0.5680,0.0038,0.0300,0.0098
244.7131,0.4920,0.1028,0.0070,0.0460,0.4615,0.7707,0.0026,0.0023,0.0239
475.7634,0.3523,0.0876,0.0095,0.4074,0.5925,0.7327,0.0001,0.0520,0.0864
445.7096,0.5065,0.1979,0.0016,0.4040,0.5970,0.7939,0.0122,0.0806,0.0338
597.0728,0.3667,0.1543,0.0027,0.4619,0.4436,0.6518,0.0031,0.0766,0.0425
566.1278,0.3740,0.1472,0.0168,0.3571,0.5513,0.6987,0.0104,0.0062,0.0252
420.3156,0.3359,0.1685,0.0141,0.0816,0.1161,0.5523,0.0047,0.0204,0.0264
440.4277,0.3581,0.1097,0.0090,0.0208,0.1913,0.3471,0.0045,0.0027,0.0728
586.8949,0.3976,0.2066,0.0074,0.4263,0.4881,0.7403,0.0097,0.0605,0.0311
383.9543,0.5713,0.1898,0.0118,0.4341,0.5946,0.6969,0.0009,0.0042,0.0784
560.2438,0.3154,0.1478,0.0065,0.1658,0.2761,0.7216,0.0078,0.0232,0.0030
521.4817,0.3386,0.1104,0.0015,0.3667,0.3539,0.6929,0.0026,0.0761,0.0153
473.2281,0.3021,0.2182,0.0056,0.4636,0.5357,0.7849,0.0020,0.0589,0.2642
505.8677,0.4758,0.1783,0.0012,0.4557,0.5465,0.7103,0.0086,0.0029,0.1496
361.6811,0.6117,0.1554,0.0071,0.4565,0.5846,0.7976,0.0010,0.1075,0.0189
537.1746,0.3898,0.1296,0.0322,0.4899,0.5740,0.7505,0.0031,0.0138,0.1081
564.7217,0.3590,0.1754,0.0211,0.4061,0.4915,0.7845,0.0039,0.0031,0.1313
325.3859,0.4300,0.0981,0.0210,0.0628,0.1294,0.6950,0.0015,0.0096,0.0382
502.1961,0.3441,0.1410,0.0177,0.3235,0.4853,0.6140,0.0027,0.0342,0.0015
514.1365,0.3627,0.1607,0.0459,0.4677,0.5931,0.7997,0.0082,0.0689,0.0252
343.9233,0.4092,0.1058,0.0030,0.2788,0.5162,0.7601,0.0026,0.0616,0.0838
460.6160,0.3392,0.1280,0.0076,0.2899,0.5697,0.6991,0.0136,0.0629,0.0229
357.5797,0.4066,0.1577,0.0143,0.1594,0.4171,0.6734,0.0013,0.0017,0.0364
531.6079,0.6239,0.2096,0.0148,0.4941,0.5577,0.6974,0.0025,0.0603,0.1018
569.3874,0.5064,0.2355,0.0021,0.4884,0.4883,0.6728,0.0157,0.0305,0.0040
439.1933,0.4504,0.1868,0.0166,0.4863,0.5099,0.7399,0.0069,0.0038,0.0792
475.1532,0.3673,0.1128,0.0037,0.4233,0.3955,0.7808,0.0096,0.0371,0.0413
587.9155,0.4099,0.2438,0.0016,0.4109,0.4396,0.6961,0.0006,0.0004,0.0590
525.3265,0.3091,0.1668,0.0309,0.4864,0.5134,0.6703,0.0013,0.0996,0.0321
484.2522,0.3964,0.1856,0.0085,0.4659,0.5962,0.6193,0.0036,0.1282,0.0399
541.4126,0.3080,0.1752,0.0097,0.1387,0.3836,0.7096,0.0009,0.0643,0.0340
348.6901,0.3498,0.1665,0.0017,0.1204,0.3084,0.7861,0.0030,0.0127,0.0330
557.8880,0.8531,0.2155,0.0062,0.4798,0.5845,0.7131,0.0038,0.0163,0.1866
574.1679,0.3006,0.1816,0.0069,0.4250,0.5525,0.6638,0.0059,0.1272,0.0980
521.3373,0.3288,0.1828,0.0162,0.4568,0.2468,0.7688,0.0045,0.0121,0.0060
369.0410,0.3719,0.1741,0.0196,0.2877,0.4452,0.7245,0.0016,0.0638,0.0179
470.4360,0.3308,0.2474,0.0122,0.4481,0.4525,0.7139,0.0077,0.0020,0.0380
310.1240,0.4327,0.1060,0.0162,0.0120,0.3741,0.6793,0.0019,0.0009,0.0936
520.8955,0.3153,0.1397,0.0073,0.3514,0.5582,0.7424,0.0071,0.1349,0.0882
385.4445,0.3688,0.1277,0.0207,0.0558,0.4305,0.7491,0.0119,0.0022,0.0324
404.6392,0.4366,0.1962,0.0028,0.4341,0.5399,0.7320,0.0089,0.0213,0.0824
386.0863,0.3469,0.1728,0.0272,0.0517,0.2339,0.6526,0.0030,0.0253,0.0309
567.1507,0.6103,0.2324,0.0041,0.4262,0.5272,0.7834,0.0004,0.0400,0.0866
359.3729,0.3842,0.2068,0.0015,0.0114,0.2866,0.5344,0.0020,0.0266,0.0020
592.9968,0.3634,0.1170,0.0038,0.2566,0.5798,0.6062,0.0006,0.0145,0.0340
342.7609,0.3962,0.1608,0.0099,0.4566,0.5457,0.7547,0.0092,0.0873,0.0112
466.5541,0.4383,0.1482,0.0277,0.4974,0.5164,0.7276,0.0032,0.0496,0.0177
377.1286,0.3653,0.1298,0.0110,0.1574,0.3455,0.7602,0.0086,0.0589,0.0445
543.2447,0.3506,0.2002,0.0103,0.4554,0.5855,0.6828,0.0018,0.0232,0.2406
495.9991,0.3223,0.1252,0.0089,0.3229,0.3323,0.5906,0.0009,0.0055,0.0054
297.1137,0.4302,0.1484,0.0245,0.0069,0.4013,0.5013,0.0050,0.0030,0.0003
421.2959,0.3363,0.1799,0.0098,0.0565,0.5762,0.6659,0.0093,0.0436,0.0221
556.7669,0.3370,0.1922,0.0054,0.4046,0.3418,0.6985,0.0022,0.0319,0.0271
582.0673,0.3061,0.2714,0.0268,0.4775,0.5681,0.7494,0.0066,0.0628,0.0717
474.3629,0.4961,0.2223,0.0193,0.4908,0.5625,0.6359,0.0020,0.0913,0.0027
476.7621,0.3244,0.1375,0.0048,0.2316,0.5979,0.7445,0.0080,0.0688,0.1313
576.4322,0.4591,0.1765,0.0032,0.4878,0.5919,0.7763,0.0106,0.0991,0.1855
576.6484,0.3136,0.2520,0.0121,0.3723,0.5192,0.6614,0.0025,0.0216,0.0605
464.1656,0.3520,0.1245,0.0015,0.0394,0.5254,0.4366,0.0017,0.0821,0.0293
544.9329,0.8835,0.2887,0.0101,0.4688,0.5649,0.5317,0.0019,0.0184,0.0205
426.2865,0.3316,0.2146,0.0288,0.1680,0.4963,0.7459,0.0048,0.0033,0.0022
526.9472,0.4340,0.2367,0.0040,0.4589,0.5249,0.6109,0.0025,0.0901,0.0152
596.1519,0.7171,0.2249,0.0093,0.4802,0.5455,0.6858,0.0057,0.0332,0.0973
547.1762,0.3329,0.2079,0.0137,0.4612,0.5787,0.7582,0.0157,0.1191,0.0497
555.4577,0.4422,0.2399,0.0408,0.4411,0.5403,0.7988,0.0021,0.0054,0.0303
412.4501,0.3577,0.1522,0.0125,0.0802,0.4663,0.6539,0.0016,0.0105,0.1046
478.1100,0.3653,0.1575,0.0026,0.3586,0.5005,0.7351,0.0067,0.0968,0.0568
376.0892,0.3777,0.1046,0.0054,0.1733,0.1447,0.6755,0.0018,0.0020,0.0390
352.7664,0.3806,0.1374,0.0020,0.1611,0.1956,0.7063,0.0008,0.0841,0.0494
330.4636,0.4170,0.1216,0.0059,0.1955,0.4455,0.7686,0.0115,0.0098,0.0307
596.7775,0.4949,0.2013,0.0181,0.4055,0.5150,0.7649,0.0059,0.0224,0.0050
381.5493,0.3213,0.2272,0.0133,0.3977,0.5687,0.6834,0.0047,0.0412,0.0217
538.8767,0.3073,0.1726,0.0141,0.2229,0.3087,0.7606,0.0055,0.0031,0.0575
430.8438,0.4139,0.1690,0.0070,0.4606,0.4309,0.7127,0.0013,0.0750,0.0301
591.9914,0.4079,0.2767,0.0020,0.3697,0.5834,0.7418,0.0032,0.0906,0.0337
461.5740,0.5740,0.1970,0.0196,0.4854,0.5020,0.7828,0.0036,0.0222,0.0400
510.0443,0.4004,0.2316,0.0243,0.4932,0.5812,0.7326,0.0070,0.0407,0.1034
516.8212,0.3297,0.1649,0.0084,0.4313,0.4453,0.6953,0.0091,0.0728,0.0326
373.3381,0.3713,0.1776,0.0027,0.3250,0.2471,0.7437,0.0070,0.0026,0.0399
591.7683,0.3703,0.2135,0.0110,0.4891,0.5273,0.6297,0.0138,0.0138,0.0645
455.1993,0.3275,0.1447,0.0064,0.0294,0.2110,0.6696,0.0024,0.0001,0.0969
531.2483,0.3769,0.1694,0.0029,0.2814,0.5218,0.7689,0.0125,0.0236,0.0204
542.2412,0.7654,0.2103,0.0029,0.4725,0.5941,0.7432,0.0071,0.1799,0.0249
428.4215,0.3681,0.1138,0.0101,0.0308,0.2145,0.4479,0.0028,0.0551,0.0224
552.9691,0.5076,0.1629,0.0143,0.3905,0.5924,0.7495,0.0015,0.1111,0.0100
579.4965,0.3530,0.2400,0.0213,0.4252,0.5970,0.6896,0.0107,0.0638,0.0264
397.3918,0.3359,0.2535,0.0068,0.4536,0.4970,0.6357,0.0004,0.0362,0.0010
470.8827,0.3182,0.1844,0.0011,0.0144,0.1323,0.6537,0.0056,0.0911,0.0028
488.5265,0.3213,0.1550,0.0277,0.2083,0.5258,0.6407,0.0043,0.0208,0.0308
411.8723,0.3330,0.1820,0.0165,0.1076,0.4673,0.7987,0.0042,0.0505,0.0671
531.1268,0.3185,0.1088,0.0386,0.3555,0.4384,0.7899,0.0006,0.0424,0.0406
389.9749,0.3942,0.1237,0.0038,0.0456,0.5895,0.7536,0.0019,0.0653,0.0676
529.2965,0.4095,0.1287,0.0203,0.4784,0.5337,0.7167,0.0001,0.1301,0.0001
350.2383,0.3905,0.1711,0.0026,0.2980,0.5435,0.7160,0.0121,0.0004,0.0589
472.1987,0.3266,0.1384,0.0223,0.1824,0.4461,0.6274,0.0029,0.0616,0.0126
398.2369,0.3405,0.1690,0.0367,0.4135,0.4563,0.7596,0.0102,0.0154,0.0017
374.0828,0.3329,0.2364,0.0037,0.4423,0.5636,0.6669,0.0021,0.1038,0.0119
591.0378,0.3020,0.1211,0.0192,0.4462,0.5321,0.7428,0.0113,0.0473,0.0757
511.0440,0.4687,0.1343,0.0047,0.4426,0.5724,0.5951,0.0095,0.0014,0.0044
568.7503,0.3603,0.2209,0.0179,0.4858,0.5673,0.7885,0.0058,0.1958,0.0591
378.6132,0.3841,0.1381,0.0092,0.4171,0.5541,0.5776,0.0022,0.0009,0.0070
434.3007,0.3750,0.1822,0.0050,0.3750,0.5478,0.7197,0.0009,0.0367,0.1660
540.2450,0.3316,0.1657,0.0183,0.4829,0.5982,0.5782,0.0044,0.0565,0.0533
463.2706,0.3090,0.1776,0.0087,0.4259,0.5847,0.7889,0.0076,0.1781,0.1178
560.4741,0.4491,0.1525,0.0055,0.4724,0.5132,0.7917,0.0174,0.0297,0.0500
436.4144,0.3119,0.2227,0.0039,0.2480,0.5194,0.7604,0.0049,0.1400,0.0198
595.9621,0.3386,0.2171,0.0202,0.3072,0.5730,0.7193,0.0031,0.0559,0.0229
436.8558,0.3308,0.1468,0.0195,0.0722,0.3325,0.7867,0.0073,0.0167,0.0547
521.4995,0.8458,0.2588,0.0065,0.4702,0.5615,0.5503,0.0035,0.0390,0.0208
505.1976,0.3381,0.2951,0.0058,0.4307,0.5764,0.7568,0.0067,0.0752,0.0439
456.9861,0.3088,0.1545,0.0015,0.2697,0.4381,0.7229,0.0087,0.0592,0.0161
521.9284,0.3109,0.1734,0.0118,0.1754,0.1723,0.6435,0.0004,0.0147,0.0122
368.3412,0.3525,0.1841,0.0053,0.0693,0.5348,0.5628,0.0031,0.0571,0.0366
443.3998,0.3601,0.1483,0.0098,0.3883,0.4949,0.7432,0.0146,0.0289,0.0400
595.3702,0.3881,0.1894,0.0044,0.4631,0.5405,0.7441,0.0004,0.1759,0.1420
556.3886,0.4022,0.2714,0.0077,0.3986,0.5702,0.7336,0.0155,0.0087,0.0113
428.1232,0.3300,0.1564,0.0028,0.4390,0.2435,0.7589,0.0138,0.0191,0.0392
345.2885,0.3857,0.1320,0.0078,0.0700,0.2090,0.7614,0.0181,0.0163,0.0023
299.5142,0.4153,0.1177,0.0034,0.2732,0.4775,0.6597,0.0047,0.0283,0.0126
495.6460,0.3826,0.1600,0.0095,0.4400,0.5077,0.6987,0.0061,0.1102,0.0142
570.3174,0.8024,0.1716,0.0027,0.4969,0.5636,0.5941,0.0031,0.0173,0.1465
525.7956,0.4931,0.2392,0.0017,0.4981,0.5113,0.7638,0.0166,0.0641,0.0329
358.7190,0.4299,0.1984,0.0107,0.4407,0.4994,0.7393,0.0034,0.0090,0.0619
424.0108,0.3555,0.1548,0.0146,0.0058,0.5772,0.7712,0.0067,0.0079,0.0443
547.7815,0.6381,0.2679,0.0160,0.4881,0.5962,0.5985,0.0048,0.0373,0.0799
510.2365,0.3245,0.1742,0.0012,0.3391,0.4593,0.7811,0.0121,0.1362,0.0149
445.9326,0.3169,0.2832,0.0061,0.4903,0.5553,0.6890,0.0128,0.0077,0.0268
566.8397,0.3281,0.1161,0.0375,0.3029,0.5820,0.7639,0.0070,0.0078,0.0118
407.8569,0.3519,0.1723,0.0237,0.4376,0.5898,0.7355,0.0124,0.0115,0.0664
381.7723,0.5035,0.2493,0.0181,0.4967,0.5855,0.7993,0.0004,0.1142,0.0214
513.1038,0.3435,0.2052,0.0256,0.4715,0.5922,0.6549,0.0057,0.0296,0.0907
526.1052,0.7469,0.2838,0.0202,0.4480,0.5972,0.5799,0.0020,0.0023,0.0105
467.2362,0.5013,0.2043,0.0081,0.3740,0.5869,0.6768,0.0092,0.0175,0.0017
416.1452,0.3336,0.1697,0.0119,0.0043,0.2404,0.6852,0.0094,0.0367,0.0391
504.9383,0.3251,0.2244,0.0125,0.3663,0.4804,0.7583,0.0002,0.0737,0.0864
484.3503,0.3201,0.1785,0.0424,0.2739,0.4319,0.7440,0.0014,0.0323,0.0033
501.8636,0.3169,0.1451,0.0170,0.4404,0.2942,0.7846,0.0076,0.0839,0.0080
435.2618,0.4127,0.1280,0.0269,0.3360,0.5675,0.7771,0.0047,0.0086,0.0299
561.9452,0.3342,0.1592,0.0014,0.4101,0.5062,0.6484,0.0015,0.0390,0.1668
424.2333,0.3031,0.2916,0.0138,0.4332,0.5257,0.7907,0.0105,0.0281,0.0039
445.2336,0.3151,0.1725,0.0109,0.2049,0.4194,0.7829,0.0131,0.0722,0.0261
500.4131,0.3737,0.1055,0.0026,0.2622,0.5413,0.7050,0.0020,0.0387,0.0587
438.1572,0.3552,0.2152,0.0046,0.4080,0.4733,0.7961,0.0028,0.0965,0.0946
486.7371,0.4594,0.1491,0.0159,0.4699,0.5874,0.7553,0.0012,0.0920,0.1140
449.4938,0.3381,0.1646,0.0167,0.3867,0.3375,0.7198,0.0117,0.0014,0.0016
341.1807,0.4020,0.1329,0.0115,0.0077,0.1854,0.6234,0.0034,0.0633,0.0482
552.3940,0.3857,0.2741,0.0115,0.4614,0.5625,0.5962,0.0008,0.0743,0.0204
347.0752,0.5063,0.2089,0.0152,0.4775,0.5350,0.7680,0.0021,0.0457,0.0160
289.6417,0.3902,0.1843,0.0027,0.2061,0.1752,0.7948,0.0046,0.0497,0.0098
464.2563,0.9736,0.2441,0.0031,0.4826,0.5586,0.7518,0.0016,0.1124,0.0212
599.7963,0.3038,0.1803,0.0198,0.4735,0.4290,0.7967,0.0007,0.1157,0.1250
432.3605,0.3304,0.2048,0.0028,0.0349,0.3752,0.6815,0.0013,0.0685,0.0283
475.0123,0.3275,0.2470,0.0145,0.4033,0.5915,0.5967,0.0026,0.0182,0.0349
454.4709,0.3094,0.1971,0.0216,0.3734,0.2698,0.7431,0.0027,0.0079,0.0513
487.5937,0.3558,0.2640,0.0106,0.4989,0.5036,0.7911,0.0135,0.0458,0.0403
549.7999,0.3030,0.1563,0.0150,0.3173,0.5947,0.7309,0.0005,0.2341,0.0335
585.1665,0.4132,0.2431,0.0255,0.4875,0.5414,0.5790,0.0053,0.0169,0.0071
374.3950,0.3531,0.1641,0.0254,0.0436,0.1731,0.6690,0.0079,0.0058,0.0368
454.0308,0.3340,0.1176,0.0019,0.4477,0.5830,0.7695,0.0050,0.1495,0.0957
413.4804,0.3776,0.2051,0.0157,0.2993,0.5173,0.7588,0.0032,0.0167,0.0542
362.2097,0.4085,0.1570,0.0120,0.2391,0.5639,0.7907,0.0065,0.0179,0.0639
566.9064,0.4664,0.2408,0.0029,0.4685,0.5020,0.6996,0.0048,0.1128,0.0221
391.8714,0.4367,0.1307,0.0048,0.3622,0.3876,0.7960,0.0003,0.0221,0.0796
562.1493,0.3132,0.2066,0.0263,0.4417,0.5251,0.7247,0.0186,0.0015,0.0234
410.4060,0.3533,0.1253,0.0078,0.3813,0.3267,0.7852,0.0059,0.1400,0.0037
593.4566,0.5743,0.1618,0.0083,0.4720,0.5053,0.7645,0.0131,0.0105,0.0219
513.4182,0.3211,0.1296,0.0023,0.3803,0.5642,0.7349,0.0141,0.0670,0.0990
558.8643,0.6144,0.1949,0.0072,0.4636,0.5951,0.7793,0.0098,0.1590,0.0283
367.9404,0.3384,0.2638,0.0296,0.4055,0.5481,0.7522,0.0003,0.0018,0.0192
499.7222,0.3477,0.1427,0.0090,0.2782,0.3707,0.7468,0.0076,0.0223,0.0310
342.3283,0.4281,0.0997,0.0049,0.0232,0.2266,0.5778,0.0063,0.0070,0.0477
543.4613,0.5602,0.2691,0.0089,0.4316,0.5687,0.7998,0.0037,0.0956,0.0217
525.9986,0.3051,0.1339,0.0080,0.3062,0.2788,0.7112,0.0130,0.0001,0.0364
364.9271,0.3467,0.2092,0.0030,0.4501,0.4127,0.7919,0.0109,0.0706,0.0351
432.3095,0.3651,0.1273,0.0106,0.0075,0.4529,0.6118,0.0019,0.0237,0.0849
588.9227,0.5145,0.1626,0.0029,0.4920,0.5348,0.5353,0.0072,0.0033,0.0561
380.5496,0.3506,0.1930,0.0033,0.2064,0.4625,0.6895,0.0007,0.0137,0.1332
501.7535,0.7218,0.1952,0.0076,0.4357,0.5594,0.7670,0.0053,0.0007,0.0734
325.5691,0.3924,0.1526,0.0063,0.0705,0.2790,0.7825,0.0051,0.0637,0.0599
388.0823,0.8064,0.1993,0.0062,0.4533,0.5738,0.7808,0.0026,0.0018,0.0709
402.2203,0.3576,0.1220,0.0013,0.3072,0.4793,0.7772,0.0069,0.0918,0.0939
470.6743,0.3137,0.1928,0.0151,0.4400,0.5392,0.7665,0.0039,0.0749,0.1725
448.9422,0.4187,0.1422,0.0054,0.3770,0.4248,0.7878,0.0022,0.0413,0.0671
559.4467,0.3011,0.1381,0.0158,0.1737,0.2992,0.6775,0.0059,0.0356,0.0134
456.1441,0.3110,0.2429,0.0022,0.1212,0.3961,0.6640,0.0000,0.0119,0.0399
508.5863,0.4902,0.2348,0.0165,0.4478,0.5284,0.6839,0.0055,0.0186,0.0165
593.8269,0.6296,0.2100,0.0066,0.4446,0.5840,0.6462,0.0137,0.0453,0.0321
539.8942,0.4014,0.1588,0.0474,0.4819,0.5014,0.7692,0.0012,0.0076,0.0388
566.9798,0.3843,0.1414,0.0017,0.3648,0.5235,0.7268,0.0135,0.0104,0.0491
587.7467,0.4051,0.2045,0.0224,0.4186,0.5873,0.7842,0.0066,0.0727,0.0816
490.5867,0.3471,0.1136,0.0036,0.0198,0.5655,0.3887,0.0058,0.0048,0.0521
553.3798,0.3221,0.1301,0.0101,0.4807,0.4749,0.7394,0.0095,0.0408,0.1124
353.2677,0.3337,0.2485,0.0018,0.3176,0.4364,0.7571,0.0028,0.0445,0.0274
360.2434,0.3964,0.1284,0.0049,0.1827,0.4078,0.6314,0.0044,0.0150,0.0544
569.2057,0.3051,0.1537,0.0057,0.2418,0.5592,0.7528,0.0124,0.1134,0.0205
570.2935,0.5153,0.1788,0.0171,0.4805,0.5864,0.6286,0.0176,0.0278,0.0020
530.7569,0.6164,0.2038,0.0059,0.4705,0.5172,0.7334,0.0006,0.0736,0.0772
297.9349,0.4055,0.1878,0.0091,0.1093,0.3826,0.7716,0.0032,0.0226,0.0291
476.0041,0.3803,0.1734,0.0193,0.4154,0.4291,0.7390,0.0065,0.0213,0.0147
440.0992,0.4401,0.2239,0.0012,0.4784,0.5650,0.7836,0.0100,0.0175,0.1733
562.0023,0.3445,0.2360,0.0120,0.3828,0.5838,0.7660,0.0020,0.0176,0.1902
481.6557,0.3107,0.1691,0.0043,0.1066,0.1422,0.7912,0.0141,0.0055,0.0427
504.7508,0.3599,0.1468,0.0024,0.3311,0.5893,0.6561,0.0008,0.0195,0.1788
500.2710,0.4558,0.2123,0.0015,0.4130,0.5785,0.7247,0.0108,0.0848,0.0426
487.6657,0.3026,0.2424,0.0284,0.4349,0.5385,0.6995,0.0070,0.0485,0.0020
262.3808,0.4437,0.1177,0.0216,0.0130,0.2499,0.7830,0.0084,0.0076,0.0048
520.3765,0.3417,0.2278,0.0069,0.4491,0.3283,0.7504,0.0014,0.0093,0.0489
396.4262,0.3277,0.1731,0.0060,0.1803,0.5722,0.6926,0.0084,0.0451,0.0152
521.6916,0.3010,0.1496,0.0227,0.3750,0.5167,0.7768,0.0090,0.1485,0.0177
573.6432,0.3299,0.1548,0.0073,0.2803,0.3380,0.6718,0.0001,0.0286,0.0226
375.6893,0.3363,0.2120,0.0055,0.3294,0.3703,0.7887,0.0047,0.1166,0.0122
552.2169,0.3098,0.1009,0.0037,0.4965,0.5151,0.6971,0.0002,0.0201,0.1164
447.0250,0.3254,0.1898,0.0302,0.2438,0.4863,0.7040,0.0038,0.0352,0.0125
382.6735,0.3934,0.1113,0.0025,0.1713,0.4667,0.6625,0.0031,0.0875,0.0205
410.2964,0.6912,0.2306,0.0168,0.4956,0.5928,0.7675,0.0087,0.0568,0.0192
560.4979,0.8674,0.1981,0.0154,0.4877,0.4903,0.6850,0.0019,0.0003,0.0095
540.6360,0.3636,0.2139,0.0196,0.4477,0.4894,0.7114,0.0049,0.0356,0.0534
581.5774,0.8217,0.2179,0.0143,0.4885,0.5899,0.5659,0.0068,0.0924,0.0310
437.6839,0.5400,0.1835,0.0240,0.4398,0.5938,0.7860,0.0057,0.0543,0.0206
569.9222,0.3499,0.2634,0.0318,0.4650,0.5995,0.6492,0.0004,0.1009,0.0082
471.8684,0.3490,0.1106,0.0058,0.0572,0.2321,0.6795,0.0041,0.0943,0.0004
398.1647,0.3720,0.1515,0.0025,0.4735,0.3977,0.7311,0.0093,0.0039,0.0887
319.5243,0.3919,0.1953,0.0229,0.0337,0.4130,0.7012,0.0011,0.0025,0.0163
443.2423,0.3253,0.2270,0.0051,0.4156,0.5734,0.6711,0.0140,0.0644,0.0097
384.4551,0.3344,0.1520,0.0093,0.3726,0.5988,0.7507,0.0127,0.0485,0.0321
494.3311,0.3115,0.1881,0.0338,0.3626,0.5096,0.7059,0.0011,0.1027,0.0012
563.9639,0.3006,0.2137,0.0080,0.2146,0.4088,0.7905,0.0005,0.0494,0.0558
540.0096,0.8484,0.1889,0.0046,0.4364,0.5828,0.7865,0.0048,0.0201,0.0940
502.9744,0.3153,0.1699,0.0061,0.0150,0.3874,0.6201,0.0017,0.0630,0.0472
510.2712,0.4175,0.2706,0.0031,0.4858,0.4183,0.7380,0.0008,0.0335,0.0275
425.3257,0.3391,0.1971,0.0379,0.1759,0.5788,0.7743,0.0017,0.0180,0.0237
445.7604,0.3988,0.1595,0.0042,0.3402,0.5924,0.7085,0.0040,0.1292,0.0296
516.5675,0.3126,0.0945,0.0174,0.4237,0.5461,0.7832,0.0031,0.0003,0.0308
358.3496,0.4403,0.1219,0.0029,0.4759,0.5769,0.6674,0.0029,0.0492,0.0261
294.5590,0.4159,0.1385,0.0093,0.0304,0.4234,0.5218,0.0019,0.0179,0.0908
556.3557,0.3200,0.1714,0.0089,0.2993,0.5486,0.6908,0.0068,0.1311,0.0051
515.1225,0.3092,0.1347,0.0328,0.1509,0.4322,0.7941,0.0073,0.0215,0.0344
474.1532,0.3360,0.1513,0.0137,0.2393,0.4773,0.7786,0.0061,0.0645,0.0650
475.2697,0.4817,0.1892,0.0037,0.4829,0.5121,0.6645,0.0038,0.0755,0.0508
570.3838,0.7688,0.2191,0.0109,0.4618,0.5163,0.6953,0.0037,0.0386,0.0063
542.9886,0.3786,0.2394,0.0139,0.4631,0.4363,0.7868,0.0054,0.0534,0.0239
580.0103,0.3861,0.1687,0.0052,0.4937,0.5861,0.7466,0.0046,0.2712,0.0771
304.2019,0.4061,0.1601,0.0140,0.0055,0.3095,0.6966,0.0080,0.0457,0.0008
319.1576,0.3759,0.1576,0.0037,0.0082,0.2404,0.6724,0.0110,0.0170,0.0348
544.6216,0.3268,0.2059,0.0048,0.4376,0.4962,0.7922,0.0176,0.1221,0.0170
508.1651,0.7382,0.1941,0.0116,0.4984,0.5830,0.6257,0.0107,0.0662,0.0206
411.4891,0.3461,0.1345,0.0214,0.0725,0.3583,0.6197,0.0048,0.0063,0.0430
385.8536,0.3537,0.1436,0.0103,0.2495,0.4997,0.7289,0.0113,0.0765,0.0248
460.7781,0.5678,0.2147,0.0105,0.4777,0.5729,0.7408,0.0005,0.0367,0.1585
590.9722,0.3778,0.1999,0.0205,0.4814,0.5474,0.6717,0.0119,0.0071,0.0876
409.9142,0.3987,0.1280,0.0096,0.1429,0.2498,0.7463,0.0009,0.0175,0.0328
555.8373,0.6744,0.1866,0.0035,0.4683,0.5766,0.5839,0.0020,0.1498,0.0128
511.0050,0.3916,0.1827,0.0088,0.4699,0.4937,0.6982,0.0089,0.0556,0.0514
373.6926,0.3460,0.1587,0.0114,0.4697,0.5163,0.7515,0.0015,0.1392,0.0212
443.5326,0.3038,0.1698,0.0292,0.4513,0.5457,0.7161,0.0062,0.0269,0.0110
452.4797,0.3433,0.1427,0.0159,0.0060,0.1139,0.6352,0.0043,0.0160,0.0641
560.6013,0.3932,0.1660,0.0337,0.4063,0.5953,0.6989,0.0033,0.0271,0.0541
393.4065,0.3569,0.1789,0.0128,0.2722,0.4575,0.7544,0.0151,0.0055,0.0162
599.3870,0.4818,0.2111,0.0027,0.3819,0.5604,0.7856,0.0078,0.0360,0.0840
537.9706,0.3203,0.1160,0.0050,0.2465,0.2662,0.7947,0.0086,0.0176,0.0599
599.0817,0.4059,0.1620,0.0190,0.4893,0.5531,0.6467,0.0068,0.1074,0.0114
351.5683,0.4662,0.1857,0.0076,0.3444,0.4455,0.7110,0.0007,0.0016,0.0005
431.1872,0.3192,0.1675,0.0178,0.1621,0.3671,0.6823,0.0090,0.0002,0.0200
590.3583,0.3186,0.1070,0.0075,0.1867,0.3336,0.7382,0.0031,0.0138,0.0448
438.2832,0.3100,0.2867,0.0084,0.4495,0.5741,0.7058,0.0065,0.0495,0.0252
488.7443,0.3368,0.1473,0.0126,0.3451,0.4366,0.7974,0.0084,0.1042,0.0275
575.6946,0.9417,0.2542,0.0063,0.4942,0.5778,0.6735,0.0060,0.0877,0.0978
366.0385,0.4149,0.1795,0.0038,0.4932,0.5216,0.7534,0.0173,0.0509,0.0001
563.8183,0.3899,0.2982,0.0070,0.4087,0.5592,0.7198,0.0043,0.0512,0.0210
459.4895,0.3159,0.1739,0.0202,0.4015,0.5968,0.6287,0.0040,0.1058,0.0143
589.9039,0.8323,0.1924,0.0022,0.4824,0.4727,0.7056,0.0001,0.0446,0.0305
489.3718,0.4323,0.1802,0.0334,0.3993,0.5925,0.7784,0.0091,0.0164,0.0139
555.2381,0.6631,0.2224,0.0072,0.4903,0.5368,0.4702,0.0029,0.0071,0.0337
436.5105,0.3183,0.1668,0.0131,0.2953,0.4569,0.7072,0.0123,0.0355,0.0435
464.5907,0.3478,0.0962,0.0189,0.0093,0.4258,0.6725,0.0097,0.0019,0.0180
528.1496,0.5214,0.1354,0.0032,0.4373,0.5571,0.6756,0.0048,0.0051,0.0724
450.0605,0.3450,0.1672,0.0045,0.4295,0.5093,0.7571,0.0058,0.0614,0.1684
417.7019,0.6159,0.1389,0.0107,0.4551,0.5759,0.7248,0.0069,0.0067,0.0085
455.4751,0.3622,0.1325,0.0345,0.2833,0.5545,0.6538,0.0001,0.0229,0.0067
280.9181,0.3979,0.1783,0.0021,0.2937,0.2010,0.7266,0.0002,0.0113,0.0161
554.0331,0.4395,0.1637,0.0094,0.4628,0.4910,0.7750,0.0037,0.0627,0.0986
400.4503,0.3522,0.1839,0.0287,0.4912,0.5483,0.7645,0.0013,0.0142,0.1547
491.5787,0.3705,0.0990,0.0021,0.2375,0.5781,0.7538,0.0028,0.0038,0.1150
441.2143,0.3223,0.1949,0.0018,0.4649,0.4005,0.7461,0.0032,0.0301,0.1764
476.6660,0.4048,0.1361,0.0185,0.4028,0.5361,0.7755,0.0003,0.0063,0.1433
575.0040,0.3108,0.1674,0.0435,0.3510,0.5997,0.6542,0.0033,0.0415,0.0089
435.8827,0.3565,0.1381,0.0057,0.2349,0.4854,0.5211,0.0008,0.0385,0.0018
359.5715,0.3661,0.1654,0.0042,0.1394,0.5577,0.6641,0.0086,0.0323,0.0700
512.1696,0.4101,0.1527,0.0376,0.4874,0.4525,0.7894,0.0018,0.0377,0.0087
519.9495,0.3174,0.2115,0.0439,0.4254,0.5744,0.7640,0.0046,0.0714,0.0296
524.5152,0.3015,0.1839,0.0187,0.2874,0.4982,0.6487,0.0089,0.0317,0.0171
386.3827,0.6763,0.2615,0.0127,0.4900,0.5652,0.7029,0.0010,0.0443,0.0025
592.8230,0.8501,0.2922,0.0079,0.4977,0.5174,0.7454,0.0096,0.0257,0.0151
448.8225,0.3417,0.1278,0.0029,0.0525,0.5423,0.7206,0.0095,0.1081,0.0144
583.7179,0.3143,0.1323,0.0199,0.4870,0.4885,0.7576,0.0077,0.0053,0.1554
394.6638,0.4906,0.1703,0.0246,0.4949,0.5950,0.6750,0.0017,0.0618,0.0120
452.3680,0.7187,0.2101,0.0276,0.4522,0.5864,0.7616,0.0062,0.0041,0.0000
335.4747,0.3772,0.2108,0.0147,0.4554,0.5240,0.7714,0.0115,0.0309,0.0001
595.5265,0.4971,0.2722,0.0124,0.4715,0.5598,0.5683,0.0102,0.0024,0.0255
472.3737,0.4465,0.2554,0.0224,0.4757,0.5931,0.7194,0.0022,0.0320,0.0926
477.3039,0.9823,0.1612,0.0089,0.4766,0.5671,0.7237,0.0005,0.0119,0.0641
370.9615,0.4001,0.1510,0.0110,0.2612,0.5857,0.7298,0.0083,0.0522,0.0169
565.0572,0.3452,0.1306,0.0049,0.4671,0.5555,0.6281,0.0019,0.1250,0.0586
557.8570,0.3032,0.1816,0.0112,0.1701,0.5798,0.6150,0.0122,0.0063,0.0069
285.0820,0.4444,0.0920,0.0124,0.0161,0.1085,0.4964,0.0071,0.0036,0.0352
508.0720,0.3123,0.1395,0.0032,0.1199,0.5856,0.7873,0.0110,0.0316,0.1188
425.4997,0.3663,0.1281,0.0156,0.2852,0.4657,0.7979,0.0050,0.1219,0.0024
486.5657,0.4825,0.1463,0.0079,0.4289,0.5014,0.7923,0.0040,0.0444,0.0571
492.5851,0.3060,0.1261,0.0123,0.4367,0.5806,0.7185,0.0054,0.0256,0.0809
424.9261,0.3200,0.1808,0.0129,0.1995,0.3249,0.7880,0.0049,0.0614,0.0208
348.5926,0.4408,0.2114,0.0079,0.4364,0.5584,0.7894,0.0030,0.0895,0.0366
340.7719,0.3818,0.1526,0.0246,0.4985,0.4362,0.7640,0.0009,0.0944,0.0010
546.1047,0.3208,0.1913,0.0019,0.3552,0.5906,0.5783,0.0066,0.0122,0.1139
554.6101,0.3037,0.2344,0.0363,0.4981,0.4790,0.7094,0.0024,0.0534,0.0230
423.7716,0.4800,0.1943,0.0319,0.4903,0.5873,0.7918,0.0082,0.0348,0.0409
527.8506,0.3118,0.2389,0.0241,0.4769,0.5901,0.6472,0.0029,0.1194,0.0159
355.4670,0.3934,0.1604,0.0020,0.2017,0.5808,0.7762,0.0127,0.0417,0.0377
572.0742,0.5674,0.1583,0.0060,0.4620,0.5143,0.7477,0.0068,0.0424,0.0432
566.6214,0.3026,0.1237,0.0028,0.1270,0.3511,0.6705,0.0004,0.0932,0.0049
398.8300,0.3909,0.1141,0.0016,0.4541,0.5681,0.7052,0.0026,0.0234,0.1402
406.5546,0.3414,0.1885,0.0186,0.3921,0.4305,0.7227,0.0010,0.0104,0.1062
557.6533,0.8042,0.2488,0.0092,0.4951,0.5544,0.6305,0.0042,0.1072,0.0232
509.1958,0.3490,0.2451,0.0038,0.4421,0.5164,0.7756,0.0072,0.0138,0.1606
462.4843,0.5226,0.2774,0.0055,0.4499,0.5662,0.7254,0.0034,0.0703,0.0228
432.4567,0.3272,0.1378,0.0118,0.4846,0.5627,0.7855,0.0139,0.0977,0.0843
270.4100,0.4200,0.1661,0.0037,0.0266,0.1358,0.6783,0.0098,0.0015,0.0313
353.8919,0.3626,0.1520,0.0140,0.0224,0.2227,0.6518,0.0116,0.0471,0.0051
558.9017,0.3507,0.1033,0.0280,0.3804,0.5399,0.7772,0.0006,0.0606,0.0204
387.3367,0.3819,0.1289,0.0086,0.0827,0.5947,0.6302,0.0029,0.0411,0.0772
484.8502,0.3259,0.1110,0.0077,0.0087,0.1420,0.5709,0.0067,0.0282,0.0083
459.3166,0.7684,0.1547,0.0057,0.4775,0.5749,0.7042,0.0099,0.0323,0.0034
550.4375,0.4748,0.2100,0.0092,0.4152,0.5942,0.5262,0.0013,0.0492,0.0258
542.3422,0.4089,0.2761,0.0146,0.4843,0.5296,0.7589,0.0014,0.0689,0.0833
445.2748,0.3203,0.2318,0.0014,0.2523,0.4819,0.6995,0.0005,0.0993,0.0299
493.3223,0.3266,0.0928,0.0057,0.4214,0.4074,0.7959,0.0049,0.0447,0.0137
567.9983,0.4864,0.2419,0.0208,0.3845,0.5880,0.7248,0.0000,0.0130,0.0640
358.2480,0.3718,0.1149,0.0093,0.0121,0.5690,0.3285,0.0180,0.0001,0.0080
594.0674,0.3785,0.1648,0.0148,0.4270,0.5913,0.7861,0.0121,0.1169,0.0571
497.5090,0.3347,0.2200,0.0010,0.3255,0.5246,0.7421,0.0190,0.0211,0.0181
554.3233,0.3246,0.1626,0.0129,0.4000,0.5148,0.6644,0.0177,0.0159,0.0071
447.5766,0.3566,0.0973,0.0115,0.3690,0.5389,0.7556,0.0024,0.0874,0.0545
483.4839,0.4662,0.1995,0.0013,0.4512,0.6000,0.6653,0.0072,0.1538,0.0309
512.0874,0.3723,0.2078,0.0096,0.4579,0.4717,0.7222,0.0030,0.0659,0.0804
518.2739,0.4423,0.1573,0.0231,0.3949,0.5858,0.7047,0.0008,0.0432,0.0524
447.7928,0.4161,0.1743,0.0025,0.4917,0.5023,0.6196,0.0105,0.0146,0.0180
429.3492,0.3642,0.1454,0.0152,0.4944,0.5402,0.7181,0.0087,0.0434,0.0751
549.8497,0.5405,0.1270,0.0169,0.4866,0.5276,0.7927,0.0019,0.0249,0.0567
518.1488,0.3714,0.1206,0.0022,0.3640,0.5597,0.7901,0.0033,0.1843,0.0312
568.6774,0.7263,0.2818,0.0052,0.4974,0.4940,0.7728,0.0002,0.0051,0.1046
542.2520,0.3426,0.0976,0.0066,0.0265,0.2553,0.4103,0.0006,0.0096,0.0146
409.6974,0.9000,0.2395,0.0034,0.4895,0.5731,0.7224,0.0092,0.0614,0.0019
519.7933,0.9755,0.1961,0.0123,0.4423,0.5705,0.6599,0.0000,0.0069,0.0476
282.4699,0.4298,0.1234,0.0078,0.0829,0.2921,0.5874,0.0018,0.0033,0.0686
589.2364,0.5584,0.2001,0.0068,0.4949,0.5012,0.7433,0.0082,0.1000,0.0308
545.1130,0.3460,0.0882,0.0066,0.3433,0.4283,0.7879,0.0031,0.0279,0.0435
382.8213,0.3822,0.2286,0.0024,0.4870,0.5824,0.6920,0.0024,0.1188,0.0504
375.7305,0.3427,0.1462,0.0083,0.1277,0.5579,0.6788,0.0121,0.0125,0.0006
349.1424,0.3712,0.1414,0.0034,0.2548,0.3907,0.6891,0.0161,0.0270,0.0006
389.3305,0.3694,0.1565,0.0031,0.0268,0.3761,0.7912,0.0061,0.0382,0.0701
542.2775,0.3160,0.1685,0.0158,0.3180,0.5043,0.7940,0.0102,0.0966,0.0308
593.5541,0.3455,0.2517,0.0117,0.4997,0.5944,0.7278,0.0032,0.2094,0.1001
554.6824,0.3596,0.2091,0.0020,0.4352,0.5611,0.7500,0.0184,0.0420,0.1072
474.7263,0.3456,0.1544,0.0014,0.2020,0.3055,0.6945,0.0113,0.0028,0.0120
546.1932,0.4252,0.2393,0.0272,0.4122,0.5852,0.7758,0.0044,0.0783,0.0103
569.1645,0.3083,0.2194,0.0089,0.2852,0.3718,0.7298,0.0049,0.0116,0.0138
461.0699,0.3175,0.1491,0.0097,0.0854,0.1274,0.7757,0.0054,0.0474,0.0051
482.9039,0.3386,0.1568,0.0162,0.2604,0.5142,0.7106,0.0094,0.0244,0.0376
576.9699,0.3095,0.1172,0.0017,0.3790,0.5338,0.7976,0.0039,0.2023,0.0912
447.6388,0.4496,0.2205,0.0126,0.4566,0.5799,0.7987,0.0111,0.0401,0.0842
353.1202,0.4326,0.1157,0.0019,0.0243,0.5395,0.6031,0.0023,0.0120,0.0693
360.4186,0.3850,0.2613,0.0049,0.4755,0.5079,0.7230,0.0001,0.0412,0.0320
547.4942,0.3120,0.1659,0.0079,0.2010,0.5698,0.7671,0.0087,0.0892,0.0422
599.1128,0.9117,0.1885,0.0012,0.4745,0.5760,0.5806,0.0113,0.0782,0.0312
486.2648,0.5583,0.2250,0.0057,0.3938,0.5800,0.6145,0.0047,0.0136,0.0146
559.7933,0.3371,0.1267,0.0047,0.4594,0.4209,0.7531,0.0106,0.0164,0.0922
581.3057,0.3983,0.1778,0.0156,0.3974,0.5431,0.7983,0.0129,0.0221,0.0594
572.1424,0.6419,0.2368,0.0074,0.4972,0.5618,0.6629,0.0074,0.0123,0.1581
468.9568,0.3295,0.1275,0.0143,0.0761,0.4766,0.4427,0.0044,0.0004,0.0183
477.3350,0.3014,0.1893,0.0236,0.4929,0.5912,0.7496,0.0151,0.0225,0.1222
554.4509,0.3810,0.1569,0.0261,0.4630,0.5888,0.5762,0.0018,0.0045,0.0586
463.7350,0.3609,0.1762,0.0181,0.3451,0.4053,0.7304,0.0016,0.0669,0.0005
415.5832,0.4099,0.1974,0.0160,0.4628,0.5848,0.7098,0.0063,0.0989,0.0188
571.6425,0.3234,0.2485,0.0031,0.3011,0.5381,0.7838,0.0054,0.0681,0.0448
398.9683,0.3596,0.1193,0.0198,0.0019,0.2320,0.4270,0.0047,0.0102,0.0590
337.0012,0.4612,0.1615,0.0212,0.4278,0.5945,0.7457,0.0069,0.0143,0.0089
532.7417,0.3119,0.1217,0.0056,0.2538,0.2253,0.7267,0.0068,0.0525,0.0236
357.6352,0.3563,0.2359,0.0114,0.4907,0.4667,0.7750,0.0096,0.0198,0.0247
506.9951,0.3326,0.1070,0.0273,0.3647,0.5147,0.7696,0.0024,0.0028,0.1065
530.5438,0.3308,0.2010,0.0239,0.4294,0.5406,0.6925,0.0042,0.1002,0.0263
494.5432,0.4016,0.1348,0.0088,0.4915,0.4262,0.7373,0.0019,0.0860,0.0320
385.7849,0.3473,0.1990,0.0012,0.2939,0.4372,0.7381,0.0038,0.0474,0.0991
525.9179,0.4376,0.1724,0.0045,0.4716,0.5379,0.7291,0.0071,0.1652,0.0259
400.3771,0.3206,0.1975,0.0097,0.4270,0.4976,0.7260,0.0179,0.0028,0.0507
517.2479,0.3080,0.1428,0.0089,0.1936,0.2537,0.7799,0.0124,0.0420,0.0211
476.8286,0.4600,0.1844,0.0194,0.4302,0.5513,0.6429,0.0010,0.0506,0.0105
578.8835,0.4942,0.2301,0.0111,0.4349,0.5690,0.7696,0.0114,0.0590,0.0494
489.2930,0.4011,0.2018,0.0049,0.4643,0.5106,0.6810,0.0100,0.0044,0.0929
421.9248,0.3471,0.1605,0.0094,0.3875,0.5875,0.6799,0.0050,0.1654,0.0053
583.3502,0.3710,0.1808,0.0182,0.4596,0.5974,0.6569,0.0082,0.0501,0.1091
436.3837,0.3497,0.1532,0.0262,0.3573,0.3981,0.7523,0.0083,0.0189,0.0130
313.2389,0.4129,0.1067,0.0026,0.1034,0.3917,0.7039,0.0045,0.0827,0.0018
372.6887,0.3984,0.1015,0.0182,0.0090,0.2130,0.5589,0.0057,0.0379,0.0134
500.8731,0.7532,0.1897,0.0032,0.4415,0.5627,0.6404,0.0095,0.0238,0.0014
565.0971,0.3337,0.1781,0.0102,0.4944,0.5092,0.7784,0.0013,0.0807,0.2488
465.3560,0.3170,0.1993,0.0141,0.0597,0.5803,0.6944,0.0007,0.0330,0.0609
514.9013,0.3270,0.1422,0.0044,0.2956,0.5302,0.6364,0.0000,0.1072,0.0778
544.5254,0.3305,0.1369,0.0076,0.0191,0.4337,0.6901,0.0050,0.0013,0.0251
560.5705,0.4816,0.2571,0.0022,0.4993,0.5398,0.7005,0.0063,0.1910,0.0063
451.0463,0.6585,0.1419,0.0035,0.3738,0.5853,0.7682,0.0010,0.0119,0.0228
340.5120,0.3827,0.1620,0.0107,0.0490,0.2806,0.6561,0.0098,0.0406,0.0041
564.8738,0.4382,0.2497,0.0069,0.3633,0.5926,0.6712,0.0107,0.0024,0.0226
563.8678,0.3077,0.1445,0.0051,0.2580,0.5962,0.6767,0.0131,0.0786,0.0341
358.5865,0.3421,0.2392,0.0028,0.1822,0.4622,0.7009,0.0023,0.0073,0.0594
524.4058,0.7046,0.2211,0.0137,0.4837,0.5417,0.6578,0.0043,0.0437,0.0342
523.7424,0.3653,0.1111,0.0143,0.2677,0.3988,0.6864,0.0002,0.0078,0.0041
511.6158,0.5448,0.1750,0.0144,0.4289,0.5954,0.7354,0.0060,0.0799,0.0300
325.5314,0.4924,0.2111,0.0025,0.4907,0.4276,0.7476,0.0002,0.0016,0.0274
449.7657,0.3349,0.2157,0.0089,0.3943,0.5566,0.6573,0.0052,0.0306,0.0837
311.1205,0.3686,0.1972,0.0017,0.0214,0.3959,0.6442,0.0017,0.0089,0.0284
391.2251,0.3248,0.1642,0.0054,0.3195,0.5472,0.7652,0.0065,0.0067,0.0713
361.1204,0.3786,0.1241,0.0128,0.1885,0.4013,0.7551,0.0004,0.0283,0.1015
498.5969,0.4159,0.1677,0.0099,0.2901,0.5948,0.7825,0.0043,0.0051,0.0926
533.5126,0.3110,0.2266,0.0228,0.3530,0.4668,0.7377,0.0021,0.0288,0.0522
455.7768,0.3286,0.1807,0.0296,0.2559,0.5082,0.7569,0.0007,0.0724,0.0425
459.2860,0.5250,0.1947,0.0141,0.4924,0.5521,0.7690,0.0145,0.0030,0.0688
384.5512,0.3396,0.2211,0.0061,0.1708,0.4112,0.7317,0.0002,0.0753,0.0303
554.0936,0.4307,0.2119,0.0042,0.4979,0.5695,0.6433,0.0031,0.0325,0.2256
588.7901,0.3045,0.1531,0.0163,0.4350,0.4574,0.6611,0.0009,0.0083,0.1430
562.9125,0.4014,0.2377,0.0161,0.4320,0.5157,0.6758,0.0024,0.0446,0.0332
539.1679,0.3658,0.2675,0.0016,0.4293,0.5850,0.6550,0.0192,0.0181,0.0174
406.9618,0.3154,0.2039,0.0033,0.3359,0.4998,0.7494,0.0009,0.0849,0.0510
519.3621,0.3501,0.0807,0.0108,0.0026,0.4828,0.3525,0.0001,0.0329,0.0040
511.1011,0.3433,0.1813,0.0195,0.1411,0.5536,0.7278,0.0016,0.0196,0.0089
323.6864,0.3849,0.1608,0.0160,0.0995,0.1384,0.7733,0.0049,0.0523,0.0264
489.2122,0.3210,0.1890,0.0015,0.4505,0.1980,0.7897,0.0026,0.0516,0.0477
345.7393,0.3640,0.1685,0.0095,0.3047,0.4940,0.7139,0.0010,0.0189,0.1092
489.6501,0.3238,0.1415,0.0219,0.3685,0.3883,0.7536,0.0053,0.0999,0.0029
277.9980,0.4686,0.1116,0.0015,0.0184,0.5792,0.6917,0.0000,0.0453,0.0694
529.9016,0.4939,0.2719,0.0221,0.4652,0.5824,0.7748,0.0011,0.0279,0.1114
414.0541,0.3549,0.1220,0.0092,0.0386,0.5067,0.7674,0.0112,0.0466,0.0477
537.7315,0.3042,0.1957,0.0025,0.1184,0.5391,0.4233,0.0020,0.0026,0.0020
586.2159,0.3674,0.1811,0.0081,0.3762,0.4466,0.7740,0.0033,0.0433,0.0756
551.3684,0.4497,0.1227,0.0244,0.4393,0.5841,0.7486,0.0006,0.0658,0.0260
346.8810,0.3948,0.1041,0.0082,0.0926,0.3305,0.6760,0.0009,0.0544,0.0237
403.0590,0.3624,0.2289,0.0380,0.4832,0.5263,0.7907,0.0045,0.0020,0.0477
486.0685,0.3542,0.2479,0.0013,0.4927,0.5426,0.6029,0.0002,0.0865,0.0630
370.7474,0.4172,0.1118,0.0147,0.2530,0.4361,0.7399,0.0045,0.0221,0.0055
328.9694,0.4198,0.1516,0.0026,0.1852,0.5284,0.6546,0.0006,0.0459,0.0535
472.1356,0.4636,0.1851,0.0065,0.4838,0.4297,0.7600,0.0062,0.0434,0.0279
451.0215,0.3593,0.1185,0.0140,0.4218,0.5653,0.7934,0.0077,0.0677,0.0953
523.5534,0.3146,0.2287,0.0035,0.3109,0.5767,0.6205,0.0070,0.0267,0.0588
545.5098,0.5636,0.2302,0.0288,0.4507,0.5668,0.6915,0.0000,0.0006,0.0694
590.1592,0.8603,0.2472,0.0235,0.4742,0.5579,0.7739,0.0065,0.0284,0.0192
584.5150,0.3027,0.1539,0.0108,0.4791,0.5866,0.7938,0.0058,0.0108,0.3627
448.3011,0.3153,0.2086,0.0117,0.1503,0.3423,0.7127,0.0040,0.0476,0.0159
474.0571,0.3972,0.1498,0.0030,0.3795,0.5386,0.7490,0.0034,0.0103,0.1766
438.5504,0.3381,0.2165,0.0174,0.4416,0.4244,0.7746,0.0001,0.0235,0.1190
531.1612,0.3061,0.1562,0.0011,0.2106,0.3807,0.5952,0.0008,0.0976,0.0303
358.6654,0.3818,0.1205,0.0135,0.1474,0.5172,0.6378,0.0055,0.0260,0.0556
522.6140,0.3099,0.2019,0.0350,0.4177,0.5007,0.7903,0.0014,0.0578,0.0973
349.8121,0.4126,0.1295,0.0025,0.0767,0.1575,0.7593,0.0088,0.0347,0.0134
412.7655,0.3307,0.1735,0.0105,0.4117,0.5448,0.7102,0.0147,0.0932,0.0008
505.4631,0.3035,0.1491,0.0182,0.0966,0.4893,0.7670,0.0129,0.0274,0.0292
369.4075,0.3418,0.1717,0.0041,0.4882,0.5158,0.7988,0.0076,0.1788,0.0272
443.5580,0.3609,0.0891,0.0016,0.2211,0.2860,0.7816,0.0034,0.0639,0.0200
588.6010,0.3523,0.2688,0.0025,0.3917,0.5260,0.7240,0.0064,0.0270,0.0746
540.4156,0.7581,0.2588,0.0283,0.4999,0.5875,0.5399,0.0000,0.0339,0.0353
332.9199,0.3710,0.2011,0.0053,0.4477,0.5509,0.7531,0.0146,0.0279,0.0266
507.6769,0.6086,0.2405,0.0085,0.4914,0.5848,0.7578,0.0053,0.0455,0.1648
405.5596,0.3727,0.2162,0.0042,0.2089,0.5987,0.7283,0.0044,0.0379,0.0341
515.4123,0.3873,0.1459,0.0050,0.4127,0.3392,0.7783,0.0052,0.0021,0.0488
567.6110,0.3581,0.1560,0.0142,0.4438,0.5199,0.6723,0.0038,0.1208,0.0205
533.3203,0.4102,0.1614,0.0027,0.4489,0.5890,0.6969,0.0170,0.0919,0.0327
557.1639,0.3125,0.1777,0.0458,0.4748,0.5957,0.6887,0.0043,0.0378,0.0716
594.3357,0.7596,0.2876,0.0035,0.4514,0.5857,0.7959,0.0078,0.0668,0.0624
403.9997,0.3298,0.2256,0.0036,0.3845,0.3948,0.7042,0.0028,0.0064,0.0843
396.1104,0.3999,0.1745,0.0169,0.4464,0.5070,0.7256,0.0007,0.0301,0.0946
321.1616,0.3856,0.1875,0.0085,0.0152,0.5537,0.6911,0.0090,0.0291,0.0069
520.5492,0.5179,0.2144,0.0011,0.4897,0.5794,0.6099,0.0061,0.1684,0.0259
485.7146,0.4955,0.1404,0.0229,0.4210,0.5732,0.7582,0.0021,0.0474,0.0180
493.4911,0.3218,0.1632,0.0216,0.4131,0.4941,0.6767,0.0085,0.0285,0.0415
424.5169,0.3370,0.1517,0.0010,0.0941,0.5635,0.7956,0.0091,0.0756,0.0797
484.5984,0.3197,0.1503,0.0166,0.0006,0.2286,0.6584,0.0005,0.0449,0.0517
576.7199,0.8791,0.1946,0.0133,0.4832,0.5930,0.4713,0.0091,0.0306,0.0180
590.2852,0.3653,0.2145,0.0078,0.3428,0.5593,0.7264,0.0004,0.1242,0.0431
429.1377,0.3690,0.1062,0.0119,0.4866,0.4550,0.7594,0.0047,0.0320,0.0720
386.4858,0.3662,0.1582,0.0236,0.0747,0.4799,0.6741,0.0010,0.0547,0.0271
511.8603,0.3552,0.2938,0.0194,0.4654,0.5589,0.7475,0.0091,0.0075,0.0367
433.2528,0.3334,0.1513,0.0211,0.4766,0.5125,0.7650,0.0120,0.1113,0.0049
272.9640,0.4262,0.1212,0.0193,0.0030,0.1889,0.7203,0.0067,0.0152,0.0090
406.3386,0.3038,0.2589,0.0100,0.4003,0.5953,0.7479,0.0075,0.0639,0.0473
442.8466,0.4223,0.2081,0.0083,0.4949,0.5685,0.7684,0.0010,0.2633,0.0080
588.0626,0.3242,0.2061,0.0119,0.2158,0.5235,0.7512,0.0043,0.0021,0.0414
522.4977,0.9508,0.1693,0.0163,0.4930,0.5832,0.7730,0.0026,0.0445,0.0774
534.1303,0.3368,0.1150,0.0023,0.0097,0.5178,0.6745,0.0030,0.0355,0.0434
436.8364,0.5696,0.2911,0.0040,0.4998,0.5369,0.7183,0.0061,0.0086,0.0468
541.5453,0.3932,0.2625,0.0053,0.4920,0.5458,0.7929,0.0045,0.0649,0.1817
371.1219,0.5056,0.1752,0.0086,0.4478,0.5899,0.7725,0.0152,0.0076,0.0308
480.2270,0.3317,0.1249,0.0120,0.0255,0.3794,0.3254,0.0091,0.0169,0.0090
430.2011,0.3513,0.1435,0.0063,0.4711,0.5349,0.6761,0.0056,0.0477,0.1060
467.4509,0.3050,0.1881,0.0027,0.4210,0.4528,0.6167,0.0103,0.0340,0.0248
548.9428,0.5247,0.1601,0.0015,0.4790,0.5476,0.7587,0.0038,0.0288,0.2009
571.2315,0.7324,0.2565,0.0140,0.4741,0.5814,0.7465,0.0033,0.0117,0.1461
580.2580,0.4385,0.2091,0.0317,0.4507,0.5747,0.7345,0.0095,0.0202,0.0443
494.9552,0.3257,0.1907,0.0167,0.3334,0.5505,0.7781,0.0172,0.0371,0.0278
479.9071,0.3488,0.2205,0.0303,0.4095,0.5584,0.6892,0.0022,0.0198,0.0490
515.7199,0.4362,0.1318,0.0075,0.3870,0.4888,0.7251,0.0027,0.0484,0.0103
389.8000,0.3539,0.1759,0.0111,0.1790,0.1374,0.7992,0.0004,0.0990,0.0100
463.5330,0.3657,0.2620,0.0091,0.3526,0.4924,0.7402,0.0056,0.0086,0.0007
594.8907,0.3156,0.2005,0.0076,0.3842,0.5923,0.6490,0.0146,0.0754,0.0398
541.3715,0.3003,0.1198,0.0065,0.3413,0.5711,0.7579,0.0133,0.1122,0.0375
382.4664,0.3569,0.1390,0.0120,0.3424,0.3041,0.6997,0.0066,0.0205,0.0386
587.7951,0.3550,0.1266,0.0017,0.2432,0.5387,0.6671,0.0048,0.0558,0.0005
586.6818,0.5495,0.2138,0.0163,0.4713,0.5741,0.7773,0.0051,0.1042,0.0870
361.6314,0.4069,0.1222,0.0018,0.3494,0.5366,0.7338,0.0015,0.1608,0.0080
530.3175,0.3137,0.2401,0.0019,0.4373,0.4539,0.7800,0.0080,0.1264,0.0393
482.1077,0.3324,0.1313,0.0069,0.2681,0.5606,0.6841,0.0075,0.0299,0.1091
493.6334,0.3531,0.1572,0.0420,0.4734,0.5529,0.7827,0.0119,0.0258,0.0225
430.1294,0.3395,0.1888,0.0073,0.4438,0.5510,0.6055,0.0062,0.0081,0.0670
490.7914,0.3303,0.1184,0.0079,0.1768,0.2949,0.6516,0.0042,0.0462,0.0342
467.9697,0.7593,0.1771,0.0019,0.4923,0.5286,0.6884,0.0030,0.1012,0.0044
577.8768,0.3184,0.1700,0.0169,0.4024,0.5411,0.7538,0.0020,0.1889,0.0560
550.2139,0.3045,0.1209,0.0235,0.2089,0.5049,0.7877,0.0056,0.0770,0.0321
548.6918,0.5160,0.2076,0.0121,0.4517,0.5325,0.6558,0.0044,0.0643,0.0176
515.9967,0.4231,0.1773,0.0059,0.4143,0.5986,0.5604,0.0033,0.0083,0.0908
557.2920,0.3439,0.2033,0.0172,0.4117,0.5138,0.7707,0.0153,0.0544,0.0143
417.4604,0.3239,0.2086,0.0309,0.3317,0.5372,0.6818,0.0003,0.0387,0.0343
460.6571,0.3347,0.1833,0.0047,0.2454,0.3822,0.7835,0.0012,0.1085,0.0525
578.0573,0.4112,0.1430,0.0086,0.3718,0.5736,0.7328,0.0045,0.0289,0.0996
571.8293,0.3186,0.1940,0.0240,0.3087,0.4533,0.6956,0.0018,0.0050,0.0403
498.3281,0.4908,0.2060,0.0128,0.4775,0.5985,0.7277,0.0124,0.0547,0.0859
479.9987,0.3144,0.2226,0.0080,0.4696,0.4842,0.7701,0.0182,0.0358,0.0599
468.1599,0.3410,0.1608,0.0048,0.0838,0.5981,0.4867,0.0025,0.0164,0.0548
528.3939,0.3803,0.0957,0.0046,0.4575,0.5950,0.7915,0.0004,0.0821,0.1318
384.8053,0.3857,0.1097,0.0064,0.3269,0.1077,0.7513,0.0037,0.0404,0.0022
415.8683,0.3461,0.1262,0.0275,0.3051,0.3959,0.7006,0.0081,0.0150,0.0032
458.3154,0.3546,0.1346,0.0075,0.4623,0.5818,0.7533,0.0040,0.1709,0.0927
580.3440,0.4045,0.2343,0.0067,0.3895,0.5318,0.7561,0.0110,0.0369,0.0325
558.9965,0.3227,0.1599,0.0138,0.4514,0.4038,0.7973,0.0125,0.0043,0.1025
589.9122,0.3305,0.1690,0.0056,0.3701,0.5128,0.5630,0.0010,0.0841,0.0094
468.2239,0.3619,0.1075,0.0042,0.4018,0.5522,0.7169,0.0188,0.0008,0.0047
360.1898,0.3474,0.1755,0.0208,0.4830,0.3587,0.7487,0.0065,0.0344,0.0177
533.0976,0.3397,0.2107,0.0083,0.4218,0.5343,0.7343,0.0023,0.1033,0.1261
482.4820,0.6623,0.2109,0.0123,0.4995,0.5891,0.6085,0.0013,0.0111,0.1499
563.1490,0.5994,0.1823,0.0023,0.4471,0.5931,0.7631,0.0012,0.1242,0.1388
396.4144,0.3439,0.1683,0.0109,0.0252,0.3429,0.4711,0.0016,0.0059,0.0771
584.5393,0.9836,0.1957,0.0224,0.4945,0.5638,0.6790,0.0112,0.0190,0.0117
590.1284,0.4475,0.1033,0.0089,0.4896,0.5964,0.6990,0.0116,0.0016,0.0150
364.5040,0.3688,0.1832,0.0021,0.1753,0.2844,0.6829,0.0075,0.0398,0.0019
595.1226,0.3380,0.1336,0.0325,0.4832,0.5578,0.7253,0.0055,0.1129,0.0060
584.2563,0.3771,0.2336,0.0026,0.4517,0.4777,0.6128,0.0051,0.0462,0.0267
538.3958,0.3420,0.1528,0.0061,0.3787,0.4348,0.6800,0.0104,0.0220,0.0269
537.9572,0.7970,0.2295,0.0096,0.4852,0.5941,0.7895,0.0032,0.1405,0.0863
488.4421,0.3908,0.2116,0.0143,0.4407,0.5648,0.7171,0.0131,0.0165,0.0623
523.9290,0.3701,0.1502,0.0114,0.2758,0.4992,0.7861,0.0064,0.0668,0.0023
423.9146,0.4611,0.1543,0.0040,0.3635,0.5179,0.7411,0.0041,0.0669,0.0143
388.5045,0.3562,0.2126,0.0164,0.3016,0.3879,0.7820,0.0020,0.0442,0.0213
572.6464,0.3738,0.1980,0.0356,0.3392,0.5851,0.7985,0.0008,0.0006,0.0832
481.0739,0.3443,0.0935,0.0074,0.0924,0.5552,0.7896,0.0044,0.0183,0.0705
412.8943,0.3195,0.2428,0.0161,0.4839,0.5481,0.7724,0.0012,0.1858,0.0082
308.9677,0.4054,0.1303,0.0098,0.0389,0.2547,0.7168,0.0147,0.0076,0.0270
436.0986,0.4175,0.2232,0.0147,0.3870,0.5826,0.7910,0.0073,0.0852,0.0059
599.2522,0.9311,0.2461,0.0183,0.4854,0.5910,0.5015,0.0132,0.0216,0.0130
485.2965,0.3126,0.1721,0.0057,0.4500,0.4467,0.7614,0.0088,0.0990,0.1083
502.6716,0.3163,0.2062,0.0292,0.2727,0.3403,0.7828,0.0001,0.0099,0.0245
533.2746,0.3281,0.2814,0.0016,0.3457,0.5676,0.7319,0.0058,0.0455,0.0465
567.7616,0.3261,0.2347,0.0252,0.4711,0.5662,0.7422,0.0044,0.0859,0.1013
574.6602,0.7294,0.2214,0.0054,0.4550,0.5995,0.7013,0.0144,0.0569,0.0555
575.1021,0.4092,0.1608,0.0073,0.4091,0.4284,0.7794,0.0017,0.1003,0.0032
337.3595,0.3801,0.1446,0.0438,0.1873,0.2768,0.7997,0.0024,0.0104,0.0197
526.8203,0.3360,0.1039,0.0039,0.1330,0.3906,0.7650,0.0020,0.1162,0.0014
464.5051,0.3108,0.2129,0.0050,0.0362,0.4948,0.7364,0.0026,0.0205,0.0684
512.2917,0.3332,0.1442,0.0133,0.3033,0.5444,0.6646,0.0031,0.1018,0.0280
462.2815,0.3786,0.1920,0.0038,0.4131,0.5880,0.7417,0.0015,0.1426,0.1264
406.7863,0.3696,0.1244,0.0103,0.3632,0.5783,0.6650,0.0002,0.1198,0.0314
371.7764,0.6008,0.1347,0.0028,0.4207,0.5354,0.7465,0.0005,0.0189,0.0229
458.2258,0.3550,0.1063,0.0291,0.0552,0.1431,0.7903,0.0009,0.0222,0.0262
413.7567,0.3240,0.1988,0.0044,0.0034,0.5540,0.6509,0.0106,0.0117,0.0435
338.6936,0.4005,0.1008,0.0025,0.2209,0.4754,0.6999,0.0019,0.0273,0.0476
525.2026,0.7108,0.1918,0.0048,0.4916,0.5335,0.6158,0.0025,0.0480,0.0699
446.8620,0.8870,0.2359,0.0031,0.4995,0.5500,0.5732,0.0082,0.0290,0.0061
469.4697,0.3367,0.1176,0.0101,0.2104,0.5479,0.7597,0.0118,0.0263,0.0709
551.6147,0.3063,0.1252,0.0062,0.0167,0.2794,0.5107,0.0021,0.0428,0.0286
536.0666,0.3048,0.1855,0.0072,0.3610,0.3578,0.7815,0.0039,0.0248,0.1398
353.9253,0.3466,0.1729,0.0037,0.3798,0.3493,0.7372,0.0025,0.0481,0.0069
456.7323,0.5394,0.2162,0.0052,0.4688,0.5233,0.7506,0.0113,0.0178,0.0486
418.2853,0.4035,0.1413,0.0049,0.2405,0.5493,0.7307,0.0006,0.0952,0.0385
522.5215,0.3629,0.1802,0.0034,0.4766,0.5437,0.7003,0.0180,0.0739,0.0501
586.0713,0.3121,0.1355,0.0068,0.4114,0.3680,0.6404,0.0027,0.0126,0.0555
398.6203,0.3503,0.1255,0.0025,0.1518,0.2994,0.7442,0.0122,0.0358,0.0307
551.5397,0.4150,0.2021,0.0134,0.4744,0.5056,0.6620,0.0012,0.0263,0.1115
365.5987,0.4164,0.0820,0.0195,0.0112,0.4923,0.3792,0.0014,0.0067,0.0225
529.6124,0.3182,0.1291,0.0098,0.1488,0.5993,0.6861,0.0077,0.0947,0.0114
500.1498,0.3046,0.1471,0.0030,0.4546,0.5086,0.7147,0.0048,0.2066,0.0164
273.6632,0.4387,0.1486,0.0035,0.0755,0.5651,0.6472,0.0013,0.0269,0.0654
411.5564,0.3949,0.1816,0.0059,0.2808,0.4079,0.7682,0.0069,0.0243,0.0107
363.7301,0.3697,0.1652,0.0217,0.2121,0.4233,0.7969,0.0036,0.0254,0.0717
302.7152,0.4291,0.1094,0.0039,0.2586,0.3052,0.7455,0.0058,0.0455,0.0106
341.3142,0.3998,0.1488,0.0041,0.2095,0.4493,0.7901,0.0009,0.1382,0.0331
413.6406,0.7294,0.1861,0.0072,0.4317,0.5937,0.7968,0.0028,0.0462,0.0527
399.3859,0.3660,0.1258,0.0210,0.2440,0.5714,0.7220,0.0025,0.0580,0.0662
443.5745,0.9972,0.2144,0.0011,0.4651,0.5353,0.7007,0.0043,0.0266,0.0086
573.9547,0.3655,0.1858,0.0127,0.4789,0.5238,0.6708,0.0032,0.1385,0.0514
534.2030,0.8208,0.1820,0.0059,0.4572,0.5481,0.7520,0.0051,0.0452,0.0349
355.1302,0.3747,0.1722,0.0221,0.4750,0.5548,0.7467,0.0128,0.0081,0.0252
520.2160,0.3502,0.1343,0.0016,0.3111,0.5175,0.7474,0.0044,0.1239,0.0566
564.0556,0.3063,0.1885,0.0154,0.4439,0.5827,0.7992,0.0063,0.0282,0.2791
573.4933,0.7779,0.2964,0.0346,0.4830,0.5734,0.6857,0.0002,0.0009,0.0182
501.9971,0.3216,0.1287,0.0234,0.2680,0.5884,0.6269,0.0051,0.0089,0.0584
438.3470,0.3415,0.2105,0.0023,0.3203,0.5945,0.7129,0.0018,0.1879,0.0193
342.3949,0.3700,0.1788,0.0266,0.0461,0.5426,0.7700,0.0017,0.0385,0.0397
387.8927,0.4000,0.1407,0.0157,0.3714,0.5448,0.6719,0.0028,0.0076,0.0589
422.7402,0.3300,0.1913,0.0048,0.3094,0.4226,0.6310,0.0007,0.0313,0.0786
514.3357,0.3032,0.1719,0.0396,0.3825,0.4812,0.7849,0.0008,0.0380,0.1128
439.8732,0.3909,0.1767,0.0229,0.4147,0.5659,0.7505,0.0041,0.0304,0.0943
424.4463,0.3614,0.1427,0.0039,0.0160,0.5876,0.4175,0.0033,0.0421,0.0682
474.5006,0.3420,0.1261,0.0098,0.4767,0.4283,0.7721,0.0020,0.0061,0.2040
570.0534,0.5536,0.2222,0.0083,0.4194,0.5875,0.6619,0.0133,0.0007,0.0485
408.9169,0.3557,0.1288,0.0365,0.4403,0.5146,0.7845,0.0026,0.0194,0.0892
465.7188,0.3182,0.1651,0.0062,0.2378,0.5938,0.7816,0.0199,0.0834,0.0193
599.4753,0.3341,0.2519,0.0285,0.4905,0.5641,0.7748,0.0160,0.0844,0.0068
551.8072,0.3713,0.1453,0.0188,0.4192,0.4739,0.7726,0.0039,0.0631,0.0502
587.5332,0.4435,0.2199,0.0014,0.4822,0.5881,0.7510,0.0025,0.0481,0.3207
505.2013,0.5394,0.1896,0.0077,0.3867,0.5293,0.7172,0.0011,0.0291,0.0301
584.0622,0.5178,0.2480,0.0161,0.4504,0.5946,0.4498,0.0012,0.0139,0.0057
472.5761,0.3630,0.2077,0.0125,0.3788,0.5380,0.7997,0.0096,0.0479,0.0730
309.7399,0.4225,0.1308,0.0160,0.0677,0.5227,0.7649,0.0000,0.0487,0.0692
410.4923,0.3510,0.1719,0.0021,0.3350,0.5638,0.6263,0.0083,0.0650,0.0309
535.8028,0.3413,0.1124,0.0035,0.4292,0.5250,0.7781,0.0118,0.1318,0.0124
454.3306,0.3075,0.2134,0.0159,0.4209,0.5054,0.6703,0.0003,0.0829,0.0618
427.6845,0.3211,0.2638,0.0282,0.4310,0.5833,0.7332,0.0045,0.0172,0.0328
401.9396,0.3220,0.2159,0.0064,0.4531,0.2936,0.7841,0.0089,0.0376,0.0360
518.8164,0.3367,0.1456,0.0057,0.1841,0.5497,0.7224,0.0009,0.0019,0.1610
451.6456,0.3312,0.1367,0.0314,0.3894,0.2702,0.7688,0.0033,0.0286,0.0268
426.9260,0.3819,0.1055,0.0097,0.0000,0.3867,0.3459,0.0063,0.0188,0.0259
433.8134,0.3160,0.1717,0.0133,0.0691,0.4520,0.5787,0.0065,0.0038,0.0034
525.7987,0.3787,0.2275,0.0120,0.4501,0.5896,0.7082,0.0112,0.1293,0.0121
505.0011,0.6726,0.2132,0.0165,0.4994,0.5602,0.7962,0.0012,0.0276,0.1608
353.7379,0.3597,0.2051,0.0172,0.2696,0.4901,0.7075,0.0016,0.0012,0.0672
381.8503,0.9720,0.1975,0.0018,0.4948,0.5936,0.6163,0.0114,0.0174,0.0035
395.3778,0.3186,0.2294,0.0162,0.3357,0.4586,0.7876,0.0109,0.0231,0.0331
417.0412,0.4112,0.1710,0.0041,0.2727,0.5708,0.7662,0.0130,0.0181,0.0208
473.7414,0.3566,0.0991,0.0046,0.1604,0.4336,0.7055,0.0099,0.0233,0.0040
344.2898,0.4197,0.1236,0.0052,0.0086,0.5542,0.7102,0.0029,0.0668,0.0395
467.0161,0.4231,0.2128,0.0099,0.4410,0.5926,0.6563,0.0142,0.0199,0.0306
596.9900,0.5202,0.1978,0.0245,0.4438,0.5593,0.7562,0.0032,0.0114,0.0977
324.1604,0.3976,0.1157,0.0232,0.3331,0.1988,0.7760,0.0018,0.0050,0.0307
517.0342,0.3796,0.1672,0.0020,0.4695,0.3805,0.7022,0.0019,0.0430,0.0672
374.0042,0.3378,0.1898,0.0093,0.2711,0.3266,0.7466,0.0046,0.0288,0.0378
591.5551,0.3395,0.2168,0.0056,0.4195,0.5484,0.6423,0.0165,0.0201,0.0476
461.3752,0.6171,0.2015,0.0139,0.4144,0.5737,0.7700,0.0060,0.0098,0.0335
530.5689,0.3325,0.1668,0.0090,0.3685,0.5544,0.7834,0.0153,0.0171,0.1251
443.6908,0.3531,0.1213,0.0441,0.3900,0.5466,0.6829,0.0004,0.0023,0.0150
311.2940,0.4661,0.1234,0.0170,0.2745,0.4472,0.7916,0.0022,0.0149,0.0004
595.9117,0.6918,0.2362,0.0026,0.4247,0.5283,0.6791,0.0033,0.0081,0.0539
546.1617,0.3303,0.2440,0.0081,0.4840,0.5778,0.5854,0.0014,0.1506,0.0138
478.3502,0.3003,0.1473,0.0093,0.3031,0.5732,0.7245,0.0042,0.0846,0.0013
491.0366,0.3892,0.1106,0.0222,0.4647,0.5575,0.7984,0.0027,0.0448,0.0861
553.4770,0.3284,0.1675,0.0134,0.2354,0.5196,0.7459,0.0036,0.0199,0.0879
301.7646,0.4444,0.1155,0.0105,0.0672,0.3106,0.7258,0.0037,0.0563,0.0047
448.1753,0.3020,0.2408,0.0419,0.4891,0.4899,0.7410,0.0022,0.0373,0.0079
514.4511,0.9472,0.2040,0.0087,0.4578,0.5871,0.7715,0.0044,0.0646,0.0553
379.2966,0.3753,0.2669,0.0135,0.4670,0.4667,0.7540,0.0029,0.0123,0.0058
462.5217,0.3271,0.1394,0.0065,0.0447,0.4253,0.7345,0.0164,0.0119,0.0429
447.5126,0.3662,0.1500,0.0055,0.4976,0.5671,0.7803,0.0071,0.2257,0.0461
476.1232,0.3852,0.1321,0.0102,0.1762,0.4784,0.7453,0.0004,0.0376,0.0241
500.4006,0.6227,0.2493,0.0266,0.4605,0.5744,0.7120,0.0030,0.0362,0.0054
483.3135,0.3397,0.1754,0.0043,0.4414,0.5320,0.7634,0.0101,0.0936,0.1271
537.0509,0.8976,0.2351,0.0196,0.4996,0.5837,0.7533,0.0093,0.0072,0.0956
566.9103,0.5809,0.2291,0.0109,0.4817,0.5491,0.7706,0.0080,0.0665,0.0851
404.4402,0.4045,0.1985,0.0092,0.4738,0.5344,0.7271,0.0014,0.0100,0.1648
506.9132,0.3545,0.1616,0.0050,0.4244,0.5800,0.7281,0.0136,0.1572,0.0122
371.2841,0.3820,0.1549,0.0193,0.0347,0.5498,0.6974,0.0084,0.0117,0.0093
591.4061,0.3168,0.1489,0.0289,0.4475,0.5761,0.6834,0.0037,0.0575,0.0987
343.0011,0.4448,0.1718,0.0036,0.3855,0.5287,0.7675,0.0017,0.0947,0.0390
593.6767,0.3025,0.1215,0.0097,0.3437,0.4964,0.6034,0.0079,0.0269,0.0136
435.2469,0.4909,0.2327,0.0030,0.3780,0.5928,0.7567,0.0003,0.0672,0.0711
543.4575,0.3144,0.1949,0.0047,0.3857,0.4902,0.6820,0.0091,0.0110,0.1183
496.8196,0.3334,0.1155,0.0190,0.3788,0.5070,0.7320,0.0004,0.0856,0.0771
581.6847,0.3252,0.1113,0.0313,0.3962,0.5546,0.6701,0.0050,0.0017,0.0117
476.4918,0.3106,0.1805,0.0032,0.1410,0.5882,0.6612,0.0011,0.0168,0.1453
518.0259,0.3282,0.2527,0.0065,0.4576,0.5311,0.6645,0.0079,0.0668,0.0374
555.8331,0.4513,0.2541,0.0166,0.4622,0.5690,0.7044,0.0111,0.0193,0.0572
591.0107,0.7481,0.2411,0.0117,0.4793,0.5398,0.7377,0.0011,0.1239,0.0227
453.7640,0.5047,0.2696,0.0021,0.4654,0.5516,0.5830,0.0015,0.0108,0.0366
458.1326,0.3470,0.1366,0.0226,0.3333,0.4389,0.6937,0.0029,0.0440,0.0256
508.5834,0.3873,0.2466,0.0214,0.4927,0.5755,0.7862,0.0023,0.1021,0.1134
499.2037,0.8796,0.1544,0.0095,0.4917,0.5379,0.7817,0.0006,0.0824,0.0001
534.2268,0.4955,0.1676,0.0143,0.4424,0.5712,0.7252,0.0106,0.0744,0.0031
443.5987,0.3217,0.1351,0.0187,0.4501,0.4959,0.7765,0.0188,0.0185,0.0521
330.8306,0.4138,0.1387,0.0270,0.2059,0.4158,0.7365,0.0004,0.0335,0.0093
354.7079,0.4044,0.0908,0.0053,0.1606,0.2050,0.7797,0.0060,0.0587,0.0170
287.5650,0.4247,0.1596,0.0027,0.3693,0.5649,0.7598,0.0011,0.1137,0.0178
466.1337,0.3472,0.2229,0.0182,0.4896,0.5857,0.7597,0.0033,0.1512,0.0804
377.5063,0.3791,0.1885,0.0096,0.2153,0.3396,0.6457,0.0005,0.0078,0.0125
579.0268,0.3298,0.1975,0.0122,0.4710,0.3920,0.7958,0.0144,0.0217,0.0458
591.7972,0.3017,0.1347,0.0031,0.0854,0.4402,0.4620,0.0062,0.0022,0.0207
436.3002,0.3691,0.1287,0.0046,0.0084,0.3335,0.7536,0.0018,0.0295,0.0848
593.6067,0.3770,0.1990,0.0052,0.3710,0.5740,0.6899,0.0085,0.0664,0.0682
351.7192,0.3695,0.1346,0.0228,0.1058,0.3937,0.6006,0.0001,0.0122,0.0027
571.6001,0.3111,0.2036,0.0092,0.4219,0.5685,0.7591,0.0001,0.2064,0.1320
504.9701,0.6097,0.1363,0.0033,0.4841,0.5999,0.6765,0.0157,0.0170,0.0223
285.4481,0.4384,0.1199,0.0047,0.2424,0.5335,0.7184,0.0048,0.0107,0.0503
431.8221,0.3258,0.2266,0.0207,0.3111,0.5489,0.6905,0.0056,0.0098,0.0361
530.7530,0.4143,0.2780,0.0079,0.4563,0.5954,0.7406,0.0066,0.1197,0.0466
400.8670,0.8272,0.2475,0.0068,0.4740,0.5917,0.5839,0.0060,0.0078,0.0047
409.9960,0.3740,0.0982,0.0124,0.2006,0.5855,0.7724,0.0139,0.0094,0.0109
543.3166,0.3489,0.1851,0.0343,0.4460,0.5568,0.7774,0.0101,0.0084,0.0899
385.9330,0.3505,0.1576,0.0053,0.0450,0.2675,0.5596,0.0138,0.0015,0.0562
536.4557,0.3013,0.1419,0.0284,0.1805,0.5791,0.7945,0.0004,0.1230,0.0188
570.5136,0.4151,0.2303,0.0192,0.3288,0.5931,0.7353,0.0027,0.0114,0.0353
417.0898,0.3291,0.2737,0.0061,0.4346,0.5454,0.7857,0.0042,0.1216,0.0167
577.6202,0.3123,0.1642,0.0010,0.2658,0.4651,0.6941,0.0012,0.0251,0.1523
562.0061,0.5028,0.2477,0.0017,0.4268,0.5366,0.7120,0.0051,0.1031,0.0107
517.3196,0.3050,0.2157,0.0129,0.4421,0.4591,0.5832,0.0025,0.0129,0.0146
591.2784,0.3512,0.1705,0.0095,0.3843,0.5333,0.7760,0.0171,0.0742,0.0148
432.5484,0.4080,0.1918,0.0047,0.4669,0.5814,0.7729,0.0079,0.2086,0.0141
452.3942,0.3384,0.1585,0.0215,0.2102,0.4095,0.7783,0.0018,0.0910,0.0240
361.4571,0.4035,0.1202,0.0176,0.4784,0.3593,0.7991,0.0004,0.0719,0.0319
491.1837,0.3073,0.2071,0.0202,0.3609,0.5984,0.7556,0.0139,0.0925,0.0160
411.6294,0.3466,0.1511,0.0157,0.1517,0.1569,0.7938,0.0022,0.0813,0.0376
457.4004,0.3730,0.1110,0.0168,0.3175,0.4885,0.7418,0.0074,0.0263,0.0058
419.4052,0.3697,0.1588,0.0100,0.4439,0.4891,0.7324,0.0036,0.1429,0.0223
437.3207,0.3513,0.1034,0.0103,0.0242,0.1566,0.6821,0.0085,0.0501,0.0023
576.9363,0.4571,0.1926,0.0297,0.4781,0.5582,0.6819,0.0013,0.0755,0.0505
357.2012,0.4249,0.1281,0.0111,0.1760,0.2849,0.7340,0.0043,0.0022,0.0117
581.9476,0.3038,0.2856,0.0056,0.4864,0.5979,0.7189,0.0153,0.0392,0.1215
460.7075,0.3356,0.1402,0.0370,0.2990,0.5399,0.7926,0.0045,0.0390,0.0609
521.6464,0.6533,0.1598,0.0067,0.4917,0.5927,0.7388,0.0099,0.1031,0.0498
587.3902,0.4114,0.1714,0.0120,0.4471,0.4782,0.6635,0.0018,0.0085,0.0866
540.6389,0.5109,0.2569,0.0184,0.4927,0.5675,0.7666,0.0079,0.0827,0.0526
500.0031,0.3094,0.1568,0.0179,0.3415,0.3696,0.7801,0.0033,0.0047,0.1582
560.6174,0.5158,0.1770,0.0086,0.3702,0.5663,0.7095,0.0017,0.0481,0.0337
389.8730,0.3876,0.1449,0.0198,0.3003,0.3884,0.7629,0.0062,0.0069,0.0281
506.0160,0.3301,0.1491,0.0122,0.0004,0.2564,0.7150,0.0019,0.0664,0.0044
327.8366,0.3760,0.1930,0.0049,0.2394,0.4351,0.7945,0.0042,0.0054,0.1134
410.2318,0.3393,0.2194,0.0130,0.3623,0.5164,0.7920,0.0077,0.0295,0.0874
535.9473,0.3082,0.1798,0.0229,0.4976,0.5359,0.7201,0.0028,0.1892,0.0418
472.9534,0.3323,0.1595,0.0011,0.4140,0.5220,0.6186,0.0090,0.0078,0.0972
408.4159,0.3517,0.1468,0.0076,0.0933,0.3690,0.5162,0.0051,0.0380,0.0385
583.0857,0.4624,0.2902,0.0036,0.4242,0.5426,0.6122,0.0012,0.0298,0.0294
454.2846,0.3833,0.1662,0.0237,0.3858,0.5841,0.7403,0.0009,0.1225,0.0303
452.0372,0.3381,0.1548,0.0021,0.0191,0.1213,0.5006,0.0058,0.0475,0.0520
421.9683,0.3813,0.0883,0.0029,0.2584,0.5805,0.7339,0.0096,0.0083,0.0320
548.0366,0.4669,0.1696,0.0162,0.4738,0.5658,0.7851,0.0087,0.1235,0.0401
447.0963,0.3434,0.2088,0.0178,0.2455,0.5596,0.7535,0.0112,0.0085,0.0129
570.3799,0.9592,0.2621,0.0029,0.4787,0.5944,0.7806,0.0091,0.1407,0.0463
484.8632,0.4102,0.1347,0.0132,0.4065,0.5865,0.7845,0.0055,0.1049,0.0511
434.7859,0.3169,0.2010,0.0195,0.4695,0.4740,0.7669,0.0082,0.0813,0.0532
427.6041,0.3524,0.2422,0.0103,0.4951,0.5246,0.7574,0.0160,0.0012,0.0586
520.2903,0.3398,0.1827,0.0118,0.2759,0.5640,0.6630,0.0038,0.0843,0.0141
405.9371,0.4163,0.1285,0.0034,0.1537,0.3804,0.5889,0.0005,0.0046,0.0049
573.7775,0.3307,0.1386,0.0022,0.4516,0.5389,0.7397,0.0025,0.1036,0.2075
413.0154,0.3161,0.2485,0.0064,0.3470,0.4718,0.7068,0.0020,0.0501,0.0455
501.5949,0.3743,0.1762,0.0160,0.3031,0.4796,0.7916,0.0057,0.0490,0.0080
414.6001,0.3828,0.1215,0.0153,0.0675,0.2396,0.7145,0.0040,0.0098,0.0307
343.6505,0.3499,0.2164,0.0078,0.4830,0.5985,0.7884,0.0165,0.0826,0.0042
513.9578,0.3210,0.1276,0.0168,0.0264,0.4103,0.5167,0.0084,0.0194,0.0128
424.4031,0.3293,0.1899,0.0110,0.0511,0.4788,0.4891,0.0027,0.0161,0.0593
566.2562,0.3665,0.1595,0.0402,0.3665,0.5812,0.7931,0.0015,0.0207,0.0754
422.5939,0.3608,0.1136,0.0088,0.2742,0.4075,0.7795,0.0001,0.0620,0.1289
396.6664,0.3817,0.1630,0.0121,0.2205,0.5035,0.7035,0.0006,0.0713,0.0332
565.9397,0.6683,0.2137,0.0021,0.4392,0.5809,0.5585,0.0101,0.0027,0.0612
572.9939,0.3498,0.2268,0.0218,0.4866,0.5516,0.6346,0.0001,0.1448,0.0170
365.2958,0.3569,0.1779,0.0041,0.0737,0.5622,0.4817,0.0097,0.0283,0.0175
356.0921,0.3835,0.1156,0.0132,0.4983,0.5201,0.7730,0.0109,0.0132,0.0498
452.0755,0.4507,0.1027,0.0055,0.4484,0.5736,0.7179,0.0004,0.0122,0.0849
521.0120,0.3646,0.1519,0.0168,0.2878,0.5571,0.7757,0.0013,0.1173,0.0193
552.0043,0.3556,0.1062,0.0098,0.4113,0.5606,0.6999,0.0076,0.0135,0.0566
566.5980,0.3070,0.1028,0.0015,0.3092,0.3752,0.7818,0.0142,0.0395,0.0310
387.0416,0.3912,0.1466,0.0066,0.3480,0.5306,0.6300,0.0010,0.0139,0.0792
554.8817,0.3024,0.1516,0.0054,0.0541,0.4502,0.7262,0.0033,0.0942,0.0317
513.4839,0.3135,0.1154,0.0301,0.4059,0.5939,0.7665,0.0027,0.0537,0.0935
298.1754,0.4349,0.1757,0.0029,0.0534,0.4437,0.7824,0.0059,0.0116,0.0064
427.1658,0.3539,0.1447,0.0191,0.0083,0.4875,0.3834,0.0002,0.0543,0.0468
475.3516,0.3290,0.1633,0.0248,0.4844,0.3965,0.7515,0.0039,0.0101,0.1023
598.0158,0.3471,0.1340,0.0065,0.4757,0.5900,0.7720,0.0127,0.1816,0.0511
440.7793,0.4011,0.2372,0.0077,0.4224,0.5087,0.7692,0.0023,0.0238,0.1012
531.3952,0.5747,0.1915,0.0121,0.4303,0.5586,0.7267,0.0084,0.0427,0.0161
367.1819,0.3364,0.2467,0.0031,0.3807,0.5769,0.7217,0.0116,0.0251,0.0307
490.5650,0.7759,0.2374,0.0129,0.4697,0.5794,0.6510,0.0013,0.0810,0.0250
561.3359,0.3206,0.2256,0.0061,0.4674,0.4924,0.7551,0.0095,0.0254,0.1629
416.4347,0.4942,0.2030,0.0017,0.4597,0.5754,0.6814,0.0012,0.0440,0.1332
504.5519,0.3059,0.1579,0.0080,0.2601,0.4864,0.6472,0.0082,0.0120,0.1024
408.4611,0.4098,0.1102,0.0102,0.3819,0.3210,0.7336,0.0012,0.0030,0.0202
470.0221,0.3513,0.2059,0.0214,0.4022,0.5366,0.7556,0.0064,0.0437,0.0662
310.5362,0.4123,0.1563,0.0071,0.0912,0.5524,0.7855,0.0032,0.0425,0.0712
490.6891,0.3785,0.2205,0.0282,0.4886,0.4530,0.7390,0.0051,0.0000,0.0325
484.4512,0.3110,0.1906,0.0145,0.2523,0.4608,0.7126,0.0105,0.0181,0.0404
408.0110,0.3482,0.1581,0.0456,0.4639,0.5601,0.7660,0.0008,0.0343,0.0783
567.1790,0.3248,0.1282,0.0071,0.2937,0.5522,0.7318,0.0161,0.0214,0.0384
547.3821,0.3091,0.1925,0.0041,0.1504,0.5302,0.5231,0.0045,0.0014,0.0180
383.7275,0.6096,0.2342,0.0153,0.4980,0.5954,0.7262,0.0050,0.0241,0.0599
588.3852,0.4359,0.1945,0.0170,0.4901,0.4871,0.7697,0.0043,0.0430,0.1074
552.7141,0.3870,0.1435,0.0034,0.4272,0.3514,0.7519,0.0021,0.0662,0.0036
550.3942,0.3985,0.1957,0.0082,0.4619,0.5570,0.6480,0.0061,0.0874,0.0772
584.5711,0.3341,0.1089,0.0046,0.3582,0.5819,0.7384,0.0009,0.1537,0.0640
502.3924,0.6870,0.1994,0.0013,0.4759,0.5149,0.7542,0.0030,0.0308,0.1043
351.1283,0.3440,0.2070,0.0020,0.2619,0.5853,0.6872,0.0048,0.0148,0.0752
469.7821,0.8606,0.2282,0.0057,0.4837,0.5685,0.6804,0.0063,0.0492,0.0516
453.5338,0.3204,0.1997,0.0064,0.4289,0.5695,0.6340,0.0034,0.0884,0.0777
516.2627,0.3237,0.1437,0.0150,0.1608,0.5257,0.7040,0.0027,0.0143,0.1032
564.2550,0.3329,0.2589,0.0118,0.4521,0.4195,0.6801,0.0002,0.0449,0.0035
371.9197,0.3642,0.1701,0.0026,0.2245,0.3575,0.7786,0.0085,0.0859,0.0231
517.8304,0.3680,0.1184,0.0172,0.4931,0.4444,0.7285,0.0050,0.0481,0.0127
582.3865,0.3053,0.1331,0.0236,0.0006,0.5413,0.3449,0.0010,0.0186,0.0220
510.7646,0.4497,0.1850,0.0032,0.4301,0.5820,0.6994,0.0015,0.0631,0.1679
442.8939,0.3620,0.1663,0.0348,0.3979,0.5285,0.7114,0.0035,0.0145,0.0385
434.5782,0.3448,0.1393,0.0033,0.2526,0.5421,0.5764,0.0081,0.0513,0.0142
561.2537,0.4473,0.1705,0.0273,0.4935,0.4804,0.6978,0.0057,0.0161,0.0076
538.1838,0.3456,0.1264,0.0115,0.1613,0.3075,0.7899,0.0011,0.0254,0.0228
379.1116,0.3596,0.1810,0.0106,0.4593,0.5675,0.7165,0.0093,0.0611,0.0584
599.5998,0.5331,0.2153,0.0092,0.4671,0.5159,0.7981,0.0001,0.0048,0.1988
501.0608,0.3275,0.2014,0.0101,0.0603,0.5456,0.6322,0.0018,0.0032,0.0093
479.2011,0.3160,0.1415,0.0244,0.2952,0.5015,0.7058,0.0023,0.0816,0.0255
445.6213,0.3149,0.2973,0.0263,0.4814,0.5850,0.7831,0.0041,0.0217,0.0524
520.7093,0.6444,0.2229,0.0042,0.4995,0.5211,0.6924,0.0113,0.0789,0.0062
553.2420,0.4777,0.2215,0.0188,0.4871,0.5907,0.6697,0.0095,0.1245,0.0099
550.8125,0.3428,0.1187,0.0043,0.2277,0.5553,0.7742,0.0005,0.0344,0.1422
338.3422,0.4126,0.1060,0.0036,0.0256,0.3244,0.4674,0.0004,0.0546,0.0928
471.8130,0.3074,0.1813,0.0239,0.1949,0.4558,0.7941,0.0061,0.0005,0.1068
308.7402,0.4572,0.1644,0.0014,0.2511,0.3774,0.7632,0.0041,0.0013,0.0156
543.9552,0.3822,0.1926,0.0103,0.3997,0.5796,0.7914,0.0102,0.1343,0.0389
593.1923,0.6788,0.1757,0.0181,0.4168,0.5463,0.7150,0.0002,0.0133,0.0120
428.2705,0.3263,0.1745,0.0299,0.4642,0.2723,0.7269,0.0031,0.0054,0.0099
431.5742,0.7368,0.2189,0.0090,0.4840,0.5764,0.7156,0.0032,0.0700,0.0538
480.5948,0.3308,0.2358,0.0134,0.4650,0.5431,0.7919,0.0132,0.0779,0.0587
582.4439,0.6247,0.1903,0.0049,0.4629,0.5804,0.6208,0.0044,0.1069,0.0643
489.0641,0.3125,0.1681,0.0052,0.2028,0.4971,0.6086,0.0126,0.0061,0.0443
402.5320,0.3687,0.1084,0.0066,0.0467,0.5993,0.7020,0.0072,0.0775,0.0359
349.7274,0.3937,0.1520,0.0298,0.2928,0.5734,0.7465,0.0010,0.0243,0.0564
564.9903,0.3314,0.1480,0.0063,0.4204,0.5956,0.5068,0.0055,0.0115,0.0205
382.0152,0.3828,0.2688,0.0042,0.4434,0.3579,0.7978,0.0010,0.0092,0.0016
556.5549,0.3453,0.1613,0.0031,0.3547,0.5275,0.7053,0.0042,0.1377,0.0479
570.1567,0.3173,0.1734,0.0084,0.4868,0.4708,0.7804,0.0177,0.1117,0.0387
347.2786,0.3856,0.1892,0.0016,0.4555,0.4167,0.7665,0.0015,0.0770,0.0780
406.4061,0.3380,0.1788,0.0039,0.2789,0.5727,0.7882,0.0020,0.2209,0.0476
337.3045,0.3948,0.1432,0.0101,0.0101,0.1498,0.5463,0.0099,0.0344,0.0253
551.2458,0.9161,0.1730,0.0036,0.4991,0.5866,0.7097,0.0016,0.2292,0.0080
435.9252,0.3419,0.1562,0.0055,0.1256,0.5095,0.6454,0.0066,0.0792,0.0290
434.4017,0.3662,0.1954,0.0274,0.3487,0.5767,0.7503,0.0122,0.0137,0.0020
239.6772,0.4621,0.1371,0.0116,0.0835,0.4753,0.6845,0.0030,0.0067,0.0014
540.8486,0.3015,0.2165,0.0138,0.3937,0.5844,0.7161,0.0072,0.0056,0.1832
491.2661,0.4282,0.1498,0.0067,0.4567,0.4723,0.6791,0.0089,0.0282,0.0048
565.9485,0.5720,0.1842,0.0198,0.4894,0.5260,0.7501,0.0061,0.0622,0.0300
535.2008,0.5582,0.1983,0.0101,0.4930,0.5819,0.5888,0.0131,0.0333,0.0452
405.2372,0.3983,0.2121,0.0246,0.4971,0.5408,0.6989,0.0045,0.0061,0.0491
368.7293,0.3663,0.1333,0.0039,0.0583,0.5248,0.7334,0.0053,0.0051,0.1109
398.3912,0.3371,0.1538,0.0079,0.4351,0.4266,0.7280,0.0016,0.0304,0.0919
590.4453,0.3106,0.1392,0.0378,0.4552,0.4985,0.7118,0.0006,0.0712,0.0433
519.2332,0.3217,0.1611,0.0162,0.1200,0.3571,0.7497,0.0010,0.0764,0.0015
383.8162,0.3747,0.1494,0.0027,0.2853,0.4751,0.7401,0.0150,0.0607,0.0006
413.8284,0.3328,0.1582,0.0023,0.2514,0.1333,0.7201,0.0006,0.0385,0.0151
395.5151,0.4163,0.1608,0.0114,0.4901,0.5809,0.7112,0.0057,0.0812,0.0625
495.8588,0.3272,0.1721,0.0040,0.4021,0.5679,0.6979,0.0035,0.0805,0.1782
444.4177,0.3756,0.0838,0.0028,0.0258,0.5648,0.5178,0.0043,0.0180,0.0392
358.9592,0.4539,0.1962,0.0043,0.4004,0.5749,0.7521,0.0062,0.0341,0.0629
486.7101,0.6135,0.1994,0.0132,0.4997,0.4698,0.6529,0.0011,0.0075,0.0139
581.7462,0.3414,0.2151,0.0215,0.4945,0.4326,0.7596,0.0113,0.0365,0.0195
342.8944,0.3954,0.1131,0.0027,0.2529,0.3447,0.6588,0.0066,0.0123,0.0426
463.4698,0.3561,0.1898,0.0032,0.4817,0.4896,0.7956,0.0002,0.1656,0.1510
561.1124,0.3910,0.1489,0.0110,0.4325,0.5626,0.7928,0.0148,0.0046,0.1188
473.2252,0.5478,0.2611,0.0076,0.4769,0.5827,0.6833,0.0052,0.1251,0.0012
546.9160,0.7912,0.2955,0.0070,0.4669,0.5711,0.6531,0.0072,0.0120,0.0427
354.0733,0.3497,0.1862,0.0058,0.1309,0.3636,0.6661,0.0125,0.0002,0.0355
457.2265,0.3573,0.1503,0.0074,0.3256,0.3857,0.7357,0.0010,0.0470,0.0915
442.7478,0.3060,0.1527,0.0037,0.4578,0.5794,0.7480,0.0169,0.0024,0.0988
576.7682,0.3048,0.1232,0.0166,0.2578,0.3601,0.7363,0.0031,0.0290,0.0665
569.6067,0.4308,0.1816,0.0038,0.3208,0.4822,0.6911,0.0009,0.0048,0.0248
328.7312,0.4045,0.1463,0.0014,0.0680,0.3062,0.3869,0.0016,0.0363,0.0168
594.1688,0.9953,0.2337,0.0063,0.4586,0.5906,0.3154,0.0002,0.0303,0.0265
388.5419,0.3648,0.1283,0.0147,0.0529,0.3071,0.5860,0.0120,0.0151,0.0215
400.0021,0.3394,0.1871,0.0019,0.0269,0.4370,0.6643,0.0037,0.1120,0.0065
455.0581,0.3322,0.1291,0.0123,0.2025,0.4158,0.7419,0.0050,0.0750,0.0396
312.8937,0.3832,0.1575,0.0041,0.3216,0.5356,0.7464,0.0082,0.1097,0.0025
469.8063,0.4423,0.1213,0.0142,0.4996,0.5916,0.7924,0.0118,0.0599,0.0423
352.6801,0.3784,0.1521,0.0078,0.1137,0.4312,0.5803,0.0032,0.0091,0.0883
448.0737,0.3722,0.1802,0.0063,0.4365,0.4694,0.7590,0.0147,0.0560,0.0229
443.2719,0.3442,0.1170,0.0094,0.0100,0.3628,0.4331,0.0060,0.0711,0.0067
599.9881,0.5011,0.1681,0.0041,0.4945,0.5622,0.6203,0.0006,0.0496,0.1941
434.5409,0.3346,0.1855,0.0116,0.2878,0.5260,0.7091,0.0087,0.0070,0.0922
576.5460,0.6653,0.2642,0.0176,0.4896,0.6000,0.6392,0.0015,0.0694,0.1128
474.7091,0.9784,0.2792,0.0014,0.4849,0.5549,0.7733,0.0109,0.0404,0.0088
513.6676,0.9719,0.1614,0.0138,0.4775,0.5979,0.6654,0.0019,0.0243,0.0651
419.0455,0.3537,0.1776,0.0042,0.3542,0.2744,0.7248,0.0079,0.0153,0.0175
494.0156,0.4577,0.2548,0.0018,0.4766,0.5643,0.6541,0.0002,0.0066,0.1883
364.0667,0.3878,0.1689,0.0024,0.4861,0.4661,0.7553,0.0035,0.0572,0.1214
486.4426,0.3239,0.1362,0.0194,0.1193,0.5557,0.6017,0.0115,0.0048,0.0125
328.8210,0.3396,0.2274,0.0179,0.4231,0.5959,0.7961,0.0001,0.0517,0.0123
493.7926,0.3203,0.2053,0.0112,0.3532,0.4769,0.7993,0.0121,0.0788,0.0300
425.6986,0.3358,0.1800,0.0191,0.1707,0.5462,0.6804,0.0102,0.0323,0.0029
376.1710,0.3969,0.1215,0.0012,0.2327,0.4183,0.7172,0.0137,0.0086,0.0132
412.5363,0.3568,0.1373,0.0066,0.1284,0.1682,0.7576,0.0041,0.0855,0.0377
412.8417,0.3319,0.1940,0.0223,0.3547,0.5589,0.7639,0.0058,0.0241,0.1135
362.4364,0.4324,0.1439,0.0061,0.1695,0.5118,0.7935,0.0038,0.0257,0.0402
392.5377,0.4032,0.1430,0.0103,0.2926,0.4367,0.7890,0.0081,0.0097,0.0466
326.9298,0.3822,0.2184,0.0144,0.2314,0.3896,0.7603,0.0023,0.0108,0.0023
506.4306,0.3051,0.1833,0.0019,0.1682,0.5032,0.7070,0.0064,0.0894,0.0566
593.2161,0.6160,0.1749,0.0021,0.4317,0.5704,0.7577,0.0153,0.0215,0.0497
470.2887,0.3384,0.1264,0.0165,0.4373,0.5527,0.6549,0.0071,0.0129,0.0598
533.2285,0.3185,0.2326,0.0077,0.4743,0.5394,0.6779,0.0009,0.2025,0.0290
334.4831,0.3695,0.1669,0.0149,0.2547,0.5685,0.7229,0.0061,0.0900,0.0131
461.6691,0.3239,0.1460,0.0465,0.2911,0.5355,0.7583,0.0014,0.0526,0.0393
465.1902,0.5215,0.1629,0.0126,0.4572,0.5560,0.7754,0.0126,0.0231,0.0341
552.7763,0.3085,0.1888,0.0117,0.3920,0.4612,0.6664,0.0014,0.0260,0.1224
513.6309,0.3450,0.1407,0.0082,0.4650,0.5121,0.7241,0.0167,0.0417,0.0458
578.9715,0.9164,0.2706,0.0098,0.4677,0.5633,0.6179,0.0029,0.0322,0.0581
543.2487,0.4993,0.2822,0.0030,0.4694,0.5076,0.7853,0.0060,0.0881,0.0123
294.0706,0.3908,0.1702,0.0183,0.0079,0.2748,0.3323,0.0039,0.0183,0.0038
330.1200,0.3772,0.1492,0.0055,0.0058,0.3303,0.4975,0.0169,0.0456,0.0161
435.0231,0.3230,0.2402,0.0048,0.4773,0.5593,0.7106,0.0046,0.1442,0.0430
499.0421,0.3183,0.1313,0.0029,0.3179,0.4551,0.7440,0.0002,0.0113,0.2072
428.4978,0.6289,0.1554,0.0025,0.4894,0.5575,0.6839,0.0039,0.0996,0.0094
381.0479,0.3696,0.1266,0.0050,0.1699,0.4721,0.6047,0.0078,0.0742,0.0043
446.3001,0.3276,0.2031,0.0022,0.2219,0.5151,0.7975,0.0131,0.0128,0.0856
356.2757,0.3447,0.2367,0.0076,0.0046,0.4060,0.3305,0.0019,0.0325,0.0027
488.2599,0.3100,0.2595,0.0044,0.4138,0.5723,0.7940,0.0161,0.0723,0.0526
453.3788,0.3757,0.1212,0.0085,0.3937,0.4908,0.7843,0.0028,0.1186,0.0571
526.9443,0.5937,0.2484,0.0113,0.4756,0.5721,0.6190,0.0097,0.0235,0.0409
459.1203,0.3124,0.1743,0.0126,0.0167,0.5920,0.6958,0.0013,0.0153,0.0462
596.1479,0.8330,0.2444,0.0043,0.4622,0.4987,0.7882,0.0015,0.0804,0.0005
572.9258,0.3409,0.1483,0.0178,0.4593,0.5365,0.7839,0.0006,0.1006,0.1772
437.5045,0.3108,0.2107,0.0104,0.4931,0.3506,0.7875,0.0051,0.0855,0.0658
514.6840,0.3764,0.1075,0.0025,0.4497,0.4625,0.7737,0.0136,0.0192,0.0246
298.4282,0.4247,0.1292,0.0107,0.0182,0.3963,0.6321,0.0053,0.0465,0.0421
440.5901,0.4537,0.1575,0.0057,0.3950,0.5552,0.6375,0.0016,0.0680,0.0138
596.7743,0.3796,0.2834,0.0200,0.4198,0.5928,0.7111,0.0013,0.0890,0.0289
415.5067,0.3753,0.1664,0.0062,0.0911,0.3357,0.6802,0.0022,0.0070,0.0445
504.2588,0.3846,0.2366,0.0071,0.2952,0.5952,0.7633,0.0076,0.0428,0.0101
539.7452,0.4047,0.1720,0.0217,0.4916,0.5301,0.6757,0.0119,0.0218,0.0263
561.7320,0.3745,0.1462,0.0075,0.4948,0.5701,0.6554,0.0089,0.0702,0.0970
512.9961,0.3066,0.1608,0.0016,0.0028,0.4146,0.5351,0.0052,0.0342,0.0698
295.9747,0.4184,0.1724,0.0282,0.1323,0.4409,0.7787,0.0007,0.0003,0.0152
571.4162,0.3856,0.2442,0.0088,0.3565,0.5358,0.7690,0.0031,0.0383,0.0585
557.7046,0.3261,0.2467,0.0019,0.4889,0.4597,0.6952,0.0190,0.0123,0.0251
336.3353,0.4236,0.1746,0.0153,0.4837,0.4798,0.7446,0.0041,0.0265,0.0279
387.9388,0.3629,0.1876,0.0131,0.0410,0.5889,0.7736,0.0062,0.0281,0.0116
350.8707,0.4209,0.0899,0.0021,0.0800,0.4540,0.6576,0.0005,0.0415,0.0766
320.3845,0.3972,0.1396,0.0294,0.0384,0.1651,0.6067,0.0061,0.0161,0.0121
476.4152,0.8484,0.2169,0.0079,0.4580,0.5771,0.6949,0.0126,0.0080,0.0120
439.9166,0.3528,0.1296,0.0012,0.2472,0.5833,0.6334,0.0074,0.0100,0.1094
529.9053,0.3780,0.1977,0.0171,0.4830,0.5351,0.7051,0.0068,0.0927,0.0565
571.1998,0.3917,0.1844,0.0059,0.4720,0.5734,0.6648,0.0150,0.1199,0.0255
545.6044,0.3344,0.1249,0.0064,0.2721,0.5925,0.7178,0.0050,0.0733,0.0854
486.7140,0.3272,0.1796,0.0057,0.0995,0.3364,0.7892,0.0054,0.0364,0.0315
492.3095,0.3252,0.1925,0.0076,0.4399,0.5708,0.5757,0.0037,0.0387,0.0731
424.6581,0.3338,0.1378,0.0084,0.1729,0.3269,0.6178,0.0067,0.0006,0.0143
581.0931,0.4427,0.1901,0.0223,0.4529,0.5327,0.7854,0.0155,0.0099,0.0308
484.5199,0.3189,0.1353,0.0238,0.2050,0.5233,0.7551,0.0031,0.1200,0.0014
411.1479,0.9131,0.2245,0.0071,0.4884,0.5825,0.7957,0.0039,0.0768,0.0468
477.5338,0.3636,0.1779,0.0175,0.4078,0.4831,0.7409,0.0128,0.0112,0.0286
547.0483,0.3943,0.1529,0.0213,0.4904,0.5679,0.7379,0.0022,0.1585,0.0577
572.3556,0.5920,0.2247,0.0016,0.4104,0.5125,0.6718,0.0048,0.0198,0.0140
565.9038,0.3134,0.1170,0.0252,0.0735,0.1747,0.7772,0.0011,0.0025,0.0357
463.0689,0.3041,0.1873,0.0245,0.3049,0.4186,0.7293,0.0093,0.0418,0.0183
566.0960,0.9524,0.2481,0.0101,0.4934,0.5938,0.7656,0.0005,0.1762,0.0772
311.7804,0.4025,0.1207,0.0050,0.3717,0.4297,0.7830,0.0049,0.0878,0.0226
554.9228,0.3056,0.2212,0.0084,0.4736,0.5126,0.7413,0.0107,0.0674,0.1253
518.8744,0.4723,0.2237,0.0215,0.4777,0.5997,0.5898,0.0076,0.0188,0.0427
399.5599,0.3933,0.1301,0.0312,0.4491,0.5978,0.7983,0.0143,0.0011,0.0169
568.5125,0.3568,0.2071,0.0030,0.3724,0.4524,0.7287,0.0072,0.0226,0.0610
497.8912,0.3209,0.1614,0.0058,0.2969,0.5346,0.6617,0.0119,0.0456,0.0510
393.6991,0.3713,0.0980,0.0041,0.4535,0.5582,0.7588,0.0079,0.1147,0.0010
460.4040,0.3483,0.1524,0.0038,0.0138,0.1963,0.7768,0.0030,0.0595,0.0353
492.0191,0.3039,0.1422,0.0325,0.4119,0.5517,0.7495,0.0165,0.0012,0.0501
497.6748,0.4569,0.1099,0.0090,0.4358,0.5750,0.7762,0.0000,0.1125,0.0246
482.2380,0.3707,0.1447,0.0218,0.3320,0.5595,0.7173,0.0016,0.0169,0.0921
523.7736,0.5678,0.1870,0.0022,0.3777,0.5715,0.7112,0.0121,0.0101,0.0046
454.1577,0.3385,0.1048,0.0039,0.1142,0.5906,0.6660,0.0189,0.0208,0.0076
576.3042,0.3567,0.1217,0.0073,0.4663,0.5400,0.7869,0.0064,0.2135,0.0032
353.7863,0.4087,0.1270,0.0085,0.0642,0.5342,0.6061,0.0099,0.0194,0.0029
314.6667,0.3668,0.2205,0.0257,0.3800,0.5857,0.7942,0.0026,0.0374,0.0226
544.8861,0.3193,0.0916,0.0130,0.2566,0.3955,0.7966,0.0053,0.0157,0.0372
411.6345,0.3405,0.1838,0.0017,0.2208,0.5516,0.7351,0.0028,0.1866,0.0168
282.2709,0.4551,0.1189,0.0011,0.0133,0.2817,0.5904,0.0092,0.0286,0.0128
588.5982,0.5004,0.1945,0.0128,0.4101,0.5729,0.7481,0.0008,0.0937,0.0716
545.1066,0.6588,0.2328,0.0120,0.4957,0.5641,0.5747,0.0088,0.0546,0.0225
471.5257,0.5904,0.1989,0.0018,0.4510,0.5600,0.7929,0.0087,0.0915,0.0479
363.3845,0.3739,0.1434,0.0017,0.4415,0.4998,0.7899,0.0096,0.0464,0.1322
450.4453,0.3752,0.2102,0.0031,0.4479,0.5191,0.6465,0.0026,0.0006,0.1298
347.2375,0.3813,0.1221,0.0107,0.0019,0.4792,0.7162,0.0139,0.0475,0.0224
528.7604,0.5514,0.1862,0.0048,0.4400,0.5631,0.6030,0.0068,0.0571,0.0149
391.4381,0.3843,0.1685,0.0111,0.2797,0.5290,0.7563,0.0039,0.0364,0.0827
325.8131,0.4015,0.1848,0.0135,0.2117,0.5444,0.7853,0.0059,0.0356,0.0162
383.4426,0.3619,0.1608,0.0176,0.0661,0.1034,0.6908,0.0003,0.0418,0.0582
561.2588,0.3045,0.1095,0.0040,0.1906,0.4004,0.7092,0.0110,0.0029,0.0524
553.4277,0.4533,0.2145,0.0108,0.4109,0.5047,0.6288,0.0054,0.0016,0.0065
480.6634,0.3265,0.1682,0.0227,0.0153,0.3557,0.6752,0.0006,0.0508,0.0068
306.5303,0.4002,0.1807,0.0087,0.3288,0.5335,0.7604,0.0130,0.0001,0.0136
532.1685,0.3230,0.1076,0.0019,0.0221,0.3456,0.7453,0.0065,0.0383,0.0548
508.1728,0.3215,0.1204,0.0295,0.0939,0.5567,0.6944,0.0021,0.0165,0.0537
423.5033,0.3969,0.1118,0.0192,0.2865,0.4712,0.7287,0.0004,0.0351,0.0191
549.6806,0.3104,0.1467,0.0060,0.4462,0.4251,0.7942,0.0013,0.1355,0.1606
388.9167,0.3357,0.2873,0.0011,0.3495,0.5856,0.6992,0.0033,0.0014,0.0464
509.8692,0.3030,0.1481,0.0090,0.2402,0.5080,0.5948,0.0063,0.0492,0.0085
554.9857,0.9338,0.1766,0.0135,0.4533,0.5987,0.5576,0.0055,0.0166,0.0207
459.8716,0.3404,0.2091,0.0249,0.4751,0.5869,0.7749,0.0069,0.1297,0.0484
594.7458,0.5059,0.2844,0.0328,0.4924,0.5886,0.6617,0.0017,0.0269,0.0674
462.0678,0.3050,0.1606,0.0047,0.3305,0.2738,0.7408,0.0046,0.0280,0.0118
599.6496,0.3099,0.1860,0.0103,0.3525,0.5752,0.7372,0.0024,0.2518,0.0029
565.3375,0.3753,0.1893,0.0033,0.4092,0.5652,0.7754,0.0091,0.1105,0.1106
535.0379,0.4486,0.2948,0.0020,0.4376,0.5928,0.7881,0.0026,0.1600,0.0319
315.8480,0.4155,0.1498,0.0046,0.4090,0.5738,0.7369,0.0014,0.0094,0.1421
502.5437,0.3681,0.1748,0.0283,0.4708,0.5261,0.7780,0.0032,0.1198,0.0456
486.2919,0.3618,0.1269,0.0215,0.3884,0.4459,0.7947,0.0046,0.0791,0.0147
436.8326,0.4558,0.1778,0.0113,0.4504,0.5835,0.7577,0.0017,0.1121,0.0938
580.6710,0.8742,0.2078,0.0026,0.4955,0.5718,0.6020,0.0007,0.0740,0.1672
476.2527,0.3137,0.1311,0.0059,0.0207,0.2488,0.5395,0.0095,0.0040,0.0052
531.0209,0.3107,0.1410,0.0083,0.0066,0.1446,0.6914,0.0032,0.0226,0.0844
359.8522,0.3524,0.2162,0.0025,0.2379,0.5634,0.7395,0.0004,0.0555,0.1086
494.7351,0.6002,0.2173,0.0183,0.4783,0.5450,0.5546,0.0019,0.0020,0.0095
399.6970,0.3446,0.2011,0.0037,0.4806,0.5781,0.7330,0.0105,0.0293,0.1505
377.2534,0.3712,0.1392,0.0129,0.0871,0.5052,0.5238,0.0089,0.0136,0.0202
523.6878,0.3124,0.1818,0.0093,0.4834,0.3138,0.7911,0.0094,0.1016,0.0076
556.5051,0.4926,0.1320,0.0043,0.4663,0.5947,0.7675,0.0034,0.1963,0.0259
395.8043,0.3410,0.2034,0.0134,0.0394,0.2443,0.6876,0.0075,0.0169,0.0026
525.0064,0.3317,0.1331,0.0141,0.3390,0.4999,0.7569,0.0021,0.0562,0.1272
583.1529,0.6363,0.2267,0.0118,0.4850,0.5342,0.4920,0.0008,0.0409,0.0136
515.2844,0.3080,0.1773,0.0028,0.3320,0.5284,0.7830,0.0084,0.1308,0.1085
506.1038,0.5703,0.2851,0.0174,0.4281,0.5857,0.7910,0.0007,0.0584,0.0141
465.0876,0.3362,0.1172,0.0186,0.0629,0.5745,0.5862,0.0078,0.0478,0.0086
594.2550,0.3010,0.1567,0.0041,0.2021,0.5862,0.6720,0.0029,0.1693,0.0085
512.2063,0.3382,0.1296,0.0207,0.4765,0.3401,0.7489,0.0007,0.0268,0.0671
371.1605,0.4404,0.1543,0.0055,0.3303,0.4904,0.7289,0.0007,0.0635,0.0292
493.8338,0.3151,0.1376,0.0019,0.1819,0.4144,0.6836,0.0046,0.0497,0.0659
340.2398,0.3582,0.2207,0.0092,0.0776,0.2785,0.7633,0.0018,0.0261,0.0340
563.1369,0.3043,0.1626,0.0278,0.2683,0.5675,0.7698,0.0038,0.1030,0.0383
541.1513,0.5754,0.1713,0.0056,0.4699,0.5772,0.6065,0.0082,0.0772,0.0244
586.6856,0.3031,0.2568,0.0235,0.4535,0.5268,0.6908,0.0021,0.0000,0.1192
340.9096,0.5325,0.1951,0.0027,0.4696,0.5550,0.6440,0.0009,0.0286,0.0159
441.4135,0.3873,0.2002,0.0086,0.3802,0.4252,0.7452,0.0058,0.0036,0.0458
476.4391,0.4355,0.1336,0.0242,0.4432,0.5377,0.7784,0.0080,0.0372,0.0024
519.2968,0.3481,0.2149,0.0385,0.4793,0.5018,0.7571,0.0070,0.0449,0.0071
386.3869,0.3718,0.1170,0.0059,0.3298,0.4354,0.6656,0.0071,0.0334,0.0243
455.0169,0.3251,0.1968,0.0031,0.2783,0.4783,0.7248,0.0124,0.0483,0.0390
524.9442,0.4137,0.2492,0.0159,0.4856,0.5254,0.8000,0.0108,0.0836,0.0242
359.7977,0.3436,0.1706,0.0109,0.2106,0.5160,0.6711,0.0011,0.0013,0.0204
592.1571,0.9096,0.2945,0.0025,0.4111,0.5588,0.7445,0.0019,0.0179,0.0079
448.1424,0.3670,0.1145,0.0091,0.1060,0.5319,0.7077,0.0021,0.0831,0.0256
525.1673,0.3638,0.1796,0.0254,0.3741,0.5776,0.6538,0.0014,0.0020,0.0891
562.4458,0.4657,0.1962,0.0068,0.4799,0.4733,0.7898,0.0037,0.0035,0.1654
583.9586,0.3519,0.1378,0.0135,0.4179,0.5877,0.7645,0.0002,0.0353,0.2420
529.4789,0.3205,0.1447,0.0032,0.0713,0.3007,0.6024,0.0053,0.0197,0.0438
490.0515,0.4084,0.1838,0.0275,0.4390,0.4818,0.7755,0.0019,0.0273,0.0553
398.4825,0.4243,0.1007,0.0071,0.1917,0.5105,0.7823,0.0029,0.0287,0.0241
450.2595,0.3211,0.1649,0.0105,0.4830,0.5666,0.7640,0.0033,0.0548,0.2578
400.3476,0.3837,0.1502,0.0047,0.0224,0.4738,0.3625,0.0021,0.0094,0.0507
528.3900,0.4947,0.1387,0.0088,0.4751,0.5167,0.6903,0.0074,0.0363,0.0121
444.0217,0.3431,0.1726,0.0170,0.1751,0.2031,0.6987,0.0022,0.0217,0.0014
553.8203,0.4006,0.1690,0.0026,0.3757,0.5834,0.7778,0.0060,0.0553,0.1580
589.0656,0.3291,0.2273,0.0177,0.4377,0.4475,0.7448,0.0076,0.0609,0.0102
491.3525,0.3384,0.1121,0.0084,0.1664,0.4976,0.7683,0.0051,0.0300,0.1001
569.6565,0.6315,0.2109,0.0050,0.4982,0.5455,0.7543,0.0016,0.2518,0.0029
430.5210,0.3459,0.1651,0.0232,0.2493,0.4585,0.6831,0.0013,0.0311,0.0488
533.0947,0.5321,0.2537,0.0064,0.4034,0.5813,0.7416,0.0055,0.0010,0.0906
488.9710,0.3730,0.1574,0.0070,0.3049,0.3871,0.7867,0.0007,0.0777,0.0339
338.8315,0.3761,0.1255,0.0041,0.1846,0.3267,0.7241,0.0127,0.0207,0.0106
414.7352,0.6269,0.2658,0.0082,0.4875,0.5683,0.7906,0.0028,0.0014,0.1194
563.1522,0.4507,0.2878,0.0126,0.4953,0.5147,0.7090,0.0066,0.0574,0.0122
406.6519,0.3676,0.1729,0.0052,0.4087,0.3139,0.7484,0.0027,0.0448,0.0545
423.8676,0.8127,0.1743,0.0200,0.4963,0.5934,0.7793,0.0045,0.0191,0.0613
584.2600,0.4923,0.2531,0.0107,0.4965,0.5558,0.6054,0.0021,0.1496,0.0183
477.4006,0.3106,0.2035,0.0461,0.4708,0.5574,0.7185,0.0068,0.0092,0.0399
497.7355,0.3750,0.2099,0.0078,0.2696,0.5496,0.7487,0.0113,0.0101,0.0000
433.2804,0.7794,0.2812,0.0040,0.4474,0.5673,0.7623,0.0003,0.0364,0.0274
453.1246,0.5715,0.1271,0.0150,0.4426,0.5924,0.7432,0.0024,0.0170,0.0352
554.9619,0.3841,0.1739,0.0067,0.4384,0.5590,0.6692,0.0100,0.0272,0.1128
511.4485,0.3374,0.2181,0.0039,0.3884,0.3520,0.7369,0.0053,0.0406,0.0083
322.6776,0.3804,0.1391,0.0073,0.3681,0.3395,0.7822,0.0083,0.0360,0.0338
304.9785,0.4097,0.1257,0.0038,0.0400,0.3736,0.6183,0.0140,0.0134,0.0408
560.1663,0.3404,0.1408,0.0281,0.4497,0.4535,0.7227,0.0025,0.0316,0.0521
490.6571,0.3294,0.1671,0.0015,0.0981,0.5895,0.7619,0.0016,0.1212,0.0453
580.9646,0.3894,0.1919,0.0414,0.3868,0.5757,0.7052,0.0039,0.0073,0.0111
550.2993,0.3012,0.1685,0.0169,0.0044,0.2683,0.6257,0.0080,0.0020,0.0023
517.4687,0.3379,0.1179,0.0082,0.2945,0.5144,0.7949,0.0058,0.1593,0.0007
428.1574,0.5864,0.1761,0.0041,0.4926,0.5879,0.4837,0.0004,0.0040,0.0167
444.6091,0.3456,0.2292,0.0075,0.3390,0.5939,0.6966,0.0080,0.0915,0.0018
403.5308,0.3530,0.2749,0.0189,0.4614,0.5942,0.7772,0.0016,0.0393,0.0752
533.4947,0.6033,0.2607,0.0028,0.4662,0.5572,0.6354,0.0108,0.0665,0.0007
545.4967,0.7375,0.1541,0.0016,0.4683,0.5177,0.7069,0.0095,0.0010,0.0107
451.9971,0.3650,0.1557,0.0095,0.1746,0.3646,0.7846,0.0042,0.0139,0.0498
508.9551,0.3169,0.2473,0.0097,0.4042,0.5578,0.7767,0.0050,0.0204,0.1714
349.0482,0.3693,0.1262,0.0290,0.2793,0.3610,0.7831,0.0071,0.0046,0.0086
585.5135,0.3070,0.1125,0.0187,0.2419,0.3814,0.7852,0.0024,0.0691,0.0328
362.5022,0.3984,0.1115,0.0133,0.0046,0.1232,0.4857,0.0023,0.0103,0.1080
592.0383,0.4202,0.2357,0.0080,0.4989,0.5845,0.7972,0.0085,0.2336,0.0693
439.7496,0.3427,0.1751,0.0122,0.2120,0.5046,0.7810,0.0068,0.0448,0.0685
559.5544,0.3145,0.1078,0.0345,0.4657,0.5344,0.7762,0.0078,0.0481,0.0207
293.7863,0.4459,0.0853,0.0012,0.1572,0.3506,0.6500,0.0023,0.0220,0.0082
466.5338,0.3233,0.2242,0.0066,0.3916,0.5408,0.7524,0.0007,0.2329,0.0036
597.8933,0.5784,0.2776,0.0035,0.4959,0.4911,0.6895,0.0036,0.0384,0.0652
357.9159,0.3865,0.1461,0.0099,0.3866,0.4684,0.6287,0.0014,0.0422,0.0023
380.9210,0.4022,0.2437,0.0049,0.4881,0.5761,0.7632,0.0071,0.0194,0.1204
491.9468,0.3600,0.1128,0.0058,0.4751,0.4933,0.7098,0.0031,0.0179,0.1272
424.2464,0.3453,0.1831,0.0067,0.1455,0.2494,0.7966,0.0073,0.0548,0.0013
485.8856,0.5338,0.1586,0.0010,0.4828,0.5743,0.7914,0.0063,0.0744,0.1590
506.4719,0.3088,0.1280,0.0113,0.3748,0.4407,0.7602,0.0190,0.0439,0.0194
336.6429,0.3704,0.1682,0.0094,0.0622,0.3153,0.5145,0.0033,0.0119,0.0383
347.9268,0.3992,0.2150,0.0025,0.4763,0.5177,0.7943,0.0055,0.1019,0.0481
384.8883,0.3882,0.1161,0.0033,0.2676,0.4590,0.7738,0.0118,0.0429,0.0308
399.4820,0.4491,0.1244,0.0072,0.3831,0.5082,0.6924,0.0052,0.0171,0.0006
369.3774,0.3961,0.1624,0.0030,0.0142,0.4403,0.7027,0.0017,0.0223,0.0665
339.0550,0.4120,0.1140,0.0062,0.4917,0.5955,0.7790,0.0022,0.0319,0.1432
541.6101,0.3910,0.2474,0.0270,0.4817,0.5794,0.6986,0.0136,0.0416,0.0044
438.2869,0.5455,0.1812,0.0065,0.4987,0.5268,0.7760,0.0007,0.1344,0.0653
575.6984,0.7834,0.2112,0.0074,0.4463,0.5309,0.5565,0.0019,0.0214,0.0072
387.4161,0.3770,0.1449,0.0012,0.1307,0.2957,0.7813,0.0003,0.1161,0.0565
482.4934,0.3646,0.1055,0.0070,0.3394,0.4748,0.7543,0.0056,0.0564,0.0351
532.4593,0.3691,0.2152,0.0021,0.4909,0.5395,0.7257,0.0099,0.0780,0.1458
488.9643,0.8775,0.1809,0.0013,0.4207,0.5974,0.6441,0.0004,0.0421,0.0495
380.3376,0.3371,0.2272,0.0071,0.4899,0.3358,0.7984,0.0100,0.0150,0.0395
480.1977,0.3506,0.2347,0.0025,0.4313,0.5920,0.7827,0.0109,0.0049,0.2041
544.4936,0.4074,0.1352,0.0118,0.4825,0.5067,0.7819,0.0041,0.1624,0.0122
495.0465,0.3279,0.1784,0.0407,0.3277,0.5842,0.6841,0.0059,0.0132,0.0117
575.0193,0.6035,0.1877,0.0170,0.4340,0.5628,0.6296,0.0016,0.0345,0.0279
566.7558,0.3031,0.1697,0.0102,0.0814,0.1507,0.7430,0.0030,0.0182,0.0144
296.5357,0.4531,0.1222,0.0126,0.4330,0.3479,0.7945,0.0018,0.0232,0.0081
417.6990,0.4147,0.0960,0.0027,0.4717,0.5289,0.7473,0.0003,0.1093,0.0194
544.6428,0.3255,0.1619,0.0159,0.2644,0.4826,0.6818,0.0019,0.0600,0.0355
587.3032,0.3228,0.0870,0.0016,0.1719,0.4528,0.5964,0.0030,0.0079,0.0045
580.1313,0.4366,0.2233,0.0129,0.4606,0.5419,0.7650,0.0186,0.0068,0.0598
578.7525,0.3273,0.2554,0.0354,0.4493,0.5810,0.7920,0.0048,0.1182,0.0133
487.0736,0.3087,0.1528,0.0084,0.1971,0.5520,0.7969,0.0012,0.1265,0.0527
481.4420,0.3768,0.1427,0.0127,0.3240,0.5151,0.6813,0.0048,0.0045,0.0585
429.9300,0.3703,0.1786,0.0016,0.4055,0.5252,0.6046,0.0035,0.0332,0.0583
467.7305,0.3297,0.1296,0.0044,0.4556,0.4511,0.7869,0.0181,0.0491,0.0656
455.4633,0.6344,0.2070,0.0078,0.4932,0.5914,0.6292,0.0049,0.0534,0.0874
592.8199,0.7027,0.1789,0.0068,0.4525,0.5951,0.7228,0.0025,0.0904,0.1071
557.5326,0.3214,0.1919,0.0239,0.4969,0.5620,0.7833,0.0125,0.0619,0.1315
506.7739,0.4299,0.1839,0.0157,0.4668,0.5683,0.6760,0.0038,0.1354,0.0175
527.5698,0.8140,0.2021,0.0082,0.4829,0.5976,0.7680,0.0138,0.0120,0.1150
463.3198,0.3431,0.2577,0.0028,0.2971,0.5838,0.7511,0.0029,0.0351,0.0765
362.5325,0.3842,0.1454,0.0168,0.4651,0.5756,0.7615,0.0064,0.0495,0.0843
356.5171,0.3621,0.1531,0.0102,0.1268,0.1809,0.7023,0.0075,0.0264,0.0294
595.3063,0.4222,0.2617,0.0102,0.3422,0.5650,0.7995,0.0051,0.0329,0.0101
560.7432,0.3130,0.1610,0.0024,0.4782,0.5714,0.6389,0.0002,0.2504,0.0626
588.4473,0.3106,0.1163,0.0072,0.1566,0.5371,0.6679,0.0073,0.0624,0.0071
536.2933,0.3602,0.1822,0.0017,0.2900,0.4659,0.7709,0.0064,0.0182,0.0743
384.2397,0.3530,0.1276,0.0024,0.0894,0.2220,0.7347,0.0034,0.0539,0.0056
521.8832,0.3021,0.1838,0.0100,0.4232,0.5304,0.6973,0.0105,0.0442,0.1225
368.2755,0.3439,0.1749,0.0012,0.3164,0.1781,0.7418,0.0132,0.0300,0.0018
586.7097,0.3538,0.1381,0.0128,0.4962,0.4563,0.6317,0.0051,0.0189,0.0294
550.8739,0.4689,0.1969,0.0199,0.4342,0.5707,0.6727,0.0085,0.0150,0.0430
451.2971,0.3840,0.2005,0.0185,0.4558,0.5558,0.6281,0.0007,0.0154,0.0751
546.3248,0.5714,0.2179,0.0040,0.4603,0.5967,0.7846,0.0119,0.0239,0.1693
528.9597,0.3476,0.1405,0.0037,0.1887,0.4769,0.6792,0.0002,0.0873,0.0204
390.5314,0.3741,0.1196,0.0204,0.2562,0.5461,0.7985,0.0020,0.0220,0.1304
584.6629,0.3100,0.1690,0.0342,0.4848,0.5539,0.6999,0.0174,0.0349,0.0018
509.1927,0.5066,0.2255,0.0110,0.4905,0.5941,0.7062,0.0006,0.0975,0.1615
421.5493,0.7445,0.1916,0.0029,0.4376,0.5905,0.6732,0.0020,0.0606,0.0308
333.6440,0.3728,0.1840,0.0272,0.4537,0.5835,0.7211,0.0035,0.0037,0.0528
462.4805,0.3301,0.2031,0.0097,0.4984,0.4878,0.7487,0.0088,0.1161,0.0558
483.2175,0.3339,0.1194,0.0073,0.0230,0.4695,0.7190,0.0025,0.0457,0.0747
467.1825,0.4891,0.2492,0.0019,0.4954,0.5822,0.7303,0.0038,0.1558,0.0798
386.2529,0.3241,0.2503,0.0167,0.3728,0.4893,0.7277,0.0001,0.0148,0.0621
548.7187,0.3166,0.1407,0.0155,0.4541,0.4002,0.7602,0.0044,0.1479,0.0094
505.6182,0.3057,0.1653,0.0386,0.1172,0.5182,0.7364,0.0040,0.0044,0.0396
597.6837,0.4106,0.1913,0.0050,0.3911,0.5359,0.7932,0.0017,0.1159,0.0961
485.4957,0.3530,0.1600,0.0124,0.3961,0.3789,0.7606,0.0015,0.0924,0.0372
405.2841,0.3481,0.1654,0.0027,0.1647,0.5850,0.5502,0.0065,0.0242,0.0604
478.3090,0.3081,0.2111,0.0061,0.2246,0.3857,0.7425,0.0118,0.0388,0.0025
331.1899,0.3676,0.1823,0.0131,0.0020,0.5267,0.3385,0.0031,0.0566,0.0066
584.8949,0.3327,0.2281,0.0094,0.3983,0.5965,0.6275,0.0027,0.0724,0.1044
354.3283,0.3569,0.1416,0.0033,0.0033,0.1999,0.5364,0.0181,0.0154,0.0071
524.1555,0.3393,0.1545,0.0051,0.3157,0.5747,0.7989,0.0040,0.0403,0.2100
393.1945,0.3308,0.2092,0.0043,0.0471,0.3308,0.7081,0.0056,0.0045,0.0578
531.9819,0.3169,0.1468,0.0239,0.0302,0.1803,0.7351,0.0000,0.0362,0.0177
359.0554,0.3626,0.1947,0.0181,0.2302,0.5112,0.7835,0.0035,0.0408,0.0556
423.6744,0.4235,0.1511,0.0094,0.2940,0.5584,0.7497,0.0068,0.0419,0.0167
497.2897,0.5845,0.1958,0.0031,0.4863,0.5299,0.5906,0.0038,0.0141,0.0778
575.5256,0.5325,0.1865,0.0146,0.4962,0.5697,0.7402,0.0170,0.0439,0.0622
473.4565,0.4108,0.2318,0.0044,0.4941,0.5523,0.6721,0.0056,0.0705,0.0933
414.5159,0.3317,0.1866,0.0284,0.0248,0.5868,0.5574,0.0013,0.0341,0.0215
485.5768,0.3426,0.2072,0.0010,0.4234,0.4566,0.6577,0.0022,0.1132,0.0198
469.5412,0.3389,0.1347,0.0349,0.2007,0.5766,0.7278,0.0000,0.0030,0.0953
589.2395,0.3133,0.2821,0.0080,0.4456,0.5478,0.7346,0.0040,0.0160,0.1620
426.5642,0.3280,0.1714,0.0129,0.3491,0.4665,0.7685,0.0009,0.1489,0.0613
369.1947,0.3671,0.1606,0.0109,0.4167,0.5601,0.7859,0.0002,0.1525,0.1048
470.8698,0.4082,0.2705,0.0067,0.4125,0.5940,0.6901,0.0068,0.0144,0.0567
464.1257,0.3246,0.1699,0.0036,0.0863,0.5008,0.5580,0.0059,0.0438,0.0487
514.7601,0.3224,0.1590,0.0116,0.4998,0.2351,0.7752,0.0026,0.0322,0.0612
318.9820,0.3683,0.1990,0.0059,0.2603,0.4725,0.7260,0.0010,0.0461,0.0493
499.7689,0.8333,0.1751,0.0124,0.4942,0.5763,0.5112,0.0039,0.0209,0.0122
393.2524,0.3655,0.1620,0.0090,0.0198,0.2531,0.5737,0.0051,0.0534,0.0230
584.7554,0.3635,0.1515,0.0042,0.4256,0.4877,0.7907,0.0033,0.0229,0.2094
473.8303,0.4430,0.1550,0.0089,0.4667,0.5372,0.7423,0.0062,0.0216,0.1262
521.9616,0.3557,0.1973,0.0290,0.4872,0.5736,0.7934,0.0089,0.0516,0.1237
398.0249,0.3471,0.1426,0.0298,0.1265,0.3331,0.7122,0.0009,0.0123,0.0353
430.7188,0.3835,0.0947,0.0024,0.2414,0.5438,0.7865,0.0053,0.0432,0.0669
337.5031,0.3993,0.1846,0.0128,0.1398,0.4366,0.6682,0.0007,0.0191,0.0178
304.5245,0.3866,0.1716,0.0088,0.2942,0.3299,0.7306,0.0079,0.0029,0.0287
586.4561,0.3421,0.1863,0.0023,0.4610,0.3776,0.7788,0.0057,0.0730,0.0798
571.9223,0.3701,0.1790,0.0091,0.3142,0.5552,0.7049,0.0123,0.0239,0.0093
372.7288,0.3567,0.1804,0.0394,0.0485,0.4040,0.7885,0.0010,0.0079,0.0265
536.0122,0.6908,0.2448,0.0132,0.4860,0.5878,0.7356,0.0085,0.0026,0.1405
537.6151,0.3328,0.1698,0.0263,0.3996,0.4635,0.7746,0.0015,0.0072,0.1360
489.2544,0.3941,0.2286,0.0430,0.4626,0.5935,0.7490,0.0050,0.0316,0.0276
404.2991,0.3187,0.2391,0.0043,0.1532,0.4348,0.7833,0.0025,0.0106,0.0734
402.9574,0.3748,0.1367,0.0138,0.0144,0.3513,0.4066,0.0040,0.0066,0.0579
527.5940,0.4832,0.1484,0.0242,0.4987,0.5582,0.7087,0.0093,0.0226,0.0296
538.5290,0.3433,0.2561,0.0073,0.4832,0.4889,0.6483,0.0117,0.0256,0.0052
407.1748,0.3503,0.1908,0.0087,0.2644,0.5765,0.7404,0.0082,0.0971,0.0208
557.5084,0.9967,0.1576,0.0094,0.4805,0.5861,0.6940,0.0080,0.0536,0.0176
409.3714,0.3806,0.1162,0.0147,0.4323,0.2608,0.7746,0.0008,0.0511,0.0202
462.8886,0.3650,0.1256,0.0052,0.4632,0.5976,0.6619,0.0094,0.0906,0.0231
427.9112,0.3576,0.1242,0.0082,0.2260,0.3663,0.7115,0.0044,0.0271,0.0816
441.6827,0.3483,0.2394,0.0172,0.3878,0.5729,0.7351,0.0020,0.0718,0.0503
538.7454,0.4342,0.2026,0.0044,0.3443,0.5578,0.7858,0.0010,0.0975,0.0531
548.3045,0.4913,0.1725,0.0074,0.4250,0.5267,0.7635,0.0065,0.0026,0.1049
490.1893,0.3003,0.2005,0.0126,0.1956,0.2970,0.7543,0.0074,0.0229,0.0331
580.0586,0.4023,0.2212,0.0261,0.3947,0.4992,0.7256,0.0021,0.0136,0.0115
521.3266,0.6986,0.2010,0.0029,0.4950,0.5684,0.5386,0.0059,0.0004,0.1179
415.9332,0.3540,0.1413,0.0050,0.2838,0.3633,0.7950,0.0188,0.0284,0.0124
481.7206,0.3023,0.1899,0.0022,0.3592,0.5624,0.6120,0.0041,0.0534,0.1109
547.6354,0.3156,0.1196,0.0015,0.0280,0.3068,0.6445,0.0062,0.0142,0.0829
461.3679,0.3237,0.1822,0.0202,0.0489,0.2071,0.6720,0.0005,0.0201,0.0429
498.6941,0.4930,0.1870,0.0324,0.4864,0.5658,0.7582,0.0007,0.0683,0.0653
455.8431,0.5803,0.1605,0.0057,0.4659,0.4825,0.7775,0.0043,0.0045,0.0588
516.3862,0.4040,0.1422,0.0014,0.4581,0.5851,0.7340,0.0051,0.0608,0.1946
508.7299,0.3230,0.1928,0.0191,0.3961,0.4727,0.6929,0.0085,0.0553,0.0057
406.1398,0.3619,0.2612,0.0035,0.4381,0.4805,0.7429,0.0048,0.0517,0.0184
392.4952,0.3647,0.1897,0.0140,0.1232,0.4546,0.6564,0.0011,0.0303,0.0199
565.0939,0.5356,0.2914,0.0052,0.4460,0.5869,0.6917,0.0059,0.0329,0.0845
449.2783,0.3493,0.1304,0.0251,0.1669,0.4607,0.7663,0.0023,0.0074,0.0880
541.7579,0.4472,0.2573,0.0112,0.4205,0.5286,0.7921,0.0070,0.0537,0.0168
276.5938,0.4356,0.1257,0.0068,0.2574,0.4921,0.7708,0.0004,0.0503,0.0671
575.5495,0.7703,0.1640,0.0060,0.4814,0.5469,0.7370,0.0024,0.0709,0.0699
415.2251,0.3662,0.1083,0.0114,0.2996,0.5641,0.7196,0.0109,0.0513,0.0043
598.6895,0.5627,0.2600,0.0187,0.4726,0.5835,0.7101,0.0004,0.0528,0.1315
288.9571,0.4233,0.1781,0.0015,0.0420,0.3896,0.4960,0.0031,0.0231,0.0136
428.9382,0.3409,0.1010,0.0061,0.4174,0.3707,0.7622,0.0074,0.0023,0.0000
574.1247,0.3760,0.2222,0.0044,0.4404,0.5753,0.5415,0.0017,0.0187,0.1151
582.9586,0.3199,0.1732,0.0035,0.2340,0.4435,0.7667,0.0042,0.0641,0.0497
444.4976,0.3231,0.1670,0.0120,0.0408,0.1338,0.5154,0.0147,0.0050,0.0007
541.6845,0.3089,0.1330,0.0259,0.3197,0.5384,0.7260,0.0048,0.0881,0.0390
477.6561,0.3373,0.2424,0.0302,0.4789,0.4722,0.7599,0.0004,0.0674,0.0216
568.4334,0.3171,0.0904,0.0137,0.3292,0.5230,0.6639,0.0005,0.0040,0.0448
417.7439,0.3325,0.2237,0.0015,0.3216,0.5035,0.7747,0.0115,0.0631,0.0430
396.7626,0.4402,0.1615,0.0226,0.3911,0.5672,0.7346,0.0083,0.0036,0.0121
542.8059,0.4704,0.2239,0.0056,0.4364,0.4438,0.7069,0.0027,0.0354,0.0009
348.3393,0.4274,0.1175,0.0121,0.3238,0.2477,0.7863,0.0012,0.0400,0.0060
492.8526,0.3443,0.1734,0.0149,0.4984,0.5816,0.6892,0.0012,0.0034,0.2548
481.5126,0.3233,0.1132,0.0256,0.2582,0.5894,0.7781,0.0157,0.0159,0.0192
512.7518,0.9020,0.2667,0.0037,0.4857,0.5488,0.6926,0.0017,0.0229,0.1040
328.7195,0.4253,0.1140,0.0119,0.0097,0.2067,0.6775,0.0081,0.0147,0.0270
377.6069,0.3431,0.1580,0.0038,0.4716,0.4910,0.7852,0.0134,0.1108,0.0571
512.4511,0.3505,0.0946,0.0023,0.2525,0.5938,0.6353,0.0067,0.0299,0.0063
567.5062,0.3652,0.2851,0.0118,0.4594,0.5725,0.7755,0.0055,0.0071,0.1636
464.6496,0.3512,0.1054,0.0126,0.1612,0.3281,0.7315,0.0047,0.0464,0.0219
368.0783,0.3793,0.1852,0.0089,0.3878,0.5007,0.7016,0.0135,0.0080,0.0044
436.3677,0.4440,0.2968,0.0012,0.4300,0.5537,0.7575,0.0028,0.0093,0.0619
485.0030,0.3733,0.0977,0.0191,0.4930,0.4415,0.7948,0.0011,0.0318,0.0555
465.9831,0.8875,0.1939,0.0058,0.4920,0.4702,0.7748,0.0016,0.0121,0.0045
488.3995,0.3046,0.2139,0.0106,0.3683,0.5373,0.5782,0.0061,0.0090,0.0324
483.4563,0.3038,0.2244,0.0027,0.2173,0.2718,0.7867,0.0028,0.0677,0.0175
549.3565,0.3110,0.1697,0.0033,0.4199,0.5118,0.7194,0.0074,0.0284,0.2062
428.8604,0.4875,0.1339,0.0050,0.4120,0.5557,0.7941,0.0032,0.0469,0.0861
314.3158,0.4391,0.1222,0.0070,0.0683,0.4550,0.6932,0.0085,0.0052,0.0205
459.6455,0.3249,0.2323,0.0214,0.3783,0.3772,0.7231,0.0017,0.0059,0.0136
452.9647,0.4078,0.1661,0.0113,0.4412,0.4974,0.7053,0.0046,0.0303,0.0700
381.3488,0.3750,0.1118,0.0116,0.1100,0.3825,0.7660,0.0178,0.0062,0.0010
518.7635,0.5844,0.1375,0.0096,0.4490,0.5706,0.7488,0.0060,0.0491,0.0199
477.6875,0.4966,0.2109,0.0300,0.4735,0.5323,0.7905,0.0090,0.0193,0.0059
501.5183,0.3202,0.1864,0.0283,0.4813,0.5509,0.7090,0.0004,0.0378,0.1604
572.4644,0.4374,0.1385,0.0143,0.3816,0.5298,0.7058,0.0013,0.0483,0.0091
501.2862,0.3416,0.1166,0.0027,0.3862,0.5698,0.6640,0.0195,0.0003,0.0125
565.1244,0.3775,0.1974,0.0060,0.4436,0.4018,0.7235,0.0048,0.0632,0.0118
539.8063,0.6132,0.2218,0.0024,0.4970,0.5858,0.5339,0.0107,0.0968,0.0268
551.4797,0.3290,0.1998,0.0115,0.3434,0.5955,0.7427,0.0183,0.0373,0.0404
522.2661,0.3255,0.2460,0.0152,0.4648,0.5930,0.7334,0.0119,0.1316,0.0163
515.5855,0.7316,0.2630,0.0078,0.4839,0.5637,0.7746,0.0019,0.0112,0.1576
472.4650,0.3206,0.1372,0.0164,0.3606,0.4174,0.7620,0.0126,0.0034,0.0842
491.1174,0.3479,0.1160,0.0144,0.0772,0.2517,0.6157,0.0025,0.0267,0.0078
450.6913,0.4146,0.1956,0.0039,0.2986,0.5455,0.7913,0.0110,0.0354,0.0085
492.1986,0.5236,0.1688,0.0205,0.4693,0.5965,0.7936,0.0002,0.0292,0.1806
486.1763,0.3473,0.1348,0.0249,0.4771,0.4861,0.7199,0.0092,0.0479,0.0036
598.0700,0.3926,0.2541,0.0228,0.4972,0.5983,0.7571,0.0006,0.0646,0.2145
532.1971,0.3305,0.1972,0.0193,0.2109,0.4824,0.7716,0.0004,0.0019,0.0611
358.8414,0.3763,0.1454,0.0227,0.0338,0.2100,0.7223,0.0032,0.0721,0.0207
578.3633,0.9506,0.1626,0.0116,0.4865,0.5619,0.7458,0.0015,0.0451,0.0795
366.8345,0.3536,0.1530,0.0047,0.3745,0.5419,0.7874,0.0021,0.0014,0.2012
503.7906,0.3935,0.1761,0.0036,0.3737,0.5980,0.7165,0.0095,0.1038,0.0497
462.0943,0.3070,0.2653,0.0148,0.3936,0.5502,0.7751,0.0086,0.0644,0.0241
573.4160,0.5468,0.2294,0.0126,0.4666,0.5921,0.4257,0.0019,0.0258,0.0016
448.4498,0.3099,0.1865,0.0024,0.0447,0.3847,0.6272,0.0073,0.0036,0.0397
319.0680,0.3916,0.1550,0.0164,0.0190,0.5850,0.5417,0.0017,0.0430,0.0615
395.0460,0.3609,0.1276,0.0080,0.4112,0.5792,0.7589,0.0063,0.0677,0.1284
350.4618,0.3579,0.1750,0.0077,0.1822,0.5625,0.7185,0.0165,0.0166,0.0295
446.7756,0.3545,0.1927,0.0061,0.3613,0.5851,0.6480,0.0050,0.0447,0.0869
314.8819,0.4126,0.1029,0.0071,0.2597,0.4575,0.7831,0.0009,0.0219,0.0708
500.4435,0.6582,0.1828,0.0054,0.4734,0.5911,0.4716,0.0050,0.0139,0.0192
458.8147,0.3578,0.2359,0.0328,0.4728,0.4777,0.7632,0.0009,0.0021,0.0627
530.4604,0.3747,0.1900,0.0137,0.3864,0.4329,0.7470,0.0019,0.0428,0.0393
494.6241,0.4455,0.1155,0.0066,0.4485,0.5629,0.7761,0.0042,0.0661,0.0697
396.2867,0.3453,0.1467,0.0301,0.2976,0.4992,0.6553,0.0022,0.0356,0.0004
476.2869,0.6219,0.1559,0.0018,0.4406,0.5208,0.7249,0.0052,0.0098,0.0380
586.4262,0.4889,0.2789,0.0028,0.4595,0.5647,0.7482,0.0050,0.0277,0.1601
385.2470,0.3153,0.2425,0.0041,0.4673,0.5188,0.7047,0.0057,0.0464,0.0401
546.1749,0.3308,0.1329,0.0030,0.3630,0.3666,0.7967,0.0089,0.0999,0.0206
580.7820,0.6746,0.1221,0.0163,0.4625,0.5975,0.7594,0.0030,0.0080,0.0307
465.9031,0.3254,0.1194,0.0016,0.4776,0.3305,0.7434,0.0071,0.0577,0.0350
415.5210,0.3448,0.1321,0.0075,0.0171,0.1776,0.3926,0.0081,0.0276,0.0310
566.9667,0.3333,0.1897,0.0025,0.1508,0.5749,0.7012,0.0027,0.0197,0.0415
471.9939,0.5800,0.2748,0.0103,0.4304,0.5771,0.7928,0.0071,0.0261,0.0195
513.0385,0.3260,0.1303,0.0121,0.0768,0.5963,0.5923,0.0039,0.0180,0.0701
506.3878,0.4064,0.2466,0.0089,0.4225,0.5059,0.7180,0.0035,0.0451,0.0348
327.7415,0.4480,0.1108,0.0025,0.3184,0.2022,0.7987,0.0001,0.0309,0.0370
463.7061,0.3173,0.1955,0.0218,0.3409,0.5213,0.7697,0.0045,0.0844,0.0682
511.7456,0.3621,0.1495,0.0076,0.4498,0.5022,0.6300,0.0002,0.1213,0.0204
555.0966,0.8229,0.1534,0.0023,0.4871,0.5696,0.7732,0.0084,0.0654,0.0576
312.4314,0.3948,0.1282,0.0015,0.2751,0.5304,0.7316,0.0088,0.0391,0.0405
393.9791,0.3814,0.0903,0.0022,0.4271,0.4090,0.6776,0.0034,0.0120,0.0101
414.8873,0.4412,0.2737,0.0181,0.4900,0.5231,0.7185,0.0005,0.0265,0.0092
563.3228,0.6149,0.2477,0.0133,0.4979,0.5437,0.7922,0.0089,0.0453,0.0876
561.9879,0.3074,0.1563,0.0128,0.1016,0.5303,0.7872,0.0118,0.0272,0.0035
344.4467,0.4786,0.1624,0.0075,0.3745,0.5967,0.7678,0.0077,0.0194,0.0431
341.6887,0.4394,0.0778,0.0036,0.0026,0.1636,0.4961,0.0050,0.0174,0.0217
468.4111,0.3241,0.1663,0.0175,0.4214,0.5861,0.6836,0.0111,0.0936,0.0209
506.2898,0.3451,0.1219,0.0314,0.3372,0.5782,0.7842,0.0057,0.0757,0.0092
294.0563,0.4172,0.1362,0.0195,0.0668,0.1126,0.7948,0.0052,0.0351,0.0252
578.2599,0.3011,0.1927,0.0421,0.4075,0.5184,0.7636,0.0025,0.0576,0.0617
444.9643,0.3320,0.1733,0.0034,0.2756,0.4442,0.6678,0.0028,0.0140,0.1338
375.4866,0.3915,0.1047,0.0077,0.0478,0.3751,0.6266,0.0037,0.0718,0.0419
417.2028,0.3889,0.1587,0.0220,0.3890,0.5914,0.7757,0.0024,0.0102,0.1535
356.3190,0.3757,0.2024,0.0057,0.0713,0.4823,0.7421,0.0078,0.0115,0.0101
382.9047,0.3385,0.2093,0.0107,0.4520,0.4692,0.7465,0.0040,0.0239,0.1159
528.6495,0.3084,0.1469,0.0172,0.4692,0.5418,0.7585,0.0097,0.0110,0.1956
506.9860,0.4242,0.2213,0.0031,0.4072,0.4216,0.7954,0.0068,0.0252,0.0146
533.6346,0.8663,0.2380,0.0046,0.4839,0.5715,0.7472,0.0076,0.0284,0.1252
362.7737,0.3789,0.1201,0.0052,0.4074,0.4596,0.7090,0.0041,0.0893,0.0269
414.8129,0.3762,0.0990,0.0016,0.0011,0.2501,0.3094,0.0015,0.0427,0.1024
568.8163,0.3433,0.1526,0.0085,0.3091,0.5855,0.6374,0.0021,0.1016,0.0384
374.8782,0.4635,0.1407,0.0025,0.4779,0.5553,0.7234,0.0082,0.0193,0.0762
512.0061,0.3287,0.2261,0.0058,0.4771,0.5799,0.7766,0.0008,0.0858,0.2739
461.1424,0.3155,0.1623,0.0156,0.2452,0.5297,0.5849,0.0002,0.0169,0.0405
429.3210,0.3203,0.1637,0.0255,0.4436,0.4332,0.7886,0.0052,0.0985,0.0318
417.5095,0.3573,0.1533,0.0034,0.0925,0.2712,0.5461,0.0003,0.0235,0.0794
469.6388,0.3132,0.2492,0.0090,0.4742,0.5970,0.7526,0.0048,0.1862,0.0533
490.3908,0.3358,0.1589,0.0050,0.0013,0.3775,0.6891,0.0071,0.0150,0.0242
519.4197,0.4783,0.1897,0.0015,0.4214,0.5156,0.7699,0.0107,0.0747,0.0209
458.9071,0.3048,0.2067,0.0063,0.4137,0.5673,0.7274,0.0200,0.0182,0.0870
433.0023,0.3327,0.1454,0.0092,0.0182,0.5159,0.5304,0.0007,0.0339,0.0494
334.3086,0.4039,0.1301,0.0048,0.1488,0.1563,0.6657,0.0028,0.0775,0.0100
493.2390,0.3701,0.1107,0.0097,0.3936,0.5192,0.7097,0.0015,0.1021,0.0175
583.9715,0.4814,0.1732,0.0257,0.4831,0.5391,0.7830,0.0166,0.0091,0.0194
545.1865,0.3952,0.2180,0.0077,0.4470,0.5822,0.6826,0.0121,0.0168,0.1235
594.5918,0.7985,0.2362,0.0155,0.4944,0.5530,0.7628,0.0021,0.1402,0.0287
307.8646,0.3726,0.1717,0.0032,0.2069,0.4722,0.7532,0.0025,0.0255,0.0236
446.9529,0.3414,0.1159,0.0075,0.3339,0.4753,0.7663,0.0057,0.0099,0.1550
394.9718,0.3289,0.2051,0.0071,0.3761,0.5006,0.6555,0.0069,0.0281,0.0492
432.3727,0.3708,0.1243,0.0036,0.4496,0.4264,0.7154,0.0122,0.0403,0.0049
583.8494,0.5023,0.2235,0.0023,0.3838,0.5817,0.6053,0.0037,0.0466,0.0446
371.9592,0.4321,0.1074,0.0082,0.4932,0.3549,0.7754,0.0015,0.0416,0.0110
309.9528,0.4132,0.0909,0.0025,0.0014,0.5136,0.4230,0.0025,0.0067,0.0105
530.2058,0.3208,0.1428,0.0242,0.4216,0.3854,0.6597,0.0013,0.0126,0.0298
571.0581,0.6512,0.2049,0.0015,0.4546,0.5553,0.7796,0.0066,0.0828,0.0894
578.3871,0.3573,0.1869,0.0216,0.4717,0.5847,0.7269,0.0166,0.0743,0.0430
494.9052,0.4148,0.1932,0.0084,0.4836,0.5154,0.6422,0.0048,0.0259,0.0856
439.5648,0.3227,0.1987,0.0095,0.1838,0.4663,0.7335,0.0019,0.0909,0.0488
396.3678,0.3336,0.2245,0.0323,0.2703,0.5769,0.7553,0.0015,0.0564,0.0056
592.9207,0.3061,0.1786,0.0146,0.3704,0.4108,0.7393,0.0000,0.0250,0.1369
556.9613,0.4212,0.1281,0.0057,0.3085,0.5249,0.7843,0.0035,0.0112,0.0413
458.6443,0.3271,0.1594,0.0311,0.4377,0.5865,0.6474,0.0003,0.0557,0.0596
413.4943,0.3400,0.1246,0.0149,0.2164,0.5967,0.7942,0.0129,0.0259,0.0524
492.6132,0.3496,0.1361,0.0039,0.3783,0.4710,0.7890,0.0082,0.1182,0.0546
541.2618,0.4648,0.1950,0.0164,0.4412,0.5910,0.7638,0.0053,0.1409,0.0391
403.5591,0.3442,0.1241,0.0022,0.2753,0.2317,0.7507,0.0053,0.0007,0.0402
316.6632,0.4266,0.1496,0.0159,0.0114,0.3312,0.6435,0.0033,0.0357,0.0023
340.5397,0.3981,0.1371,0.0123,0.2839,0.5775,0.7775,0.0004,0.1783,0.0019
499.7070,0.3097,0.1872,0.0098,0.2375,0.4152,0.7749,0.0185,0.0131,0.0058
465.2030,0.3299,0.1405,0.0152,0.0365,0.3624,0.6618,0.0036,0.0790,0.0218
522.4114,0.4186,0.1343,0.0133,0.3656,0.5558,0.6984,0.0006,0.0292,0.0611
514.9749,0.3143,0.2004,0.0070,0.3036,0.4437,0.7314,0.0029,0.0049,0.1381
275.7456,0.4728,0.0923,0.0069,0.2279,0.3041,0.7664,0.0003,0.0172,0.0156
397.1904,0.3906,0.1259,0.0093,0.1730,0.5023,0.7822,0.0013,0.0752,0.0648
424.8298,0.4045,0.1748,0.0033,0.4930,0.5441,0.7512,0.0061,0.1882,0.0327
580.8128,0.6063,0.2283,0.0047,0.4465,0.5588,0.7178,0.0178,0.0373,0.0092
485.7751,0.3369,0.1823,0.0147,0.4498,0.5960,0.5696,0.0098,0.0077,0.0203
294.7558,0.4485,0.1635,0.0106,0.0100,0.4864,0.6044,0.0006,0.0093,0.0178
389.9884,0.4327,0.2003,0.0030,0.4388,0.5090,0.7993,0.0116,0.0561,0.0369
521.2423,0.3144,0.1630,0.0113,0.3974,0.5898,0.7965,0.0034,0.1890,0.1381
549.2791,0.3454,0.1483,0.0349,0.4827,0.5937,0.7401,0.0133,0.0263,0.0521
376.3990,0.4047,0.1969,0.0084,0.3369,0.4561,0.6864,0.0051,0.0068,0.0005
342.6376,0.3807,0.1489,0.0169,0.1546,0.3783,0.7141,0.0046,0.0054,0.0803
368.1493,0.3263,0.1949,0.0294,0.4518,0.5437,0.7890,0.0070,0.0101,0.0362
441.1865,0.3663,0.1766,0.0105,0.4692,0.5105,0.6911,0.0004,0.1227,0.0614
301.9912,0.4351,0.1048,0.0241,0.0009,0.2884,0.3215,0.0012,0.0330,0.0451
530.0472,0.5426,0.2207,0.0088,0.4770,0.5563,0.7415,0.0090,0.1037,0.0420
578.1037,0.9596,0.2091,0.0033,0.4591,0.5145,0.6607,0.0020,0.0096,0.0545
337.2638,0.4129,0.1714,0.0051,0.0685,0.2378,0.5887,0.0010,0.0177,0.0161
512.1437,0.4536,0.1720,0.0275,0.4525,0.5991,0.7193,0.0046,0.0951,0.0205
373.8522,0.3881,0.0844,0.0119,0.1614,0.5607,0.7509,0.0012,0.0075,0.0168
505.1849,0.8029,0.2641,0.0034,0.4952,0.5931,0.5017,0.0178,0.0043,0.0152
434.3155,0.3262,0.1339,0.0042,0.1407,0.5038,0.6770,0.0101,0.0088,0.0292
528.6737,0.9837,0.2026,0.0027,0.4850,0.5813,0.7148,0.0148,0.0191,0.0822
352.1626,0.3486,0.1674,0.0260,0.4115,0.4348,0.7766,0.0046,0.0437,0.0040
504.0980,0.3231,0.2534,0.0258,0.4251,0.5954,0.6288,0.0017,0.0190,0.0424
588.8534,0.3367,0.2198,0.0135,0.4112,0.4853,0.6907,0.0037,0.1036,0.0034
443.4124,0.3193,0.2278,0.0091,0.0962,0.5411,0.7787,0.0044,0.0007,0.0569
401.7906,0.3438,0.1437,0.0143,0.4567,0.5642,0.7971,0.0001,0.1707,0.0867
503.2408,0.3318,0.1691,0.0082,0.4421,0.3512,0.7550,0.0114,0.0045,0.0652
488.7707,0.3804,0.1657,0.0028,0.3409,0.5525,0.7111,0.0055,0.0491,0.0990
474.0002,0.3085,0.1482,0.0249,0.3115,0.5113,0.6713,0.0158,0.0017,0.0099
424.0234,0.3183,0.2315,0.0138,0.4786,0.5368,0.7509,0.0171,0.0362,0.0257
453.0140,0.4633,0.2133,0.0038,0.4764,0.5750,0.5880,0.0040,0.0652,0.0412
537.0093,0.3795,0.2061,0.0078,0.4973,0.4488,0.7694,0.0056,0.1648,0.0051
589.9860,0.8762,0.1789,0.0108,0.4546,0.5789,0.7443,0.0035,0.1021,0.0143
445.9199,0.3570,0.1090,0.0068,0.0253,0.4806,0.7079,0.0037,0.0360,0.0909
519.0506,0.6369,0.1830,0.0056,0.4842,0.4920,0.6618,0.0053,0.0090,0.0365
536.1505,0.3487,0.2053,0.0051,0.3260,0.5062,0.7270,0.0025,0.1174,0.0201
384.1095,0.3566,0.1350,0.0043,0.0612,0.2462,0.7790,0.0079,0.0816,0.0136
437.2188,0.4351,0.2401,0.0164,0.4066,0.5209,0.7938,0.0009,0.0121,0.0641
335.8033,0.3885,0.1669,0.0032,0.3243,0.5126,0.7813,0.0098,0.0722,0.0417
506.6630,0.6268,0.1451,0.0031,0.4990,0.5393,0.6459,0.0023,0.0872,0.0194
517.2780,0.3280,0.1854,0.0019,0.3833,0.5548,0.5437,0.0085,0.0288,0.0149
543.2304,0.3013,0.1235,0.0111,0.0602,0.5130,0.7139,0.0122,0.0139,0.0198
286.1928,0.3958,0.1814,0.0274,0.2629,0.5517,0.7721,0.0030,0.0069,0.0201
501.0190,0.8129,0.2403,0.0159,0.4844,0.5760,0.6737,0.0006,0.1067,0.0167
564.9513,0.3495,0.2520,0.0211,0.4515,0.5026,0.7491,0.0086,0.0137,0.0481
455.5742,0.3949,0.1213,0.0202,0.4648,0.5780,0.7240,0.0015,0.0240,0.1075
462.3100,0.3351,0.1796,0.0124,0.4018,0.4480,0.7024,0.0049,0.0102,0.1061
318.8134,0.4292,0.1005,0.0077,0.0264,0.4378,0.4386,0.0055,0.0315,0.0312
583.6062,0.3209,0.2453,0.0069,0.4713,0.5413,0.6274,0.0018,0.1191,0.0683
432.1323,0.9526,0.2797,0.0076,0.4580,0.5529,0.7205,0.0008,0.0060,0.0009
575.3325,0.4741,0.2172,0.0291,0.4933,0.5796,0.6483,0.0153,0.0054,0.0215
454.4875,0.3346,0.1565,0.0044,0.3080,0.5513,0.7626,0.0038,0.2037,0.0473
571.7279,0.8629,0.2758,0.0062,0.4325,0.5967,0.7031,0.0084,0.0059,0.0581
548.5606,0.3048,0.1169,0.0189,0.4276,0.5630,0.6753,0.0093,0.0253,0.0613
597.8138,0.4303,0.1836,0.0016,0.4896,0.4350,0.7203,0.0072,0.0109,0.1042
480.9014,0.3127,0.1873,0.0181,0.1940,0.3035,0.7682,0.0009,0.0610,0.0362
429.8212,0.4785,0.1554,0.0141,0.4354,0.5192,0.7578,0.0001,0.0442,0.0712
524.5295,0.4438,0.1961,0.0298,0.4684,0.5216,0.7347,0.0078,0.0339,0.0030
576.3331,0.6505,0.2065,0.0070,0.4233,0.5772,0.5447,0.0040,0.0271,0.0279
471.6680,0.3063,0.1509,0.0014,0.3526,0.4072,0.7884,0.0107,0.0179,0.1175
485.2147,0.3562,0.1523,0.0097,0.4851,0.5892,0.6758,0.0073,0.0439,0.1415
420.7639,0.3373,0.1709,0.0040,0.0086,0.4355,0.3273,0.0086,0.0044,0.0821
567.7331,0.3700,0.2150,0.0155,0.4669,0.4229,0.7029,0.0016,0.0660,0.0091
390.9420,0.3636,0.1057,0.0167,0.3625,0.5915,0.7984,0.0035,0.0877,0.0265
575.1280,0.4531,0.1484,0.0050,0.4049,0.5451,0.7245,0.0044,0.0429,0.0810
538.4218,0.3856,0.1720,0.0100,0.4372,0.5386,0.7662,0.0132,0.1170,0.0147
365.9284,0.3611,0.1356,0.0136,0.3509,0.5327,0.7669,0.0040,0.0148,0.1158
459.3754,0.3201,0.2713,0.0059,0.3859,0.5244,0.7485,0.0055,0.0695,0.0261
511.3639,0.4965,0.2511,0.0012,0.3781,0.5429,0.7061,0.0039,0.0134,0.0344
321.6226,0.4004,0.1336,0.0013,0.0110,0.4899,0.5136,0.0048,0.0482,0.0933
598.9769,0.3989,0.2833,0.0072,0.4737,0.4768,0.7933,0.0025,0.0688,0.0624
524.1223,0.6873,0.2715,0.0019,0.4641,0.5951,0.6245,0.0057,0.1242,0.0139
380.2288,0.5752,0.2391,0.0120,0.4816,0.5910,0.7196,0.0069,0.0124,0.0437
531.2353,0.3407,0.2147,0.0037,0.2029,0.5922,0.7530,0.0035,0.0141,0.0741
359.6374,0.3825,0.1435,0.0071,0.0572,0.1149,0.7036,0.0001,0.0564,0.0995
468.6373,0.8152,0.2862,0.0047,0.4571,0.5920,0.6777,0.0088,0.0242,0.0131
401.7133,0.3361,0.1661,0.0124,0.1184,0.3338,0.7525,0.0124,0.0406,0.0267
541.9172,0.3057,0.1741,0.0039,0.1866,0.4929,0.5013,0.0015,0.0193,0.0347
456.0958,0.3462,0.1753,0.0484,0.4961,0.5972,0.7916,0.0028,0.0145,0.1319
547.3344,0.3716,0.1079,0.0199,0.2439,0.5685,0.7966,0.0014,0.0038,0.0390
497.1788,0.4338,0.1721,0.0157,0.4562,0.5125,0.7479,0.0023,0.0632,0.0799
575.4147,0.3382,0.1472,0.0012,0.4676,0.5994,0.5831,0.0191,0.0335,0.0246
332.3053,0.4102,0.1771,0.0011,0.1207,0.5741,0.7643,0.0002,0.0626,0.0622
394.1951,0.3533,0.1607,0.0234,0.4348,0.4956,0.7930,0.0094,0.0610,0.0469
585.0038,0.5271,0.1419,0.0217,0.4269,0.5709,0.7183,0.0012,0.0049,0.0525
429.2387,0.4180,0.2245,0.0023,0.3477,0.5594,0.7082,0.0101,0.0035,0.0286
466.3708,0.3098,0.2169,0.0127,0.3176,0.5541,0.7510,0.0014,0.0816,0.1166
528.4766,0.3364,0.1077,0.0086,0.4766,0.4566,0.7209,0.0031,0.0645,0.0683
589.0909,0.4773,0.2573,0.0180,0.4519,0.5105,0.7764,0.0018,0.0305,0.0596
534.7126,0.3143,0.1000,0.0143,0.1776,0.3119,0.7809,0.0020,0.0137,0.0071
415.3447,0.3435,0.1830,0.0408,0.4220,0.3457,0.7760,0.0032,0.0054,0.0073
486.9429,0.3137,0.1605,0.0103,0.1689,0.3888,0.7176,0.0051,0.0004,0.1270
542.2275,0.4020,0.1709,0.0122,0.5000,0.5939,0.6263,0.0079,0.1076,0.0585
579.9858,0.6849,0.1672,0.0068,0.4392,0.4778,0.7955,0.0011,0.0133,0.0115
530.2916,0.3576,0.2604,0.0105,0.3787,0.5976,0.7256,0.0059,0.0314,0.0819
467.6142,0.3356,0.1214,0.0024,0.4291,0.4888,0.7120,0.0130,0.0777,0.0280
336.8313,0.4002,0.1123,0.0101,0.3770,0.5423,0.7789,0.0033,0.0790,0.0615
337.0546,0.3722,0.1599,0.0069,0.2620,0.5047,0.6746,0.0139,0.0065,0.0225
415.8491,0.4487,0.2639,0.0027,0.4823,0.5520,0.6766,0.0036,0.0319,0.0586
562.5258,0.6252,0.2887,0.0044,0.4746,0.5314,0.7582,0.0070,0.0504,0.0365
408.4328,0.3685,0.1126,0.0057,0.0194,0.5194,0.5567,0.0039,0.0587,0.0746
451.4080,0.4921,0.1617,0.0065,0.4847,0.5501,0.7188,0.0028,0.0619,0.1139
527.7427,0.3186,0.1410,0.0021,0.4925,0.5336,0.7925,0.0066,0.0058,0.3367
433.4073,0.3239,0.1556,0.0442,0.3983,0.4570,0.7801,0.0050,0.0395,0.0358
442.0286,0.6783,0.2550,0.0183,0.4993,0.5789,0.7222,0.0049,0.0441,0.0374
581.2596,0.3093,0.1755,0.0125,0.2937,0.5078,0.6220,0.0053,0.0321,0.0386
534.4172,0.3045,0.1818,0.0026,0.0172,0.4249,0.7045,0.0003,0.0762,0.0339
575.7050,0.3155,0.2180,0.0269,0.4311,0.5570,0.7922,0.0007,0.0709,0.1627
445.5818,0.9605,0.2284,0.0054,0.4685,0.5726,0.5236,0.0037,0.0085,0.0121
477.3674,0.3877,0.1868,0.0014,0.3150,0.4934,0.6708,0.0030,0.0311,0.0484
518.4795,0.3000,0.1607,0.0365,0.3569,0.5468,0.6188,0.0019,0.0411,0.0168
550.9827,0.5767,0.1732,0.0081,0.4047,0.5997,0.7050,0.0051,0.0623,0.0429
385.4585,0.3324,0.2033,0.0200,0.4600,0.3554,0.7728,0.0021,0.0302,0.0728
419.9214,0.4032,0.1294,0.0125,0.3969,0.4835,0.7474,0.0042,0.0060,0.0849
491.4200,0.3451,0.2327,0.0017,0.4393,0.5687,0.7463,0.0108,0.1637,0.0270
343.8765,0.3630,0.1646,0.0019,0.0862,0.5608,0.7580,0.0048,0.0797,0.0273
473.3689,0.3181,0.1444,0.0319,0.1161,0.5276,0.7226,0.0076,0.0424,0.0131
420.0643,0.3471,0.1357,0.0188,0.0690,0.3039,0.5098,0.0034,0.0302,0.0214
367.4968,0.3895,0.1489,0.0058,0.0518,0.3109,0.7171,0.0130,0.0136,0.0037
578.1583,0.3730,0.2571,0.0057,0.4790,0.4370,0.7524,0.0106,0.0014,0.0546
487.7810,0.3241,0.1297,0.0143,0.0249,0.4472,0.7095,0.0089,0.0016,0.0742
379.9882,0.3980,0.1338,0.0069,0.2916,0.3235,0.7554,0.0030,0.0706,0.0157
428.9120,0.3375,0.2000,0.0136,0.3535,0.2033,0.7965,0.0007,0.0386,0.0218
342.2313,0.3715,0.1588,0.0120,0.0046,0.4359,0.5313,0.0121,0.0218,0.0450
511.6466,0.3018,0.1376,0.0085,0.3170,0.3106,0.7689,0.0050,0.0725,0.0135
557.3979,0.7545,0.1813,0.0217,0.4521,0.5843,0.6596,0.0059,0.0236,0.0029
509.4513,0.3430,0.1851,0.0149,0.4851,0.4953,0.7426,0.0027,0.0804,0.1360
581.4145,0.3866,0.1299,0.0011,0.2585,0.5542,0.7845,0.0059,0.0623,0.0056
389.6985,0.3858,0.1169,0.0122,0.1711,0.2886,0.5799,0.0027,0.0131,0.0035
478.5594,0.3514,0.1675,0.0157,0.3811,0.5425,0.7159,0.0011,0.1657,0.0173
527.7045,0.3711,0.1872,0.0130,0.4652,0.5486,0.6141,0.0071,0.0500,0.0429
518.5108,0.3787,0.2072,0.0259,0.3218,0.5308,0.7996,0.0013,0.0156,0.0464
433.7985,0.3389,0.1434,0.0245,0.0103,0.5594,0.4942,0.0026,0.0202,0.0600
456.2424,0.3122,0.2047,0.0153,0.4372,0.5073,0.6990,0.0168,0.0026,0.0347
420.1940,0.4571,0.1759,0.0024,0.4243,0.5923,0.6631,0.0049,0.0508,0.0808
442.6393,0.3512,0.1926,0.0206,0.2872,0.4589,0.7809,0.0002,0.0470,0.0611
282.1102,0.4134,0.1464,0.0048,0.2195,0.3804,0.7530,0.0095,0.0485,0.0000
497.5688,0.4210,0.2187,0.0239,0.4913,0.5599,0.6626,0.0017,0.0325,0.0872
532.8146,0.3065,0.1446,0.0088,0.4293,0.4397,0.6412,0.0045,0.0087,0.1085
402.5417,0.5235,0.2036,0.0077,0.4871,0.5930,0.7498,0.0109,0.0035,0.1180
554.3526,0.4137,0.1613,0.0151,0.2851,0.5498,0.7403,0.0004,0.0049,0.0413
590.2571,0.3217,0.2353,0.0053,0.3471,0.4141,0.7813,0.0032,0.0293,0.0593
269.9685,0.4344,0.1895,0.0021,0.1362,0.4903,0.7561,0.0021,0.0055,0.0292
447.7498,0.3298,0.1727,0.0225,0.3260,0.5998,0.7851,0.0076,0.0068,0.1546
332.0285,0.4436,0.1315,0.0124,0.0934,0.4964,0.6463,0.0008,0.0318,0.0017
555.8785,0.3205,0.1321,0.0126,0.4407,0.5803,0.7153,0.0030,0.2221,0.0271
414.8634,0.3907,0.1560,0.0043,0.4626,0.4521,0.6584,0.0073,0.0077,0.0375
508.7583,0.3304,0.1121,0.0021,0.3330,0.1014,0.7291,0.0047,0.0166,0.0096
325.2609,0.3763,0.2459,0.0093,0.4079,0.5905,0.7745,0.0017,0.0586,0.0337
406.1129,0.3600,0.1652,0.0178,0.2518,0.3436,0.7694,0.0084,0.0155,0.0193
593.9253,0.3080,0.1051,0.0038,0.3763,0.5469,0.7566,0.0179,0.0526,0.0241
317.6240,0.4191,0.1397,0.0064,0.0191,0.2439,0.6619,0.0002,0.0233,0.1111
403.9170,0.3737,0.2122,0.0118,0.4276,0.5317,0.7430,0.0007,0.1365,0.0263
435.7186,0.6310,0.1800,0.0058,0.4569,0.5983,0.7095,0.0022,0.0817,0.0776
328.0498,0.3846,0.1255,0.0109,0.3160,0.4733,0.7636,0.0171,0.0072,0.0104
497.4790,0.3123,0.1707,0.0098,0.0039,0.3481,0.5093,0.0000,0.0485,0.0648
410.8855,0.3311,0.1616,0.0059,0.1931,0.4782,0.7601,0.0111,0.0325,0.0770
542.1687,0.4572,0.2164,0.0014,0.4648,0.4841,0.7920,0.0085,0.1378,0.0065
580.0515,0.6939,0.2125,0.0081,0.4743,0.5868,0.6152,0.0004,0.0435,0.1700
466.1977,0.3919,0.1008,0.0115,0.4838,0.5950,0.7706,0.0101,0.0528,0.0244
507.1233,0.3032,0.1532,0.0229,0.2528,0.5474,0.7190,0.0117,0.0791,0.0062
398.2028,0.3715,0.1095,0.0155,0.0383,0.5365,0.6332,0.0125,0.0133,0.0138
491.8485,0.3208,0.1749,0.0139,0.1946,0.5602,0.7869,0.0073,0.0896,0.0353
492.9632,0.4990,0.1966,0.0039,0.4655,0.5878,0.6572,0.0027,0.0692,0.1398
484.9242,0.3226,0.2311,0.0053,0.4577,0.4793,0.6058,0.0067,0.0131,0.0202
297.3645,0.4409,0.1224,0.0201,0.0177,0.5885,0.5759,0.0037,0.0120,0.0265
412.7364,0.3743,0.1551,0.0019,0.4004,0.4286,0.7964,0.0114,0.0733,0.0535
340.0289,0.3663,0.1390,0.0015,0.1313,0.4471,0.6801,0.0015,0.0106,0.0303
426.3792,0.3381,0.1479,0.0087,0.2503,0.5044,0.6834,0.0055,0.0242,0.1222
464.4070,0.3415,0.1463,0.0063,0.0600,0.4625,0.6431,0.0005,0.0923,0.0460
566.7222,0.7796,0.2503,0.0014,0.4765,0.5775,0.7172,0.0009,0.1645,0.0790
512.4202,0.3027,0.2102,0.0161,0.2959,0.3817,0.6955,0.0010,0.0113,0.0619
519.6920,0.4274,0.1518,0.0044,0.3579,0.5193,0.7324,0.0025,0.0249,0.0851
405.6427,0.3287,0.2375,0.0082,0.2281,0.4529,0.7832,0.0017,0.0953,0.0043
319.2924,0.3852,0.1759,0.0039,0.3591,0.4947,0.7720,0.0052,0.0902,0.0455
476.8686,0.3398,0.1956,0.0337,0.3139,0.5903,0.6819,0.0024,0.0525,0.0017
498.7070,0.3608,0.2175,0.0198,0.4291,0.5825,0.7688,0.0170,0.0418,0.0290
575.1859,0.4181,0.2269,0.0101,0.4322,0.5289,0.5610,0.0038,0.0127,0.0223
599.0218,0.3168,0.1594,0.0091,0.3275,0.5177,0.7580,0.0138,0.0962,0.0075
271.5250,0.3912,0.1977,0.0056,0.4602,0.4407,0.7926,0.0005,0.0393,0.0157
584.5981,0.3462,0.1746,0.0023,0.4599,0.4493,0.7081,0.0078,0.1408,0.0147
431.5961,0.3337,0.1554,0.0135,0.1331,0.5716,0.7211,0.0132,0.0127,0.0613
438.5767,0.3820,0.2372,0.0194,0.4925,0.5646,0.7352,0.0035,0.1185,0.0211
488.5882,0.3523,0.0952,0.0244,0.3334,0.4497,0.7682,0.0017,0.0278,0.0216
473.5913,0.6759,0.2190,0.0028,0.4491,0.5940,0.7723,0.0135,0.0338,0.0652
338.1156,0.4217,0.1148,0.0140,0.0918,0.3368,0.5604,0.0029,0.0032,0.0229
575.4390,0.9699,0.2033,0.0189,0.4512,0.5609,0.6402,0.0039,0.0066,0.0116
598.7987,0.4557,0.1118,0.0062,0.4385,0.5856,0.6133,0.0032,0.0246,0.0098
441.6558,0.3516,0.1558,0.0040,0.3245,0.2491,0.6991,0.0061,0.0332,0.0030
431.0137,0.3693,0.1024,0.0043,0.1426,0.3961,0.7114,0.0010,0.0931,0.0440
586.1895,0.3238,0.1945,0.0043,0.4348,0.5894,0.7347,0.0006,0.1007,0.2758
444.2645,0.3076,0.1829,0.0246,0.1195,0.5338,0.7444,0.0025,0.0155,0.0120
280.4764,0.4559,0.1704,0.0037,0.4345,0.5496,0.7733,0.0080,0.0144,0.0122
506.5965,0.5934,0.2228,0.0102,0.4639,0.5231,0.7647,0.0017,0.1174,0.0042
455.8227,0.3608,0.1266,0.0020,0.0108,0.2730,0.4708,0.0011,0.0104,0.1083
546.1833,0.8326,0.2343,0.0050,0.4739,0.5476,0.6581,0.0097,0.0616,0.0050
361.6037,0.3731,0.1462,0.0036,0.1145,0.3335,0.6051,0.0083,0.0606,0.0178
472.2178,0.4197,0.2058,0.0089,0.4562,0.5437,0.6899,0.0077,0.0985,0.0131
425.8744,0.6563,0.1942,0.0037,0.4818,0.5350,0.6069,0.0009,0.0054,0.0612
476.7189,0.3187,0.1384,0.0095,0.2879,0.5636,0.6291,0.0177,0.0151,0.0104
496.1521,0.3166,0.1279,0.0053,0.1263,0.2978,0.7372,0.0107,0.0595,0.0121
421.4694,0.3095,0.1826,0.0046,0.4865,0.5383,0.7693,0.0190,0.0226,0.1212
516.4967,0.6471,0.2279,0.0144,0.4921,0.5833,0.6430,0.0085,0.0118,0.0957
557.7913,0.4859,0.2148,0.0032,0.4943,0.5296,0.7258,0.0104,0.0415,0.1337
504.1477,0.3393,0.1203,0.0233,0.4654,0.4737,0.7969,0.0145,0.0169,0.0295
524.4516,0.3876,0.1865,0.0093,0.4024,0.5878,0.7560,0.0118,0.0219,0.1275
400.8298,0.3595,0.1456,0.0050,0.4490,0.5109,0.7549,0.0032,0.1829,0.0526
352.0098,0.4041,0.1625,0.0090,0.4852,0.2981,0.7889,0.0086,0.0055,0.0173
485.1282,0.3002,0.1661,0.0286,0.4248,0.5148,0.7836,0.0132,0.0507,0.0690
577.4846,0.3920,0.2868,0.0064,0.4681,0.5283,0.7773,0.0164,0.0263,0.0367
366.3801,0.3757,0.1156,0.0064,0.0008,0.1551,0.6874,0.0188,0.0339,0.0105
430.8716,0.4579,0.1555,0.0092,0.4802,0.5425,0.7990,0.0048,0.0926,0.0957
516.7377,0.3733,0.1441,0.0047,0.3808,0.5906,0.7497,0.0070,0.0927,0.1075
323.5616,0.4189,0.1836,0.0036,0.3790,0.5522,0.6956,0.0046,0.0265,0.0382
402.9182,0.3457,0.1706,0.0240,0.0650,0.5368,0.7284,0.0051,0.0279,0.0408
442.1746,0.3212,0.1931,0.0055,0.4877,0.5138,0.7067,0.0092,0.1581,0.0127
595.6315,0.4380,0.1673,0.0088,0.4109,0.5853,0.7095,0.0157,0.0097,0.0638
505.0909,0.3423,0.1503,0.0204,0.4151,0.5158,0.6204,0.0026,0.0389,0.0246
558.6081,0.3158,0.1516,0.0111,0.4472,0.3352,0.7654,0.0065,0.0843,0.0298
536.0904,0.4947,0.2346,0.0037,0.4956,0.5538,0.7893,0.0001,0.2143,0.0981
428.4849,0.3128,0.1857,0.0376,0.2680,0.4495,0.7790,0.0028,0.0327,0.0079
471.5718,0.3018,0.2063,0.0102,0.1822,0.5947,0.6786,0.0031,0.1200,0.0054
519.6160,0.3396,0.0988,0.0091,0.0231,0.4196,0.7701,0.0014,0.0244,0.0627
560.8039,0.3297,0.2335,0.0185,0.3729,0.5255,0.7937,0.0038,0.0734,0.0600
540.3524,0.3249,0.2787,0.0086,0.4985,0.5219,0.6819,0.0051,0.0952,0.0285
478.0810,0.3213,0.1709,0.0128,0.3313,0.3635,0.7744,0.0094,0.0417,0.0509
581.8609,0.7391,0.2746,0.0016,0.4377,0.5484,0.5993,0.0031,0.0018,0.0548
437.4182,0.5012,0.2426,0.0130,0.4907,0.5444,0.7566,0.0043,0.1137,0.0011
464.4916,0.3466,0.1636,0.0043,0.4482,0.5411,0.6917,0.0135,0.0113,0.1154
333.1861,0.3650,0.1999,0.0089,0.0015,0.5793,0.6377,0.0050,0.0395,0.0336
511.1939,0.3266,0.1230,0.0427,0.3094,0.5646,0.7904,0.0084,0.0080,0.0237
543.4293,0.3165,0.1065,0.0148,0.3227,0.3377,0.7082,0.0028,0.0474,0.0194
345.5830,0.4082,0.1019,0.0076,0.1228,0.5829,0.7104,0.0013,0.1133,0.0271
405.6867,0.3792,0.1501,0.0334,0.3689,0.5897,0.7909,0.0051,0.0636,0.0299
569.9429,0.3117,0.1360,0.0197,0.3901,0.5818,0.6923,0.0106,0.0671,0.0421
564.1648,0.5480,0.1491,0.0034,0.4731,0.5844,0.5774,0.0097,0.0397,0.0320
536.9320,0.5836,0.1702,0.0135,0.4783,0.5152,0.7915,0.0117,0.0101,0.0328
413.7706,0.3718,0.1232,0.0052,0.4808,0.4819,0.6209,0.0009,0.0209,0.0388
306.2342,0.3994,0.1486,0.0190,0.2482,0.5817,0.7635,0.0076,0.0178,0.0413
469.4557,0.3863,0.1981,0.0094,0.3052,0.5037,0.7932,0.0021,0.0168,0.0893
544.3379,0.3646,0.2553,0.0173,0.4883,0.5170,0.7631,0.0124,0.0462,0.0371
529.4108,0.4165,0.2500,0.0057,0.4940,0.5865,0.5982,0.0092,0.0165,0.1114
522.5350,0.3163,0.1357,0.0027,0.0077,0.4922,0.7279,0.0083,0.0459,0.0497
543.2715,0.3070,0.1867,0.0020,0.4826,0.4504,0.7534,0.0046,0.1157,0.1619
329.1425,0.4036,0.1547,0.0116,0.3655,0.4924,0.7973,0.0110,0.0203,0.0413
378.3254,0.3673,0.1887,0.0232,0.3643,0.5968,0.6761,0.0048,0.0365,0.0167
341.1145,0.3966,0.1723,0.0022,0.1754,0.4876,0.7089,0.0053,0.0356,0.0479
413.3707,0.3881,0.1260,0.0010,0.4181,0.5375,0.7647,0.0156,0.0489,0.0431
512.7748,0.3601,0.2137,0.0132,0.4956,0.5773,0.7618,0.0094,0.1962,0.0321
435.3575,0.3798,0.1314,0.0159,0.4081,0.5754,0.5975,0.0036,0.0009,0.0180
534.5132,0.3090,0.1142,0.0120,0.4395,0.4874,0.7782,0.0127,0.0470,0.0850
443.8685,0.4853,0.1582,0.0073,0.4474,0.5958,0.7348,0.0167,0.0282,0.0302
470.4084,0.3747,0.2686,0.0039,0.4908,0.5991,0.7995,0.0062,0.1321,0.1172
520.8137,0.3589,0.1263,0.0050,0.3395,0.4152,0.7036,0.0093,0.0024,0.0237
396.8645,0.3463,0.1810,0.0044,0.0399,0.1709,0.7399,0.0010,0.0417,0.0955
272.3231,0.4369,0.1500,0.0145,0.0215,0.2521,0.4201,0.0054,0.0049,0.0042
591.2951,0.5593,0.1878,0.0420,0.4773,0.5940,0.6552,0.0002,0.0105,0.0653
461.3332,0.3967,0.2345,0.0260,0.4816,0.5609,0.7575,0.0122,0.0207,0.0281
329.6524,0.3872,0.1555,0.0076,0.3028,0.5152,0.6579,0.0050,0.0484,0.0199
392.6637,0.5938,0.1658,0.0063,0.4797,0.5973,0.7560,0.0054,0.1116,0.0324
467.5182,0.3434,0.1889,0.0114,0.0984,0.4263,0.7555,0.0006,0.0509,0.0039
424.6370,0.3326,0.2108,0.0365,0.4494,0.5545,0.7333,0.0010,0.1019,0.0022
475.5634,0.3207,0.1812,0.0172,0.3058,0.3442,0.6916,0.0042,0.0279,0.0214
557.3046,0.3081,0.1265,0.0164,0.0727,0.5847,0.7514,0.0062,0.0637,0.0175
522.7520,0.3453,0.2491,0.0035,0.4312,0.5481,0.7083,0.0146,0.0633,0.0275
445.6605,0.3426,0.1515,0.0065,0.1923,0.5729,0.6982,0.0007,0.1665,0.0342
403.8452,0.3343,0.1744,0.0356,0.0371,0.3873,0.7667,0.0072,0.0224,0.0049
475.1260,0.3234,0.1335,0.0124,0.3877,0.5311,0.7258,0.0068,0.1296,0.0475
302.7438,0.4215,0.1920,0.0175,0.4469,0.5207,0.7815,0.0024,0.0091,0.0459
491.1472,0.6291,0.2593,0.0089,0.4933,0.5474,0.5788,0.0012,0.0371,0.0416
514.3419,0.7930,0.1652,0.0224,0.4904,0.5810,0.5518,0.0017,0.0173,0.0018
484.6480,0.3247,0.1492,0.0222,0.4487,0.2610,0.7933,0.0102,0.0190,0.0088
362.2757,0.3921,0.1165,0.0029,0.0631,0.1006,0.5812,0.0048,0.0433,0.0631
486.8467,0.3167,0.2282,0.0013,0.3744,0.5763,0.7650,0.0175,0.1236,0.0076
587.9355,0.3402,0.1314,0.0258,0.3607,0.5320,0.6889,0.0062,0.0278,0.0058
490.0866,0.3373,0.1242,0.0090,0.3909,0.4672,0.7416,0.0022,0.1626,0.0297
538.5160,0.3978,0.1825,0.0237,0.4539,0.5894,0.7786,0.0043,0.1762,0.0303
386.7654,0.3602,0.1574,0.0151,0.3823,0.5086,0.7777,0.0107,0.0290,0.0812
594.7887,0.8242,0.2335,0.0115,0.4487,0.5756,0.4174,0.0012,0.0045,0.0230
374.7546,0.3585,0.1413,0.0162,0.1493,0.4920,0.6909,0.0008,0.0555,0.0324
577.2552,0.8371,0.2655,0.0246,0.4800,0.5831,0.5936,0.0024,0.0389,0.0275
540.0968,0.3378,0.2085,0.0016,0.2973,0.5555,0.6765,0.0017,0.0560,0.0988
350.8865,0.3796,0.1333,0.0096,0.4426,0.1364,0.7562,0.0044,0.0233,0.0148
440.2832,0.4242,0.2999,0.0144,0.4666,0.5713,0.7507,0.0001,0.0770,0.0040
597.0992,0.3232,0.1741,0.0127,0.4732,0.5454,0.5969,0.0005,0.0567,0.1305
417.5187,0.3406,0.1583,0.0081,0.2499,0.5262,0.7441,0.0097,0.0649,0.0756
334.6830,0.3751,0.1299,0.0041,0.3689,0.4213,0.7486,0.0034,0.0502,0.0128
500.6000,0.3127,0.1645,0.0160,0.3052,0.5974,0.7346,0.0078,0.1309,0.0434
487.0308,0.3987,0.0897,0.0032,0.4582,0.5508,0.7844,0.0088,0.0022,0.0509
351.0835,0.4137,0.1318,0.0156,0.0214,0.4722,0.5029,0.0029,0.0179,0.0300
403.9857,0.3659,0.1450,0.0029,0.0999,0.4692,0.7240,0.0132,0.0344,0.0257
566.0269,0.4123,0.2773,0.0220,0.4957,0.4631,0.7808,0.0044,0.0339,0.0043
573.3119,0.3203,0.0861,0.0108,0.4327,0.5990,0.7399,0.0017,0.0003,0.1420
521.5797,0.3076,0.2938,0.0035,0.3593,0.5732,0.6632,0.0005,0.0371,0.0548
501.5665,0.3667,0.0935,0.0051,0.4912,0.3425,0.7556,0.0024,0.0103,0.0349
382.3119,0.3511,0.1980,0.0255,0.2371,0.3137,0.7623,0.0035,0.0093,0.0114
440.4303,0.3421,0.1447,0.0155,0.3667,0.5458,0.7701,0.0113,0.0481,0.0835
509.6643,0.6262,0.1884,0.0084,0.4128,0.5969,0.7835,0.0025,0.0560,0.0872
520.7204,0.3030,0.1281,0.0332,0.2735,0.3802,0.7870,0.0102,0.0145,0.0181
562.6215,0.3055,0.1209,0.0010,0.4932,0.5654,0.7303,0.0168,0.1703,0.0095
381.9284,0.5304,0.1768,0.0070,0.4459,0.5528,0.7663,0.0096,0.0541,0.0039
597.1606,0.3566,0.2206,0.0022,0.4380,0.5302,0.6847,0.0010,0.0353,0.2096
432.8013,0.3487,0.1503,0.0015,0.1758,0.2746,0.7598,0.0094,0.0745,0.0137
357.9313,0.4278,0.0812,0.0021,0.0303,0.1531,0.7820,0.0035,0.0241,0.0438
539.9049,0.3468,0.1632,0.0118,0.2699,0.5091,0.6051,0.0023,0.0018,0.0371
446.4972,0.3193,0.1527,0.0098,0.0413,0.2217,0.7084,0.0128,0.0254,0.0071
437.7163,0.3407,0.1292,0.0058,0.2988,0.3082,0.7184,0.0054,0.1028,0.0094
504.7357,0.3928,0.1747,0.0404,0.4169,0.5503,0.7264,0.0019,0.0274,0.0224
370.4654,0.3698,0.1521,0.0011,0.3857,0.2928,0.6653,0.0065,0.0193,0.0110
413.3377,0.3061,0.2562,0.0030,0.2563,0.4964,0.7921,0.0068,0.0767,0.0134
534.1181,0.3862,0.1907,0.0015,0.4747,0.5962,0.6284,0.0134,0.0075,0.1571
459.3317,0.3261,0.1856,0.0050,0.2111,0.1337,0.7474,0.0016,0.0214,0.0496
566.6508,0.3944,0.1892,0.0161,0.4802,0.5112,0.7327,0.0053,0.0552,0.1095
397.6961,0.5089,0.1571,0.0028,0.4095,0.4429,0.7392,0.0020,0.0047,0.0300
404.1435,0.5680,0.2082,0.0175,0.4725,0.5551,0.7839,0.0041,0.0365,0.0465
467.4644,0.3524,0.1437,0.0035,0.0632,0.4112,0.6550,0.0012,0.0061,0.1002
490.8410,0.3141,0.1175,0.0063,0.3740,0.3197,0.7862,0.0139,0.0200,0.0391
320.5198,0.3866,0.1633,0.0020,0.0612,0.4444,0.5473,0.0084,0.0730,0.0060
415.7069,0.3616,0.1777,0.0108,0.1447,0.3859,0.7629,0.0025,0.0313,0.0466
433.9483,0.9076,0.2171,0.0019,0.4858,0.5907,0.7672,0.0029,0.0395,0.1457
585.3125,0.4509,0.1832,0.0119,0.4445,0.5949,0.6121,0.0046,0.0764,0.0758
585.0895,0.3272,0.2444,0.0026,0.3217,0.5064,0.7163,0.0127,0.0092,0.0142
599.6230,0.3853,0.2458,0.0081,0.4540,0.4578,0.7675,0.0093,0.0538,0.0203
423.3152,0.3490,0.1374,0.0130,0.3729,0.5566,0.7340,0.0062,0.1117,0.0534
439.6821,0.5763,0.2300,0.0038,0.4202,0.5256,0.6980,0.0014,0.0167,0.0313
406.9495,0.3639,0.1272,0.0040,0.1797,0.5518,0.7726,0.0106,0.0942,0.0335
532.1010,0.4026,0.1976,0.0055,0.4124,0.5421,0.7405,0.0080,0.0732,0.0782
423.5725,0.3397,0.1940,0.0157,0.1462,0.1660,0.7239,0.0038,0.0037,0.0076
496.5257,0.3325,0.1393,0.0148,0.4754,0.4222,0.7817,0.0059,0.0406,0.1282
388.8215,0.3900,0.1429,0.0048,0.2082,0.3017,0.7025,0.0022,0.0375,0.0395
464.6252,0.3152,0.1540,0.0340,0.3841,0.5058,0.7989,0.0069,0.0093,0.1264
473.5722,0.3306,0.1263,0.0230,0.0638,0.1878,0.5534,0.0026,0.0336,0.0036
595.7596,0.4063,0.1496,0.0297,0.4760,0.5187,0.7499,0.0048,0.0071,0.0810
487.6755,0.9561,0.2298,0.0047,0.4983,0.5958,0.5661,0.0023,0.1114,0.0680
414.0397,0.3190,0.2017,0.0100,0.4457,0.5917,0.7858,0.0003,0.0745,0.2126
502.8124,0.3098,0.1314,0.0091,0.1827,0.3478,0.7203,0.0095,0.0353,0.0211
393.0767,0.4110,0.1350,0.0228,0.3837,0.4698,0.7681,0.0036,0.0413,0.0121
321.9024,0.4108,0.1582,0.0097,0.0334,0.5614,0.6343,0.0001,0.0947,0.0106
478.8506,0.4265,0.1780,0.0050,0.4778,0.5854,0.7049,0.0116,0.1415,0.0281
573.6687,0.5290,0.2248,0.0136,0.4811,0.5680,0.5826,0.0010,0.1143,0.0374
566.9884,0.8449,0.2066,0.0088,0.4679,0.5972,0.6743,0.0110,0.0285,0.0864
572.5880,0.3782,0.1391,0.0036,0.2412,0.5956,0.7358,0.0089,0.0268,0.0158
457.4267,0.3711,0.1938,0.0028,0.3794,0.3356,0.7702,0.0007,0.0649,0.0347
481.0156,0.3610,0.2689,0.0303,0.4871,0.5628,0.7271,0.0051,0.0302,0.0246
558.2783,0.7203,0.2041,0.0144,0.4267,0.5690,0.7872,0.0092,0.0011,0.0292
287.4213,0.4156,0.1519,0.0069,0.2803,0.4021,0.6767,0.0051,0.0125,0.0054
504.8521,0.8591,0.2052,0.0094,0.4937,0.5312,0.7130,0.0033,0.0002,0.0930
529.4853,0.3022,0.2040,0.0294,0.3010,0.5888,0.7486,0.0021,0.0829,0.0595
466.9310,0.6855,0.2234,0.0112,0.4858,0.5518,0.7868,0.0073,0.0563,0.0460
450.7172,0.3413,0.1389,0.0381,0.0388,0.5139,0.5509,0.0014,0.0022,0.0281
538.1330,0.3039,0.1536,0.0082,0.0705,0.4610,0.5686,0.0001,0.0430,0.0669
577.4472,0.3100,0.1561,0.0052,0.3643,0.5029,0.7423,0.0051,0.1486,0.0808
453.0608,0.3269,0.1666,0.0250,0.1742,0.5587,0.7364,0.0070,0.0446,0.0360
591.4754,0.7800,0.2355,0.0034,0.4059,0.5979,0.7376,0.0044,0.0585,0.0544
431.3310,0.3663,0.1016,0.0063,0.0323,0.1786,0.5270,0.0103,0.0281,0.0046
526.6603,0.4691,0.1704,0.0013,0.4507,0.4325,0.7685,0.0004,0.0230,0.1076
505.4775,0.3540,0.2288,0.0190,0.3877,0.5622,0.7863,0.0031,0.0182,0.1334
419.2598,0.3838,0.1664,0.0119,0.4098,0.4508,0.7821,0.0076,0.0214,0.0817
384.3437,0.4335,0.2330,0.0208,0.4719,0.5786,0.7410,0.0061,0.0171,0.0373
359.1850,0.3605,0.1644,0.0102,0.3175,0.5881,0.7717,0.0183,0.0538,0.0113
529.5222,0.3344,0.1162,0.0105,0.0052,0.2129,0.5325,0.0038,0.0031,0.0462
400.3645,0.3587,0.1180,0.0090,0.0885,0.5383,0.7019,0.0082,0.0311,0.0581
585.5488,0.6352,0.2863,0.0073,0.4185,0.5574,0.6206,0.0002,0.0040,0.0349
483.6964,0.3193,0.2376,0.0232,0.4154,0.5944,0.7918,0.0122,0.0307,0.0771
582.2508,0.3777,0.2213,0.0378,0.4658,0.5707,0.7825,0.0033,0.1439,0.0028
474.6292,0.5458,0.2976,0.0059,0.4401,0.5758,0.6694,0.0081,0.0030,0.0012
569.2490,0.7837,0.2675,0.0080,0.4892,0.5796,0.7022,0.0095,0.1149,0.0234
378.9138,0.3495,0.2046,0.0079,0.4252,0.4043,0.7979,0.0045,0.1120,0.0323
570.5893,0.3269,0.2156,0.0359,0.4845,0.5359,0.6541,0.0065,0.0245,0.0242
465.3433,0.3568,0.1226,0.0134,0.4558,0.5338,0.7337,0.0103,0.0047,0.0932
418.2460,0.3209,0.1990,0.0167,0.4058,0.4518,0.6686,0.0050,0.0582,0.0065
510.2880,0.3341,0.1641,0.0271,0.2861,0.5103,0.7640,0.0053,0.0134,0.0643
342.5051,0.4678,0.1091,0.0210,0.4761,0.5911,0.7879,0.0009,0.0060,0.0562
507.8097,0.3292,0.1366,0.0111,0.4230,0.5593,0.6488,0.0007,0.0522,0.1384
558.2499,0.3413,0.1808,0.0031,0.3494,0.5493,0.7576,0.0019,0.0598,0.1928
471.2138,0.3287,0.1261,0.0037,0.0222,0.2937,0.6863,0.0077,0.0217,0.0660
426.7282,0.3473,0.1288,0.0306,0.0588,0.1614,0.6994,0.0071,0.0084,0.0204
402.7308,0.3846,0.0848,0.0031,0.0732,0.3715,0.7500,0.0015,0.0486,0.0404
416.3255,0.3874,0.1642,0.0140,0.4885,0.5927,0.6493,0.0028,0.0333,0.1000
496.1203,0.3236,0.1349,0.0260,0.0973,0.4883,0.5319,0.0003,0.0374,0.0195
507.9587,0.3079,0.1976,0.0352,0.4595,0.5951,0.7250,0.0191,0.0148,0.0149
422.1619,0.8794,0.2603,0.0015,0.4954,0.5670,0.6683,0.0045,0.0154,0.0789
516.9785,0.7770,0.2753,0.0176,0.4987,0.5844,0.7442,0.0131,0.0239,0.0316
445.8412,0.4427,0.1495,0.0081,0.3439,0.4592,0.7942,0.0024,0.0366,0.0344
307.1960,0.3919,0.1388,0.0040,0.2247,0.4932,0.7918,0.0057,0.0030,0.0944
466.7361,0.3720,0.2157,0.0244,0.2819,0.5716,0.7572,0.0040,0.0046,0.0219
340.2822,0.3837,0.1882,0.0041,0.0031,0.1086,0.3019,0.0079,0.0050,0.0319
495.5583,0.3518,0.2266,0.0077,0.4638,0.4192,0.6691,0.0084,0.0015,0.0129
570.8487,0.3041,0.1497,0.0102,0.3981,0.4936,0.7341,0.0137,0.0620,0.0696
578.7027,0.9918,0.2001,0.0073,0.4993,0.5992,0.5476,0.0031,0.1335,0.0902
553.8633,0.3108,0.1047,0.0082,0.1527,0.5821,0.7741,0.0040,0.0809,0.0242
277.5720,0.4307,0.1220,0.0211,0.0154,0.4782,0.3623,0.0053,0.0189,0.0205
448.6680,0.3250,0.1780,0.0348,0.4000,0.5523,0.7830,0.0002,0.0869,0.1009
347.4655,0.3670,0.1974,0.0051,0.4290,0.5190,0.6856,0.0073,0.0493,0.0165
540.6070,0.3201,0.2239,0.0173,0.4902,0.3747,0.7975,0.0014,0.1306,0.0078
491.5327,0.4126,0.1733,0.0032,0.4283,0.4949,0.7564,0.0050,0.1356,0.0289
436.1378,0.3233,0.1639,0.0013,0.2241,0.4223,0.6035,0.0021,0.0471,0.0194
361.1064,0.3390,0.1999,0.0121,0.2958,0.4471,0.7983,0.0107,0.0003,0.0868
442.8878,0.7479,0.1731,0.0053,0.4755,0.5649,0.6324,0.0040,0.0409,0.0214
367.9822,0.3873,0.1254,0.0057,0.0923,0.4382,0.7812,0.0010,0.1312,0.0495
398.0825,0.3280,0.1616,0.0106,0.4616,0.5133,0.7699,0.0071,0.1340,0.0032
573.1032,0.5046,0.1411,0.0093,0.4538,0.5533,0.7274,0.0036,0.0778,0.0502
547.0027,0.3502,0.2808,0.0019,0.4807,0.5576,0.7912,0.0143,0.0502,0.1142
555.1913,0.4158,0.1901,0.0272,0.4919,0.5965,0.7658,0.0078,0.0888,0.1017
519.8156,0.3006,0.1533,0.0181,0.0311,0.5825,0.7014,0.0052,0.0499,0.0036
535.3101,0.3179,0.1747,0.0209,0.4630,0.5874,0.7420,0.0108,0.0440,0.1476
499.9126,0.6993,0.1565,0.0013,0.4782,0.5543,0.7011,0.0008,0.1081,0.0458
469.9954,0.3479,0.0990,0.0105,0.3385,0.2913,0.7919,0.0005,0.0051,0.1212
259.2239,0.4190,0.1784,0.0104,0.1301,0.4253,0.6944,0.0029,0.0173,0.0044
521.7756,0.3446,0.1596,0.0141,0.3160,0.4098,0.7223,0.0074,0.0184,0.0165
453.9656,0.3246,0.1268,0.0279,0.4274,0.3864,0.7604,0.0120,0.0009,0.0303
355.7809,0.7477,0.1805,0.0071,0.4770,0.5769,0.7406,0.0081,0.0070,0.0116
505.6940,0.5573,0.2519,0.0148,0.4752,0.5917,0.6810,0.0013,0.0904,0.0702
375.7165,0.3803,0.2220,0.0076,0.3566,0.4781,0.7181,0.0017,0.0217,0.0464
341.9656,0.4055,0.1158,0.0178,0.1675,0.5878,0.6901,0.0084,0.0234,0.0019
438.0213,0.3682,0.1567,0.0064,0.4314,0.4997,0.5790,0.0005,0.0153,0.0404
474.7115,0.3063,0.2302,0.0021,0.2824,0.2305,0.7338,0.0023,0.0310,0.0126
547.2929,0.4104,0.2799,0.0043,0.4185,0.5809,0.6479,0.0096,0.0221,0.0333
320.1002,0.3790,0.1735,0.0407,0.4336,0.5109,0.7975,0.0027,0.0037,0.0345
492.6846,0.3119,0.1763,0.0262,0.0190,0.5764,0.7812,0.0047,0.0041,0.0305
582.5531,0.4264,0.1514,0.0171,0.4952,0.5900,0.7173,0.0021,0.1158,0.1310
562.0840,0.3010,0.2177,0.0034,0.4331,0.4678,0.6803,0.0044,0.1477,0.0275
591.6854,0.9185,0.2417,0.0051,0.4883,0.5561,0.7295,0.0000,0.1356,0.0880
556.8818,0.6245,0.2599,0.0247,0.4449,0.5854,0.7784,0.0100,0.0123,0.0090
545.9570,0.3054,0.1399,0.0373,0.1949,0.5977,0.6410,0.0035,0.0329,0.0089
454.8232,0.3306,0.2757,0.0088,0.4398,0.5680,0.6342,0.0024,0.0225,0.0369
574.3375,0.3831,0.2486,0.0178,0.3821,0.5862,0.6347,0.0042,0.0420,0.0077
424.8698,0.3257,0.1817,0.0012,0.2576,0.2887,0.6492,0.0146,0.0024,0.0021
579.1063,0.4766,0.2910,0.0112,0.4813,0.5810,0.7639,0.0162,0.0697,0.0201
303.6505,0.4140,0.2214,0.0018,0.4546,0.5544,0.7377,0.0042,0.0122,0.0462
542.4363,0.3540,0.0795,0.0018,0.0137,0.1935,0.7105,0.0018,0.0011,0.0040
553.3513,0.3657,0.1201,0.0061,0.4534,0.5767,0.7000,0.0066,0.0983,0.0639
355.4068,0.4206,0.1615,0.0122,0.2553,0.5484,0.6611,0.0030,0.0258,0.0047
439.4871,0.4112,0.2394,0.0055,0.4433,0.5033,0.7690,0.0032,0.0892,0.0384
401.4832,0.6531,0.2510,0.0108,0.4958,0.5748,0.6332,0.0051,0.0336,0.0012
537.4321,0.3221,0.2027,0.0168,0.2893,0.5199,0.7187,0.0048,0.0403,0.0441
353.4952,0.3679,0.1548,0.0249,0.4659,0.1887,0.7982,0.0013,0.0355,0.0221
451.8565,0.3174,0.2193,0.0360,0.3201,0.4707,0.7369,0.0036,0.0084,0.0136
502.1637,0.4332,0.1433,0.0074,0.4857,0.5831,0.7906,0.0154,0.0241,0.1275
517.9392,0.4754,0.2202,0.0047,0.4630,0.4740,0.6340,0.0015,0.0199,0.0450
387.7262,0.3541,0.1319,0.0058,0.4056,0.5667,0.7414,0.0126,0.0251,0.1088
575.8433,0.3158,0.1214,0.0038,0.1577,0.1036,0.6421,0.0025,0.0015,0.0128
564.4417,0.3324,0.2507,0.0098,0.4178,0.5202,0.7552,0.0060,0.0914,0.0522
439.2640,0.3613,0.1894,0.0085,0.3239,0.5449,0.6648,0.0139,0.0129,0.0041
519.0552,0.3011,0.1950,0.0103,0.1149,0.1252,0.7842,0.0012,0.0362,0.0252
372.0359,0.3456,0.1471,0.0069,0.1258,0.5833,0.7350,0.0027,0.0410,0.0167
559.7468,0.3100,0.1259,0.0095,0.0288,0.4593,0.6185,0.0010,0.0661,0.0434
545.4595,0.5049,0.2388,0.0026,0.4856,0.5923,0.6318,0.0022,0.1810,0.0760
506.2579,0.3165,0.1915,0.0045,0.1967,0.4648,0.7919,0.0023,0.0468,0.1135
513.7764,0.7738,0.2007,0.0020,0.4473,0.5723,0.6957,0.0042,0.0529,0.0725
333.8870,0.3840,0.1592,0.0191,0.3456,0.4033,0.7750,0.0002,0.0462,0.0737
418.7171,0.4866,0.2307,0.0119,0.4964,0.5840,0.6641,0.0034,0.0910,0.0260
435.2787,0.3430,0.2637,0.0021,0.3883,0.4116,0.7874,0.0092,0.0195,0.0035
289.0314,0.4435,0.0906,0.0225,0.0734,0.4274,0.7538,0.0012,0.0209,0.0192
353.7482,0.4212,0.1573,0.0067,0.0137,0.3527,0.5216,0.0011,0.0034,0.0358
469.9150,0.5979,0.2075,0.0016,0.4663,0.5777,0.5765,0.0146,0.0128,0.0082
380.4932,0.3838,0.1341,0.0015,0.1984,0.4948,0.6588,0.0036,0.0995,0.0273
599.8793,0.3477,0.1913,0.0178,0.4616,0.5444,0.7110,0.0029,0.0231,0.1975
360.5408,0.4189,0.0832,0.0178,0.0070,0.1723,0.7382,0.0003,0.0295,0.0362
282.2285,0.4405,0.1493,0.0122,0.0644,0.1039,0.5372,0.0005,0.0118,0.0120
439.5236,0.3291,0.1429,0.0067,0.3590,0.5288,0.7496,0.0145,0.0431,0.0988
454.0572,0.3776,0.1286,0.0104,0.4903,0.4686,0.7302,0.0086,0.0170,0.0689
537.9434,0.4608,0.1517,0.0064,0.4814,0.5943,0.6738,0.0018,0.2127,0.0293
460.2849,0.4368,0.2032,0.0221,0.4283,0.5886,0.6972,0.0050,0.0215,0.0582
575.2321,0.5917,0.2921,0.0061,0.4925,0.5519,0.5348,0.0042,0.0578,0.0165
590.7416,0.4964,0.1464,0.0371,0.4579,0.5911,0.7994,0.0027,0.0505,0.0340
357.4806,0.3518,0.1621,0.0284,0.0887,0.4718,0.7125,0.0002,0.0077,0.0104
565.7997,0.4075,0.2224,0.0069,0.4882,0.5634,0.6966,0.0084,0.0407,0.1740
535.0239,0.3718,0.2199,0.0169,0.4982,0.4786,0.6725,0.0102,0.0138,0.0267
573.5655,0.3250,0.1718,0.0136,0.4252,0.4356,0.7298,0.0055,0.0732,0.0574
405.0495,0.5837,0.2061,0.0024,0.4960,0.5195,0.7401,0.0022,0.0217,0.1157
370.0010,0.3528,0.1803,0.0129,0.2879,0.5937,0.6733,0.0020,0.1179,0.0213
445.2626,0.3590,0.1522,0.0022,0.2321,0.5540,0.7285,0.0108,0.0897,0.0169
559.0404,0.3222,0.0925,0.0038,0.0135,0.5308,0.5670,0.0094,0.0136,0.0088
438.0742,0.3116,0.2345,0.0085,0.4041,0.5783,0.7105,0.0011,0.0414,0.1629
595.4013,0.3037,0.1642,0.0079,0.2331,0.3222,0.7956,0.0091,0.0033,0.0448
571.6259,0.6951,0.1637,0.0051,0.4649,0.5898,0.5169,0.0076,0.0202,0.0332
523.0905,0.3282,0.1886,0.0384,0.4867,0.4122,0.7293,0.0023,0.0072,0.0374
391.8908,0.3561,0.2449,0.0288,0.4135,0.5450,0.7692,0.0061,0.0059,0.0140
422.7907,0.3744,0.2263,0.0011,0.4549,0.3339,0.7261,0.0005,0.0512,0.0008
322.9056,0.3666,0.1789,0.0023,0.2015,0.3152,0.7503,0.0105,0.0330,0.0197
488.2314,0.3024,0.1704,0.0153,0.3504,0.2557,0.7658,0.0120,0.0336,0.0128
454.6709,0.3654,0.1034,0.0048,0.4750,0.5215,0.7842,0.0017,0.0720,0.1466
367.9218,0.4109,0.1280,0.0054,0.3229,0.3920,0.7576,0.0061,0.0262,0.0428
499.7019,0.4530,0.2491,0.0333,0.4465,0.5891,0.7552,0.0031,0.0057,0.0609
490.4319,0.3437,0.2149,0.0081,0.4559,0.5649,0.7941,0.0196,0.1194,0.0170
539.5173,0.7251,0.2321,0.0156,0.4700,0.5981,0.7139,0.0096,0.0330,0.0717
544.4602,0.3362,0.1948,0.0307,0.4374,0.4423,0.7528,0.0044,0.0275,0.0378
414.5095,0.3333,0.1659,0.0043,0.3480,0.2987,0.7935,0.0057,0.0884,0.0734
593.1500,0.3961,0.1360,0.0386,0.4994,0.5564,0.7703,0.0016,0.0137,0.1117
466.4885,0.3181,0.1673,0.0135,0.2545,0.4930,0.6573,0.0047,0.0535,0.0650
494.2364,0.3244,0.1214,0.0326,0.3547,0.4164,0.6733,0.0032,0.0105,0.0067
561.6232,0.4852,0.1850,0.0206,0.4613,0.5991,0.6836,0.0072,0.0024,0.1289
395.6856,0.4240,0.1527,0.0072,0.3914,0.3551,0.7867,0.0005,0.0550,0.0345
416.7036,0.3087,0.2114,0.0254,0.4534,0.4829,0.7652,0.0034,0.0588,0.0414
574.1573,0.9541,0.2957,0.0261,0.4847,0.5901,0.7972,0.0012,0.0314,0.0629
440.4791,0.5647,0.1812,0.0194,0.4282,0.5495,0.7323,0.0045,0.0046,0.0148
551.0868,0.4542,0.2819,0.0092,0.4928,0.5909,0.5153,0.0060,0.0386,0.0195
495.7286,0.3387,0.1491,0.0059,0.4989,0.4032,0.7375,0.0078,0.0551,0.0894
570.6767,0.3801,0.2294,0.0031,0.4255,0.5711,0.5553,0.0131,0.0313,0.0014
531.1391,0.3882,0.2153,0.0146,0.4359,0.5330,0.7826,0.0061,0.0608,0.0956
421.0187,0.3308,0.2194,0.0066,0.1383,0.1588,0.7055,0.0020,0.0170,0.0066
510.1526,0.3681,0.1544,0.0112,0.3509,0.5923,0.7267,0.0143,0.0061,0.0702
476.2907,0.3408,0.1596,0.0078,0.0874,0.1374,0.5956,0.0008,0.0200,0.0213
546.8451,0.4322,0.1620,0.0038,0.3188,0.5986,0.7640,0.0031,0.0778,0.0614
377.2958,0.3489,0.1675,0.0019,0.0209,0.3822,0.6112,0.0002,0.0304,0.0730
457.0141,0.3523,0.1738,0.0116,0.2893,0.5509,0.7778,0.0052,0.0791,0.0763
499.8819,0.5927,0.1930,0.0189,0.4936,0.5938,0.7756,0.0159,0.0812,0.0061
441.2003,0.3734,0.1193,0.0011,0.0507,0.4480,0.7756,0.0130,0.0019,0.0211
517.0915,0.3352,0.1401,0.0053,0.2635,0.2817,0.6724,0.0021,0.0255,0.0299
576.5414,0.3176,0.1306,0.0147,0.3566,0.5718,0.7784,0.0082,0.1352,0.0429
366.7584,0.4407,0.0971,0.0087,0.0066,0.3955,0.7148,0.0033,0.0009,0.0141
354.5185,0.3812,0.1404,0.0273,0.1295,0.5453,0.7919,0.0035,0.0885,0.0053
455.6703,0.3330,0.1217,0.0096,0.1663,0.5162,0.6944,0.0089,0.0512,0.0344
577.8621,0.3258,0.1764,0.0087,0.4621,0.2567,0.7501,0.0009,0.0119,0.0476
482.4683,0.3302,0.1702,0.0032,0.4723,0.5913,0.7220,0.0037,0.2381,0.0904
523.4144,0.5549,0.2241,0.0050,0.4553,0.5727,0.7590,0.0102,0.1363,0.0093
449.9201,0.3297,0.1487,0.0286,0.0621,0.5612,0.5948,0.0046,0.0144,0.0472
555.5568,0.3001,0.2668,0.0020,0.3070,0.5949,0.5878,0.0007,0.0040,0.0817
351.9434,0.3557,0.2092,0.0182,0.1615,0.3433,0.6561,0.0004,0.0248,0.0061
434.2193,0.3314,0.1932,0.0074,0.3160,0.4413,0.7898,0.0026,0.1293,0.0613
383.5475,0.4450,0.1804,0.0114,0.4952,0.4960,0.7830,0.0080,0.0037,0.0932
542.7070,0.3022,0.1585,0.0029,0.4186,0.5402,0.7819,0.0170,0.1659,0.0499
588.2424,0.6213,0.2161,0.0100,0.4874,0.5713,0.7318,0.0014,0.0598,0.1920
301.7142,0.4013,0.1508,0.0077,0.1658,0.4618,0.6308,0.0027,0.0012,0.0744
570.9906,0.3577,0.1674,0.0280,0.4571,0.5520,0.7565,0.0072,0.0687,0.0750
557.8417,0.3542,0.1324,0.0105,0.3143,0.5343,0.6567,0.0013,0.0343,0.0635
494.4994,0.3020,0.1814,0.0077,0.2622,0.4522,0.7142,0.0166,0.0479,0.0126
589.6672,0.8313,0.1583,0.0081,0.4657,0.5507,0.5363,0.0020,0.0006,0.0263
508.0873,0.3615,0.1838,0.0040,0.3957,0.5129,0.7656,0.0000,0.0033,0.2537
388.3915,0.3784,0.0989,0.0307,0.1415,0.4792,0.7608,0.0040,0.0164,0.0280
584.6821,0.3392,0.2505,0.0198,0.4569,0.5797,0.5330,0.0002,0.0210,0.0363
