Ti,tau,f_B,r_ash,eta_ch,f_tail,eta_drive,f_imp,xi_sync,Pnet_Pbrems
430.5551,0.3491,0.1487,0.0088,0.1717,0.3511,0.6392,0.0084,0.0514,0.0391
467.1054,0.3071,0.2295,0.0122,0.2213,0.5582,0.7045,0.0137,0.0355,0.0486
598.3954,0.4320,0.1593,0.0077,0.4969,0.5681,0.7363,0.0061,0.1317,0.1714
549.3204,0.7505,0.1723,0.0155,0.4525,0.5973,0.7697,0.0161,0.0113,0.0757
569.2192,0.5866,0.2678,0.0035,0.4378,0.5648,0.7965,0.0166,0.0290,0.0947
575.8324,0.9900,0.2495,0.0202,0.4881,0.5940,0.7085,0.0066,0.1137,0.0401
335.8000,0.3680,0.1948,0.0069,0.0053,0.4177,0.4215,0.0025,0.0177,0.0780
559.8367,0.5211,0.2353,0.0257,0.4647,0.5874,0.7605,0.0006,0.1427,0.0301
433.1715,0.5068,0.2556,0.0111,0.4204,0.5773,0.7512,0.0139,0.0295,0.0184
593.4550,0.6706,0.2171,0.0089,0.4562,0.5847,0.5411,0.0053,0.0796,0.0501
313.2678,0.4091,0.1156,0.0012,0.2190,0.3179,0.6849,0.0040,0.0114,0.0631
473.7798,0.3163,0.1555,0.0117,0.2611,0.3836,0.7926,0.0200,0.1075,0.0377
563.1321,0.4481,0.2721,0.0194,0.4176,0.5439,0.6611,0.0037,0.0004,0.0181
441.0050,0.4000,0.1630,0.0023,0.4998,0.3307,0.7877,0.0138,0.0728,0.0254
298.8441,0.4344,0.1249,0.0098,0.1190,0.1169,0.7990,0.0181,0.0417,0.0072
460.2316,0.3525,0.1473,0.0063,0.3935,0.5806,0.6874,0.0034,0.1330,0.0977
418.7375,0.3635,0.1217,0.0294,0.0567,0.4627,0.7740,0.0025,0.0141,0.0719
393.0887,0.3671,0.1070,0.0021,0.0749,0.1894,0.7231,0.0081,0.0406,0.0374
435.7685,0.3446,0.1543,0.0136,0.2888,0.4729,0.6718,0.0105,0.0628,0.0419
391.5693,0.3086,0.2298,0.0170,0.3544,0.5158,0.7313,0.0052,0.0002,0.0031
326.1128,0.4557,0.1235,0.0085,0.1683,0.5625,0.7004,0.0044,0.0015,0.0460
529.5674,0.3171,0.1594,0.0178,0.0249,0.2597,0.7752,0.0044,0.0395,0.0095
361.4679,0.3616,0.1819,0.0243,0.2313,0.4327,0.7260,0.0017,0.0347,0.0453
580.6532,0.4850,0.1979,0.0152,0.3466,0.5676,0.7817,0.0042,0.0563,0.0063
478.4289,0.3472,0.1102,0.0039,0.1495,0.4939,0.7587,0.0143,0.0005,0.1327
518.0906,0.7791,0.2251,0.0046,0.4864,0.5911,0.4496,0.0166,0.0055,0.0574
584.1701,0.3754,0.1814,0.0308,0.4031,0.5236,0.7674,0.0104,0.0179,0.0637
372.9593,0.3919,0.1046,0.0308,0.0657,0.1617,0.7324,0.0129,0.0069,0.0147
340.7033,0.4263,0.1172,0.0030,0.0527,0.3734,0.7833,0.0185,0.0509,0.0247
426.6185,0.4627,0.1709,0.0073,0.4256,0.5791,0.7721,0.0147,0.0643,0.0957
499.6515,0.3390,0.1921,0.0070,0.4731,0.5353,0.7691,0.0003,0.2162,0.1184
479.5542,0.5154,0.2365,0.0022,0.4808,0.5481,0.7265,0.0090,0.1597,0.0262
519.5223,0.3682,0.1669,0.0058,0.4668,0.5627,0.7542,0.0174,0.0647,0.1987
485.8519,0.3436,0.1068,0.0133,0.3413,0.3276,0.7709,0.0064,0.0269,0.0725
458.7496,0.5419,0.1368,0.0010,0.4589,0.5208,0.6804,0.0133,0.0082,0.0384
485.4092,0.3026,0.2783,0.0102,0.4779,0.5165,0.7446,0.0040,0.1308,0.0292
534.0473,0.3389,0.1674,0.0113,0.3167,0.3731,0.7121,0.0008,0.0340,0.0494
357.1555,0.3847,0.1898,0.0063,0.4229,0.3193,0.7915,0.0030,0.0388,0.0678
350.1767,0.4356,0.0698,0.0033,0.0773,0.2281,0.6595,0.0046,0.0094,0.0133
559.3747,0.9397,0.2478,0.0045,0.4680,0.5124,0.5880,0.0036,0.0178,0.0209
542.6622,0.8822,0.2571,0.0193,0.4560,0.5995,0.7507,0.0154,0.0449,0.0162
547.4904,0.3359,0.1444,0.0312,0.4114,0.5588,0.7843,0.0075,0.1500,0.0208
493.4119,0.4760,0.2441,0.0115,0.4702,0.5662,0.6942,0.0054,0.1120,0.0391
390.7233,0.3824,0.1187,0.0061,0.0001,0.1132,0.5169,0.0141,0.0841,0.0392
574.8113,0.3576,0.1491,0.0318,0.3581,0.5835,0.7282,0.0040,0.0101,0.0906
399.9951,0.3376,0.1398,0.0213,0.3990,0.5913,0.7546,0.0192,0.0092,0.0753
373.4103,0.3659,0.1486,0.0139,0.0300,0.3602,0.7649,0.0127,0.0310,0.0896
407.1155,0.3980,0.1982,0.0115,0.4610,0.4694,0.7997,0.0169,0.0317,0.0874
589.2799,0.3104,0.1544,0.0281,0.4912,0.3827,0.7398,0.0180,0.0405,0.0200
386.3522,0.3752,0.1325,0.0143,0.2512,0.4061,0.7115,0.0026,0.0538,0.0637
455.0513,0.3221,0.1815,0.0178,0.3247,0.5818,0.6438,0.0180,0.0285,0.0638
299.4664,0.4603,0.0916,0.0040,0.1032,0.2949,0.7158,0.0122,0.0193,0.0181
508.6266,0.9203,0.2884,0.0054,0.4939,0.5716,0.7995,0.0108,0.0273,0.1104
395.8825,0.3521,0.1402,0.0086,0.0907,0.2380,0.7746,0.0015,0.0203,0.0934
336.2769,0.3944,0.1583,0.0199,0.0464,0.2352,0.4522,0.0124,0.0039,0.0050
525.0917,0.3613,0.1948,0.0078,0.2965,0.4819,0.7309,0.0082,0.0572,0.0221
597.5672,0.3137,0.1189,0.0104,0.3465,0.4311,0.6714,0.0135,0.0064,0.0601
394.8006,0.5277,0.1501,0.0019,0.4877,0.5790,0.6400,0.0011,0.0369,0.0900
489.8261,0.4280,0.1356,0.0164,0.4910,0.5418,0.7726,0.0113,0.0073,0.1483
360.4661,0.3896,0.1267,0.0060,0.1013,0.5719,0.7408,0.0067,0.1616,0.0096
445.8843,0.3619,0.1760,0.0059,0.1328,0.2476,0.6355,0.0002,0.0173,0.0023
538.8047,0.3018,0.2021,0.0039,0.4279,0.4218,0.7510,0.0148,0.0315,0.1648
519.8764,0.3299,0.1379,0.0131,0.0029,0.4106,0.4441,0.0059,0.0112,0.0516
471.7415,0.3969,0.2523,0.0042,0.4832,0.5768,0.6607,0.0004,0.0569,0.1440
589.9173,0.5814,0.2043,0.0396,0.4850,0.5830,0.7740,0.0058,0.0853,0.0256
506.1390,0.5731,0.2691,0.0028,0.4755,0.5056,0.5869,0.0090,0.0009,0.0122
464.9843,0.3328,0.1322,0.0011,0.0166,0.4867,0.7903,0.0019,0.0301,0.1099
545.7619,0.8535,0.2808,0.0097,0.4615,0.5731,0.6914,0.0021,0.0938,0.0096
594.8943,0.5595,0.2988,0.0141,0.4796,0.5438,0.7518,0.0121,0.0489,0.0359
572.4134,0.7019,0.1413,0.0015,0.4727,0.5696,0.7551,0.0100,0.0664,0.0742
328.6045,0.4406,0.0943,0.0018,0.1836,0.3649,0.7505,0.0053,0.0594,0.0227
565.6335,0.3178,0.1280,0.0216,0.4605,0.5402,0.6869,0.0000,0.0766,0.1071
489.7380,0.3179,0.1756,0.0030,0.0023,0.3312,0.3693,0.0104,0.0619,0.0387
404.0217,0.3265,0.1842,0.0130,0.1915,0.4922,0.6199,0.0007,0.0073,0.0290
504.1611,0.3274,0.1565,0.0268,0.2839,0.3282,0.7127,0.0045,0.0004,0.0338
366.5868,0.3854,0.0899,0.0028,0.0199,0.1636,0.5484,0.0134,0.0020,0.0142
486.4349,0.3312,0.1906,0.0036,0.4934,0.4718,0.6911,0.0057,0.1082,0.1091
436.7014,0.4013,0.1161,0.0167,0.4314,0.5859,0.7358,0.0080,0.0756,0.0394
471.5286,0.3512,0.1316,0.0160,0.4576,0.3360,0.7391,0.0199,0.0177,0.0174
471.9648,0.3811,0.1754,0.0075,0.3443,0.5246,0.7733,0.0122,0.1388,0.0116
586.6237,0.3003,0.2408,0.0089,0.3759,0.5639,0.6156,0.0076,0.0579,0.0670
544.0182,0.3030,0.1946,0.0205,0.0609,0.4023,0.7788,0.0063,0.0054,0.0083
491.9530,0.3568,0.1287,0.0144,0.4287,0.5968,0.6600,0.0073,0.0728,0.0720
560.3915,0.3209,0.1773,0.0177,0.4958,0.3897,0.7276,0.0119,0.0135,0.0995
541.9204,0.4605,0.2033,0.0061,0.4907,0.4609,0.6424,0.0089,0.0410,0.0343
457.1665,0.3766,0.2106,0.0117,0.4811,0.5871,0.6993,0.0008,0.1805,0.0578
580.7366,0.4142,0.1264,0.0025,0.4328,0.5116,0.7023,0.0142,0.0274,0.0702
545.9129,0.3476,0.1887,0.0247,0.3458,0.5754,0.7386,0.0060,0.0395,0.0914
487.0153,0.3547,0.1183,0.0253,0.0170,0.3310,0.7044,0.0043,0.0002,0.0145
396.1114,0.3175,0.2380,0.0076,0.4713,0.3091,0.7864,0.0153,0.0005,0.0723
428.8979,0.3269,0.2252,0.0353,0.3947,0.5988,0.7122,0.0109,0.0548,0.0026
421.9124,0.3670,0.1508,0.0290,0.2229,0.5453,0.7264,0.0012,0.0762,0.0062
500.3649,0.3287,0.1351,0.0032,0.1118,0.2318,0.6195,0.0145,0.0477,0.0240
456.4091,0.4370,0.1765,0.0137,0.2619,0.5585,0.7875,0.0033,0.0379,0.0065
420.3874,0.3414,0.2054,0.0040,0.2519,0.4874,0.5735,0.0150,0.0107,0.0028
527.2184,0.3511,0.2650,0.0024,0.4702,0.5741,0.7372,0.0048,0.0916,0.1742
463.2003,0.3778,0.1260,0.0066,0.3249,0.4366,0.7663,0.0004,0.0710,0.0807
554.7471,0.3648,0.2077,0.0392,0.4919,0.4952,0.6741,0.0006,0.0074,0.0466
518.7260,0.4166,0.2366,0.0275,0.4942,0.5507,0.6948,0.0186,0.0553,0.0080
405.9773,0.3708,0.1911,0.0077,0.3988,0.4152,0.6564,0.0016,0.0411,0.0188
468.4151,0.3026,0.1785,0.0013,0.0939,0.5704,0.5420,0.0031,0.0068,0.0270
477.6157,0.3292,0.1147,0.0105,0.4581,0.4972,0.7156,0.0163,0.0266,0.1039
316.4446,0.4111,0.1569,0.0024,0.0606,0.2051,0.7647,0.0022,0.0805,0.0491
501.4732,0.5030,0.1566,0.0088,0.4658,0.5705,0.7971,0.0131,0.0451,0.1485
326.7072,0.3960,0.1013,0.0059,0.4690,0.5649,0.7748,0.0074,0.0277,0.0165
594.5230,0.3057,0.2134,0.0349,0.4640,0.5483,0.7956,0.0099,0.1224,0.0767
523.5308,0.3167,0.1884,0.0130,0.1131,0.4324,0.6929,0.0092,0.0257,0.0086
367.7258,0.3624,0.1698,0.0041,0.1314,0.2596,0.7384,0.0069,0.0491,0.0919
306.0915,0.5276,0.2042,0.0036,0.4979,0.5670,0.7485,0.0066,0.0661,0.0076
592.4859,0.4589,0.2418,0.0126,0.4381,0.5726,0.7536,0.0136,0.0111,0.1490
343.6652,0.3914,0.1541,0.0033,0.2302,0.5095,0.7367,0.0152,0.1201,0.0098
403.3056,0.3713,0.1059,0.0270,0.4841,0.5303,0.7821,0.0115,0.0573,0.0256
562.7754,0.5695,0.1647,0.0047,0.4963,0.5759,0.6933,0.0043,0.1147,0.1413
585.5882,0.3101,0.1290,0.0011,0.1633,0.4263,0.5850,0.0079,0.0122,0.0692
537.0636,0.3461,0.1771,0.0046,0.2290,0.5006,0.7753,0.0126,0.0747,0.0248
415.8810,0.3930,0.1379,0.0030,0.4885,0.4909,0.7437,0.0050,0.0960,0.1135
482.2182,0.6816,0.1342,0.0100,0.4477,0.5800,0.6624,0.0033,0.0016,0.0212
394.7527,0.3339,0.1968,0.0173,0.4265,0.3788,0.7770,0.0086,0.0905,0.0345
439.7835,0.3400,0.1914,0.0207,0.1344,0.5847,0.6120,0.0036,0.0274,0.0173
503.1838,0.3175,0.1477,0.0049,0.2070,0.5982,0.7609,0.0096,0.2069,0.0328
529.9851,0.3040,0.1344,0.0109,0.4005,0.5093,0.7885,0.0029,0.0938,0.1727
465.5872,0.3913,0.2171,0.0272,0.4268,0.5925,0.7472,0.0021,0.1237,0.0177
597.8177,0.5760,0.2941,0.0167,0.4173,0.5985,0.6417,0.0068,0.0209,0.0145
592.2626,0.3133,0.1859,0.0036,0.3271,0.5311,0.6181,0.0042,0.0933,0.0647
467.8569,0.3695,0.2454,0.0020,0.4204,0.5537,0.7708,0.0156,0.0101,0.1638
453.6203,0.3443,0.1290,0.0401,0.1167,0.3681,0.7038,0.0004,0.0344,0.0023
382.2849,0.3553,0.1693,0.0138,0.4682,0.4884,0.7890,0.0011,0.1135,0.1224
391.8097,0.3944,0.1099,0.0041,0.0126,0.1971,0.5832,0.0128,0.0313,0.0662
521.1896,0.3233,0.1577,0.0019,0.1267,0.3603,0.7946,0.0152,0.0212,0.0838
559.3298,0.3332,0.2730,0.0236,0.4804,0.5985,0.7712,0.0178,0.0662,0.0989
580.4553,0.7174,0.2912,0.0065,0.4613,0.5653,0.7342,0.0078,0.0770,0.0399
436.1772,0.6108,0.2587,0.0074,0.4826,0.5534,0.6411,0.0098,0.0389,0.0107
334.0882,0.3900,0.1385,0.0181,0.1697,0.2865,0.7864,0.0018,0.0291,0.0997
355.2573,0.3398,0.1973,0.0022,0.2317,0.1506,0.7650,0.0047,0.0047,0.0062
430.2675,0.3660,0.1042,0.0106,0.0598,0.5721,0.3996,0.0119,0.0042,0.0318
542.8603,0.3436,0.2273,0.0028,0.3520,0.5978,0.7025,0.0114,0.1030,0.0826
265.2899,0.4359,0.1142,0.0060,0.0082,0.5157,0.3413,0.0019,0.0031,0.0258
567.7516,0.5265,0.2627,0.0057,0.3751,0.5718,0.6585,0.0019,0.0385,0.0115
432.8835,0.3639,0.1858,0.0381,0.4046,0.5744,0.7952,0.0067,0.1038,0.0118
465.5718,0.3655,0.0929,0.0132,0.3407,0.4892,0.6850,0.0099,0.0181,0.0004
594.3700,0.3280,0.1524,0.0116,0.4342,0.5763,0.5945,0.0102,0.0850,0.0585
342.2667,0.4706,0.1410,0.0055,0.3533,0.5421,0.7429,0.0188,0.0168,0.0180
348.8376,0.3444,0.1921,0.0150,0.2902,0.4219,0.7802,0.0173,0.0217,0.0182
583.1240,0.3224,0.1036,0.0077,0.1791,0.4994,0.6639,0.0024,0.0675,0.0175
406.0995,0.3480,0.1428,0.0326,0.4999,0.4579,0.7325,0.0181,0.0036,0.0368
477.4901,0.3079,0.1884,0.0361,0.4245,0.5320,0.6745,0.0034,0.0641,0.0298
568.5972,0.3252,0.1453,0.0220,0.2596,0.4657,0.7667,0.0037,0.0146,0.0852
508.5644,0.5606,0.2017,0.0017,0.4787,0.5856,0.5128,0.0078,0.1099,0.0092
576.0475,0.4076,0.2197,0.0107,0.3216,0.5955,0.7881,0.0002,0.0196,0.1197
448.6866,0.3509,0.1199,0.0036,0.2803,0.5180,0.7853,0.0148,0.1853,0.0145
461.8009,0.3090,0.1696,0.0023,0.2019,0.4119,0.7139,0.0043,0.0992,0.0031
555.0643,0.3874,0.1574,0.0135,0.3911,0.5298,0.7151,0.0196,0.0450,0.0378
511.3463,0.3344,0.2344,0.0170,0.4661,0.4555,0.6559,0.0050,0.0234,0.0296
519.0159,0.3956,0.1599,0.0034,0.4040,0.5699,0.6148,0.0014,0.0177,0.1453
576.6120,0.3254,0.1830,0.0146,0.4160,0.5649,0.6987,0.0026,0.1982,0.0471
492.1609,0.3782,0.2054,0.0385,0.4544,0.5532,0.7128,0.0126,0.0354,0.0098
550.2787,0.3036,0.1533,0.0040,0.0821,0.2898,0.7048,0.0023,0.0572,0.0804
532.7659,0.7815,0.2831,0.0085,0.4934,0.5638,0.7564,0.0191,0.0081,0.0930
433.5042,0.4157,0.1573,0.0172,0.3516,0.4176,0.7839,0.0058,0.0159,0.0315
482.5923,0.3114,0.2079,0.0031,0.2885,0.5454,0.7392,0.0081,0.0203,0.1928
532.3256,0.3300,0.0971,0.0043,0.3850,0.4650,0.7097,0.0074,0.1172,0.0058
368.0838,0.4881,0.1622,0.0106,0.4994,0.5785,0.7171,0.0195,0.0168,0.0651
542.6863,0.4254,0.0924,0.0016,0.4396,0.5608,0.7221,0.0002,0.0741,0.0076
444.7452,0.3365,0.1660,0.0145,0.2965,0.5758,0.7968,0.0017,0.0952,0.1554
558.0993,0.3006,0.1431,0.0030,0.4073,0.5875,0.7114,0.0063,0.2736,0.0654
519.4916,0.9178,0.1837,0.0144,0.4504,0.5858,0.7186,0.0019,0.0541,0.0306
342.4507,0.3774,0.2412,0.0067,0.4413,0.5831,0.7782,0.0076,0.1207,0.0114
442.5460,0.3062,0.2113,0.0090,0.4019,0.2604,0.7627,0.0091,0.0474,0.0271
512.2085,0.6212,0.2008,0.0096,0.4987,0.5565,0.7869,0.0119,0.1030,0.0963
587.5756,0.3195,0.1566,0.0096,0.2275,0.5200,0.6818,0.0011,0.0117,0.1172
594.6708,0.3617,0.2311,0.0033,0.3990,0.4976,0.6950,0.0108,0.1198,0.0030
417.6446,0.3665,0.0896,0.0053,0.3024,0.3920,0.7909,0.0140,0.0241,0.0421
527.9913,0.3161,0.1552,0.0069,0.4588,0.4156,0.6292,0.0061,0.0980,0.0095
567.0281,0.3393,0.0991,0.0010,0.0113,0.3389,0.6564,0.0010,0.0008,0.0524
375.0443,0.3693,0.1748,0.0181,0.1358,0.5419,0.6436,0.0102,0.0391,0.0125
537.0868,0.7216,0.2840,0.0026,0.4823,0.5929,0.5422,0.0006,0.0150,0.1522
274.1744,0.4367,0.1420,0.0129,0.2509,0.4440,0.7307,0.0047,0.0254,0.0161
309.6948,0.3864,0.1927,0.0196,0.3130,0.5816,0.6977,0.0014,0.0110,0.0424
593.3614,0.3174,0.2569,0.0149,0.4906,0.5794,0.6537,0.0039,0.1799,0.0386
389.5781,0.3427,0.1597,0.0236,0.0183,0.3598,0.5922,0.0067,0.0133,0.0232
526.0607,0.3474,0.1068,0.0086,0.0699,0.5864,0.6720,0.0005,0.0097,0.0673
421.8405,0.3352,0.1682,0.0101,0.1640,0.5022,0.7642,0.0196,0.0929,0.0473
452.8200,0.6465,0.1889,0.0100,0.4235,0.5752,0.7211,0.0085,0.0203,0.0448
511.5269,0.3448,0.1568,0.0210,0.4934,0.3779,0.7585,0.0044,0.0724,0.0481
518.8532,0.4701,0.2074,0.0117,0.4314,0.4923,0.7958,0.0021,0.0391,0.0860
477.7618,0.3825,0.1402,0.0280,0.3971,0.5482,0.7438,0.0029,0.0292,0.0805
497.8703,0.3181,0.1467,0.0140,0.3444,0.5560,0.7076,0.0178,0.0276,0.1417
440.5494,0.3709,0.0884,0.0254,0.1853,0.4340,0.7542,0.0074,0.0128,0.0027
580.8780,0.4678,0.1282,0.0357,0.4927,0.5938,0.7883,0.0051,0.0294,0.0769
332.4964,0.3824,0.2041,0.0026,0.1954,0.4925,0.7225,0.0197,0.0271,0.0205
575.8635,0.3146,0.0999,0.0118,0.4717,0.5544,0.7687,0.0114,0.1407,0.0560
415.3313,0.3315,0.2090,0.0077,0.3264,0.4561,0.7348,0.0134,0.0125,0.1095
293.3961,0.4209,0.1288,0.0091,0.1111,0.2365,0.6740,0.0093,0.0834,0.0060
549.3510,0.5564,0.1771,0.0055,0.4683,0.5589,0.7036,0.0007,0.0196,0.1997
447.5019,0.3882,0.2256,0.0139,0.4633,0.5959,0.5837,0.0117,0.0117,0.0332
487.9352,0.3661,0.1489,0.0030,0.1611,0.2648,0.6974,0.0004,0.0012,0.0333
353.6975,0.4053,0.1418,0.0247,0.0168,0.5557,0.7790,0.0004,0.0398,0.0217
429.0307,0.3801,0.2192,0.0038,0.4605,0.5091,0.7471,0.0099,0.0381,0.1374
545.5150,0.3374,0.1402,0.0134,0.3184,0.4968,0.6680,0.0054,0.0187,0.0854
358.1098,0.4153,0.1634,0.0047,0.0115,0.1774,0.4558,0.0093,0.0115,0.0095
447.1841,0.4096,0.1714,0.0388,0.4354,0.5603,0.7889,0.0083,0.0492,0.0292
468.9167,0.3176,0.2219,0.0307,0.4975,0.4381,0.7635,0.0056,0.0623,0.0397
493.5633,0.3195,0.1310,0.0043,0.2880,0.3024,0.7807,0.0043,0.1233,0.0328
492.2477,0.3219,0.1760,0.0252,0.3936,0.4869,0.7466,0.0066,0.0192,0.1329
541.6521,0.4050,0.1255,0.0075,0.4555,0.3510,0.7760,0.0095,0.0149,0.0128
597.0090,0.3441,0.2426,0.0047,0.4572,0.5393,0.5452,0.0067,0.0039,0.0928
485.9623,0.4984,0.2204,0.0209,0.4013,0.5953,0.7041,0.0028,0.0379,0.0386
399.3459,0.4188,0.1881,0.0146,0.4969,0.5369,0.7953,0.0039,0.0205,0.1871
477.5818,0.3615,0.1944,0.0031,0.4855,0.5749,0.5661,0.0169,0.0668,0.0248
429.2757,0.3419,0.1759,0.0087,0.0092,0.4176,0.4361,0.0184,0.0354,0.0236
572.3891,0.5953,0.2082,0.0190,0.4890,0.5458,0.7216,0.0055,0.0395,0.1092
501.1845,0.5378,0.2342,0.0048,0.4932,0.4919,0.6173,0.0137,0.0103,0.0284
420.5516,0.3542,0.1269,0.0111,0.2871,0.5962,0.7082,0.0156,0.0462,0.1043
394.7896,0.3776,0.1102,0.0327,0.3314,0.3080,0.7901,0.0100,0.0114,0.0078
463.0480,0.3020,0.2028,0.0084,0.3522,0.3893,0.6483,0.0010,0.0220,0.0427
555.1379,0.3312,0.1595,0.0493,0.4568,0.5728,0.7443,0.0012,0.0470,0.0835
449.3914,0.3047,0.2484,0.0211,0.2090,0.5441,0.7511,0.0048,0.0460,0.0141
274.9100,0.4600,0.1051,0.0065,0.2663,0.5286,0.7827,0.0056,0.0449,0.0208
536.7860,0.3330,0.1315,0.0090,0.2016,0.5792,0.6431,0.0133,0.0205,0.0682
489.8504,0.8900,0.2150,0.0034,0.4750,0.5814,0.7046,0.0068,0.0365,0.1290
481.8228,0.7136,0.1824,0.0051,0.4829,0.5023,0.7480,0.0026,0.0552,0.0426
374.7701,0.4024,0.0969,0.0124,0.3405,0.2722,0.7984,0.0060,0.0547,0.0089
342.4076,0.4169,0.1154,0.0337,0.2911,0.4990,0.7165,0.0004,0.0001,0.0068
350.9054,0.4231,0.1049,0.0181,0.0014,0.3543,0.7348,0.0099,0.0211,0.0273
429.6547,0.3623,0.2487,0.0096,0.4451,0.4634,0.7049,0.0004,0.0228,0.0522
592.3292,0.3659,0.1384,0.0115,0.3544,0.5472,0.7964,0.0048,0.1146,0.0678
380.2230,0.3526,0.1688,0.0280,0.0042,0.1426,0.4454,0.0147,0.0547,0.0011
439.8276,0.3504,0.1139,0.0190,0.1695,0.4758,0.6812,0.0029,0.0669,0.0302
529.8018,0.3813,0.1826,0.0027,0.4357,0.5566,0.6260,0.0036,0.1480,0.0509
416.0532,0.3001,0.2423,0.0011,0.3422,0.5319,0.7790,0.0163,0.0672,0.0275
519.3753,0.3340,0.1531,0.0324,0.4046,0.4808,0.7364,0.0033,0.0673,0.0423
455.3213,0.3570,0.1351,0.0218,0.3520,0.5043,0.7628,0.0185,0.0633,0.0292
358.6207,0.3793,0.1527,0.0123,0.0225,0.3421,0.6009,0.0022,0.1210,0.0124
578.1416,0.5242,0.2114,0.0155,0.4263,0.5850,0.6096,0.0108,0.0301,0.0477
494.6596,0.5979,0.2333,0.0022,0.4309,0.5157,0.7606,0.0077,0.0573,0.0218
453.1255,0.3759,0.1799,0.0016,0.4652,0.3174,0.7970,0.0112,0.0929,0.0219
489.7640,0.3349,0.2467,0.0183,0.3407,0.5827,0.7529,0.0000,0.1296,0.0012
377.2467,0.3743,0.1238,0.0199,0.0094,0.5852,0.3529,0.0008,0.0691,0.0321
476.0866,0.4217,0.1954,0.0070,0.4232,0.5675,0.6782,0.0016,0.0010,0.1789
395.1624,0.5174,0.2295,0.0132,0.4604,0.5013,0.7744,0.0005,0.0577,0.0064
567.5748,0.7471,0.2777,0.0382,0.4917,0.5757,0.7419,0.0027,0.0302,0.0135
446.0315,0.3285,0.1288,0.0075,0.1680,0.3263,0.7828,0.0009,0.0381,0.0470
588.9025,0.3144,0.1373,0.0053,0.1038,0.5010,0.5335,0.0105,0.0216,0.0106
584.0364,0.3411,0.1991,0.0084,0.4682,0.5824,0.7232,0.0088,0.0012,0.3193
450.2208,0.3494,0.1705,0.0408,0.4977,0.5839,0.6514,0.0130,0.0210,0.0011
395.8382,0.3431,0.1886,0.0064,0.1181,0.3478,0.6437,0.0021,0.0739,0.0415
431.5097,0.3784,0.1430,0.0038,0.0524,0.1408,0.7009,0.0174,0.0125,0.0113
525.0277,0.3291,0.1183,0.0058,0.2613,0.5917,0.5508,0.0076,0.0358,0.0383
536.3541,0.4087,0.1759,0.0066,0.4984,0.5799,0.7674,0.0176,0.0825,0.2153
501.0676,0.3269,0.1249,0.0137,0.4364,0.4499,0.7850,0.0160,0.1061,0.0728
565.3448,0.3731,0.2048,0.0165,0.4879,0.5242,0.6026,0.0007,0.1302,0.0004
537.7148,0.3867,0.2725,0.0287,0.4745,0.5410,0.7897,0.0039,0.0461,0.0622
512.5141,0.3438,0.1914,0.0013,0.3939,0.3297,0.7075,0.0096,0.0117,0.0516
479.1950,0.3165,0.1848,0.0054,0.1693,0.4018,0.6077,0.0153,0.0350,0.0262
404.3980,0.3585,0.1367,0.0021,0.2189,0.5697,0.7985,0.0000,0.0474,0.2250
368.2177,0.3922,0.1676,0.0070,0.3932,0.3053,0.7930,0.0019,0.0941,0.0211
522.0453,0.3430,0.2377,0.0012,0.4782,0.4746,0.6122,0.0135,0.0498,0.0234
326.2217,0.3833,0.1441,0.0197,0.1585,0.1998,0.7418,0.0139,0.0414,0.0028
411.2552,0.3132,0.1873,0.0080,0.3911,0.5611,0.7814,0.0103,0.0841,0.0621
365.6686,0.3881,0.1208,0.0153,0.4579,0.5527,0.7277,0.0161,0.0550,0.0265
480.6010,0.3235,0.1535,0.0097,0.0930,0.4553,0.6313,0.0090,0.0307,0.0879
489.4959,0.3228,0.1718,0.0055,0.4928,0.2211,0.7351,0.0020,0.0423,0.0471
344.2481,0.3672,0.1865,0.0120,0.2636,0.4875,0.7836,0.0041,0.0282,0.1223
381.7854,0.3967,0.1681,0.0157,0.1986,0.5967,0.7497,0.0062,0.0299,0.0559
430.5992,0.3361,0.2264,0.0048,0.1365,0.4610,0.7714,0.0078,0.0066,0.0552
523.6647,0.6637,0.2243,0.0127,0.4752,0.5579,0.7241,0.0037,0.0171,0.1316
502.7689,0.3479,0.2071,0.0172,0.4581,0.5912,0.7809,0.0137,0.1399,0.1065
509.8494,0.3005,0.1638,0.0235,0.1616,0.5529,0.7989,0.0034,0.0289,0.1024
376.0895,0.3300,0.2528,0.0439,0.4069,0.5817,0.7902,0.0020,0.0278,0.0028
485.7671,0.3156,0.1632,0.0042,0.0037,0.5804,0.4046,0.0166,0.0898,0.0090
423.7267,0.3781,0.1447,0.0107,0.4958,0.4209,0.7846,0.0181,0.1247,0.0096
433.9877,0.3633,0.1057,0.0094,0.0371,0.3490,0.7509,0.0129,0.0672,0.0412
359.4368,0.4101,0.1128,0.0088,0.1338,0.2208,0.7908,0.0199,0.0215,0.0294
529.2643,0.4389,0.1658,0.0115,0.4467,0.5961,0.5446,0.0030,0.0716,0.0191
584.6209,0.3124,0.2986,0.0018,0.4523,0.4078,0.7747,0.0008,0.0598,0.0328
410.0820,0.3282,0.1588,0.0068,0.3458,0.4818,0.6797,0.0040,0.0754,0.0022
479.4265,0.3393,0.1179,0.0288,0.1981,0.3751,0.7815,0.0044,0.0725,0.0052
564.0263,0.4830,0.2686,0.0077,0.4578,0.5939,0.5100,0.0037,0.0222,0.0680
450.3979,0.3719,0.2267,0.0175,0.4005,0.5406,0.7236,0.0071,0.0585,0.0366
470.9764,0.4425,0.1679,0.0028,0.4635,0.4262,0.7062,0.0093,0.0530,0.0225
347.2859,0.3780,0.1371,0.0221,0.0796,0.5788,0.6683,0.0157,0.0304,0.0395
528.7529,0.5482,0.2020,0.0161,0.3926,0.5260,0.7740,0.0036,0.0022,0.0336
525.2318,0.3081,0.1852,0.0314,0.3556,0.5640,0.7598,0.0123,0.0734,0.0715
290.5469,0.4512,0.1205,0.0039,0.1925,0.4722,0.7751,0.0191,0.0312,0.0197
485.4466,0.3954,0.1663,0.0082,0.3156,0.4754,0.7796,0.0128,0.0082,0.0719
405.0066,0.3844,0.1115,0.0085,0.2346,0.4045,0.7152,0.0097,0.0322,0.0525
583.7775,0.3201,0.1351,0.0318,0.4304,0.5388,0.6508,0.0110,0.0387,0.0158
383.3673,0.3646,0.1453,0.0029,0.0187,0.2069,0.6156,0.0094,0.0220,0.1246
485.6628,0.3770,0.1051,0.0049,0.4506,0.5638,0.6739,0.0047,0.0772,0.0447
574.9382,0.3043,0.1704,0.0064,0.2941,0.5249,0.7624,0.0155,0.0081,0.1960
425.1420,0.3618,0.1036,0.0142,0.4195,0.2289,0.7788,0.0058,0.0460,0.0271
399.9224,0.3687,0.1182,0.0417,0.4640,0.5172,0.7360,0.0002,0.0112,0.0325
553.5172,0.4564,0.2303,0.0224,0.4885,0.5848,0.6786,0.0050,0.0563,0.1242
588.9251,0.7749,0.2162,0.0023,0.4450,0.5555,0.7663,0.0150,0.0865,0.0364
589.3672,0.3638,0.1641,0.0103,0.4265,0.4724,0.7195,0.0015,0.0526,0.1201
519.2258,0.3116,0.2122,0.0076,0.4941,0.5154,0.6525,0.0168,0.0299,0.1270
598.0838,0.7095,0.2463,0.0276,0.4651,0.5946,0.7907,0.0085,0.0478,0.0659
458.7096,0.4878,0.1843,0.0124,0.4862,0.5671,0.6090,0.0126,0.0484,0.0255
314.2288,0.3933,0.1723,0.0165,0.2426,0.2569,0.7133,0.0022,0.0048,0.0346
562.2804,0.4418,0.2663,0.0105,0.4253,0.5307,0.6408,0.0006,0.0162,0.0474
538.5365,0.3408,0.2413,0.0247,0.4358,0.5690,0.7294,0.0186,0.0430,0.0564
556.0419,0.3282,0.1222,0.0035,0.2071,0.3703,0.7213,0.0162,0.0174,0.0527
419.6984,0.3520,0.1666,0.0389,0.0333,0.3625,0.7456,0.0007,0.0020,0.0173
354.2424,0.4127,0.1791,0.0347,0.4731,0.4717,0.7804,0.0089,0.0010,0.0178
583.2531,0.8023,0.2116,0.0064,0.4834,0.5754,0.7966,0.0047,0.1632,0.0833
462.7854,0.3628,0.1413,0.0153,0.3856,0.4940,0.7078,0.0003,0.1455,0.0023
469.7692,0.3201,0.1846,0.0217,0.2449,0.5167,0.7248,0.0106,0.0233,0.0847
427.8914,0.3553,0.1389,0.0242,0.1797,0.4738,0.6656,0.0053,0.0449,0.0256
429.8515,0.9167,0.1556,0.0016,0.4681,0.5900,0.6997,0.0114,0.0612,0.0005
503.4875,0.3234,0.1275,0.0130,0.4778,0.5941,0.6679,0.0112,0.0993,0.0841
530.4789,0.5191,0.2985,0.0043,0.4587,0.5974,0.6067,0.0016,0.0704,0.0597
425.4597,0.3336,0.1602,0.0277,0.4749,0.2158,0.7998,0.0186,0.0271,0.0035
562.4966,0.3359,0.1928,0.0011,0.3104,0.5722,0.7465,0.0124,0.0880,0.1171
441.5789,0.3453,0.2541,0.0026,0.4665,0.4850,0.6580,0.0077,0.0143,0.0594
522.1859,0.3798,0.1220,0.0149,0.4432,0.5124,0.7963,0.0192,0.0686,0.0486
551.1766,0.3881,0.1351,0.0020,0.4454,0.5994,0.5729,0.0024,0.0234,0.1313
463.0387,0.8502,0.1637,0.0119,0.4983,0.5876,0.7908,0.0001,0.1352,0.0317
456.1409,0.5563,0.1504,0.0166,0.4510,0.5544,0.7148,0.0101,0.0125,0.0284
452.6188,0.3150,0.1664,0.0256,0.3007,0.5359,0.7015,0.0039,0.0632,0.0438
356.6897,0.3551,0.1465,0.0082,0.2785,0.5653,0.7994,0.0086,0.1005,0.0144
419.0035,0.3901,0.1149,0.0132,0.1089,0.3337,0.7939,0.0091,0.0539,0.0003
437.3953,0.6983,0.2429,0.0054,0.4402,0.5922,0.7259,0.0121,0.0325,0.0497
536.6563,0.3327,0.1185,0.0202,0.3403,0.4518,0.6836,0.0027,0.0195,0.0535
486.2063,0.3141,0.2608,0.0252,0.4856,0.5589,0.7786,0.0021,0.1149,0.0665
284.6090,0.4216,0.1578,0.0117,0.0175,0.2732,0.4089,0.0014,0.0265,0.0560
575.4528,0.4767,0.1799,0.0330,0.4835,0.5563,0.6733,0.0068,0.0308,0.0502
424.6523,0.3447,0.1439,0.0019,0.3236,0.5241,0.7119,0.0138,0.1533,0.0519
500.7655,0.4028,0.1852,0.0123,0.2783,0.5737,0.7130,0.0012,0.0146,0.0607
370.7728,0.8032,0.2255,0.0131,0.4918,0.5348,0.7957,0.0016,0.0315,0.0090
473.6049,0.4672,0.2266,0.0476,0.4793,0.5972,0.7394,0.0156,0.0035,0.0053
397.7996,0.3637,0.1304,0.0079,0.0026,0.5838,0.6810,0.0186,0.1153,0.0120
438.9776,0.3526,0.1679,0.0341,0.4163,0.4596,0.7841,0.0179,0.0373,0.0220
581.2338,0.6300,0.2748,0.0092,0.4888,0.5959,0.6338,0.0104,0.1445,0.0433
495.9146,0.3333,0.1097,0.0300,0.1163,0.5890,0.7058,0.0069,0.0032,0.0591
411.2276,0.4108,0.1226,0.0189,0.2992,0.4394,0.7323,0.0056,0.0202,0.0052
526.8488,0.3096,0.1262,0.0022,0.0016,0.3150,0.7489,0.0013,0.0517,0.0292
364.0228,0.3528,0.2308,0.0087,0.2393,0.3922,0.6994,0.0048,0.0190,0.0107
390.6075,0.3189,0.1809,0.0016,0.3621,0.5593,0.6951,0.0083,0.0160,0.0232
500.5026,0.3315,0.2215,0.0161,0.4964,0.5398,0.7506,0.0035,0.2131,0.0377
376.1838,0.3442,0.1844,0.0099,0.4800,0.3736,0.7692,0.0149,0.0465,0.0843
438.4431,0.3247,0.2010,0.0034,0.0186,0.5329,0.4205,0.0111,0.0016,0.0752
426.4394,0.3597,0.1079,0.0285,0.0400,0.1699,0.5286,0.0002,0.0310,0.0164
402.9639,0.3721,0.1207,0.0068,0.0921,0.4587,0.4857,0.0058,0.0619,0.0234
527.4903,0.4853,0.1634,0.0083,0.4201,0.5328,0.6609,0.0010,0.0401,0.0604
595.1598,0.5206,0.2130,0.0116,0.4721,0.4585,0.7267,0.0157,0.0276,0.0056
589.5270,0.8963,0.2577,0.0030,0.4808,0.5417,0.6057,0.0059,0.0604,0.0713
451.4457,0.3304,0.1954,0.0368,0.4390,0.5693,0.7873,0.0105,0.0586,0.0870
598.3632,0.3021,0.1677,0.0195,0.3701,0.3936,0.6295,0.0104,0.0104,0.0085
474.9233,0.3749,0.1423,0.0010,0.3573,0.5912,0.6716,0.0019,0.1812,0.0329
333.6132,0.4074,0.1289,0.0108,0.0540,0.3402,0.4786,0.0143,0.0175,0.0356
393.3278,0.3624,0.1460,0.0238,0.0671,0.3371,0.7485,0.0047,0.0340,0.0659
584.8168,0.3602,0.1663,0.0156,0.4720,0.5716,0.5866,0.0064,0.0409,0.1001
537.8439,0.3148,0.2119,0.0191,0.4200,0.4036,0.7697,0.0117,0.0273,0.0718
489.0301,0.4177,0.1530,0.0014,0.4830,0.5334,0.7520,0.0144,0.0136,0.2170
423.1896,0.3842,0.1788,0.0129,0.4309,0.5810,0.7511,0.0006,0.1561,0.0779
338.7759,0.4160,0.1230,0.0038,0.1051,0.2151,0.6896,0.0013,0.1037,0.0152
372.5036,0.3815,0.1388,0.0046,0.0065,0.4652,0.7855,0.0108,0.0280,0.1175
522.6627,0.4688,0.1903,0.0025,0.4600,0.5685,0.7996,0.0077,0.1557,0.1345
402.6048,0.3232,0.1496,0.0118,0.3757,0.4833,0.7968,0.0173,0.0123,0.0359
550.9450,0.4105,0.1991,0.0262,0.4216,0.5568,0.7389,0.0178,0.0608,0.0130
549.5465,0.3448,0.2957,0.0038,0.4259,0.5953,0.7791,0.0038,0.0972,0.1187
452.3869,0.3378,0.2303,0.0022,0.3324,0.4935,0.6254,0.0161,0.0257,0.0051
389.0169,0.3840,0.1539,0.0050,0.2745,0.4193,0.6832,0.0008,0.0378,0.0775
435.7956,0.3897,0.1728,0.0017,0.4078,0.4888,0.6940,0.0061,0.0904,0.0617
366.4903,0.4352,0.1519,0.0328,0.3899,0.5806,0.7914,0.0014,0.0528,0.0240
297.1459,0.4460,0.1151,0.0089,0.0388,0.4627,0.7052,0.0021,0.0944,0.0123
472.3795,0.3641,0.1570,0.0071,0.4499,0.2389,0.7811,0.0168,0.0030,0.0253
398.4219,0.3787,0.1012,0.0013,0.0185,0.4063,0.7544,0.0117,0.0957,0.0341
491.1900,0.3041,0.1665,0.0028,0.2369,0.4285,0.6662,0.0081,0.0266,0.0831
512.8641,0.4554,0.2725,0.0112,0.3956,0.5977,0.6802,0.0125,0.0254,0.0191
376.8060,0.3756,0.2840,0.0035,0.4953,0.5520,0.7289,0.0154,0.0238,0.0290
593.9882,0.5493,0.2383,0.0052,0.4875,0.5316,0.7723,0.0140,0.0427,0.1555
464.1883,0.3267,0.1537,0.0166,0.0086,0.5887,0.7640,0.0038,0.0234,0.0849
318.5415,0.4368,0.1998,0.0080,0.4517,0.4790,0.7927,0.0058,0.0252,0.0592
354.5577,0.7253,0.1958,0.0011,0.4846,0.5991,0.6262,0.0028,0.0818,0.0066
506.9899,0.5793,0.2671,0.0178,0.4990,0.5695,0.5588,0.0072,0.0153,0.0313
568.3530,0.3102,0.1611,0.0121,0.4528,0.5349,0.7073,0.0031,0.0900,0.1889
498.4892,0.7654,0.1730,0.0068,0.4863,0.5438,0.5699,0.0051,0.0334,0.0195
496.9625,0.3211,0.1390,0.0357,0.1009,0.3833,0.7460,0.0027,0.0578,0.0046
404.9825,0.3339,0.2292,0.0223,0.2150,0.5825,0.6541,0.0026,0.0136,0.0204
403.8695,0.4838,0.1425,0.0077,0.4450,0.5475,0.7898,0.0075,0.1464,0.0010
465.7543,0.3703,0.1630,0.0157,0.3326,0.3883,0.7847,0.0035,0.0576,0.0353
316.9669,0.3943,0.1755,0.0119,0.1428,0.4353,0.7569,0.0068,0.0566,0.0331
417.8335,0.3297,0.2072,0.0190,0.2752,0.5874,0.6019,0.0182,0.0053,0.0076
528.0704,0.3641,0.2709,0.0176,0.4938,0.5013,0.6931,0.0017,0.0791,0.0164
579.6259,0.3057,0.1338,0.0094,0.3161,0.5974,0.7661,0.0149,0.1914,0.0500
452.1647,0.3676,0.0857,0.0017,0.2287,0.5470,0.6371,0.0023,0.0056,0.0719
557.4665,0.3504,0.2059,0.0299,0.4843,0.5797,0.6302,0.0037,0.0140,0.1201
480.3343,0.3423,0.1715,0.0194,0.4504,0.5779,0.6796,0.0194,0.0317,0.0978
346.6951,0.4104,0.0957,0.0298,0.0473,0.1994,0.6030,0.0011,0.0017,0.0417
444.9899,0.7264,0.1584,0.0028,0.4987,0.5485,0.7634,0.0094,0.1158,0.0157
370.2634,0.4089,0.1417,0.0024,0.0692,0.4253,0.6461,0.0055,0.0560,0.0280
396.8523,0.4381,0.1465,0.0098,0.4385,0.5223,0.6593,0.0013,0.0591,0.0172
495.4095,0.3650,0.1152,0.0333,0.3077,0.5857,0.7723,0.0050,0.0239,0.0386
363.5178,0.3239,0.2441,0.0055,0.4306,0.3956,0.7738,0.0070,0.0081,0.0464
470.7465,0.3191,0.1637,0.0014,0.1415,0.1913,0.7451,0.0158,0.0465,0.0640
579.8299,0.4204,0.1596,0.0182,0.4093,0.5630,0.7285,0.0123,0.0316,0.0801
559.5397,0.3065,0.2341,0.0023,0.4723,0.4352,0.6994,0.0138,0.0072,0.1414
492.8050,0.3466,0.1581,0.0049,0.4207,0.4781,0.6414,0.0091,0.0604,0.0647
364.8195,0.3906,0.1610,0.0369,0.2061,0.4119,0.7652,0.0010,0.0096,0.0081
535.4035,0.3438,0.1066,0.0185,0.0160,0.4571,0.7892,0.0055,0.0076,0.0022
484.3517,0.3485,0.1710,0.0099,0.0091,0.2436,0.7250,0.0024,0.0160,0.0037
545.0060,0.3564,0.2257,0.0091,0.3694,0.4997,0.7806,0.0078,0.0517,0.0837
507.3436,0.3213,0.1449,0.0119,0.3042,0.4255,0.5905,0.0125,0.0302,0.0030
589.1271,0.9127,0.2566,0.0070,0.4181,0.5967,0.7163,0.0106,0.0136,0.0679
426.2346,0.5302,0.2029,0.0108,0.3615,0.5827,0.7302,0.0015,0.0330,0.0254
400.7752,0.3658,0.1712,0.0082,0.2158,0.4396,0.7608,0.0151,0.0555,0.0457
433.7715,0.3986,0.1025,0.0085,0.3589,0.5809,0.6965,0.0020,0.0608,0.0364
497.7879,0.4171,0.2104,0.0127,0.4402,0.4298,0.7914,0.0025,0.0767,0.0184
497.3477,0.6943,0.1699,0.0031,0.4236,0.5986,0.6820,0.0110,0.0426,0.0528
532.5937,0.3129,0.1520,0.0198,0.3772,0.5654,0.7620,0.0010,0.1098,0.1562
360.5323,0.3749,0.1248,0.0079,0.4409,0.4524,0.7206,0.0052,0.0291,0.0881
506.4848,0.3113,0.2459,0.0309,0.3131,0.5289,0.7142,0.0031,0.0121,0.0163
387.1171,0.3405,0.1628,0.0027,0.0677,0.4962,0.7094,0.0017,0.0063,0.0831
370.0285,0.3598,0.1523,0.0495,0.0112,0.2704,0.6320,0.0046,0.0042,0.0231
589.5989,0.3030,0.2270,0.0187,0.3348,0.5443,0.6521,0.0023,0.0776,0.0232
477.1435,0.3626,0.1045,0.0203,0.0035,0.5613,0.4420,0.0018,0.0262,0.0104
286.7977,0.4261,0.1380,0.0033,0.1439,0.2307,0.5564,0.0120,0.0153,0.0021
554.7960,0.3485,0.1029,0.0106,0.3985,0.3670,0.7565,0.0132,0.0282,0.0012
447.0899,0.3330,0.1643,0.0122,0.3677,0.4678,0.6641,0.0066,0.1113,0.0168
589.8220,0.4746,0.2946,0.0219,0.4615,0.5028,0.7973,0.0105,0.0057,0.0065
554.3576,0.7686,0.2774,0.0018,0.4795,0.5359,0.7096,0.0005,0.1466,0.0004
380.6973,0.3451,0.1635,0.0147,0.3761,0.3343,0.6953,0.0190,0.0233,0.0068
272.3876,0.4555,0.1337,0.0072,0.0105,0.1739,0.6618,0.0061,0.0460,0.0311
568.3995,0.3205,0.1064,0.0069,0.2516,0.5680,0.7137,0.0097,0.0589,0.0835
594.1650,0.3241,0.1229,0.0285,0.3663,0.3421,0.7880,0.0041,0.0335,0.0061
393.7911,0.3263,0.2143,0.0019,0.4185,0.4466,0.7427,0.0054,0.0757,0.1001
415.0842,0.4088,0.1478,0.0186,0.4806,0.5842,0.7799,0.0082,0.1081,0.0869
442.1952,0.4165,0.2592,0.0067,0.4042,0.5245,0.7979,0.0136,0.0612,0.0097
595.7070,0.3857,0.1090,0.0075,0.4475,0.5745,0.7990,0.0014,0.2187,0.0064
369.5432,0.4212,0.1085,0.0082,0.0845,0.5021,0.6019,0.0048,0.0331,0.0202
511.4082,0.3287,0.0924,0.0330,0.4248,0.5784,0.7375,0.0113,0.0160,0.0148
566.4205,0.4962,0.1881,0.0036,0.4910,0.5700,0.7338,0.0109,0.2463,0.0396
341.4696,0.4630,0.1469,0.0144,0.3609,0.5328,0.7773,0.0169,0.0047,0.0249
520.2836,0.3362,0.1285,0.0173,0.1500,0.4643,0.7602,0.0183,0.0371,0.0063
521.8115,0.9808,0.1510,0.0100,0.4854,0.5984,0.6052,0.0044,0.0161,0.0706
513.6164,0.3961,0.2024,0.0029,0.2120,0.5924,0.7936,0.0156,0.0040,0.0229
560.1260,0.3271,0.2632,0.0080,0.4881,0.4769,0.7529,0.0159,0.0631,0.0823
541.6831,0.4447,0.2422,0.0212,0.4981,0.5618,0.5861,0.0027,0.0336,0.0623
369.3268,0.3508,0.1639,0.0050,0.2118,0.5387,0.7071,0.0129,0.1064,0.0041
492.6606,0.7386,0.2594,0.0011,0.4507,0.5949,0.6699,0.0127,0.1188,0.0027
411.4991,0.5007,0.2895,0.0128,0.4959,0.5912,0.7015,0.0147,0.0069,0.0351
295.9206,0.4274,0.1100,0.0053,0.3551,0.4662,0.7715,0.0098,0.0824,0.0096
334.9402,0.4017,0.1481,0.0027,0.1777,0.2889,0.7680,0.0049,0.0251,0.1092
550.7452,0.3317,0.1792,0.0106,0.2424,0.5987,0.6972,0.0068,0.0799,0.0551
597.6190,0.8696,0.1741,0.0050,0.4533,0.5931,0.6357,0.0131,0.0874,0.0332
483.0585,0.3409,0.1245,0.0112,0.3860,0.3392,0.7468,0.0036,0.1192,0.0111
307.6086,0.4228,0.1472,0.0017,0.0941,0.3595,0.7334,0.0176,0.0653,0.0132
396.4425,0.3886,0.1275,0.0032,0.0293,0.4356,0.3444,0.0104,0.0151,0.0462
577.5738,0.3343,0.2279,0.0053,0.4237,0.5097,0.7272,0.0007,0.1930,0.0383
446.2549,0.4567,0.1402,0.0089,0.4750,0.5891,0.7280,0.0143,0.0493,0.1078
487.9996,0.3389,0.1370,0.0040,0.0438,0.5735,0.5883,0.0056,0.1074,0.0136
493.0677,0.3693,0.2075,0.0290,0.4467,0.5214,0.6862,0.0107,0.0229,0.0272
476.7495,0.5676,0.2819,0.0023,0.4638,0.5848,0.7892,0.0034,0.0782,0.1104
571.5340,0.6742,0.2514,0.0123,0.4811,0.5964,0.5705,0.0040,0.0401,0.1277
293.9487,0.4590,0.1563,0.0100,0.2441,0.5452,0.7523,0.0042,0.0346,0.0086
481.7412,0.3052,0.2059,0.0183,0.3118,0.5292,0.7810,0.0062,0.0340,0.1551
547.6692,0.3124,0.1356,0.0191,0.0744,0.2853,0.7255,0.0042,0.0721,0.0006
432.5982,0.4300,0.1320,0.0021,0.3749,0.4073,0.7401,0.0077,0.0002,0.0623
269.8925,0.4404,0.1003,0.0014,0.0260,0.2538,0.5863,0.0042,0.0244,0.0001
583.3607,0.4823,0.2698,0.0131,0.4266,0.5406,0.7439,0.0058,0.0789,0.0037
422.1466,0.3737,0.1176,0.0091,0.0467,0.3106,0.6540,0.0145,0.0257,0.0483
571.3168,0.3355,0.1433,0.0125,0.2675,0.3597,0.7852,0.0006,0.0021,0.0865
490.6063,0.6047,0.1957,0.0114,0.4609,0.5764,0.7566,0.0021,0.1751,0.0076
298.0758,0.4000,0.1548,0.0197,0.3101,0.2852,0.7929,0.0165,0.0129,0.0202
508.7914,0.3255,0.1778,0.0014,0.4425,0.3691,0.6138,0.0018,0.0356,0.0396
557.6190,0.3718,0.1282,0.0043,0.3832,0.5449,0.6791,0.0165,0.0515,0.0562
385.0220,0.4421,0.2637,0.0057,0.3565,0.5612,0.7900,0.0143,0.0069,0.0030
545.9926,0.6713,0.1963,0.0111,0.4250,0.5479,0.7760,0.0027,0.0215,0.0681
595.5777,0.3528,0.1822,0.0189,0.3757,0.5773,0.7309,0.0127,0.1261,0.0275
469.9800,0.3918,0.1431,0.0142,0.1552,0.5715,0.7001,0.0053,0.0067,0.0137
310.5457,0.3720,0.2180,0.0103,0.3363,0.4931,0.7317,0.0045,0.0056,0.0534
449.6348,0.3436,0.1937,0.0060,0.2172,0.4593,0.7293,0.0087,0.0298,0.0738
377.7081,0.3782,0.1143,0.0027,0.1437,0.5335,0.6623,0.0133,0.0525,0.0700
289.5626,0.3957,0.1591,0.0139,0.3765,0.5549,0.7695,0.0150,0.0588,0.0086
374.3143,0.3690,0.1410,0.0351,0.2748,0.5946,0.7274,0.0077,0.0711,0.0037
492.0320,0.3171,0.2621,0.0036,0.4009,0.3865,0.7250,0.0006,0.0541,0.0170
384.7987,0.3361,0.1960,0.0090,0.4720,0.4777,0.6442,0.0036,0.0786,0.0091
506.5708,0.3451,0.2597,0.0073,0.2531,0.5795,0.7451,0.0165,0.0047,0.0068
456.1646,0.7504,0.2001,0.0036,0.4659,0.5940,0.7580,0.0056,0.0231,0.1664
357.8838,0.3996,0.0932,0.0194,0.0037,0.3251,0.5237,0.0029,0.0652,0.0062
588.3724,0.3079,0.1313,0.0248,0.2352,0.5547,0.7177,0.0030,0.0051,0.1135
585.9407,0.5125,0.2326,0.0104,0.4797,0.5901,0.6017,0.0070,0.1350,0.0651
445.1001,0.3206,0.2016,0.0240,0.3786,0.3147,0.7892,0.0072,0.0443,0.0323
468.6786,0.3224,0.2767,0.0458,0.4893,0.5873,0.7071,0.0016,0.0135,0.0058
564.0484,0.3044,0.1383,0.0083,0.0680,0.4129,0.6396,0.0109,0.0753,0.0200
439.6426,0.3770,0.0747,0.0100,0.1620,0.3906,0.7962,0.0093,0.0085,0.0238
394.3407,0.3880,0.1287,0.0095,0.2721,0.5044,0.7358,0.0136,0.0325,0.0747
484.2094,0.3147,0.1494,0.0293,0.0732,0.3023,0.7657,0.0183,0.0045,0.0332
548.3892,0.5407,0.2338,0.0146,0.4450,0.5165,0.7223,0.0026,0.0341,0.0437
501.9906,0.3115,0.1820,0.0056,0.1420,0.4380,0.7787,0.0122,0.1123,0.0213
524.6455,0.5763,0.2089,0.0031,0.4477,0.5876,0.6390,0.0158,0.0614,0.0794
351.1426,0.3964,0.1438,0.0091,0.0089,0.5192,0.7446,0.0035,0.0520,0.0795
429.8278,0.3671,0.1939,0.0194,0.4528,0.5662,0.7735,0.0068,0.0529,0.1481
380.8079,0.4502,0.1428,0.0011,0.3899,0.4284,0.7481,0.0095,0.0585,0.0152
263.5167,0.4770,0.1155,0.0031,0.1086,0.5779,0.7079,0.0049,0.0346,0.0227
355.8216,0.4026,0.1246,0.0299,0.1531,0.5680,0.6686,0.0080,0.0138,0.0079
516.2443,0.4640,0.2055,0.0206,0.4078,0.5826,0.7595,0.0040,0.0525,0.0769
395.9769,0.3389,0.1647,0.0182,0.4905,0.5310,0.7587,0.0110,0.1904,0.0066
508.8631,0.3591,0.1315,0.0120,0.4698,0.4467,0.7929,0.0025,0.0563,0.1545
558.8892,0.3347,0.1129,0.0064,0.0248,0.5379,0.3972,0.0035,0.0268,0.0032
557.5388,0.3190,0.1767,0.0093,0.4183,0.5288,0.6104,0.0172,0.0067,0.1032
446.3170,0.3745,0.2399,0.0078,0.3244,0.5676,0.7008,0.0030,0.0782,0.0068
480.4264,0.3763,0.1462,0.0434,0.3892,0.5272,0.7798,0.0010,0.0250,0.0397
476.9059,0.4855,0.1629,0.0034,0.3600,0.5633,0.7617,0.0147,0.0494,0.0400
591.5097,0.6572,0.2939,0.0022,0.4855,0.5773,0.7040,0.0175,0.1538,0.0150
461.2895,0.3584,0.1185,0.0018,0.0689,0.2125,0.5715,0.0092,0.0164,0.0610
495.2617,0.3092,0.1407,0.0051,0.3679,0.5193,0.6870,0.0159,0.0306,0.1131
571.1421,0.3443,0.1888,0.0024,0.3027,0.4686,0.6215,0.0012,0.0557,0.0202
302.1247,0.4106,0.1425,0.0100,0.0465,0.5781,0.5802,0.0108,0.0611,0.0423
396.6811,0.4277,0.2252,0.0053,0.4736,0.5385,0.7591,0.0020,0.0330,0.1493
498.5200,0.5275,0.1775,0.0137,0.4699,0.5833,0.6534,0.0106,0.0063,0.1173
574.9990,0.6014,0.2024,0.0040,0.4813,0.5296,0.6775,0.0086,0.0517,0.1149
415.2199,0.3527,0.1462,0.0122,0.0595,0.2794,0.5417,0.0092,0.0760,0.0140
356.0535,0.4254,0.1788,0.0042,0.2456,0.5882,0.7213,0.0120,0.0512,0.0178
459.2099,0.4179,0.1576,0.0088,0.2970,0.5634,0.6512,0.0007,0.0044,0.0665
554.7934,0.8668,0.2363,0.0014,0.4947,0.5970,0.5460,0.0149,0.1698,0.0286
557.7467,0.3400,0.1264,0.0342,0.4491,0.5021,0.7803,0.0031,0.0442,0.0813
581.3063,0.3030,0.1097,0.0125,0.4349,0.2752,0.7374,0.0087,0.0130,0.0581
360.7737,0.4310,0.1223,0.0138,0.0191,0.1475,0.4741,0.0074,0.0052,0.0022
458.9867,0.3598,0.0827,0.0059,0.4358,0.4750,0.7866,0.0113,0.0812,0.0110
544.7188,0.3230,0.1460,0.0043,0.3420,0.5783,0.6340,0.0085,0.0028,0.1859
579.7009,0.3878,0.2484,0.0083,0.4784,0.5602,0.7858,0.0037,0.2390,0.0577
467.9551,0.3102,0.1888,0.0399,0.4739,0.3870,0.7918,0.0087,0.0662,0.0218
348.8652,0.4653,0.1356,0.0105,0.3858,0.5481,0.7354,0.0023,0.0802,0.0017
427.2739,0.3236,0.1663,0.0094,0.2438,0.3441,0.7329,0.0005,0.0707,0.0236
542.4483,0.3974,0.1626,0.0225,0.4476,0.4736,0.7476,0.0064,0.0013,0.0932
509.4420,0.3205,0.1739,0.0070,0.0624,0.4797,0.4819,0.0109,0.0171,0.0149
493.2088,0.3377,0.2366,0.0100,0.3856,0.5880,0.7731,0.0097,0.0349,0.1657
387.0806,0.3492,0.2083,0.0106,0.0950,0.5739,0.5762,0.0023,0.0506,0.0093
532.0117,0.3238,0.2564,0.0067,0.4461,0.5549,0.7050,0.0149,0.1648,0.0025
380.0998,0.4680,0.1059,0.0075,0.4057,0.4815,0.7039,0.0001,0.0024,0.0106
399.5005,0.3537,0.1336,0.0262,0.2786,0.4438,0.7400,0.0005,0.0858,0.0255
374.4674,0.3476,0.1932,0.0110,0.3739,0.5591,0.6473,0.0123,0.0337,0.0486
592.8500,0.3514,0.2292,0.0026,0.4441,0.3393,0.7886,0.0093,0.0248,0.0377
560.0464,0.3806,0.2418,0.0303,0.4224,0.5666,0.7065,0.0050,0.0699,0.0084
440.7884,0.3648,0.1745,0.0034,0.1775,0.5993,0.7173,0.0010,0.0618,0.0925
568.5697,0.4024,0.2135,0.0050,0.4179,0.5894,0.6865,0.0185,0.1061,0.0751
465.1954,0.9381,0.2676,0.0028,0.4597,0.5823,0.4751,0.0020,0.0004,0.0316
576.0750,0.3303,0.1545,0.0155,0.4800,0.4672,0.7116,0.0151,0.0824,0.0653
272.4156,0.3987,0.1790,0.0063,0.0457,0.1578,0.7488,0.0054,0.0111,0.0008
584.7860,0.9536,0.1832,0.0042,0.4878,0.5476,0.6361,0.0119,0.0703,0.0507
433.8065,0.3165,0.2172,0.0097,0.4432,0.5438,0.7315,0.0107,0.1072,0.0945
456.1933,0.3335,0.1544,0.0066,0.1103,0.5229,0.5262,0.0099,0.0845,0.0109
482.7287,0.7006,0.2312,0.0141,0.4906,0.5731,0.7765,0.0007,0.0407,0.1439
497.6160,0.3243,0.1074,0.0115,0.3524,0.4708,0.7639,0.0138,0.0490,0.0630
434.9188,0.3476,0.1311,0.0348,0.0316,0.4879,0.5709,0.0055,0.0227,0.0317
329.4510,0.3922,0.1372,0.0082,0.2443,0.1325,0.6692,0.0067,0.0269,0.0268
511.3152,0.3824,0.1021,0.0063,0.4856,0.5276,0.7218,0.0078,0.0046,0.1137
377.8851,0.3568,0.1890,0.0283,0.2388,0.4977,0.7111,0.0068,0.0150,0.0312
394.2556,0.5031,0.1845,0.0221,0.4524,0.5741,0.7462,0.0037,0.0710,0.0182
390.7429,0.3505,0.1986,0.0377,0.2982,0.4852,0.7955,0.0124,0.0045,0.0260
584.8883,0.3295,0.2128,0.0238,0.4447,0.4930,0.7027,0.0070,0.0149,0.1032
448.6402,0.3428,0.1581,0.0231,0.1759,0.2486,0.7407,0.0028,0.0529,0.0028
538.2039,0.7465,0.2166,0.0171,0.4932,0.5778,0.5901,0.0038,0.1079,0.0195
489.0735,0.4524,0.2298,0.0122,0.4478,0.5486,0.6664,0.0138,0.0443,0.0286
509.5939,0.3395,0.0936,0.0022,0.1690,0.4502,0.6795,0.0094,0.0455,0.0476
540.6347,0.3051,0.1435,0.0301,0.2145,0.1764,0.7539,0.0038,0.0098,0.0246
522.0947,0.3265,0.1355,0.0481,0.3813,0.5945,0.6944,0.0002,0.0619,0.0090
358.9804,0.3652,0.1798,0.0020,0.1829,0.5483,0.6087,0.0067,0.0230,0.0944
452.7674,0.3468,0.1526,0.0127,0.3597,0.5711,0.7891,0.0154,0.0699,0.1449
473.5327,0.4141,0.2168,0.0161,0.4155,0.5074,0.7200,0.0048,0.0156,0.0619
439.0559,0.3215,0.1502,0.0044,0.4785,0.3930,0.6752,0.0014,0.0206,0.0534
402.3545,0.3566,0.2261,0.0016,0.4109,0.5923,0.6177,0.0167,0.0424,0.0287
305.7939,0.4095,0.1483,0.0322,0.3747,0.4817,0.7994,0.0008,0.0338,0.0277
553.6995,0.4517,0.2694,0.0065,0.4964,0.4371,0.7940,0.0084,0.0168,0.0644
471.0094,0.3127,0.1592,0.0154,0.3405,0.5354,0.6597,0.0148,0.1002,0.0114
589.1512,0.3685,0.0938,0.0140,0.4344,0.5571,0.7608,0.0051,0.0217,0.0634
411.7794,0.3385,0.1451,0.0061,0.3089,0.3235,0.7734,0.0161,0.0602,0.0517
414.2075,0.3613,0.1229,0.0455,0.1073,0.5813,0.6569,0.0078,0.0026,0.0036
442.8399,0.3531,0.1038,0.0088,0.1207,0.5035,0.7197,0.0070,0.0870,0.0157
579.7993,0.8825,0.1900,0.0020,0.4256,0.5870,0.7487,0.0072,0.0046,0.1281
435.7444,0.3076,0.2720,0.0029,0.2615,0.5102,0.7369,0.0173,0.0440,0.0007
567.9535,0.3860,0.2066,0.0012,0.4802,0.5509,0.5744,0.0025,0.1155,0.0877
575.3463,0.6827,0.2246,0.0209,0.4612,0.5842,0.6192,0.0126,0.0319,0.0357
498.4587,0.3331,0.1620,0.0048,0.4131,0.3752,0.7664,0.0179,0.1022,0.0475
593.0588,0.3209,0.0923,0.0036,0.1179,0.2702,0.7691,0.0131,0.0047,0.0260
533.6903,0.3943,0.2365,0.0157,0.4751,0.4955,0.7880,0.0157,0.0890,0.0359
405.2498,0.3455,0.1504,0.0171,0.2424,0.5049,0.7563,0.0032,0.0443,0.1193
368.6841,0.4187,0.1961,0.0075,0.3111,0.5832,0.7852,0.0064,0.0429,0.0796
562.4205,0.4080,0.2408,0.0279,0.4846,0.5738,0.5998,0.0190,0.0041,0.0262
538.6758,0.3724,0.2666,0.0380,0.4980,0.5336,0.7613,0.0021,0.0504,0.0355
480.3100,0.9739,0.1781,0.0127,0.4667,0.5394,0.7933,0.0049,0.0024,0.0246
450.1735,0.3548,0.2812,0.0081,0.3930,0.4539,0.7489,0.0008,0.0184,0.0132
323.5239,0.3806,0.1614,0.0280,0.0466,0.2053,0.6354,0.0165,0.0106,0.0210
331.2516,0.3699,0.1980,0.0198,0.0806,0.5638,0.5387,0.0072,0.0013,0.0196
510.7553,0.3162,0.1228,0.0081,0.1849,0.5222,0.7569,0.0003,0.0248,0.1290
540.2172,0.3080,0.1681,0.0017,0.4890,0.5819,0.7845,0.0073,0.2879,0.1649
291.8401,0.4226,0.1189,0.0335,0.0556,0.5214,0.4965,0.0058,0.0098,0.0002
568.2128,0.3633,0.1593,0.0269,0.3867,0.5701,0.7521,0.0172,0.0780,0.0223
424.1379,0.3609,0.1877,0.0034,0.3355,0.2137,0.7922,0.0135,0.0357,0.0045
569.2981,0.3007,0.1982,0.0062,0.1033,0.5162,0.6460,0.0015,0.0125,0.0555
407.4724,0.3426,0.1296,0.0162,0.3694,0.5936,0.7159,0.0021,0.0914,0.0183
583.8249,0.3036,0.2380,0.0174,0.4600,0.4171,0.7484,0.0027,0.0742,0.0552
483.3205,0.3364,0.1359,0.0248,0.0694,0.3698,0.6731,0.0071,0.0277,0.0207
366.6304,0.4037,0.1657,0.0062,0.4502,0.5219,0.6992,0.0179,0.0413,0.0466
490.0183,0.3069,0.1920,0.0089,0.3326,0.4194,0.7275,0.0065,0.0946,0.0756
561.1212,0.7181,0.2455,0.0013,0.4302,0.5751,0.4691,0.0004,0.0188,0.0438
352.9205,0.4400,0.1691,0.0117,0.3333,0.4735,0.7806,0.0039,0.0111,0.0623
467.6206,0.5319,0.2235,0.0065,0.4425,0.5985,0.6963,0.0188,0.0877,0.0315
428.0446,0.3246,0.1855,0.0137,0.1445,0.3638,0.7526,0.0059,0.0094,0.0932
345.2097,0.3802,0.2274,0.0211,0.2713,0.5876,0.7396,0.0023,0.0254,0.0083
379.0659,0.4056,0.1192,0.0066,0.2065,0.4780,0.7705,0.0080,0.0244,0.0928
503.5651,0.3554,0.2051,0.0021,0.4504,0.4842,0.7388,0.0106,0.1441,0.0643
524.6255,0.6521,0.1871,0.0218,0.4987,0.5175,0.7057,0.0006,0.0038,0.0760
548.3426,0.8190,0.1936,0.0074,0.4878,0.5866,0.6634,0.0186,0.0495,0.0977
572.2187,0.3118,0.1177,0.0159,0.3020,0.5499,0.7885,0.0186,0.0132,0.1373
384.3281,0.3502,0.1433,0.0185,0.0107,0.1185,0.6575,0.0063,0.0368,0.0128
443.9703,0.3681,0.1293,0.0030,0.1055,0.4242,0.7947,0.0027,0.1426,0.0039
493.7207,0.3607,0.2382,0.0041,0.1941,0.5904,0.6988,0.0021,0.0130,0.0112
402.4762,0.3790,0.1709,0.0265,0.4404,0.5577,0.6938,0.0033,0.0050,0.0908
260.5031,0.4592,0.1548,0.0022,0.0385,0.5127,0.6500,0.0104,0.0254,0.0095
521.7804,0.3054,0.1985,0.0232,0.4705,0.5597,0.6182,0.0199,0.0244,0.0447
486.9965,0.3252,0.1563,0.0014,0.4333,0.5617,0.7197,0.0132,0.2098,0.0789
282.9458,0.4209,0.1609,0.0041,0.2747,0.2179,0.7963,0.0046,0.0018,0.0776
550.7976,0.4667,0.1814,0.0129,0.4806,0.4906,0.7205,0.0018,0.0723,0.0752
458.3992,0.3387,0.1424,0.0084,0.2366,0.4805,0.6891,0.0192,0.0979,0.0151
358.8274,0.3863,0.1236,0.0261,0.2153,0.5762,0.7787,0.0133,0.0605,0.0272
419.9418,0.6404,0.2160,0.0085,0.4727,0.5930,0.7942,0.0075,0.0159,0.1573
425.8297,0.3945,0.1949,0.0152,0.3906,0.5741,0.6668,0.0121,0.0249,0.0469
349.8945,0.3691,0.1507,0.0132,0.0717,0.4963,0.6321,0.0176,0.0237,0.0432
438.5860,0.3595,0.1235,0.0117,0.0537,0.5491,0.4902,0.0104,0.0553,0.0159
451.3039,0.3862,0.1857,0.0024,0.3771,0.5343,0.7033,0.0089,0.0706,0.0887
527.9018,0.5599,0.2116,0.0069,0.3849,0.5489,0.7457,0.0004,0.0146,0.0740
486.3525,0.4070,0.1215,0.0233,0.3389,0.6000,0.7435,0.0109,0.0125,0.0317
294.1800,0.3791,0.2321,0.0013,0.1540,0.4903,0.7742,0.0189,0.0139,0.0040
436.7837,0.3253,0.1803,0.0093,0.2770,0.4622,0.7766,0.0130,0.0264,0.1560
449.9882,0.3454,0.1370,0.0209,0.3029,0.3498,0.7316,0.0013,0.0809,0.0213
488.8968,0.4739,0.1668,0.0371,0.4191,0.5765,0.7074,0.0060,0.0069,0.0051
535.7372,0.9757,0.2536,0.0035,0.4913,0.5898,0.6195,0.0033,0.1032,0.1137
573.2926,0.5589,0.2651,0.0089,0.4467,0.4894,0.7866,0.0052,0.0102,0.0440
431.1877,0.3481,0.1752,0.0318,0.4294,0.3046,0.7873,0.0097,0.0260,0.0027
404.3473,0.3761,0.1144,0.0288,0.0029,0.2622,0.4686,0.0109,0.0062,0.0388
561.1667,0.3464,0.1465,0.0092,0.3557,0.4169,0.7415,0.0010,0.0869,0.0475
574.3079,0.3031,0.1429,0.0073,0.1836,0.5602,0.6938,0.0106,0.1507,0.0104
424.5922,0.4933,0.1146,0.0070,0.4980,0.5971,0.7730,0.0136,0.0939,0.0344
311.6556,0.3910,0.1852,0.0110,0.3570,0.4721,0.7038,0.0087,0.0230,0.0219
419.6964,0.4054,0.0978,0.0139,0.2738,0.5325,0.7961,0.0161,0.0169,0.0179
526.4399,0.4619,0.1631,0.0155,0.4923,0.5562,0.6395,0.0038,0.0860,0.0560
546.6415,0.3170,0.1568,0.0022,0.4902,0.4849,0.7228,0.0170,0.1126,0.1426
512.5724,0.3137,0.1553,0.0113,0.1961,0.4507,0.6507,0.0120,0.0685,0.0341
479.1496,0.3518,0.1604,0.0078,0.4912,0.2811,0.7973,0.0031,0.0543,0.0845
430.3991,0.3324,0.1457,0.0013,0.0142,0.1254,0.4000,0.0016,0.0101,0.0680
526.2237,0.3163,0.1091,0.0245,0.3657,0.4844,0.7515,0.0132,0.0182,0.0788
359.9669,0.4447,0.1641,0.0305,0.4268,0.5643,0.7754,0.0175,0.0021,0.0147
581.5103,0.3452,0.1862,0.0010,0.4496,0.5825,0.6767,0.0003,0.2805,0.0687
498.1432,0.3499,0.1480,0.0059,0.0795,0.5153,0.5695,0.0060,0.0191,0.0266
465.4349,0.3115,0.1736,0.0039,0.3588,0.2163,0.6844,0.0190,0.0052,0.0265
497.0313,0.3147,0.2028,0.0265,0.4266,0.5708,0.7368,0.0102,0.1036,0.0711
486.8725,0.6442,0.2533,0.0041,0.4133,0.5355,0.7377,0.0030,0.0110,0.0313
478.7083,0.3818,0.2091,0.0155,0.3153,0.5942,0.7612,0.0055,0.1020,0.0160
581.9133,0.3009,0.2706,0.0142,0.4088,0.4944,0.6749,0.0144,0.0189,0.0217
444.1436,0.3569,0.1539,0.0084,0.0651,0.3780,0.4157,0.0025,0.0005,0.0267
530.3122,0.4537,0.1937,0.0125,0.4818,0.5771,0.7829,0.0115,0.1969,0.0572
381.9090,0.3382,0.1686,0.0018,0.4325,0.5373,0.7818,0.0035,0.0453,0.1797
597.3448,0.5118,0.1341,0.0066,0.4248,0.5461,0.7314,0.0071,0.0265,0.0625
508.5916,0.4101,0.1373,0.0257,0.3136,0.5990,0.6448,0.0002,0.0007,0.0115
331.0412,0.3901,0.1806,0.0188,0.2245,0.3519,0.7317,0.0102,0.0163,0.0046
577.4456,0.6538,0.2899,0.0185,0.4355,0.5828,0.7115,0.0051,0.0093,0.0376
395.4575,0.3744,0.1662,0.0088,0.2844,0.4610,0.7001,0.0194,0.0148,0.0485
431.8838,0.3228,0.2104,0.0121,0.3574,0.5118,0.6407,0.0047,0.0670,0.0311
558.3469,0.4256,0.1791,0.0376,0.3964,0.5732,0.7536,0.0015,0.0366,0.0317
438.9792,0.4072,0.1117,0.0091,0.1408,0.5434,0.7645,0.0025,0.0189,0.0368
579.2417,0.3097,0.1207,0.0439,0.4585,0.4532,0.7988,0.0050,0.0046,0.0895
385.9255,0.3528,0.1739,0.0153,0.1236,0.2929,0.7637,0.0158,0.0564,0.0214
326.1012,0.3951,0.1246,0.0039,0.0127,0.2902,0.4633,0.0056,0.0401,0.0603
534.4409,0.5135,0.2133,0.0315,0.4881,0.5071,0.7282,0.0001,0.0550,0.0082
566.9745,0.6147,0.2313,0.0412,0.4981,0.5941,0.6410,0.0182,0.0089,0.0142
443.8241,0.3400,0.1831,0.0268,0.4960,0.5607,0.7716,0.0093,0.0361,0.1677
563.1909,0.3117,0.1002,0.0048,0.2482,0.5896,0.7785,0.0054,0.0211,0.1398
582.9767,0.9113,0.2455,0.0115,0.4590,0.5873,0.5900,0.0146,0.0367,0.0478
509.5061,0.4272,0.1644,0.0128,0.4578,0.4872,0.7680,0.0057,0.0460,0.1057
258.3564,0.4617,0.1223,0.0055,0.0810,0.4613,0.7557,0.0024,0.0691,0.0226
556.4642,0.6692,0.1683,0.0058,0.4790,0.5918,0.6538,0.0025,0.1406,0.0718
591.2576,0.3533,0.1550,0.0225,0.4620,0.5587,0.6012,0.0125,0.0167,0.0558
461.2951,0.6009,0.1383,0.0080,0.4656,0.5957,0.6864,0.0049,0.0275,0.0805
591.4892,0.3761,0.2102,0.0482,0.4362,0.5933,0.7712,0.0072,0.0542,0.0416
458.0846,0.3439,0.1206,0.0094,0.2557,0.4018,0.6126,0.0075,0.0245,0.0430
533.5919,0.3165,0.1306,0.0122,0.0586,0.3298,0.7631,0.0176,0.0009,0.0728
314.0544,0.4485,0.0833,0.0030,0.0794,0.3684,0.5192,0.0043,0.0295,0.0061
397.7858,0.3592,0.1956,0.0045,0.4542,0.3964,0.7859,0.0062,0.0135,0.1632
321.6833,0.4269,0.1499,0.0208,0.0230,0.4430,0.7553,0.0042,0.0118,0.0230
404.0821,0.4634,0.1373,0.0158,0.3923,0.5085,0.7684,0.0077,0.0277,0.0248
364.1190,0.3482,0.1733,0.0060,0.2885,0.5796,0.7829,0.0122,0.1419,0.0215
435.5550,0.5413,0.1695,0.0220,0.4918,0.5746,0.7310,0.0088,0.0451,0.0579
449.9063,0.3403,0.1281,0.0199,0.1892,0.1774,0.6668,0.0145,0.0028,0.0216
340.2781,0.4042,0.1578,0.0021,0.3226,0.3295,0.6919,0.0006,0.0641,0.0157
591.8323,0.3044,0.1185,0.0175,0.0078,0.3992,0.4161,0.0041,0.0569,0.0016
543.5409,0.3675,0.1332,0.0234,0.4995,0.4917,0.7822,0.0006,0.0261,0.1621
445.7477,0.3622,0.1478,0.0287,0.3907,0.4198,0.7982,0.0016,0.0598,0.0552
520.4010,0.8814,0.2908,0.0106,0.4849,0.5293,0.7857,0.0023,0.0084,0.0518
508.2772,0.3877,0.1974,0.0023,0.2877,0.5554,0.7288,0.0198,0.0383,0.0300
464.8243,0.3018,0.2485,0.0137,0.4483,0.5713,0.7960,0.0183,0.0924,0.1039
359.6999,0.3574,0.1559,0.0144,0.0374,0.3180,0.4462,0.0008,0.0225,0.0056
412.4802,0.4024,0.1427,0.0017,0.0839,0.3110,0.7767,0.0104,0.0014,0.0394
457.8709,0.7052,0.2628,0.0093,0.4928,0.5382,0.7119,0.0083,0.0646,0.0061
570.0975,0.7499,0.1435,0.0083,0.4816,0.5273,0.7650,0.0018,0.0479,0.0328
496.7447,0.3357,0.1320,0.0015,0.4564,0.5519,0.6529,0.0098,0.1411,0.0596
556.3867,0.3211,0.1411,0.0170,0.4254,0.2481,0.7979,0.0010,0.0360,0.0606
407.1682,0.3484,0.1199,0.0142,0.1383,0.4222,0.6511,0.0140,0.0124,0.0021
474.8735,0.5120,0.1716,0.0063,0.4643,0.5313,0.6104,0.0008,0.0848,0.0065
476.4299,0.3078,0.1958,0.0178,0.1884,0.5042,0.7091,0.0093,0.0741,0.0339
474.2320,0.3377,0.1190,0.0117,0.1142,0.3173,0.6827,0.0016,0.0825,0.0274
542.5703,0.6082,0.2299,0.0035,0.4110,0.5676,0.5372,0.0012,0.0498,0.0020
428.1213,0.4097,0.2561,0.0243,0.4787,0.5729,0.6947,0.0096,0.0112,0.0301
555.9457,0.3237,0.1893,0.0126,0.2574,0.5578,0.7618,0.0086,0.1218,0.0194
448.3495,0.3576,0.2508,0.0110,0.4765,0.5346,0.6745,0.0115,0.0386,0.0456
522.9392,0.5341,0.2716,0.0096,0.4843,0.5474,0.5929,0.0179,0.0196,0.0109
312.8446,0.4308,0.1531,0.0038,0.4062,0.3850,0.7899,0.0169,0.0240,0.0408
517.9508,0.3312,0.2683,0.0133,0.3790,0.5604,0.7124,0.0025,0.0098,0.0978
448.1333,0.4199,0.1778,0.0020,0.3532,0.5761,0.7792,0.0009,0.1196,0.1006
330.5437,0.3729,0.1742,0.0074,0.2031,0.3019,0.6414,0.0002,0.0020,0.0542
328.4589,0.4128,0.0914,0.0098,0.0286,0.1199,0.5349,0.0048,0.0209,0.0217
536.7509,0.8454,0.1718,0.0023,0.3858,0.5861,0.7325,0.0004,0.0294,0.0182
562.4553,0.3432,0.1334,0.0105,0.2327,0.3847,0.7362,0.0049,0.0399,0.0125
307.2890,0.4351,0.1576,0.0133,0.0895,0.1875,0.7396,0.0049,0.0035,0.0182
550.7039,0.3259,0.1155,0.0010,0.2926,0.4112,0.7699,0.0193,0.0528,0.0786
533.3185,0.8566,0.2175,0.0025,0.4959,0.5019,0.4827,0.0045,0.0064,0.0139
501.6425,0.3713,0.1924,0.0046,0.3505,0.5792,0.5855,0.0039,0.0290,0.0765
483.0448,0.3331,0.1859,0.0019,0.0867,0.1517,0.7356,0.0110,0.0147,0.0164
414.6071,0.3860,0.1378,0.0053,0.0211,0.3197,0.6705,0.0057,0.0670,0.0113
302.7342,0.3992,0.1495,0.0014,0.0068,0.5364,0.4426,0.0144,0.0914,0.0060
564.3621,0.3868,0.1247,0.0096,0.4239,0.5851,0.6963,0.0027,0.0084,0.1721
305.3952,0.3904,0.1670,0.0190,0.2577,0.2356,0.7778,0.0027,0.0467,0.0255
585.5312,0.4363,0.1758,0.0232,0.4868,0.4729,0.7335,0.0012,0.0328,0.0774
364.5979,0.4193,0.1686,0.0034,0.3507,0.5568,0.6728,0.0063,0.0762,0.0254
439.7315,0.4662,0.1134,0.0050,0.4650,0.5409,0.7138,0.0056,0.0079,0.0798
301.0852,0.4132,0.1749,0.0132,0.0879,0.4115,0.7162,0.0013,0.0321,0.0305
474.6339,0.3511,0.1873,0.0153,0.4030,0.4268,0.6843,0.0083,0.0306,0.0322
500.2283,0.3276,0.2241,0.0260,0.3541,0.4346,0.7830,0.0136,0.0251,0.0081
531.8868,0.6398,0.1589,0.0033,0.4573,0.5263,0.7875,0.0038,0.0644,0.0691
461.3740,0.3313,0.1289,0.0028,0.4230,0.2911,0.7613,0.0172,0.0860,0.0540
569.6939,0.4785,0.1604,0.0136,0.4628,0.5821,0.5739,0.0170,0.0369,0.0219
334.6559,0.4347,0.1082,0.0167,0.0281,0.4624,0.4489,0.0014,0.0097,0.0357
569.0241,0.3028,0.1235,0.0198,0.1157,0.2353,0.7085,0.0153,0.0207,0.0173
464.4539,0.5525,0.1934,0.0361,0.4953,0.5842,0.7521,0.0011,0.0181,0.0898
501.8587,0.4007,0.2674,0.0079,0.4773,0.5221,0.7234,0.0133,0.1106,0.0003
599.4040,0.3707,0.2375,0.0221,0.4741,0.5776,0.6387,0.0053,0.1396,0.0223
460.9361,0.3121,0.1781,0.0207,0.2549,0.4758,0.7974,0.0149,0.0564,0.0873
550.0422,0.6865,0.2557,0.0024,0.4599,0.5483,0.5548,0.0153,0.0175,0.0286
587.6045,0.3925,0.2094,0.0446,0.4990,0.5394,0.6606,0.0113,0.0260,0.0049
541.9680,0.3240,0.1250,0.0211,0.1599,0.4148,0.7440,0.0021,0.0602,0.0224
400.7699,0.4215,0.1081,0.0322,0.4752,0.5823,0.7722,0.0004,0.0382,0.0241
392.4884,0.3560,0.1366,0.0100,0.4971,0.5425,0.7458,0.0168,0.0769,0.1056
328.3070,0.3893,0.1673,0.0111,0.1403,0.3404,0.7520,0.0162,0.0675,0.0026
513.3563,0.7537,0.2482,0.0126,0.4921,0.5507,0.6546,0.0065,0.0864,0.0113
447.3077,0.3183,0.1728,0.0281,0.1995,0.4948,0.7583,0.0006,0.0260,0.0853
449.2714,0.3487,0.1808,0.0042,0.2909,0.5682,0.6691,0.0156,0.1102,0.0213
552.6139,0.3339,0.2442,0.0056,0.4469,0.5284,0.7671,0.0046,0.0293,0.2225
384.9356,0.3522,0.1784,0.0078,0.0203,0.3991,0.7200,0.0106,0.0052,0.1155
529.6014,0.6052,0.2744,0.0118,0.4216,0.5873,0.7304,0.0032,0.0479,0.0364
322.4074,0.4050,0.1324,0.0271,0.0258,0.2293,0.6602,0.0103,0.0355,0.0261
449.4875,0.4287,0.2479,0.0074,0.4138,0.4807,0.7807,0.0074,0.0292,0.0330
490.6031,0.3410,0.1047,0.0306,0.3834,0.5674,0.7550,0.0076,0.0392,0.0491
369.3681,0.3451,0.2257,0.0081,0.2610,0.3513,0.7604,0.0004,0.0609,0.0271
534.7761,0.3695,0.1990,0.0148,0.4567,0.4706,0.7572,0.0124,0.1086,0.0286
499.0914,0.4506,0.1328,0.0055,0.3937,0.5906,0.7942,0.0139,0.0756,0.0763
583.1888,0.4596,0.2755,0.0166,0.4715,0.5172,0.7811,0.0091,0.0469,0.0519
396.0718,0.6358,0.2469,0.0148,0.4793,0.5650,0.7299,0.0003,0.0284,0.0439
573.9918,0.3064,0.1807,0.0432,0.4935,0.4787,0.7447,0.0131,0.0856,0.0067
357.4941,0.3618,0.1361,0.0250,0.1611,0.3302,0.7963,0.0102,0.0101,0.0187
421.7444,0.3937,0.1677,0.0209,0.4592,0.5614,0.7947,0.0120,0.1320,0.0432
415.6722,0.3573,0.1124,0.0111,0.0057,0.1529,0.5931,0.0040,0.0127,0.0753
386.7196,0.7997,0.1537,0.0038,0.4744,0.5947,0.7108,0.0020,0.0109,0.0825
279.6796,0.4678,0.1214,0.0065,0.0475,0.2220,0.6473,0.0147,0.0140,0.0058
526.1533,0.3033,0.1642,0.0190,0.4301,0.5802,0.7462,0.0198,0.1330,0.0953
504.2010,0.4294,0.2303,0.0013,0.4931,0.4505,0.7754,0.0164,0.1285,0.0036
380.1894,0.3808,0.1443,0.0059,0.2253,0.4560,0.7436,0.0038,0.0041,0.1589
474.7912,0.3607,0.1061,0.0024,0.3056,0.3139,0.7959,0.0090,0.0946,0.0204
274.7215,0.4240,0.1543,0.0280,0.0595,0.2885,0.7153,0.0028,0.0073,0.0256
355.4040,0.3565,0.1923,0.0102,0.0743,0.3900,0.5197,0.0054,0.0462,0.0043
367.3023,0.3845,0.1282,0.0070,0.4933,0.4433,0.7368,0.0140,0.0611,0.0498
514.5168,0.3562,0.1615,0.0087,0.3951,0.5262,0.6247,0.0104,0.0368,0.0664
551.8904,0.3215,0.2071,0.0122,0.4627,0.4442,0.6839,0.0051,0.0504,0.0888
477.1871,0.3069,0.1524,0.0130,0.1667,0.2037,0.7591,0.0047,0.0135,0.0140
587.4520,0.4136,0.1561,0.0205,0.3997,0.5818,0.7133,0.0085,0.0634,0.0529
467.9916,0.8174,0.2104,0.0178,0.4615,0.5854,0.5163,0.0003,0.0050,0.0040
409.2734,0.3262,0.1925,0.0437,0.4281,0.5278,0.7014,0.0064,0.0184,0.0193
499.9419,0.3063,0.1728,0.0019,0.2628,0.4692,0.6053,0.0064,0.0626,0.0748
598.1842,0.8270,0.1963,0.0017,0.4661,0.5679,0.3964,0.0123,0.0340,0.0026
566.4703,0.3468,0.2214,0.0052,0.3129,0.5200,0.7980,0.0117,0.0009,0.1243
419.9371,0.3196,0.2275,0.0011,0.1234,0.2097,0.6512,0.0034,0.0245,0.0226
403.5505,0.3881,0.0876,0.0229,0.2165,0.5139,0.7097,0.0004,0.0017,0.0331
478.4940,0.8439,0.2409,0.0062,0.4926,0.5929,0.6846,0.0015,0.0453,0.1604
586.2861,0.3207,0.1216,0.0041,0.3691,0.5473,0.7499,0.0062,0.1682,0.0839
566.2472,0.4310,0.2689,0.0085,0.4514,0.5888,0.6518,0.0011,0.0822,0.1028
500.5950,0.6675,0.2805,0.0018,0.4848,0.4904,0.7661,0.0079,0.0264,0.0315
595.8736,0.6266,0.1292,0.0027,0.4870,0.5846,0.5915,0.0118,0.0545,0.0293
505.3330,0.5036,0.1278,0.0143,0.4995,0.5151,0.7393,0.0099,0.0093,0.0571
535.8448,0.3061,0.1946,0.0099,0.4189,0.5536,0.6723,0.0075,0.1689,0.0561
451.9827,0.4000,0.2185,0.0016,0.4296,0.4313,0.7331,0.0029,0.0505,0.0584
348.7712,0.3939,0.1138,0.0124,0.1216,0.4694,0.6628,0.0143,0.0036,0.0879
472.9320,0.3300,0.1445,0.0187,0.4916,0.5669,0.6958,0.0007,0.0653,0.1598
408.4917,0.3543,0.1631,0.0253,0.0148,0.4725,0.3141,0.0046,0.0200,0.0215
504.3860,0.3365,0.0874,0.0032,0.3308,0.4252,0.7482,0.0051,0.0059,0.0671
354.9162,0.3496,0.2085,0.0356,0.4544,0.4936,0.7497,0.0029,0.0276,0.0195
454.4193,0.3097,0.2294,0.0043,0.4995,0.5855,0.7143,0.0094,0.1402,0.1275
591.2266,0.9413,0.1955,0.0096,0.4471,0.5972,0.6221,0.0080,0.0272,0.0949
516.9243,0.4833,0.1992,0.0025,0.4918,0.4811,0.7968,0.0012,0.0839,0.1465
518.9198,0.3337,0.1604,0.0141,0.2305,0.5087,0.6472,0.0088,0.0574,0.0123
453.9797,0.3344,0.1480,0.0252,0.3238,0.2741,0.6879,0.0021,0.0175,0.0207
524.4722,0.3360,0.2531,0.0075,0.4869,0.5752,0.6900,0.0062,0.1881,0.0454
421.6701,0.3008,0.2750,0.0220,0.3712,0.5869,0.7596,0.0008,0.0284,0.0738
387.2076,0.4263,0.0913,0.0107,0.3092,0.4747,0.7928,0.0029,0.0058,0.0498
447.4491,0.3497,0.1475,0.0102,0.1405,0.5454,0.7324,0.0197,0.0286,0.0702
353.7441,0.3572,0.1889,0.0026,0.3169,0.5701,0.6616,0.0087,0.0567,0.0804
437.6047,0.3448,0.1105,0.0082,0.3790,0.5290,0.7724,0.0075,0.1237,0.0388
566.3206,0.3381,0.1739,0.0097,0.3481,0.5673,0.6165,0.0123,0.0545,0.0564
464.5802,0.4991,0.1877,0.0030,0.4303,0.5257,0.7073,0.0195,0.0013,0.0729
356.0399,0.4291,0.1171,0.0073,0.2899,0.4007,0.7618,0.0046,0.0780,0.0022
514.5637,0.3226,0.2097,0.0047,0.4224,0.5423,0.7898,0.0111,0.0575,0.2298
406.4688,0.3360,0.1550,0.0055,0.1914,0.3018,0.7167,0.0193,0.0195,0.0394
521.0660,0.4043,0.1592,0.0156,0.4844,0.4221,0.7645,0.0126,0.0536,0.0308
595.8046,0.5946,0.1755,0.0109,0.4597,0.4756,0.6939,0.0125,0.0009,0.0052
505.2905,0.5371,0.2044,0.0251,0.4643,0.5625,0.6674,0.0093,0.0489,0.0053
526.4157,0.8310,0.1874,0.0055,0.4775,0.5956,0.5872,0.0193,0.0943,0.0111
375.1064,0.4182,0.2218,0.0092,0.4675,0.5919,0.7453,0.0181,0.0574,0.0607
309.6369,0.4256,0.1146,0.0046,0.0213,0.5676,0.5647,0.0096,0.0292,0.1033
564.2696,0.3304,0.1307,0.0289,0.4860,0.5189,0.7943,0.0167,0.0110,0.1433
444.4617,0.3053,0.2782,0.0019,0.2387,0.4891,0.7856,0.0179,0.0073,0.0310
410.5953,0.3535,0.1557,0.0180,0.2574,0.5268,0.7035,0.0014,0.0071,0.1392
363.3730,0.4104,0.2058,0.0095,0.1886,0.5421,0.7361,0.0084,0.0087,0.0020
563.9797,0.3095,0.2035,0.0056,0.3965,0.4753,0.5932,0.0033,0.0485,0.0564
488.3597,0.3440,0.1280,0.0020,0.4642,0.4323,0.7779,0.0186,0.0337,0.1637
536.7203,0.4709,0.1786,0.0182,0.4021,0.5623,0.7447,0.0153,0.0001,0.0697
413.7909,0.4859,0.2241,0.0038,0.4044,0.5915,0.6678,0.0073,0.0297,0.0589
487.3816,0.3237,0.1608,0.0403,0.2944,0.4245,0.6890,0.0033,0.0231,0.0004
453.2580,0.3219,0.2546,0.0109,0.4842,0.3890,0.7995,0.0003,0.0801,0.0542
334.2921,0.3775,0.1658,0.0116,0.0025,0.1258,0.4420,0.0175,0.0301,0.0630
501.8944,0.3187,0.1130,0.0090,0.3153,0.5006,0.7040,0.0046,0.0644,0.0336
317.5786,0.3912,0.1518,0.0244,0.0149,0.1657,0.4192,0.0007,0.0572,0.0118
469.2844,0.4923,0.1585,0.0103,0.3232,0.5817,0.7465,0.0060,0.0079,0.0410
497.4162,0.3401,0.1207,0.0155,0.0305,0.1450,0.7676,0.0007,0.0121,0.0764
387.9277,0.4030,0.1243,0.0041,0.2937,0.5154,0.7217,0.0074,0.0645,0.0623
422.7336,0.3323,0.1754,0.0161,0.3557,0.3854,0.6769,0.0089,0.0513,0.0247
514.3832,0.3002,0.1555,0.0296,0.4602,0.5769,0.5847,0.0089,0.0200,0.0243
523.7761,0.3182,0.2158,0.0016,0.4714,0.3972,0.7610,0.0041,0.1729,0.0410
401.5310,0.4406,0.1160,0.0127,0.4272,0.4506,0.7641,0.0109,0.0342,0.0000
424.5362,0.3637,0.1262,0.0170,0.0633,0.5036,0.4673,0.0064,0.0218,0.0311
371.8657,0.4060,0.1716,0.0053,0.0501,0.5008,0.7597,0.0172,0.0006,0.0105
409.1320,0.3795,0.1904,0.0201,0.4901,0.5786,0.7893,0.0130,0.0023,0.1921
532.2949,0.5640,0.2357,0.0116,0.4846,0.5414,0.6230,0.0044,0.0290,0.0842
495.2204,0.3047,0.2020,0.0080,0.1672,0.4569,0.7960,0.0083,0.1348,0.0080
576.7417,0.8497,0.2239,0.0048,0.4516,0.5367,0.7998,0.0064,0.0844,0.0275
449.6761,0.3358,0.1323,0.0094,0.2636,0.5219,0.7376,0.0162,0.1316,0.0358
543.5646,0.9172,0.2164,0.0087,0.4837,0.5314,0.6911,0.0151,0.0180,0.0432
451.8701,0.3055,0.1825,0.0140,0.4316,0.3311,0.7738,0.0135,0.0106,0.0803
558.5202,0.9036,0.2266,0.0205,0.4713,0.5693,0.6703,0.0032,0.0447,0.0397
581.0525,0.3202,0.1278,0.0134,0.1978,0.5754,0.7318,0.0169,0.0475,0.0411
484.4998,0.4469,0.1980,0.0179,0.4578,0.5812,0.7011,0.0042,0.0828,0.0814
435.1371,0.3762,0.1397,0.0024,0.3948,0.4453,0.7267,0.0021,0.1060,0.0752
498.9492,0.3574,0.2474,0.0066,0.3061,0.5651,0.7592,0.0027,0.0478,0.0640
399.2827,0.3687,0.1411,0.0111,0.1655,0.4874,0.6468,0.0071,0.0001,0.1058
442.1228,0.3285,0.1902,0.0083,0.2228,0.4367,0.7126,0.0124,0.0630,0.0489
573.8662,0.3623,0.2023,0.0197,0.4326,0.5687,0.7147,0.0066,0.0835,0.1084
566.7977,0.6563,0.1841,0.0027,0.3842,0.5980,0.7908,0.0166,0.0733,0.0137
456.5327,0.3784,0.1751,0.0030,0.1226,0.4973,0.7557,0.0059,0.0370,0.0116
367.9255,0.3443,0.2180,0.0015,0.0038,0.5461,0.3666,0.0037,0.0433,0.0325
534.3154,0.5476,0.2308,0.0077,0.4223,0.5970,0.7625,0.0191,0.0383,0.0937
443.9016,0.3711,0.1969,0.0124,0.4301,0.4867,0.6878,0.0103,0.0195,0.0699
593.8910,0.4306,0.1713,0.0018,0.4842,0.5655,0.6889,0.0047,0.1854,0.1239
446.1256,0.3445,0.1356,0.0032,0.0131,0.5966,0.5064,0.0091,0.0046,0.1444
371.3593,0.3787,0.1708,0.0017,0.1123,0.5088,0.6183,0.0013,0.0663,0.0559
458.4953,0.3349,0.2003,0.0055,0.2830,0.4180,0.7941,0.0068,0.0687,0.0816
382.9168,0.3866,0.1234,0.0021,0.3560,0.4921,0.6092,0.0115,0.0177,0.0235
464.6685,0.3948,0.1336,0.0148,0.3450,0.5460,0.7607,0.0096,0.0451,0.0670
315.8916,0.3695,0.2130,0.0128,0.1640,0.5306,0.7887,0.0000,0.0457,0.0515
575.3664,0.3263,0.1300,0.0048,0.0808,0.1780,0.7129,0.0036,0.0318,0.0040
306.6978,0.3865,0.1854,0.0257,0.0490,0.5479,0.6226,0.0059,0.0011,0.0361
436.3832,0.3129,0.1924,0.0235,0.1212,0.3360,0.7322,0.0079,0.0071,0.0138
593.6830,0.3050,0.1377,0.0228,0.2650,0.5960,0.7743,0.0025,0.0464,0.1471
395.5920,0.3428,0.1524,0.0297,0.3447,0.3945,0.7905,0.0010,0.0033,0.1063
413.3085,0.6336,0.2272,0.0063,0.4671,0.5528,0.7804,0.0114,0.0390,0.0603
365.4881,0.3712,0.1357,0.0376,0.2254,0.5540,0.7959,0.0072,0.0369,0.0538
466.2732,0.3347,0.1596,0.0128,0.3768,0.5843,0.7339,0.0070,0.1873,0.0527
558.4196,0.4571,0.2005,0.0015,0.4592,0.5304,0.7370,0.0180,0.0205,0.1686
493.9232,0.4152,0.1212,0.0042,0.4014,0.4561,0.6692,0.0027,0.0432,0.0029
543.4923,0.3122,0.1794,0.0162,0.4644,0.5703,0.6322,0.0012,0.0656,0.1465
553.7050,0.3084,0.2133,0.0305,0.1936,0.5834,0.7507,0.0132,0.0019,0.0064
555.6964,0.3559,0.1428,0.0025,0.2847,0.5105,0.6449,0.0080,0.0864,0.0027
510.7140,0.3192,0.1885,0.0050,0.3582,0.4596,0.7105,0.0127,0.1454,0.0149
359.8877,0.3887,0.1544,0.0085,0.4909,0.4822,0.6840,0.0016,0.0183,0.0936
457.3583,0.4363,0.1741,0.0260,0.4614,0.5740,0.7818,0.0057,0.1309,0.0276
569.7246,0.8039,0.1890,0.0066,0.4464,0.5424,0.6494,0.0025,0.0077,0.0694
497.1246,0.3486,0.1773,0.0120,0.4916,0.5357,0.7538,0.0093,0.1009,0.1642
392.9336,0.3341,0.2389,0.0104,0.2725,0.5608,0.6663,0.0109,0.0201,0.0278
399.6793,0.3960,0.1384,0.0073,0.2277,0.5260,0.7847,0.0118,0.0656,0.0572
373.5339,0.4496,0.1491,0.0033,0.3584,0.4215,0.7978,0.0150,0.0441,0.0186
475.0499,0.5223,0.2191,0.0073,0.4995,0.5465,0.6791,0.0001,0.1196,0.0747
576.8959,0.3494,0.2566,0.0142,0.3642,0.5351,0.7201,0.0006,0.0676,0.0266
518.5332,0.3204,0.1481,0.0132,0.4520,0.5630,0.7707,0.0135,0.2548,0.0245
392.7103,0.4386,0.1888,0.0010,0.3997,0.4881,0.7715,0.0015,0.1028,0.0520
431.0531,0.3138,0.2044,0.0064,0.4887,0.2380,0.7034,0.0106,0.0286,0.0050
404.2767,0.3419,0.1435,0.0094,0.0637,0.3443,0.4907,0.0099,0.0130,0.0072
590.4857,0.3132,0.2649,0.0212,0.4818,0.4633,0.7637,0.0165,0.0229,0.0591
482.8831,0.3859,0.2942,0.0027,0.4946,0.5156,0.7920,0.0051,0.1523,0.0128
323.5260,0.4123,0.1023,0.0030,0.2713,0.3168,0.6469,0.0018,0.0080,0.0196
546.7207,0.3510,0.1628,0.0368,0.4281,0.5592,0.7678,0.0035,0.1293,0.0215
472.9082,0.9670,0.2060,0.0011,0.4763,0.5909,0.7775,0.0162,0.0549,0.0994
426.7420,0.3578,0.1694,0.0210,0.1898,0.5159,0.7401,0.0170,0.0106,0.0382
347.2194,0.4283,0.1838,0.0067,0.2547,0.5624,0.7698,0.0128,0.0099,0.0527
526.3709,0.4093,0.2086,0.0226,0.4650,0.5099,0.7710,0.0044,0.1209,0.0233
595.8494,0.6895,0.2203,0.0172,0.4711,0.5615,0.6352,0.0063,0.0651,0.0434
505.7507,0.3263,0.1577,0.0101,0.4030,0.3955,0.7497,0.0016,0.1453,0.0495
483.5387,0.3217,0.1430,0.0400,0.4875,0.5932,0.7683,0.0005,0.1110,0.0982
491.3217,0.3858,0.1453,0.0016,0.2549,0.5697,0.7303,0.0151,0.0959,0.0109
448.5881,0.3759,0.0984,0.0089,0.0283,0.3913,0.4290,0.0012,0.0563,0.0038
335.6019,0.3827,0.1153,0.0033,0.1252,0.1458,0.7929,0.0081,0.0025,0.0405
418.4402,0.3317,0.1730,0.0084,0.2559,0.3066,0.7894,0.0049,0.0370,0.1113
553.4697,0.3310,0.1522,0.0064,0.1577,0.5411,0.5769,0.0067,0.0394,0.0123
552.3566,0.4860,0.1764,0.0164,0.4317,0.5765,0.6796,0.0033,0.1019,0.0337
301.7851,0.4475,0.1320,0.0219,0.0199,0.2813,0.6506,0.0067,0.0017,0.0151
419.7561,0.3124,0.2200,0.0151,0.4238,0.4916,0.7533,0.0073,0.1204,0.0379
596.0682,0.3282,0.1124,0.0169,0.2805,0.3941,0.7247,0.0078,0.0239,0.0010
431.9624,0.3564,0.1648,0.0013,0.3223,0.5581,0.7739,0.0041,0.0275,0.2425
524.6008,0.3070,0.1587,0.0054,0.1135,0.1112,0.6744,0.0108,0.0039,0.0718
402.4748,0.4110,0.1089,0.0017,0.2437,0.4463,0.7132,0.0185,0.0140,0.0227
344.2975,0.4176,0.1394,0.0153,0.0862,0.5366,0.6663,0.0074,0.0112,0.0390
381.7412,0.3470,0.2148,0.0131,0.4052,0.5525,0.6327,0.0028,0.0104,0.0551
525.6889,0.4827,0.1335,0.0111,0.4645,0.4558,0.7427,0.0119,0.0158,0.0024
509.9065,0.4374,0.2109,0.0023,0.4852,0.5962,0.6504,0.0051,0.0106,0.2632
441.3483,0.3278,0.1615,0.0163,0.1391,0.2713,0.7558,0.0164,0.0023,0.0826
591.6315,0.3418,0.2318,0.0154,0.4971,0.5113,0.6882,0.0132,0.0381,0.1229
383.2308,0.3656,0.1796,0.0263,0.2610,0.5347,0.7790,0.0087,0.0551,0.0337
386.7434,0.5181,0.1958,0.0167,0.4893,0.5553,0.7620,0.0175,0.0190,0.0540
467.6807,0.3060,0.1943,0.0024,0.3628,0.5230,0.7575,0.0187,0.1784,0.0635
488.8982,0.3326,0.0971,0.0121,0.1478,0.4299,0.6960,0.0107,0.0118,0.0037
427.7893,0.3386,0.1400,0.0165,0.0221,0.1992,0.3736,0.0047,0.0061,0.0394
484.2627,0.6284,0.2826,0.0136,0.4369,0.5398,0.7815,0.0012,0.0058,0.0194
473.5581,0.3418,0.1485,0.0255,0.1870,0.5520,0.6377,0.0127,0.0218,0.0093
340.0100,0.4104,0.1030,0.0237,0.3146,0.1647,0.7796,0.0066,0.0104,0.0025
479.5044,0.3661,0.2033,0.0067,0.3386,0.4804,0.7897,0.0086,0.1063,0.0291
579.3038,0.3154,0.2685,0.0051,0.4323,0.5807,0.6309,0.0113,0.0348,0.1147
301.4934,0.3982,0.1591,0.0209,0.1527,0.5901,0.7598,0.0019,0.1076,0.0004
574.0887,0.5500,0.2710,0.0240,0.4544,0.5855,0.7682,0.0084,0.0060,0.0938
486.4761,0.3260,0.1210,0.0126,0.0417,0.5342,0.7765,0.0183,0.0627,0.0099
561.5821,0.9778,0.1943,0.0310,0.4934,0.5959,0.7166,0.0044,0.0350,0.0681
479.2811,0.4064,0.2567,0.0096,0.4576,0.5678,0.6444,0.0192,0.0332,0.0239
425.7061,0.3333,0.1964,0.0015,0.2484,0.5130,0.6345,0.0195,0.0503,0.0382
471.9511,0.3855,0.1195,0.0041,0.1748,0.4621,0.6936,0.0048,0.0367,0.0200
451.2077,0.4344,0.1861,0.0162,0.2378,0.5999,0.7347,0.0013,0.0042,0.0141
544.0319,0.3109,0.1313,0.0178,0.4822,0.5898,0.7041,0.0189,0.1285,0.0630
383.1058,0.3360,0.2402,0.0159,0.3134,0.4207,0.7990,0.0157,0.0364,0.0041
529.1046,0.4722,0.1260,0.0060,0.4688,0.5187,0.6658,0.0019,0.0806,0.0065
576.7622,0.3014,0.1379,0.0036,0.3365,0.4480,0.6572,0.0072,0.0488,0.1198
531.8342,0.3545,0.1836,0.0071,0.2712,0.5222,0.7149,0.0119,0.0328,0.0549
452.8118,0.3161,0.1926,0.0028,0.0429,0.2075,0.5994,0.0030,0.0095,0.0723
535.3478,0.5074,0.1996,0.0404,0.4804,0.5680,0.7016,0.0032,0.0413,0.0237
412.0295,0.3690,0.1006,0.0275,0.0157,0.4933,0.7099,0.0133,0.0225,0.0306
564.6356,0.5155,0.2732,0.0037,0.4977,0.5204,0.6398,0.0015,0.1256,0.0277
537.4029,0.6168,0.2942,0.0140,0.4848,0.5919,0.7226,0.0197,0.0777,0.0180
442.9721,0.3310,0.2281,0.0422,0.4726,0.5144,0.7530,0.0074,0.0228,0.0274
324.3193,0.6896,0.2229,0.0063,0.4987,0.5770,0.7900,0.0103,0.0124,0.0505
283.5282,0.4329,0.1174,0.0321,0.0365,0.5609,0.7810,0.0029,0.0211,0.0383
590.4065,0.3609,0.1336,0.0075,0.4386,0.5162,0.5748,0.0106,0.0042,0.0356
518.1914,0.3141,0.1821,0.0108,0.3871,0.4732,0.7650,0.0060,0.0635,0.1666
372.9539,0.3599,0.1596,0.0066,0.3684,0.2338,0.6893,0.0076,0.0119,0.0472
510.4120,0.4184,0.1232,0.0217,0.4501,0.5874,0.7864,0.0076,0.0503,0.0910
338.3475,0.3939,0.1441,0.0012,0.2696,0.4840,0.7856,0.0196,0.0817,0.0682
354.2977,0.3748,0.1322,0.0385,0.1731,0.4275,0.6631,0.0019,0.0202,0.0030
568.9429,0.3026,0.2255,0.0086,0.4928,0.5513,0.5891,0.0064,0.1650,0.0014
427.9484,0.4049,0.1859,0.0031,0.4710,0.4256,0.7828,0.0033,0.0654,0.1141
502.3541,0.6219,0.1658,0.0012,0.4132,0.5829,0.6747,0.0120,0.0589,0.0262
511.9343,0.3146,0.1583,0.0059,0.2933,0.5574,0.7000,0.0052,0.1726,0.0655
384.5284,0.3567,0.1839,0.0150,0.1390,0.4685,0.5293,0.0031,0.0215,0.0074
434.4384,0.3371,0.2006,0.0216,0.3654,0.5630,0.6612,0.0016,0.0617,0.0458
581.9605,0.3172,0.1657,0.0350,0.4506,0.3717,0.7566,0.0018,0.0167,0.0525
299.0426,0.4513,0.1107,0.0165,0.2639,0.4174,0.7953,0.0075,0.0001,0.0336
540.9871,0.3806,0.1547,0.0081,0.4762,0.5829,0.7384,0.0037,0.0327,0.2813
491.1295,0.4396,0.2135,0.0244,0.4133,0.4473,0.7832,0.0002,0.0084,0.0103
450.7031,0.3314,0.1613,0.0108,0.2125,0.1477,0.6386,0.0113,0.0185,0.0006
469.5819,0.4678,0.1969,0.0313,0.4460,0.5275,0.7972,0.0014,0.0404,0.0410
513.9150,0.4911,0.2630,0.0031,0.4640,0.5787,0.6772,0.0142,0.1351,0.0154
521.3076,0.8726,0.2458,0.0201,0.4772,0.5455,0.7652,0.0042,0.0123,0.0420
377.0767,0.3630,0.1602,0.0160,0.0320,0.5137,0.7324,0.0044,0.0787,0.0527
340.6346,0.4224,0.1785,0.0124,0.4750,0.5609,0.6998,0.0061,0.0777,0.0101
512.7967,0.3294,0.1007,0.0146,0.1882,0.5516,0.5787,0.0158,0.0049,0.0082
526.3983,0.3320,0.1483,0.0029,0.3731,0.3822,0.7259,0.0196,0.0584,0.0537
363.5964,0.3752,0.1943,0.0086,0.3861,0.3108,0.7753,0.0168,0.0164,0.0256
463.9174,0.3148,0.2896,0.0048,0.4563,0.5035,0.7598,0.0152,0.0791,0.0173
596.2639,0.3679,0.2281,0.0062,0.3001,0.5892,0.6608,0.0049,0.0052,0.0802
390.1847,0.3406,0.2186,0.0035,0.0131,0.1417,0.7796,0.0101,0.0192,0.0448
470.8894,0.3568,0.0822,0.0107,0.1595,0.5102,0.7417,0.0055,0.0524,0.0030
536.2007,0.3103,0.1560,0.0217,0.0350,0.2453,0.7917,0.0157,0.0157,0.0070
404.9339,0.4696,0.1509,0.0065,0.3843,0.5666,0.7869,0.0058,0.0305,0.1171
506.3122,0.3322,0.1878,0.0077,0.4670,0.4853,0.7861,0.0192,0.1742,0.0554
398.6925,0.3448,0.2171,0.0139,0.4463,0.4290,0.7655,0.0081,0.0080,0.1056
319.0188,0.4194,0.1363,0.0114,0.0153,0.3819,0.7990,0.0023,0.0090,0.1107
517.1537,0.3401,0.2701,0.0044,0.4025,0.5149,0.6862,0.0043,0.0068,0.0910
584.6685,0.8087,0.2578,0.0302,0.4872,0.5843,0.5002,0.0080,0.0166,0.0005
454.6362,0.5136,0.2512,0.0027,0.3947,0.5687,0.7687,0.0050,0.0632,0.0384
411.4450,0.3512,0.1339,0.0332,0.0003,0.4165,0.7888,0.0164,0.0385,0.0176
577.8960,0.3301,0.1088,0.0101,0.3211,0.5244,0.6076,0.0031,0.0309,0.0240
480.7345,0.3621,0.1740,0.0085,0.4147,0.5642,0.7036,0.0171,0.1094,0.0636
306.3832,0.4440,0.1283,0.0044,0.0661,0.1372,0.7835,0.0018,0.0180,0.0823
563.3622,0.3274,0.1549,0.0195,0.2406,0.4400,0.6940,0.0017,0.0559,0.0034
448.5441,0.3904,0.1585,0.0123,0.4429,0.3143,0.7712,0.0051,0.0222,0.0346
577.6727,0.4470,0.1627,0.0069,0.4439,0.5766,0.7211,0.0149,0.1086,0.0875
473.8760,0.3195,0.2173,0.0022,0.2117,0.5712,0.6905,0.0074,0.0593,0.0784
537.6709,0.3267,0.1073,0.0065,0.1152,0.4434,0.7815,0.0081,0.0753,0.0492
409.7220,0.3559,0.1687,0.0049,0.1460,0.4031,0.6230,0.0121,0.0085,0.0683
555.5899,0.3068,0.1470,0.0016,0.4177,0.3268,0.7540,0.0028,0.0224,0.1923
304.2541,0.4003,0.1631,0.0258,0.0779,0.2505,0.5869,0.0107,0.0030,0.0031
430.7302,0.4254,0.2815,0.0087,0.4864,0.5020,0.7308,0.0064,0.0049,0.0453
547.5348,0.5989,0.2398,0.0105,0.4942,0.5811,0.7820,0.0029,0.0610,0.2085
298.5314,0.4221,0.1144,0.0221,0.0646,0.4139,0.6819,0.0044,0.0267,0.0427
475.4299,0.3641,0.2245,0.0063,0.3794,0.3981,0.7108,0.0052,0.0278,0.0142
440.6922,0.4560,0.1739,0.0141,0.4415,0.5337,0.6853,0.0087,0.0134,0.0629
461.8971,0.3046,0.2347,0.0116,0.2785,0.5994,0.7535,0.0118,0.0721,0.0799
525.4739,0.7965,0.2865,0.0062,0.4405,0.5821,0.7400,0.0002,0.0495,0.0542
513.8450,0.3687,0.1787,0.0499,0.4796,0.5759,0.7291,0.0064,0.0597,0.0209
596.5230,0.3954,0.2232,0.0038,0.3623,0.5493,0.7709,0.0190,0.0708,0.0484
548.0942,0.3348,0.1721,0.0166,0.3003,0.4137,0.7492,0.0174,0.0384,0.0010
427.5912,0.3548,0.1160,0.0304,0.4431,0.4371,0.7170,0.0020,0.0560,0.0005
401.8119,0.3758,0.0974,0.0027,0.4248,0.2112,0.7992,0.0064,0.0017,0.1118
468.9752,0.3438,0.1530,0.0053,0.1067,0.5438,0.7403,0.0015,0.0964,0.0625
539.7390,0.4079,0.1555,0.0104,0.4140,0.5594,0.6317,0.0178,0.0421,0.0271
308.0591,0.4007,0.1221,0.0034,0.2812,0.3396,0.7418,0.0008,0.0498,0.0121
561.6976,0.3724,0.1619,0.0250,0.4162,0.4900,0.7306,0.0008,0.0124,0.0968
462.0187,0.4305,0.1992,0.0138,0.4976,0.5610,0.7334,0.0141,0.1549,0.0235
592.2025,0.5249,0.2152,0.0052,0.4925,0.5904,0.5539,0.0034,0.1845,0.0572
547.2481,0.5388,0.2427,0.0080,0.4319,0.5574,0.6738,0.0183,0.0141,0.0485
335.3922,0.4234,0.1263,0.0024,0.4476,0.4102,0.7068,0.0167,0.0102,0.0180
439.4413,0.3891,0.1022,0.0133,0.0104,0.4878,0.4555,0.0100,0.0072,0.0046
562.2102,0.6131,0.2058,0.0019,0.4856,0.5381,0.4638,0.0002,0.0636,0.0182
452.2072,0.4171,0.2890,0.0225,0.4371,0.5946,0.7385,0.0093,0.0250,0.0041
368.9001,0.3728,0.1418,0.0062,0.4136,0.1602,0.7681,0.0061,0.0833,0.0089
408.6929,0.3810,0.0929,0.0036,0.0072,0.5572,0.4133,0.0082,0.0555,0.0555
520.7070,0.3149,0.1701,0.0183,0.4748,0.2347,0.7150,0.0001,0.0029,0.0316
370.2200,0.3594,0.1886,0.0233,0.2690,0.4739,0.7945,0.0035,0.0731,0.0394
320.9118,0.4637,0.1142,0.0094,0.3319,0.5882,0.7574,0.0001,0.0405,0.0450
487.2559,0.3505,0.1041,0.0017,0.3503,0.5308,0.7022,0.0111,0.0418,0.0991
572.9056,0.3431,0.1636,0.0031,0.3816,0.5541,0.6091,0.0090,0.1180,0.0365
561.0051,0.8406,0.1393,0.0039,0.4675,0.5839,0.7843,0.0007,0.0068,0.1321
348.3285,0.3815,0.1807,0.0054,0.0768,0.2982,0.7309,0.0024,0.0034,0.1041
389.9338,0.3485,0.1503,0.0254,0.4738,0.5322,0.7739,0.0200,0.0893,0.0392
522.2867,0.3997,0.1876,0.0134,0.4243,0.5822,0.7750,0.0050,0.2280,0.0126
599.7831,0.7516,0.1841,0.0341,0.4939,0.5412,0.6815,0.0052,0.0145,0.0071
456.9005,0.6176,0.2465,0.0066,0.4575,0.5757,0.6249,0.0110,0.0163,0.0476
587.2257,0.7297,0.2789,0.0073,0.4709,0.5796,0.7192,0.0115,0.1282,0.0233
551.7079,0.3263,0.2930,0.0151,0.4548,0.5465,0.7877,0.0015,0.0242,0.1439
523.4347,0.3135,0.1232,0.0040,0.4065,0.4949,0.7744,0.0166,0.1463,0.0979
495.7815,0.3107,0.1678,0.0088,0.2282,0.5468,0.7435,0.0108,0.1832,0.0219
448.6230,0.4873,0.1492,0.0053,0.4144,0.5720,0.7231,0.0127,0.0901,0.0216
381.1512,0.3664,0.1424,0.0148,0.2486,0.3686,0.7795,0.0019,0.0166,0.1445
474.3802,0.3791,0.2576,0.0120,0.3954,0.5765,0.7882,0.0045,0.0425,0.1031
250.0612,0.4316,0.1538,0.0052,0.2060,0.2635,0.7721,0.0159,0.0058,0.0132
323.0794,0.4009,0.1653,0.0103,0.2050,0.4945,0.7207,0.0040,0.0875,0.0145
585.7429,0.4739,0.2619,0.0012,0.4951,0.5577,0.7391,0.0072,0.0442,0.2382
529.9439,0.3099,0.1917,0.0014,0.0718,0.4468,0.6786,0.0104,0.0670,0.0006
360.1039,0.3528,0.1498,0.0094,0.1844,0.2447,0.7542,0.0133,0.0059,0.0197
483.8937,0.4808,0.2776,0.0171,0.4992,0.5947,0.6734,0.0152,0.0714,0.0217
573.1407,0.3207,0.2334,0.0280,0.4702,0.5964,0.7789,0.0112,0.0804,0.1480
488.7050,0.3499,0.2187,0.0029,0.4002,0.5847,0.7576,0.0012,0.2855,0.0025
516.3404,0.3584,0.2050,0.0099,0.2033,0.5194,0.7915,0.0063,0.0224,0.0201
257.5934,0.4274,0.1574,0.0184,0.2720,0.5660,0.7580,0.0033,0.0215,0.0094
590.7003,0.9659,0.1704,0.0145,0.4902,0.5864,0.7659,0.0055,0.0618,0.1086
539.5312,0.4289,0.2097,0.0360,0.4378,0.5949,0.6805,0.0025,0.0047,0.0811
490.8276,0.3035,0.1592,0.0457,0.3758,0.4671,0.7176,0.0040,0.0365,0.0229
499.7981,0.6601,0.2552,0.0168,0.4769,0.5845,0.7848,0.0060,0.0319,0.1131
484.8020,0.3710,0.1294,0.0074,0.3661,0.4593,0.7498,0.0192,0.0192,0.0754
363.9568,0.6447,0.1994,0.0029,0.4752,0.5843,0.7272,0.0041,0.0983,0.0320
534.5379,0.3633,0.2382,0.0123,0.4647,0.5553,0.7202,0.0160,0.1160,0.0524
589.0056,0.3064,0.1665,0.0136,0.3455,0.5273,0.7703,0.0081,0.1525,0.0772
506.9157,0.3437,0.1238,0.0116,0.0711,0.2735,0.6348,0.0059,0.0052,0.0384
507.9967,0.5180,0.1610,0.0050,0.4759,0.5596,0.7813,0.0068,0.0121,0.2213
470.3233,0.3416,0.1426,0.0037,0.4837,0.5077,0.7301,0.0026,0.0685,0.2159
407.5298,0.3604,0.1260,0.0100,0.0227,0.3529,0.3345,0.0015,0.0336,0.0609
427.3322,0.3776,0.1868,0.0070,0.4082,0.4649,0.6722,0.0179,0.0185,0.0339
328.0378,0.4283,0.0814,0.0148,0.1326,0.1932,0.7264,0.0123,0.0093,0.0043
383.3764,0.5975,0.1729,0.0097,0.3842,0.5745,0.7673,0.0040,0.0137,0.0295
542.8105,0.5435,0.1980,0.0046,0.4676,0.5244,0.7665,0.0110,0.1559,0.0162
479.9059,0.3199,0.1349,0.0224,0.1744,0.1212,0.7952,0.0015,0.0080,0.0427
552.8520,0.3059,0.2053,0.0215,0.4394,0.3812,0.7103,0.0082,0.0461,0.0200
513.5550,0.3473,0.1245,0.0243,0.3874,0.5492,0.6450,0.0136,0.0222,0.0056
408.3124,0.3337,0.2218,0.0285,0.4204,0.5468,0.7295,0.0095,0.0025,0.0758
509.3691,0.3252,0.1516,0.0277,0.2158,0.2912,0.7775,0.0001,0.0417,0.0211
325.4735,0.3711,0.1915,0.0327,0.0394,0.4017,0.7320,0.0035,0.0371,0.0016
567.2673,0.3571,0.1920,0.0147,0.3362,0.5546,0.7539,0.0148,0.0157,0.0998
382.7004,0.4218,0.1203,0.0038,0.0380,0.2279,0.6483,0.0036,0.0066,0.0485
585.8882,0.3809,0.1184,0.0031,0.3288,0.5987,0.7822,0.0160,0.0903,0.0426
394.3995,0.3500,0.1756,0.0193,0.0656,0.5199,0.5871,0.0153,0.0122,0.0366
599.9301,0.7859,0.1979,0.0041,0.4317,0.5061,0.7778,0.0142,0.0025,0.0136
422.4663,0.3152,0.2614,0.0125,0.3479,0.4877,0.7957,0.0026,0.0253,0.0906
446.5982,0.3654,0.1418,0.0197,0.1482,0.5293,0.6980,0.0166,0.0255,0.0034
453.4583,0.3171,0.1845,0.0134,0.4762,0.4894,0.6799,0.0063,0.1430,0.0237
460.4684,0.7013,0.2014,0.0090,0.4572,0.5186,0.7640,0.0163,0.0044,0.0170
355.8770,0.3653,0.2027,0.0449,0.4467,0.5810,0.7700,0.0010,0.0306,0.0259
422.6825,0.4621,0.1977,0.0035,0.4789,0.5605,0.6578,0.0145,0.0978,0.0230
317.7757,0.4288,0.0970,0.0028,0.0070,0.3286,0.3005,0.0071,0.0171,0.1088
516.2002,0.3262,0.1273,0.0052,0.2384,0.5667,0.6269,0.0069,0.0719,0.0791
510.4357,0.8750,0.2262,0.0104,0.4650,0.5645,0.6904,0.0131,0.0609,0.0056
517.7206,0.4936,0.2130,0.0182,0.4841,0.5938,0.7547,0.0031,0.0869,0.1535
439.9238,0.3451,0.1811,0.0217,0.3731,0.4133,0.7862,0.0103,0.0940,0.0126
353.0587,0.3901,0.0935,0.0024,0.3505,0.2319,0.7841,0.0148,0.0028,0.0172
454.7756,0.3256,0.1382,0.0100,0.3317,0.3010,0.7063,0.0039,0.0038,0.0698
593.0849,0.6021,0.2361,0.0198,0.4518,0.5992,0.7359,0.0144,0.0157,0.1136
544.0625,0.9863,0.2182,0.0031,0.4972,0.5660,0.7692,0.0044,0.1367,0.0976
469.9323,0.3546,0.1901,0.0114,0.4485,0.5542,0.5515,0.0032,0.0236,0.0250
310.5985,0.4099,0.1713,0.0138,0.0136,0.5075,0.5834,0.0065,0.0250,0.0320
556.8680,0.8331,0.2522,0.0268,0.4752,0.5901,0.7488,0.0179,0.0254,0.0223
441.8519,0.3115,0.2606,0.0173,0.2308,0.5863,0.7649,0.0160,0.0140,0.0179
561.5510,0.3407,0.1562,0.0378,0.4781,0.5565,0.7600,0.0199,0.0056,0.1095
484.5123,0.3143,0.1759,0.0060,0.3310,0.3807,0.6647,0.0198,0.0728,0.0069
573.6778,0.3671,0.2413,0.0046,0.4244,0.4659,0.7559,0.0000,0.1419,0.0196
413.1499,0.3611,0.1302,0.0026,0.2809,0.5486,0.7220,0.0045,0.0137,0.2082
514.1487,0.3072,0.1266,0.0097,0.2780,0.3422,0.7977,0.0156,0.0820,0.0081
475.5768,0.3108,0.2186,0.0329,0.4445,0.4565,0.7485,0.0143,0.0305,0.0292
534.6937,0.4453,0.1421,0.0104,0.3608,0.5923,0.6774,0.0072,0.0121,0.0669
420.5380,0.3471,0.1847,0.0020,0.2406,0.4087,0.7595,0.0082,0.0917,0.0603
575.5446,0.3592,0.2627,0.0100,0.4828,0.5908,0.5294,0.0131,0.0557,0.0184
588.4328,0.4327,0.1780,0.0039,0.4115,0.5711,0.6008,0.0060,0.0255,0.1212
520.1600,0.3982,0.1299,0.0067,0.4767,0.4030,0.7908,0.0107,0.0380,0.0755
490.4497,0.3212,0.1402,0.0229,0.0289,0.5492,0.4317,0.0065,0.0561,0.0019
513.7125,0.3369,0.2039,0.0138,0.4147,0.5330,0.7616,0.0130,0.0711,0.1202
421.8818,0.3384,0.2358,0.0068,0.3637,0.4397,0.7188,0.0070,0.0450,0.0336
596.6961,0.3022,0.0966,0.0019,0.4623,0.5747,0.7513,0.0078,0.0994,0.1187
461.7147,0.3804,0.1560,0.0033,0.3058,0.4904,0.6532,0.0124,0.0232,0.0473
494.8073,0.3312,0.1655,0.0060,0.0069,0.1797,0.7882,0.0025,0.0092,0.0756
339.0469,0.3756,0.1763,0.0110,0.2366,0.5127,0.7075,0.0010,0.0701,0.0626
387.0210,0.3887,0.1614,0.0136,0.3017,0.5599,0.6778,0.0093,0.0688,0.0140
503.8837,0.4232,0.1394,0.0036,0.4321,0.5404,0.7640,0.0039,0.1535,0.0632
374.5304,0.3958,0.1150,0.0147,0.0424,0.5745,0.7957,0.0191,0.0154,0.0529
408.2251,0.3678,0.2237,0.0106,0.4822,0.4962,0.7612,0.0111,0.0144,0.1261
427.0902,0.3507,0.1594,0.0014,0.0869,0.5715,0.4313,0.0095,0.0366,0.0311
524.7369,0.3094,0.1983,0.0168,0.4950,0.4279,0.7894,0.0022,0.1854,0.0533
570.9257,0.5414,0.2050,0.0093,0.4745,0.5714,0.6874,0.0195,0.0708,0.0913
531.3882,0.5770,0.1752,0.0207,0.4766,0.5332,0.6515,0.0013,0.0247,0.0408
567.4070,0.3013,0.1899,0.0490,0.2773,0.4884,0.7367,0.0057,0.0037,0.0017
539.4391,0.4633,0.2352,0.0032,0.3788,0.5131,0.7788,0.0184,0.0160,0.0295
490.9137,0.3598,0.1613,0.0173,0.4409,0.3928,0.7418,0.0155,0.0204,0.0425
561.4259,0.3183,0.2094,0.0144,0.3888,0.5998,0.5510,0.0002,0.0431,0.0675
484.6619,0.3367,0.1275,0.0309,0.3021,0.4006,0.7096,0.0001,0.0353,0.0273
316.7278,0.4001,0.1342,0.0094,0.0229,0.1594,0.3852,0.0026,0.0719,0.0142
504.6129,0.3085,0.1734,0.0240,0.3386,0.5743,0.7224,0.0015,0.0696,0.1366
485.5857,0.3477,0.1433,0.0048,0.3988,0.3413,0.7936,0.0075,0.1640,0.0047
396.7287,0.3789,0.1470,0.0204,0.1732,0.5875,0.6263,0.0090,0.0161,0.0291
320.5157,0.4069,0.1907,0.0042,0.3671,0.4783,0.6569,0.0007,0.0150,0.0261
410.3252,0.3816,0.1009,0.0091,0.2656,0.3790,0.7759,0.0052,0.0659,0.0484
573.0692,0.3521,0.2120,0.0102,0.4090,0.5067,0.6805,0.0097,0.0878,0.0378
365.2609,0.3600,0.1927,0.0169,0.0273,0.5290,0.4026,0.0006,0.0484,0.0099
287.0525,0.4121,0.1873,0.0069,0.0217,0.5829,0.4272,0.0187,0.0003,0.0061
516.4870,0.3048,0.1756,0.0293,0.1442,0.5856,0.6991,0.0128,0.0344,0.0273
362.0720,0.3650,0.1398,0.0013,0.2374,0.2133,0.6635,0.0152,0.0077,0.0266
487.5478,0.3335,0.1070,0.0163,0.0135,0.3762,0.5047,0.0032,0.0330,0.0182
452.2848,0.3243,0.1539,0.0244,0.2713,0.5535,0.7816,0.0181,0.1475,0.0006
521.3315,0.4104,0.1047,0.0131,0.4926,0.5693,0.7080,0.0190,0.0229,0.0210
347.3885,0.4785,0.1577,0.0037,0.4426,0.5661,0.7326,0.0009,0.0405,0.1068
561.1841,0.8946,0.1856,0.0110,0.4949,0.5053,0.6341,0.0001,0.0510,0.0081
580.1458,0.3072,0.1611,0.0043,0.2057,0.4997,0.6976,0.0200,0.0435,0.0616
449.2062,0.3212,0.2314,0.0051,0.4080,0.2436,0.7455,0.0104,0.0055,0.0118
491.5957,0.6089,0.1817,0.0043,0.4423,0.5729,0.7721,0.0083,0.1444,0.0231
440.8355,0.3370,0.1676,0.0083,0.0204,0.3231,0.4469,0.0089,0.0278,0.0668
419.9128,0.3592,0.1088,0.0148,0.0803,0.2656,0.7104,0.0088,0.0058,0.0683
487.1087,0.4325,0.2156,0.0029,0.4501,0.4937,0.7296,0.0024,0.0880,0.0792
596.2926,0.3111,0.1514,0.0072,0.2727,0.4793,0.7459,0.0043,0.0495,0.1333
599.8138,0.5520,0.1654,0.0473,0.4780,0.5799,0.7951,0.0106,0.0252,0.0095
390.1105,0.3496,0.1721,0.0114,0.0405,0.1881,0.6308,0.0107,0.0728,0.0249
435.9191,0.3395,0.1712,0.0154,0.2033,0.5505,0.7245,0.0037,0.1347,0.0186
437.8766,0.4783,0.1964,0.0024,0.4490,0.5776,0.5944,0.0063,0.0065,0.0976
414.1659,0.3985,0.2010,0.0307,0.3050,0.5679,0.7895,0.0008,0.0231,0.0292
540.8278,0.3048,0.2322,0.0068,0.4411,0.5044,0.6682,0.0031,0.0629,0.1222
581.8277,0.3515,0.1519,0.0034,0.3896,0.4223,0.7341,0.0178,0.0000,0.1020
582.2644,0.7599,0.2284,0.0122,0.4979,0.5739,0.7496,0.0061,0.1185,0.1055
561.0294,0.4660,0.2102,0.0171,0.4516,0.5445,0.6928,0.0161,0.0338,0.0568
457.9712,0.3167,0.1633,0.0089,0.3886,0.2186,0.7861,0.0023,0.0917,0.0327
531.7551,0.3204,0.1974,0.0321,0.3344,0.5809,0.7445,0.0084,0.0215,0.0929
566.0522,0.5687,0.2000,0.0130,0.4117,0.5632,0.5812,0.0041,0.0052,0.0306
478.2962,0.4357,0.1478,0.0112,0.4695,0.4684,0.6887,0.0105,0.0022,0.0538
448.7903,0.3588,0.1533,0.0183,0.0210,0.4780,0.5484,0.0072,0.0168,0.0092
443.1054,0.3869,0.2145,0.0214,0.4065,0.5887,0.7064,0.0134,0.0342,0.0465
590.5475,0.3078,0.1239,0.0310,0.3776,0.5903,0.6659,0.0097,0.0163,0.0712
509.5788,0.3554,0.0926,0.0102,0.0120,0.2227,0.4813,0.0006,0.0067,0.0344
402.9323,0.3570,0.1295,0.0276,0.1842,0.1393,0.7814,0.0152,0.0305,0.0150
463.8725,0.4077,0.1552,0.0059,0.3686,0.5289,0.7951,0.0064,0.0514,0.1332
318.4454,0.3784,0.1994,0.0217,0.1873,0.5448,0.7622,0.0032,0.0500,0.0160
333.3734,0.3920,0.1813,0.0075,0.1738,0.5046,0.5988,0.0151,0.0045,0.0099
457.5346,0.3247,0.2140,0.0146,0.3065,0.4067,0.7578,0.0100,0.0645,0.0175
268.9728,0.4389,0.1327,0.0109,0.2493,0.4226,0.7916,0.0004,0.0638,0.0296
411.0369,0.3395,0.1792,0.0292,0.0355,0.4013,0.6256,0.0170,0.0171,0.0003
527.5886,0.9873,0.2470,0.0156,0.4963,0.5785,0.5413,0.0162,0.0007,0.0580
530.8425,0.3127,0.1119,0.0022,0.2828,0.3716,0.6188,0.0184,0.0020,0.0002
416.9840,0.3685,0.1715,0.0039,0.4394,0.4748,0.7706,0.0017,0.0829,0.1625
489.1262,0.3155,0.1516,0.0150,0.1554,0.5928,0.7834,0.0171,0.0613,0.0980
472.0247,0.3324,0.1370,0.0342,0.2351,0.3959,0.7970,0.0158,0.0199,0.0322
481.9212,0.3729,0.2414,0.0180,0.4710,0.5590,0.7638,0.0083,0.1645,0.0078
430.6954,0.3432,0.1633,0.0076,0.3362,0.5236,0.6957,0.0152,0.1271,0.0268
591.3915,0.3028,0.2707,0.0117,0.4897,0.3621,0.7922,0.0196,0.0353,0.0009
536.0069,0.4512,0.1536,0.0030,0.4875,0.5499,0.5301,0.0166,0.0209,0.0106
459.8784,0.3358,0.1647,0.0044,0.0990,0.4404,0.6153,0.0102,0.0643,0.0354
359.0358,0.4031,0.1329,0.0237,0.4829,0.5929,0.7103,0.0048,0.0026,0.0784
496.2186,0.3548,0.2339,0.0210,0.4837,0.5392,0.7976,0.0074,0.1073,0.0933
531.0665,0.6514,0.2208,0.0013,0.4656,0.5723,0.7098,0.0174,0.0402,0.1282
570.6306,0.8183,0.2224,0.0157,0.4541,0.5322,0.6213,0.0044,0.0132,0.0047
410.1233,0.3239,0.2143,0.0102,0.1734,0.4193,0.7877,0.0114,0.0486,0.0577
323.7721,0.3795,0.1976,0.0020,0.3043,0.5332,0.7988,0.0154,0.0619,0.0763
332.9923,0.3765,0.1721,0.0189,0.1485,0.1795,0.7585,0.0050,0.0182,0.0583
304.3947,0.4318,0.1574,0.0126,0.0122,0.2935,0.6225,0.0098,0.0149,0.0191
418.9041,0.3036,0.1906,0.0058,0.4161,0.5838,0.7972,0.0092,0.1259,0.0185
425.7804,0.3462,0.1167,0.0121,0.2131,0.5593,0.7840,0.0189,0.0055,0.1044
471.8751,0.3097,0.1970,0.0093,0.1475,0.3523,0.5920,0.0042,0.0575,0.0087
517.0196,0.3716,0.2993,0.0340,0.4683,0.5891,0.7732,0.0152,0.0135,0.0166
458.2255,0.3068,0.2393,0.0202,0.2908,0.5813,0.6785,0.0004,0.0058,0.0912
266.0554,0.4567,0.0994,0.0044,0.2335,0.5029,0.7064,0.0099,0.0065,0.0177
593.2954,0.6820,0.1909,0.0021,0.4944,0.5131,0.6692,0.0095,0.0682,0.0790
508.0273,0.7996,0.1895,0.0148,0.4917,0.5983,0.6919,0.0113,0.0226,0.1218
528.9248,0.3936,0.2028,0.0074,0.4414,0.5650,0.7526,0.0013,0.1249,0.1533
505.3913,0.3089,0.1787,0.0044,0.2974,0.1180,0.7417,0.0075,0.0177,0.0334
480.8193,0.3059,0.1449,0.0306,0.4796,0.4822,0.7870,0.0036,0.0974,0.0433
590.6697,0.3289,0.1791,0.0061,0.4738,0.5636,0.7070,0.0100,0.0537,0.2625
517.9197,0.3708,0.1349,0.0026,0.4144,0.3643,0.6494,0.0054,0.0286,0.0024
555.2600,0.7321,0.1971,0.0232,0.4596,0.5928,0.7987,0.0000,0.0986,0.0487
438.6297,0.3435,0.1244,0.0068,0.1468,0.3041,0.7996,0.0195,0.0144,0.1010
510.7033,0.4518,0.2010,0.0177,0.4775,0.4784,0.6241,0.0083,0.0055,0.0041
596.3393,0.4381,0.2756,0.0300,0.4987,0.5866,0.6860,0.0065,0.0901,0.0435
387.5404,0.5024,0.2173,0.0017,0.4817,0.5196,0.7885,0.0193,0.0351,0.0755
365.9095,0.4047,0.1076,0.0114,0.1592,0.2506,0.7221,0.0091,0.0158,0.0459
460.4756,0.6255,0.2276,0.0160,0.4697,0.5889,0.5807,0.0024,0.0616,0.0049
577.1231,0.3774,0.1864,0.0114,0.3716,0.3704,0.7574,0.0066,0.0092,0.0067
453.2216,0.3688,0.1161,0.0108,0.0156,0.1299,0.6861,0.0037,0.0450,0.0319
351.4446,0.4327,0.1021,0.0062,0.0573,0.1824,0.7422,0.0126,0.0460,0.0005
245.9010,0.4500,0.1474,0.0017,0.0308,0.2131,0.3466,0.0037,0.0339,0.0066
523.6941,0.3200,0.1294,0.0145,0.1056,0.2142,0.6304,0.0127,0.0176,0.0227
434.6260,0.3474,0.1238,0.0165,0.3303,0.5167,0.7454,0.0022,0.0315,0.1562
541.0594,0.3271,0.1643,0.0301,0.4102,0.5245,0.7209,0.0171,0.0254,0.0685
569.1220,0.3772,0.1458,0.0065,0.4655,0.5363,0.6925,0.0071,0.1905,0.0241
469.6731,0.4148,0.1831,0.0077,0.3858,0.5785,0.6934,0.0179,0.0518,0.0581
345.1484,0.4291,0.1492,0.0063,0.0629,0.5381,0.6380,0.0093,0.0050,0.0309
379.1325,0.3573,0.1973,0.0222,0.3816,0.5226,0.6687,0.0010,0.0062,0.0586
366.1328,0.3670,0.1650,0.0023,0.0443,0.2882,0.5871,0.0185,0.0886,0.0171
467.4294,0.3494,0.1272,0.0167,0.0159,0.4289,0.7302,0.0091,0.0613,0.0104
550.0915,0.3401,0.1393,0.0052,0.3267,0.5609,0.7281,0.0144,0.0828,0.0982
326.9163,0.3722,0.1814,0.0361,0.0187,0.2870,0.6878,0.0123,0.0083,0.0105
415.2582,0.3673,0.1142,0.0011,0.1101,0.1094,0.5930,0.0005,0.0968,0.0130
536.8602,0.7362,0.1950,0.0135,0.4159,0.5840,0.6379,0.0031,0.0386,0.0063
322.6965,0.4244,0.1031,0.0173,0.1843,0.5571,0.6787,0.0037,0.0367,0.0184
402.0512,0.3621,0.2425,0.0073,0.3692,0.5104,0.7067,0.0067,0.0354,0.0321
413.6161,0.3589,0.1396,0.0128,0.0433,0.2343,0.3197,0.0126,0.0047,0.0132
494.8649,0.3729,0.1306,0.0028,0.2285,0.5889,0.5709,0.0034,0.0643,0.0003
532.2082,0.8290,0.2151,0.0095,0.4395,0.5873,0.7574,0.0165,0.0660,0.0149
496.8552,0.5350,0.2333,0.0143,0.4859,0.5540,0.6852,0.0065,0.0768,0.0532
364.6368,0.7603,0.2850,0.0066,0.4994,0.5523,0.7526,0.0034,0.0109,0.0162
281.9546,0.4644,0.0944,0.0051,0.0245,0.2907,0.3894,0.0037,0.0061,0.0585
474.7630,0.3587,0.1953,0.0187,0.4937,0.5140,0.7677,0.0029,0.1333,0.0911
451.7571,0.3597,0.1010,0.0321,0.3078,0.5495,0.7217,0.0011,0.0450,0.0046
475.2052,0.3722,0.1195,0.0109,0.3258,0.3232,0.7960,0.0055,0.0105,0.0681
509.4589,0.3339,0.1417,0.0082,0.1130,0.4074,0.6454,0.0194,0.0338,0.0044
521.5776,0.4461,0.1531,0.0453,0.4596,0.5968,0.7719,0.0021,0.0846,0.0018
338.4280,0.5027,0.2055,0.0019,0.4227,0.4484,0.7979,0.0022,0.0057,0.0465
359.7069,0.5742,0.1311,0.0185,0.4847,0.5781,0.7569,0.0039,0.0284,0.0109
577.2938,0.8737,0.2555,0.0305,0.4929,0.5654,0.6911,0.0113,0.0353,0.0033
512.6863,0.3220,0.1504,0.0179,0.3897,0.5904,0.7239,0.0009,0.2159,0.0399
435.4445,0.3021,0.1927,0.0091,0.4584,0.5925,0.6384,0.0073,0.0371,0.0128
558.6069,0.6426,0.2101,0.0252,0.4538,0.5595,0.7743,0.0153,0.0080,0.0363
579.4478,0.9392,0.2232,0.0056,0.4719,0.5887,0.7332,0.0053,0.1489,0.0723
542.5635,0.3001,0.1821,0.0042,0.1123,0.3269,0.7265,0.0043,0.0393,0.0723
596.9456,0.3817,0.1612,0.0432,0.4919,0.5943,0.6877,0.0108,0.0181,0.0819
317.3631,0.4224,0.1062,0.0125,0.3016,0.5149,0.7104,0.0152,0.0014,0.0232
520.5090,0.3232,0.1900,0.0229,0.2961,0.4401,0.7918,0.0004,0.0342,0.0844
513.3886,0.4042,0.1156,0.0098,0.3590,0.5545,0.7625,0.0031,0.0023,0.1172
574.4378,0.3378,0.1303,0.0156,0.4959,0.4186,0.6185,0.0017,0.0031,0.0252
566.6578,0.3976,0.2047,0.0048,0.4329,0.5483,0.6516,0.0044,0.0357,0.1573
382.0979,0.3762,0.1213,0.0184,0.1933,0.2489,0.7653,0.0134,0.0264,0.0486
443.7289,0.5576,0.2214,0.0146,0.4361,0.5739,0.7608,0.0130,0.0085,0.0657
479.3999,0.6071,0.1475,0.0057,0.4981,0.4517,0.7941,0.0109,0.0327,0.0068
440.2154,0.3165,0.2359,0.0299,0.3132,0.4849,0.7730,0.0018,0.0662,0.0027
407.8900,0.4404,0.1588,0.0188,0.2918,0.5997,0.7619,0.0003,0.0575,0.0251
325.0509,0.4066,0.1285,0.0239,0.1688,0.3527,0.7576,0.0066,0.0523,0.0158
400.9895,0.3798,0.2093,0.0014,0.3538,0.4619,0.7914,0.0036,0.0537,0.1045
562.1902,0.3544,0.0997,0.0056,0.4448,0.5524,0.6964,0.0018,0.1119,0.0321
440.4229,0.3393,0.1612,0.0042,0.2881,0.5126,0.5992,0.0183,0.0287,0.0496
305.3690,0.3939,0.2633,0.0023,0.4441,0.5905,0.7496,0.0092,0.0079,0.0226
468.5924,0.3700,0.0902,0.0231,0.0001,0.4813,0.7842,0.0012,0.0090,0.0094
591.3681,0.5064,0.1787,0.0117,0.4961,0.5491,0.7602,0.0110,0.0655,0.1605
360.3182,0.3830,0.1942,0.0018,0.1150,0.4140,0.6890,0.0136,0.0308,0.0143
461.1845,0.4503,0.2240,0.0200,0.4982,0.5744,0.6521,0.0015,0.0546,0.0744
386.4643,0.3327,0.2187,0.0100,0.4882,0.5346,0.6787,0.0196,0.0093,0.0658
511.8253,0.3217,0.1084,0.0024,0.0976,0.5806,0.6037,0.0102,0.0553,0.0043
467.2580,0.5845,0.1904,0.0037,0.3963,0.5928,0.7738,0.0182,0.0636,0.0301
525.4199,0.3188,0.1561,0.0148,0.4661,0.3525,0.7058,0.0139,0.0315,0.0473
597.2356,0.3589,0.2359,0.0183,0.3907,0.5595,0.6388,0.0092,0.0556,0.0134
504.9645,0.4108,0.2070,0.0055,0.4041,0.4904,0.7236,0.0124,0.0071,0.0887
407.2706,0.3800,0.1228,0.0088,0.4476,0.5619,0.7244,0.0026,0.1601,0.0320
497.3601,0.3470,0.1011,0.0094,0.2445,0.3837,0.6146,0.0069,0.0060,0.0081
367.8711,0.3689,0.1207,0.0029,0.4024,0.5285,0.7767,0.0198,0.1122,0.0338
540.0085,0.3441,0.1467,0.0202,0.3173,0.5501,0.7799,0.0080,0.0573,0.0908
552.2005,0.3005,0.2302,0.0095,0.4345,0.4840,0.7672,0.0012,0.0766,0.1700
316.3151,0.4073,0.1435,0.0069,0.2857,0.4733,0.7873,0.0145,0.0596,0.0614
417.6210,0.3434,0.1733,0.0243,0.1713,0.5633,0.5713,0.0006,0.0070,0.0462
578.9748,0.3196,0.1857,0.0033,0.2393,0.5571,0.7978,0.0064,0.1897,0.0041
500.6616,0.3154,0.1495,0.0046,0.3516,0.4939,0.6594,0.0024,0.1111,0.1014
479.6816,0.3282,0.2096,0.0148,0.1206,0.5375,0.7104,0.0019,0.0300,0.0184
425.8153,0.3399,0.2383,0.0064,0.4238,0.5049,0.7933,0.0044,0.1764,0.0196
500.4384,0.4623,0.0916,0.0079,0.4749,0.5471,0.7944,0.0106,0.0283,0.0036
326.0667,0.5256,0.1624,0.0046,0.4640,0.5883,0.7698,0.0100,0.0483,0.0630
470.0948,0.3061,0.2172,0.0083,0.2875,0.2135,0.7757,0.0029,0.0436,0.0344
558.8749,0.3201,0.1469,0.0074,0.0832,0.4735,0.7298,0.0074,0.0055,0.0751
451.7146,0.3964,0.2267,0.0050,0.4558,0.5320,0.7806,0.0083,0.0759,0.1285
473.1720,0.3360,0.1678,0.0152,0.3929,0.4040,0.7396,0.0056,0.1083,0.0302
526.5504,0.5729,0.2019,0.0033,0.4637,0.5507,0.7302,0.0023,0.1318,0.0814
505.1489,0.9762,0.1839,0.0204,0.4778,0.5838,0.7753,0.0123,0.0109,0.0449
595.6629,0.8530,0.1981,0.0088,0.4733,0.5281,0.5637,0.0091,0.0377,0.0080
545.2323,0.3481,0.1563,0.0036,0.1997,0.5219,0.7502,0.0109,0.0546,0.0432
357.6477,0.3808,0.1067,0.0317,0.0021,0.5336,0.5648,0.0033,0.0114,0.0068
299.6161,0.3978,0.1751,0.0251,0.0093,0.2566,0.4735,0.0141,0.0212,0.0000
308.8178,0.4135,0.1144,0.0159,0.4343,0.3102,0.7843,0.0053,0.0017,0.0606
491.8418,0.3117,0.2145,0.0099,0.3165,0.4684,0.6341,0.0106,0.0236,0.0381
560.4993,0.3634,0.1698,0.0127,0.2592,0.5191,0.6940,0.0053,0.0393,0.0103
411.4103,0.3654,0.1593,0.0022,0.1709,0.2846,0.6729,0.0033,0.0370,0.0620
595.9841,0.4300,0.2310,0.0162,0.4534,0.5828,0.7469,0.0146,0.0274,0.1626
505.4435,0.3506,0.2140,0.0016,0.4663,0.5290,0.5841,0.0065,0.0728,0.0520
546.8960,0.3052,0.1644,0.0041,0.3914,0.4470,0.7761,0.0118,0.0138,0.2428
555.7371,0.6583,0.2463,0.0338,0.4925,0.5732,0.7341,0.0182,0.0183,0.0199
472.8215,0.5243,0.1833,0.0063,0.4586,0.5378,0.6656,0.0029,0.0166,0.1102
483.2781,0.3184,0.1641,0.0146,0.0111,0.5163,0.4617,0.0032,0.0069,0.0951
464.4135,0.3355,0.2268,0.0237,0.4360,0.5660,0.7959,0.0175,0.0264,0.1197
578.3682,0.5305,0.2669,0.0015,0.4851,0.5764,0.4534,0.0133,0.0627,0.0046
317.8751,0.4509,0.1187,0.0016,0.1180,0.5194,0.7613,0.0129,0.0281,0.0452
456.9632,0.3946,0.1684,0.0090,0.4989,0.4281,0.7590,0.0189,0.0122,0.0986
377.4595,0.3837,0.0975,0.0092,0.0758,0.5763,0.6983,0.0033,0.0268,0.0578
587.3427,0.6103,0.1798,0.0076,0.4333,0.5873,0.6164,0.0051,0.0185,0.1132
540.4944,0.3572,0.0924,0.0133,0.3857,0.5205,0.7823,0.0040,0.0915,0.0053
443.4287,0.4432,0.1661,0.0020,0.3509,0.5047,0.7073,0.0030,0.0380,0.0607
531.3092,0.3205,0.1035,0.0108,0.0180,0.1830,0.5210,0.0091,0.0165,0.0127
570.0913,0.3489,0.1348,0.0256,0.4031,0.5681,0.5942,0.0007,0.0075,0.0398
496.3105,0.3070,0.1790,0.0291,0.4551,0.3610,0.7767,0.0160,0.0607,0.0277
331.6128,0.4100,0.1264,0.0080,0.0516,0.2678,0.7458,0.0136,0.0364,0.0711
556.4149,0.3135,0.2853,0.0026,0.3623,0.5798,0.7619,0.0072,0.0746,0.0861
351.4983,0.3862,0.1419,0.0119,0.0878,0.5179,0.7294,0.0041,0.0945,0.0548
450.7783,0.3387,0.1242,0.0311,0.1164,0.5471,0.7569,0.0082,0.0569,0.0270
538.0571,0.3009,0.1700,0.0242,0.0241,0.3810,0.7375,0.0096,0.0255,0.0128
517.9775,0.3222,0.1621,0.0062,0.3178,0.2676,0.6783,0.0056,0.0486,0.0093
373.1691,0.3681,0.1807,0.0112,0.4221,0.4405,0.7549,0.0079,0.0250,0.1095
409.5522,0.3961,0.1658,0.0134,0.1158,0.3939,0.7867,0.0025,0.0236,0.0033
323.2017,0.4492,0.1218,0.0213,0.4850,0.5546,0.8000,0.0057,0.0112,0.0635
402.8302,0.3363,0.2324,0.0070,0.0528,0.5080,0.7652,0.0040,0.0105,0.0402
273.4016,0.4303,0.1384,0.0149,0.0086,0.4623,0.3985,0.0097,0.0554,0.0222
429.6176,0.3283,0.1835,0.0119,0.3749,0.5970,0.7996,0.0085,0.2724,0.0083
577.3998,0.3070,0.1716,0.0153,0.2866,0.5869,0.5734,0.0046,0.0934,0.0047
481.2307,0.3852,0.1118,0.0136,0.4433,0.5016,0.7221,0.0156,0.0101,0.0451
453.0541,0.3244,0.1512,0.0074,0.2216,0.5333,0.6573,0.0027,0.0274,0.1099
516.6610,0.3198,0.2074,0.0234,0.4858,0.5775,0.7125,0.0033,0.0940,0.1399
509.7717,0.7039,0.2253,0.0067,0.4404,0.5482,0.7924,0.0133,0.0492,0.0300
507.9232,0.3684,0.2392,0.0072,0.4510,0.4452,0.6650,0.0032,0.0163,0.0492
388.5553,0.3543,0.1700,0.0357,0.1954,0.4155,0.6737,0.0020,0.0033,0.0253
357.3423,0.3468,0.2355,0.0015,0.1675,0.5895,0.7683,0.0102,0.1023,0.0019
397.1467,0.3505,0.1881,0.0018,0.4258,0.5435,0.7130,0.0001,0.1135,0.1350
579.4634,0.4389,0.2539,0.0134,0.3376,0.5911,0.7786,0.0017,0.0172,0.0553
573.7025,0.5269,0.2083,0.0066,0.4337,0.5231,0.7867,0.0092,0.0948,0.0433
382.9531,0.3881,0.0965,0.0365,0.0261,0.5001,0.5063,0.0030,0.0220,0.0059
543.4126,0.7526,0.1943,0.0173,0.4782,0.5604,0.7480,0.0178,0.0292,0.0431
494.4468,0.4340,0.1760,0.0128,0.4631,0.5896,0.6951,0.0078,0.1140,0.0834
579.6866,0.3330,0.2058,0.0225,0.4608,0.5183,0.6748,0.0111,0.0847,0.0396
301.8761,0.4161,0.0969,0.0035,0.2356,0.5275,0.7959,0.0008,0.0167,0.0226
495.6866,0.3247,0.2708,0.0348,0.4391,0.5664,0.7369,0.0143,0.0002,0.0257
526.1968,0.3184,0.1918,0.0075,0.4288,0.3395,0.7798,0.0199,0.0546,0.0531
363.7966,0.3614,0.1497,0.0040,0.3148,0.3524,0.7316,0.0165,0.0219,0.0828
531.9350,0.3355,0.1291,0.0044,0.0021,0.2271,0.4768,0.0006,0.0726,0.0147
413.4502,0.8907,0.2086,0.0010,0.4809,0.5935,0.6647,0.0096,0.0020,0.1234
529.2745,0.3264,0.1153,0.0160,0.2530,0.5279,0.7514,0.0123,0.1029,0.0205
445.8641,0.3467,0.1714,0.0268,0.4895,0.5200,0.7153,0.0070,0.1039,0.0306
376.4099,0.3578,0.1346,0.0028,0.0916,0.3982,0.7381,0.0063,0.0436,0.0527
450.9312,0.3176,0.1793,0.0062,0.0162,0.5741,0.5558,0.0116,0.0194,0.0559
344.6177,0.4463,0.0887,0.0092,0.1847,0.2753,0.7803,0.0001,0.0079,0.0285
441.1510,0.4187,0.1139,0.0069,0.2239,0.5938,0.7646,0.0016,0.0847,0.0071
515.2021,0.3120,0.1592,0.0397,0.1233,0.3204,0.7408,0.0057,0.0101,0.0012
408.8452,0.5440,0.2279,0.0070,0.4874,0.4798,0.7216,0.0102,0.0262,0.0064
476.7126,0.3138,0.1878,0.0135,0.1619,0.4640,0.7898,0.0044,0.0992,0.0508
560.5146,0.3922,0.2945,0.0277,0.4693,0.5639,0.7537,0.0031,0.0837,0.0072
459.9373,0.3788,0.1294,0.0015,0.1333,0.3438,0.7105,0.0111,0.0092,0.0380
531.9973,0.4005,0.1826,0.0155,0.4910,0.5168,0.5656,0.0023,0.0177,0.0419
569.8043,0.3703,0.1997,0.0022,0.4951,0.5882,0.7954,0.0191,0.0450,0.3315
505.8027,0.3017,0.1851,0.0080,0.0034,0.4287,0.3942,0.0156,0.0008,0.0646
496.6009,0.3297,0.1238,0.0050,0.4280,0.3890,0.6108,0.0038,0.0232,0.0315
541.5894,0.3338,0.1890,0.0260,0.3786,0.6000,0.7430,0.0092,0.1703,0.0024
473.6333,0.3276,0.1426,0.0098,0.0174,0.1545,0.7536,0.0071,0.0537,0.0601
555.3892,0.3423,0.1972,0.0092,0.3464,0.4102,0.6903,0.0025,0.0144,0.0517
385.8973,0.3438,0.2564,0.0044,0.1875,0.5311,0.8000,0.0123,0.0202,0.0188
505.2669,0.3733,0.1520,0.0264,0.4318,0.5023,0.7892,0.0137,0.0352,0.0750
562.7229,0.3222,0.1252,0.0085,0.1361,0.5481,0.7784,0.0088,0.0863,0.0385
483.5833,0.3564,0.1374,0.0195,0.4586,0.4258,0.7756,0.0147,0.0696,0.0399
589.5378,0.3411,0.1745,0.0010,0.4400,0.4984,0.7474,0.0037,0.1982,0.1011
434.2755,0.4607,0.1956,0.0132,0.3957,0.5382,0.7465,0.0113,0.0463,0.0215
438.7185,0.3293,0.1654,0.0348,0.0556,0.3910,0.6660,0.0002,0.0599,0.0023
370.6260,0.3741,0.1475,0.0052,0.0216,0.4240,0.5681,0.0073,0.0975,0.0555
572.4465,0.3039,0.2008,0.0213,0.1285,0.5745,0.7577,0.0002,0.0114,0.0414
393.3153,0.3797,0.1140,0.0156,0.0083,0.1750,0.3163,0.0056,0.0171,0.0867
457.7328,0.3303,0.1766,0.0013,0.3173,0.5188,0.7205,0.0020,0.0950,0.1565
522.4453,0.3130,0.1195,0.0171,0.0853,0.5996,0.6488,0.0014,0.0262,0.0362
563.3587,0.4410,0.1989,0.0089,0.4840,0.5549,0.5034,0.0012,0.0519,0.0359
442.8803,0.3514,0.1417,0.0137,0.3529,0.1330,0.7995,0.0137,0.0029,0.0334
457.9490,0.4472,0.2520,0.0102,0.4480,0.5905,0.6080,0.0101,0.0280,0.0282
596.9764,0.9258,0.1893,0.0256,0.4760,0.5556,0.7857,0.0060,0.0262,0.0354
357.3060,0.4396,0.0842,0.0026,0.0018,0.5679,0.7880,0.0014,0.0749,0.0046
350.1088,0.3779,0.2298,0.0056,0.4999,0.5341,0.6642,0.0011,0.0267,0.0458
552.7673,0.4978,0.2992,0.0203,0.4526,0.5613,0.6795,0.0025,0.0172,0.0216
587.8898,0.9038,0.2821,0.0036,0.4970,0.5946,0.7636,0.0125,0.1400,0.1002
579.4167,0.3459,0.1263,0.0154,0.4882,0.5656,0.7435,0.0105,0.1196,0.1044
558.6312,0.6616,0.1404,0.0076,0.4379,0.5989,0.6985,0.0005,0.0373,0.0790
370.8422,0.4034,0.0936,0.0081,0.1489,0.3669,0.6821,0.0155,0.0256,0.0175
484.6108,0.5987,0.1748,0.0071,0.4904,0.5872,0.6691,0.0021,0.1491,0.0598
486.1393,0.3933,0.1965,0.0170,0.2321,0.5596,0.7753,0.0078,0.0095,0.0061
436.9963,0.3341,0.1382,0.0035,0.1691,0.4394,0.7463,0.0057,0.0246,0.1145
523.0791,0.9683,0.2901,0.0114,0.4666,0.5970,0.7272,0.0012,0.0565,0.0639
501.5692,0.5649,0.2760,0.0192,0.4827,0.5677,0.7798,0.0112,0.0867,0.0069
318.0165,0.3976,0.1364,0.0374,0.0581,0.5856,0.7293,0.0063,0.0302,0.0287
514.4924,0.5432,0.1792,0.0414,0.4900,0.5903,0.7381,0.0072,0.0480,0.0254
491.2289,0.3290,0.1324,0.0108,0.1864,0.5829,0.4694,0.0022,0.0057,0.0348
510.9833,0.3022,0.1962,0.0016,0.2616,0.4995,0.7875,0.0185,0.0278,0.1712
439.9906,0.6308,0.1682,0.0213,0.4637,0.5192,0.7975,0.0077,0.0204,0.0005
532.1839,0.4544,0.1344,0.0226,0.4558,0.5632,0.7159,0.0017,0.0391,0.0624
423.4844,0.3532,0.1303,0.0093,0.2199,0.1910,0.7619,0.0052,0.0328,0.0959
569.9628,0.3150,0.1212,0.0127,0.4678,0.4783,0.6151,0.0197,0.0096,0.0111
496.4442,0.3604,0.2006,0.0101,0.3929,0.4354,0.6827,0.0044,0.0721,0.0029
489.3674,0.3211,0.1265,0.0038,0.2209,0.4578,0.6959,0.0147,0.0964,0.0169
564.0885,0.5503,0.1646,0.0164,0.4268,0.5043,0.7523,0.0006,0.0193,0.0299
560.5794,0.3101,0.1482,0.0258,0.3231,0.5855,0.7966,0.0143,0.0560,0.1240
413.6821,0.3739,0.1380,0.0150,0.4345,0.5776,0.7019,0.0088,0.0384,0.1077
589.8353,0.3541,0.2208,0.0124,0.4751,0.5760,0.6633,0.0030,0.1587,0.0992
433.9102,0.4040,0.1169,0.0019,0.4230,0.5220,0.6602,0.0120,0.0115,0.0594
393.4327,0.4460,0.1967,0.0052,0.4965,0.4478,0.7274,0.0073,0.0708,0.0192
533.6087,0.6930,0.1932,0.0246,0.4973,0.5895,0.5205,0.0025,0.0221,0.0437
555.6429,0.7145,0.2598,0.0054,0.4336,0.5304,0.7566,0.0023,0.0022,0.0672
428.2569,0.3376,0.1336,0.0205,0.2864,0.3885,0.7838,0.0128,0.0124,0.0888
345.8608,0.3668,0.1541,0.0161,0.1596,0.5629,0.7716,0.0190,0.0271,0.0605
532.3644,0.3612,0.1628,0.0020,0.2992,0.5971,0.7399,0.0043,0.1792,0.0429
378.8525,0.3975,0.2003,0.0122,0.3494,0.5164,0.7388,0.0107,0.0262,0.0437
505.1795,0.3391,0.1656,0.0120,0.4937,0.5451,0.7015,0.0072,0.0192,0.2254
328.7271,0.3835,0.1762,0.0055,0.2625,0.1478,0.7470,0.0093,0.0521,0.0026
472.7627,0.5153,0.1371,0.0072,0.4859,0.5227,0.7527,0.0034,0.0380,0.1037
472.1135,0.3397,0.1467,0.0016,0.0919,0.3109,0.6649,0.0039,0.0542,0.0754
491.4801,0.3672,0.1689,0.0051,0.3439,0.3594,0.7844,0.0112,0.0685,0.0187
537.1469,0.6031,0.2106,0.0308,0.4673,0.5800,0.7867,0.0014,0.0304,0.0924
560.8662,0.3325,0.2170,0.0025,0.2944,0.5666,0.5916,0.0059,0.0185,0.0691
573.3775,0.9982,0.2487,0.0107,0.4954,0.5300,0.6563,0.0131,0.0472,0.0265
500.4142,0.8315,0.2589,0.0253,0.4907,0.5702,0.6824,0.0051,0.0014,0.0475
361.0506,0.4750,0.2053,0.0085,0.4925,0.5987,0.7400,0.0045,0.0866,0.0843
368.0312,0.4267,0.1229,0.0022,0.1330,0.5449,0.7532,0.0148,0.0447,0.0268
478.1299,0.3191,0.1547,0.0196,0.2537,0.4475,0.6035,0.0003,0.0222,0.0607
569.7312,0.3360,0.1823,0.0368,0.4304,0.5216,0.6951,0.0000,0.0471,0.0560
419.1179,0.3092,0.2282,0.0192,0.4601,0.4688,0.6821,0.0015,0.0157,0.0539
384.4768,0.4237,0.1693,0.0010,0.3981,0.5888,0.7155,0.0049,0.0208,0.1706
333.2071,0.3627,0.1842,0.0235,0.0791,0.4797,0.6856,0.0053,0.0197,0.0105
449.9464,0.3472,0.1008,0.0015,0.0360,0.4156,0.7798,0.0180,0.0155,0.0486
410.0885,0.3380,0.1927,0.0258,0.0304,0.2875,0.6692,0.0083,0.0260,0.0059
404.1429,0.3725,0.1535,0.0064,0.4947,0.3389,0.7596,0.0129,0.1103,0.0016
551.6568,0.6970,0.2169,0.0028,0.4915,0.5827,0.4844,0.0151,0.1178,0.0011
390.0894,0.3636,0.1194,0.0302,0.1326,0.5094,0.7644,0.0088,0.0016,0.0684
421.1318,0.3682,0.1008,0.0029,0.2358,0.2366,0.6903,0.0045,0.0562,0.0303
366.3739,0.3727,0.1318,0.0134,0.0785,0.1845,0.6434,0.0109,0.0534,0.0260
284.6215,0.4083,0.1255,0.0036,0.0914,0.1149,0.7268,0.0077,0.0058,0.0047
315.6622,0.4098,0.1108,0.0310,0.0421,0.3887,0.7696,0.0033,0.0495,0.0055
578.8042,0.4321,0.1830,0.0018,0.4699,0.5115,0.7430,0.0014,0.2534,0.0155
445.7927,0.3152,0.1461,0.0125,0.4282,0.5864,0.7441,0.0137,0.1018,0.0365
466.7970,0.4201,0.2201,0.0203,0.4903,0.4742,0.7771,0.0103,0.0870,0.0023
591.3375,0.7880,0.1718,0.0215,0.4797,0.5720,0.7169,0.0059,0.0549,0.0409
556.3774,0.4066,0.1575,0.0014,0.4616,0.5388,0.7891,0.0159,0.1020,0.1585
582.8916,0.6456,0.2678,0.0097,0.4728,0.5433,0.7281,0.0064,0.0746,0.0532
451.1698,0.3236,0.1676,0.0022,0.4790,0.4616,0.5486,0.0007,0.0006,0.0292
403.0082,0.3479,0.1549,0.0081,0.0176,0.5544,0.6493,0.0045,0.0454,0.0802
395.8129,0.4720,0.2848,0.0111,0.4807,0.5247,0.7716,0.0030,0.0183,0.0269
573.8499,0.4925,0.2338,0.0317,0.4996,0.5815,0.7039,0.0102,0.1109,0.0235
369.5289,0.4086,0.0743,0.0070,0.0262,0.3869,0.5331,0.0061,0.0167,0.0150
591.5206,0.5398,0.1305,0.0034,0.4687,0.5331,0.6580,0.0104,0.0300,0.0359
461.5481,0.4154,0.1472,0.0179,0.4630,0.4958,0.7545,0.0021,0.0010,0.1378
504.9958,0.3288,0.1107,0.0066,0.3043,0.5118,0.7039,0.0012,0.1297,0.0449
434.8042,0.3385,0.1575,0.0116,0.0465,0.4585,0.4573,0.0151,0.0181,0.0523
454.5509,0.3119,0.2217,0.0024,0.4010,0.3739,0.7994,0.0042,0.0328,0.1680
481.2000,0.9293,0.2377,0.0069,0.4582,0.5257,0.7511,0.0001,0.0208,0.0275
500.5778,0.3433,0.0930,0.0138,0.0535,0.2423,0.5254,0.0120,0.0053,0.0090
534.2990,0.3278,0.2051,0.0445,0.4895,0.5513,0.7812,0.0029,0.0671,0.0984
490.9676,0.7558,0.2836,0.0025,0.4661,0.5423,0.6998,0.0092,0.0393,0.0167
531.0054,0.5977,0.2380,0.0017,0.3802,0.5956,0.6232,0.0010,0.0761,0.0099
490.3144,0.3944,0.1740,0.0011,0.2816,0.3981,0.6718,0.0053,0.0029,0.0088
562.0353,0.4365,0.2182,0.0045,0.3566,0.5740,0.7315,0.0106,0.0654,0.0523
554.4236,0.3226,0.1054,0.0100,0.0105,0.4209,0.6227,0.0062,0.0619,0.0173
571.7871,0.4778,0.2260,0.0031,0.4751,0.5682,0.6437,0.0075,0.1768,0.0526
597.0789,0.3253,0.1594,0.0197,0.4258,0.5122,0.7717,0.0099,0.0015,0.2040
504.7796,0.4430,0.1608,0.0095,0.4314,0.5992,0.5582,0.0118,0.0472,0.0073
547.5651,0.4071,0.2098,0.0130,0.4888,0.3922,0.7504,0.0065,0.0350,0.0279
476.2894,0.3517,0.1222,0.0013,0.4093,0.4715,0.7513,0.0185,0.1726,0.0002
500.2939,0.3693,0.2262,0.0090,0.3243,0.5724,0.7591,0.0018,0.1319,0.0143
438.1873,0.3644,0.0867,0.0109,0.4699,0.4419,0.7266,0.0036,0.0025,0.0501
598.0443,0.5660,0.1779,0.0056,0.4838,0.5784,0.5463,0.0093,0.0726,0.0852
581.7501,0.4871,0.2612,0.0117,0.4105,0.5972,0.5863,0.0123,0.0091,0.0406
369.8702,0.4699,0.1313,0.0063,0.4574,0.3704,0.7955,0.0126,0.0036,0.0254
488.0405,0.3159,0.1693,0.0112,0.0943,0.4386,0.5468,0.0041,0.0865,0.0027
552.4653,0.3792,0.1527,0.0056,0.3993,0.5939,0.6511,0.0006,0.1302,0.0878
356.2789,0.4118,0.1407,0.0116,0.3259,0.5636,0.6902,0.0092,0.0483,0.0312
498.9757,0.3610,0.1512,0.0145,0.4923,0.2569,0.7874,0.0092,0.0114,0.0278
422.1609,0.3468,0.1501,0.0042,0.0972,0.2032,0.4729,0.0158,0.0089,0.0296
362.3520,0.3891,0.1330,0.0173,0.0157,0.2080,0.7501,0.0056,0.0253,0.0862
481.8823,0.3446,0.1425,0.0378,0.1976,0.5403,0.7097,0.0066,0.0190,0.0052
410.7114,0.3554,0.1636,0.0162,0.3464,0.4415,0.7476,0.0075,0.1286,0.0040
573.4520,0.3727,0.2743,0.0174,0.4527,0.5692,0.7146,0.0080,0.0365,0.0990
493.4211,0.3246,0.1439,0.0027,0.0590,0.5638,0.7420,0.0115,0.0367,0.1225
563.9868,0.7979,0.1947,0.0350,0.4762,0.5791,0.7662,0.0042,0.0092,0.0480
483.1157,0.5387,0.1681,0.0030,0.4282,0.5473,0.7792,0.0168,0.0836,0.0355
329.7147,0.3844,0.1720,0.0252,0.3501,0.5445,0.7350,0.0046,0.0284,0.0468
395.0055,0.4014,0.1903,0.0033,0.1564,0.5292,0.7051,0.0051,0.0296,0.0134
564.7141,0.3127,0.1802,0.0014,0.4875,0.4526,0.6704,0.0079,0.0782,0.1419
487.6237,0.3650,0.1355,0.0047,0.4360,0.5347,0.7358,0.0125,0.1399,0.0688
350.4779,0.4052,0.2366,0.0036,0.4371,0.4793,0.7763,0.0152,0.0549,0.0017
484.4372,0.3011,0.2326,0.0355,0.4963,0.3251,0.7963,0.0004,0.0016,0.0502
453.9510,0.3433,0.2472,0.0082,0.3857,0.5518,0.7142,0.0061,0.0562,0.0718
567.5250,0.5393,0.2090,0.0166,0.4416,0.5885,0.5020,0.0044,0.0152,0.0252
522.8926,0.4297,0.1948,0.0195,0.3509,0.5984,0.7735,0.0070,0.0768,0.0288
407.9974,0.3595,0.1167,0.0060,0.2860,0.1626,0.6823,0.0108,0.0223,0.0131
552.2852,0.3566,0.2128,0.0289,0.4994,0.5581,0.7234,0.0196,0.0927,0.0441
557.3256,0.3104,0.1423,0.0034,0.0263,0.5046,0.5785,0.0041,0.0084,0.1088
549.9091,0.4221,0.2430,0.0064,0.4735,0.5980,0.7008,0.0031,0.0540,0.2313
387.6724,0.3943,0.1324,0.0022,0.3222,0.4127,0.7929,0.0014,0.1086,0.0801
522.6764,0.3483,0.2639,0.0167,0.4776,0.5110,0.6605,0.0151,0.0087,0.0310
422.9589,0.3331,0.1986,0.0181,0.2592,0.5503,0.7595,0.0048,0.0755,0.0736
577.0082,0.6178,0.1638,0.0109,0.4613,0.5935,0.7617,0.0140,0.0829,0.0809
413.3153,0.3253,0.1848,0.0023,0.0081,0.3433,0.4697,0.0132,0.0496,0.0028
494.6097,0.3175,0.1788,0.0106,0.2012,0.4791,0.7187,0.0029,0.0289,0.1233
339.2441,0.3620,0.1641,0.0064,0.0580,0.2123,0.7981,0.0007,0.0428,0.0222
507.3819,0.3332,0.1145,0.0014,0.3704,0.5876,0.5373,0.0166,0.0138,0.0007
302.5296,0.4015,0.1262,0.0284,0.4986,0.5809,0.7766,0.0120,0.0266,0.0063
470.6446,0.4003,0.1754,0.0199,0.2893,0.5488,0.7309,0.0135,0.0085,0.0129
310.3188,0.3858,0.1625,0.0055,0.2333,0.5334,0.7012,0.0168,0.0073,0.0732
520.2141,0.6954,0.2526,0.0161,0.4907,0.5623,0.7176,0.0044,0.0194,0.1125
448.9674,0.3295,0.1243,0.0128,0.3523,0.4190,0.6979,0.0101,0.0327,0.0164
343.0634,0.5986,0.1793,0.0054,0.4929,0.5440,0.7830,0.0050,0.1035,0.0080
341.0939,0.3941,0.1571,0.0183,0.2218,0.5716,0.6610,0.0049,0.0554,0.0126
513.2164,0.3111,0.2667,0.0086,0.4434,0.5956,0.7900,0.0144,0.1234,0.1059
288.4555,0.4117,0.1468,0.0031,0.1288,0.2836,0.7739,0.0060,0.0866,0.0252
505.0424,0.4644,0.2364,0.0336,0.4672,0.5566,0.7671,0.0084,0.0097,0.0584
355.5743,0.3967,0.1075,0.0051,0.3414,0.3621,0.7617,0.0011,0.0314,0.1151
435.3780,0.3767,0.1161,0.0043,0.4858,0.4836,0.7723,0.0067,0.0584,0.1471
391.9615,0.3421,0.1921,0.0017,0.4338,0.4407,0.5880,0.0114,0.0053,0.0041
543.3814,0.5530,0.1563,0.0026,0.4936,0.5999,0.7288,0.0027,0.0022,0.3068
581.2659,0.3020,0.1357,0.0176,0.1716,0.3652,0.7817,0.0120,0.0787,0.0076
574.1738,0.3468,0.1785,0.0239,0.4686,0.4034,0.7998,0.0023,0.0526,0.0836
534.4241,0.3067,0.1295,0.0204,0.3931,0.5714,0.6073,0.0170,0.0296,0.0306
470.8491,0.3294,0.2117,0.0055,0.4462,0.5812,0.7559,0.0112,0.2234,0.0583
566.9569,0.4736,0.1279,0.0088,0.4055,0.5331,0.7550,0.0038,0.0565,0.0254
440.2751,0.3732,0.1592,0.0343,0.3483,0.5948,0.6415,0.0024,0.0261,0.0065
587.7206,0.3215,0.1867,0.0185,0.3187,0.5929,0.6859,0.0158,0.0080,0.1072
537.7818,0.9434,0.2143,0.0017,0.4595,0.5539,0.5493,0.0032,0.0591,0.0329
386.5366,0.3859,0.2244,0.0293,0.4222,0.5695,0.7806,0.0011,0.0113,0.0827
496.0582,0.5193,0.1805,0.0050,0.4782,0.5213,0.7133,0.0096,0.0893,0.0609
484.1417,0.4113,0.2472,0.0255,0.4943,0.5850,0.7611,0.0175,0.0341,0.0886
575.8206,0.3940,0.1622,0.0051,0.2499,0.5551,0.7563,0.0185,0.0213,0.0030
570.7840,0.9829,0.1844,0.0103,0.4609,0.5574,0.5678,0.0014,0.0335,0.0334
358.0966,0.3923,0.1351,0.0090,0.0703,0.3355,0.6174,0.0004,0.0325,0.0964
577.7832,0.5987,0.2016,0.0180,0.4731,0.5905,0.6243,0.0114,0.1187,0.0109
540.1824,0.3831,0.1078,0.0055,0.3248,0.4493,0.6917,0.0042,0.0173,0.0067
440.8111,0.6615,0.2301,0.0203,0.4552,0.5946,0.7199,0.0110,0.0069,0.0432
475.7248,0.3458,0.2168,0.0037,0.4704,0.5613,0.7881,0.0010,0.1454,0.1997
406.3118,0.3566,0.1752,0.0261,0.0716,0.4195,0.7004,0.0006,0.0018,0.0495
300.8438,0.3996,0.1852,0.0056,0.1436,0.3298,0.7897,0.0016,0.0049,0.0983
525.6572,0.3236,0.1015,0.0123,0.4582,0.5178,0.7746,0.0176,0.0428,0.1112
358.7459,0.5666,0.1565,0.0030,0.4770,0.4965,0.7989,0.0020,0.0253,0.0874
426.8834,0.3543,0.1398,0.0284,0.4068,0.5223,0.7965,0.0068,0.0801,0.0812
429.3140,0.3129,0.2100,0.0046,0.0675,0.5953,0.6290,0.0119,0.0144,0.0321
422.2405,0.4198,0.1054,0.0015,0.4327,0.4990,0.7605,0.0103,0.0439,0.0668
547.4278,0.3312,0.1490,0.0147,0.3346,0.5145,0.7017,0.0113,0.0880,0.0391
574.4844,0.3322,0.2430,0.0365,0.3945,0.5412,0.7788,0.0145,0.0340,0.0085
482.8064,0.3030,0.1735,0.0096,0.1423,0.5700,0.7701,0.0107,0.0232,0.0953
582.6961,0.4417,0.2127,0.0110,0.3902,0.5796,0.7392,0.0082,0.1476,0.0037
561.9528,0.3811,0.1544,0.0215,0.4522,0.4496,0.7839,0.0053,0.1139,0.0050
514.2404,0.3980,0.1722,0.0248,0.3667,0.5209,0.7889,0.0000,0.0144,0.0939
259.1359,0.4489,0.1147,0.0176,0.2360,0.4316,0.7934,0.0068,0.0210,0.0130
521.4156,0.3376,0.2233,0.0077,0.3037,0.3850,0.7635,0.0035,0.0194,0.0343
369.5657,0.3806,0.1188,0.0035,0.4398,0.3079,0.6830,0.0000,0.0524,0.0273
461.5161,0.3465,0.1098,0.0152,0.0027,0.1980,0.4797,0.0067,0.0400,0.0511
334.7387,0.4170,0.1343,0.0043,0.4213,0.5578,0.7921,0.0122,0.1161,0.0545
384.7066,0.3824,0.1661,0.0032,0.2167,0.3265,0.7856,0.0102,0.0318,0.0703
565.7512,0.4052,0.2067,0.0137,0.4096,0.5263,0.6175,0.0013,0.0232,0.0565
535.0035,0.3752,0.2364,0.0040,0.4206,0.5821,0.7204,0.0195,0.0688,0.1103
573.5860,0.3221,0.1556,0.0066,0.4725,0.4063,0.6546,0.0048,0.0176,0.1120
439.3093,0.3104,0.1755,0.0391,0.3365,0.5900,0.7467,0.0049,0.0631,0.0110
559.1157,0.3249,0.1080,0.0167,0.0912,0.5601,0.7398,0.0010,0.0691,0.0167
442.8220,0.5514,0.1922,0.0053,0.4128,0.5010,0.7950,0.0111,0.0124,0.0437
594.9566,0.6013,0.1709,0.0089,0.4854,0.5511,0.7939,0.0039,0.1549,0.0732
389.1849,0.3613,0.1738,0.0212,0.3750,0.4319,0.7240,0.0139,0.0464,0.0099
438.1630,0.3137,0.2180,0.0247,0.4505,0.4826,0.6665,0.0092,0.0213,0.0247
288.3425,0.4717,0.1430,0.0037,0.0116,0.5918,0.6329,0.0012,0.0226,0.0250
410.9037,0.4533,0.2244,0.0114,0.4380,0.5677,0.7024,0.0122,0.0695,0.0056
515.3508,0.3377,0.1367,0.0029,0.3976,0.4845,0.7055,0.0028,0.2132,0.0085
389.6236,0.7718,0.2065,0.0193,0.4874,0.5970,0.7397,0.0022,0.0779,0.0106
541.0976,0.4902,0.1784,0.0199,0.4427,0.5852,0.5850,0.0002,0.0399,0.0446
447.0826,0.3321,0.1832,0.0326,0.0051,0.1641,0.6849,0.0009,0.0110,0.0127
491.4609,0.8716,0.1924,0.0032,0.4911,0.5559,0.6730,0.0102,0.1075,0.0185
542.2075,0.3296,0.1542,0.0099,0.2176,0.5576,0.7345,0.0098,0.1001,0.0368
463.4086,0.5113,0.1669,0.0042,0.4055,0.5987,0.7489,0.0066,0.1568,0.0167
561.3257,0.6295,0.2042,0.0100,0.4459,0.5159,0.7459,0.0184,0.0134,0.0234
341.6147,0.4624,0.1771,0.0102,0.2178,0.5824,0.7740,0.0025,0.0150,0.0195
599.6651,0.3659,0.1279,0.0280,0.4840,0.4806,0.7080,0.0127,0.0034,0.0311
473.3340,0.4476,0.2065,0.0282,0.3632,0.5767,0.7956,0.0088,0.0057,0.0332
433.6869,0.3579,0.1206,0.0040,0.2454,0.2595,0.5900,0.0029,0.0039,0.0394
502.2449,0.4238,0.2051,0.0146,0.3808,0.5845,0.7029,0.0143,0.0137,0.0726
599.7902,0.3446,0.1753,0.0031,0.3830,0.5151,0.6670,0.0073,0.0408,0.1373
460.5498,0.3382,0.2409,0.0017,0.3519,0.5383,0.7536,0.0128,0.1194,0.0287
522.8650,0.3086,0.1306,0.0059,0.4428,0.4721,0.7245,0.0120,0.0275,0.1785
365.3171,0.3792,0.1657,0.0179,0.3791,0.5466,0.7425,0.0167,0.0962,0.0013
360.5608,0.4156,0.0979,0.0032,0.0856,0.1390,0.5693,0.0099,0.0472,0.0014
328.2173,0.4038,0.1145,0.0306,0.0323,0.3648,0.6199,0.0043,0.0081,0.0581
379.9480,0.3452,0.1956,0.0105,0.0466,0.2808,0.6998,0.0041,0.0337,0.0561
537.2891,0.3598,0.1409,0.0112,0.3406,0.5252,0.7437,0.0061,0.0718,0.0818
535.2390,0.3524,0.1607,0.0273,0.4464,0.5386,0.6676,0.0004,0.0312,0.0952
322.4422,0.3963,0.1579,0.0083,0.1765,0.4724,0.7938,0.0097,0.0387,0.0951
401.8403,0.3683,0.2036,0.0170,0.3617,0.3627,0.7629,0.0005,0.0381,0.0218
372.1761,0.3365,0.2084,0.0242,0.2386,0.5848,0.7606,0.0064,0.0724,0.0208
408.7959,0.4492,0.1295,0.0034,0.2997,0.4752,0.7885,0.0034,0.0711,0.0151
590.5170,0.5153,0.2354,0.0206,0.4725,0.5262,0.7946,0.0129,0.0685,0.0383
467.6316,0.3774,0.0726,0.0077,0.0236,0.5941,0.7404,0.0031,0.0119,0.0116
510.5224,0.6163,0.2094,0.0094,0.4825,0.5817,0.5667,0.0059,0.0223,0.1065
336.9106,0.4476,0.1456,0.0031,0.0444,0.5250,0.6880,0.0132,0.0132,0.0014
387.3703,0.3389,0.1932,0.0254,0.4803,0.5408,0.7208,0.0165,0.0121,0.0737
460.3336,0.4401,0.1869,0.0107,0.4746,0.5007,0.6181,0.0047,0.0413,0.0154
423.2611,0.3884,0.1427,0.0071,0.4172,0.4264,0.6758,0.0200,0.0265,0.0014
534.3933,0.3464,0.2618,0.0096,0.4365,0.4080,0.7933,0.0102,0.0109,0.0469
559.7260,0.3072,0.1412,0.0226,0.0752,0.3519,0.6956,0.0093,0.0106,0.0313
470.5073,0.3243,0.1191,0.0063,0.3852,0.4211,0.7835,0.0087,0.0959,0.0445
520.6801,0.3170,0.2602,0.0013,0.2884,0.5893,0.6885,0.0068,0.0415,0.0709
449.1048,0.4053,0.1856,0.0142,0.4481,0.5433,0.7386,0.0052,0.0903,0.0837
470.0671,0.7868,0.1987,0.0098,0.4935,0.5765,0.7053,0.0152,0.0619,0.0559
429.1096,0.3354,0.1558,0.0295,0.0338,0.5605,0.6816,0.0078,0.0519,0.0192
544.1425,0.5489,0.2326,0.0041,0.4524,0.5803,0.6740,0.0172,0.0988,0.0520
295.0539,0.4174,0.1530,0.0097,0.0952,0.2773,0.7036,0.0127,0.0044,0.0583
588.1325,0.4192,0.1230,0.0076,0.4729,0.4707,0.7663,0.0008,0.0940,0.0482
552.9967,0.3163,0.1814,0.0249,0.4109,0.5909,0.7876,0.0031,0.0902,0.1835
317.1119,0.3944,0.1453,0.0162,0.3092,0.3516,0.7670,0.0114,0.0744,0.0049
289.0385,0.4457,0.1061,0.0096,0.0271,0.3825,0.5536,0.0091,0.0383,0.0445
442.6501,0.3928,0.1293,0.0150,0.0344,0.3995,0.7134,0.0015,0.0104,0.0004
551.6799,0.3298,0.1335,0.0046,0.2665,0.2776,0.7593,0.0054,0.0630,0.0285
406.6291,0.3790,0.1279,0.0019,0.0458,0.4550,0.6243,0.0197,0.0394,0.0475
476.9620,0.3425,0.2038,0.0053,0.0973,0.5371,0.6842,0.0050,0.0237,0.0123
465.2106,0.3252,0.1858,0.0085,0.4124,0.5089,0.7599,0.0193,0.0318,0.1709
559.3855,0.4667,0.1450,0.0058,0.4863,0.5902,0.7588,0.0056,0.1753,0.1138
323.9382,0.4171,0.1086,0.0131,0.0372,0.5053,0.4944,0.0112,0.0110,0.0691
513.4458,0.5016,0.2106,0.0129,0.4203,0.5587,0.6773,0.0100,0.0505,0.0249
478.9082,0.3874,0.1795,0.0032,0.3124,0.4563,0.7083,0.0027,0.0576,0.0350
531.3508,0.4126,0.1656,0.0309,0.3841,0.5941,0.7796,0.0158,0.0407,0.0303
536.1739,0.3015,0.2387,0.0104,0.2214,0.5767,0.7554,0.0124,0.0521,0.0359
416.4791,0.3284,0.1693,0.0327,0.4760,0.5480,0.7622,0.0135,0.0414,0.1020
528.8381,0.6603,0.1860,0.0121,0.4904,0.5793,0.6300,0.0196,0.0873,0.0134
544.2322,0.3114,0.1234,0.0136,0.3837,0.3782,0.7479,0.0149,0.0071,0.1145
444.5433,0.3862,0.1566,0.0074,0.4060,0.5441,0.7763,0.0036,0.1739,0.0647
593.3752,0.4156,0.1823,0.0069,0.4457,0.4926,0.7733,0.0114,0.0314,0.1454
412.3172,0.3496,0.1300,0.0178,0.1786,0.2900,0.6291,0.0002,0.0213,0.0207
470.2128,0.5401,0.2283,0.0153,0.4509,0.5374,0.6392,0.0010,0.0042,0.0396
377.9135,0.5920,0.2141,0.0025,0.4379,0.5755,0.7219,0.0179,0.0503,0.0015
324.0528,0.4403,0.1668,0.0124,0.4771,0.5200,0.7558,0.0076,0.0049,0.0822
400.2212,0.3233,0.1797,0.0159,0.0451,0.5671,0.7857,0.0021,0.0063,0.0114
276.1210,0.4159,0.1483,0.0058,0.0166,0.3631,0.3722,0.0065,0.0409,0.0104
517.1257,0.3380,0.1250,0.0153,0.3412,0.3071,0.7202,0.0075,0.0432,0.0017
406.8883,0.4063,0.1208,0.0043,0.1081,0.4315,0.7681,0.0044,0.0299,0.0551
347.2982,0.3640,0.1692,0.0172,0.0286,0.4324,0.4589,0.0146,0.0136,0.0268
576.5479,0.3201,0.1148,0.0062,0.3102,0.4878,0.6075,0.0014,0.0774,0.0147
338.5881,0.4027,0.1672,0.0054,0.3605,0.4442,0.7122,0.0141,0.0541,0.0100
453.2882,0.4817,0.2222,0.0126,0.4701,0.5692,0.7685,0.0092,0.1285,0.0406
455.7179,0.3360,0.1374,0.0225,0.2449,0.5416,0.6134,0.0008,0.0314,0.0635
517.5679,0.3082,0.2055,0.0082,0.4778,0.4979,0.6861,0.0002,0.1097,0.1322
590.5898,0.7688,0.1936,0.0013,0.4600,0.5807,0.6107,0.0084,0.0154,0.1589
550.5848,0.5653,0.2338,0.0021,0.3901,0.5563,0.7821,0.0013,0.1269,0.0006
395.2152,0.3607,0.1783,0.0011,0.4788,0.2602,0.7442,0.0197,0.0232,0.0274
383.3831,0.3778,0.1151,0.0103,0.0932,0.3065,0.4491,0.0009,0.0008,0.0419
599.7668,0.9713,0.2205,0.0218,0.4345,0.5855,0.7253,0.0113,0.0252,0.0073
524.4388,0.3528,0.1236,0.0019,0.1496,0.5202,0.7002,0.0105,0.0590,0.0224
598.2182,0.3007,0.2001,0.0054,0.2074,0.4695,0.6406,0.0052,0.0093,0.0584
497.6405,0.3555,0.1682,0.0077,0.4539,0.5877,0.7317,0.0169,0.2471,0.0048
428.5041,0.3917,0.1938,0.0065,0.3822,0.5103,0.7309,0.0081,0.1084,0.0242
555.5629,0.3033,0.2520,0.0182,0.3543,0.4953,0.7900,0.0090,0.0586,0.0426
523.8629,0.5102,0.2453,0.0035,0.4807,0.5920,0.7928,0.0052,0.2185,0.0858
582.1196,0.3044,0.1575,0.0331,0.4145,0.5994,0.6798,0.0070,0.1194,0.0403
539.0189,0.3152,0.1173,0.0088,0.0005,0.4439,0.7816,0.0064,0.0286,0.0519
393.0207,0.3688,0.1286,0.0223,0.3421,0.5760,0.7725,0.0124,0.1249,0.0109
560.8946,0.7301,0.2250,0.0149,0.4964,0.5862,0.5626,0.0029,0.0705,0.0937
478.2155,0.3560,0.2713,0.0089,0.2966,0.5317,0.7896,0.0069,0.0034,0.0277
582.4061,0.3268,0.2078,0.0075,0.4529,0.5568,0.6310,0.0129,0.0820,0.1092
540.6931,0.7383,0.2196,0.0020,0.4859,0.5149,0.7761,0.0160,0.0250,0.0942
576.5324,0.4361,0.2401,0.0339,0.4573,0.5953,0.6682,0.0093,0.0432,0.0370
326.3408,0.4691,0.1949,0.0012,0.2762,0.5851,0.7325,0.0168,0.0044,0.0032
437.9633,0.9146,0.1778,0.0065,0.4938,0.5687,0.7249,0.0147,0.0438,0.0346
253.4013,0.4550,0.1403,0.0021,0.1031,0.3447,0.7745,0.0135,0.0402,0.0126
487.3687,0.6180,0.1911,0.0234,0.4474,0.5980,0.7817,0.0047,0.1086,0.0075
526.7199,0.3339,0.1718,0.0071,0.2765,0.5470,0.7721,0.0142,0.1060,0.0651
565.6758,0.3215,0.0864,0.0013,0.1928,0.2232,0.7673,0.0193,0.0109,0.0088
419.2002,0.4288,0.1601,0.0084,0.3643,0.5951,0.7542,0.0163,0.1074,0.0202
354.7336,0.3570,0.1789,0.0171,0.1754,0.4854,0.7871,0.0133,0.1065,0.0001
397.5577,0.3675,0.1443,0.0121,0.2736,0.3450,0.7207,0.0059,0.0237,0.0800
471.4862,0.3522,0.1061,0.0080,0.1938,0.4254,0.6938,0.0006,0.0833,0.0402
557.4167,0.9305,0.2575,0.0021,0.4655,0.5926,0.3864,0.0041,0.0360,0.0524
477.9924,0.4168,0.2199,0.0057,0.4081,0.5693,0.6443,0.0151,0.0798,0.0069
319.2449,0.4216,0.1127,0.0072,0.1040,0.5472,0.7144,0.0065,0.1266,0.0016
356.9277,0.3759,0.1282,0.0125,0.0075,0.2970,0.7607,0.0157,0.0418,0.0439
507.8756,0.3850,0.1344,0.0418,0.4083,0.5731,0.7628,0.0106,0.0231,0.0148
529.5390,0.4352,0.2006,0.0275,0.4713,0.4528,0.7921,0.0133,0.0180,0.0148
466.4399,0.3209,0.1525,0.0067,0.3322,0.5965,0.7364,0.0051,0.0337,0.2337
372.9276,0.3620,0.2667,0.0145,0.4300,0.5901,0.7177,0.0042,0.0505,0.0085
377.0090,0.3952,0.1415,0.0321,0.0081,0.2693,0.7650,0.0003,0.0057,0.0208
503.6846,0.3203,0.1727,0.0085,0.2380,0.3308,0.6285,0.0033,0.0408,0.0181
330.3323,0.3646,0.1855,0.0028,0.0067,0.3768,0.5527,0.0006,0.0363,0.0363
592.0916,0.3294,0.1139,0.0166,0.4636,0.5770,0.7757,0.0005,0.1928,0.0700
480.9735,0.3476,0.1510,0.0104,0.4507,0.3989,0.7475,0.0116,0.0644,0.0768
408.0490,0.5543,0.1830,0.0161,0.4797,0.5956,0.6779,0.0134,0.0328,0.0432
473.9932,0.3022,0.2250,0.0041,0.1854,0.3609,0.7616,0.0013,0.1045,0.0202
538.2954,0.3385,0.0840,0.0030,0.0165,0.5287,0.7321,0.0033,0.0511,0.0189
440.5818,0.5679,0.1971,0.0016,0.4756,0.5085,0.6532,0.0052,0.0592,0.0272
570.7653,0.3778,0.2134,0.0178,0.4718,0.4871,0.7594,0.0173,0.0513,0.0711
531.2013,0.3915,0.2315,0.0060,0.4833,0.5584,0.6098,0.0042,0.0032,0.1750
446.3538,0.3214,0.1762,0.0116,0.4883,0.4340,0.7956,0.0061,0.2176,0.0429
556.1852,0.3293,0.2149,0.0246,0.3697,0.4145,0.7087,0.0007,0.0023,0.0279
591.9665,0.4007,0.1482,0.0079,0.3067,0.5523,0.6874,0.0029,0.0341,0.0398
419.3734,0.3358,0.2828,0.0095,0.4681,0.5540,0.7973,0.0050,0.0600,0.0920
595.6820,0.3103,0.1747,0.0113,0.3617,0.4566,0.7062,0.0095,0.0769,0.0671
524.5661,0.3213,0.1333,0.0364,0.2135,0.5868,0.7904,0.0089,0.0704,0.0188
277.6345,0.4284,0.1373,0.0110,0.0930,0.5817,0.5312,0.0044,0.0392,0.0180
551.9702,0.5122,0.2386,0.0112,0.4603,0.5140,0.7157,0.0043,0.0036,0.1071
513.9931,0.9237,0.2503,0.0044,0.4776,0.5656,0.5782,0.0074,0.0981,0.0028
347.4990,0.3704,0.1809,0.0151,0.4764,0.5405,0.6377,0.0030,0.0321,0.0091
456.6459,0.3896,0.2008,0.0081,0.4340,0.5884,0.7768,0.0014,0.2684,0.0104
582.0253,0.3575,0.1596,0.0061,0.4803,0.5095,0.7796,0.0136,0.1262,0.1471
436.1443,0.3266,0.1479,0.0189,0.1768,0.3852,0.7744,0.0076,0.0297,0.0484
485.2324,0.4090,0.2142,0.0014,0.2398,0.5152,0.7492,0.0059,0.0065,0.0109
324.1470,0.4089,0.1532,0.0268,0.4172,0.5865,0.7348,0.0116,0.0122,0.0257
545.6753,0.3101,0.1966,0.0065,0.4554,0.5447,0.7632,0.0094,0.2683,0.0572
395.9242,0.3680,0.1744,0.0067,0.0163,0.1501,0.3601,0.0075,0.0037,0.0489
575.1653,0.3127,0.2106,0.0124,0.1520,0.5008,0.7938,0.0033,0.0052,0.0366
526.7536,0.4269,0.2709,0.0052,0.4233,0.5723,0.7525,0.0029,0.0596,0.1111
464.4410,0.3894,0.1631,0.0040,0.2776,0.4422,0.7195,0.0022,0.0756,0.0127
443.6773,0.3630,0.1476,0.0048,0.3608,0.1921,0.7554,0.0106,0.0186,0.0249
517.4879,0.3612,0.1761,0.0301,0.4170,0.5486,0.7733,0.0192,0.0983,0.0023
426.2459,0.3785,0.1067,0.0035,0.1711,0.5783,0.7841,0.0154,0.1089,0.0213
519.8913,0.3028,0.1684,0.0021,0.0774,0.4751,0.6204,0.0045,0.0328,0.0897
558.0247,0.3176,0.1385,0.0408,0.3310,0.4892,0.7548,0.0125,0.0403,0.0027
583.1024,0.6067,0.1820,0.0191,0.4808,0.4562,0.7493,0.0002,0.0023,0.0236
561.5347,0.5579,0.1237,0.0014,0.4188,0.5703,0.7709,0.0037,0.0342,0.0725
402.7510,0.3869,0.1001,0.0178,0.0258,0.4672,0.5810,0.0082,0.0292,0.0330
431.3562,0.3978,0.1697,0.0173,0.4151,0.5529,0.6417,0.0139,0.0052,0.0356
416.4007,0.3841,0.1477,0.0057,0.4109,0.4970,0.7284,0.0069,0.0528,0.1189
481.2545,0.3374,0.2285,0.0030,0.4781,0.4151,0.6631,0.0122,0.0289,0.0365
504.5042,0.5512,0.1966,0.0132,0.3674,0.5960,0.6317,0.0050,0.0032,0.0190
344.8998,0.3811,0.1325,0.0068,0.1829,0.5117,0.7529,0.0171,0.0311,0.0927
381.5714,0.4050,0.2138,0.0215,0.3730,0.5588,0.7808,0.0126,0.0328,0.0216
430.8109,0.3219,0.1550,0.0110,0.3099,0.4368,0.7398,0.0109,0.0084,0.0823
459.6392,0.3295,0.1565,0.0025,0.0003,0.5276,0.5712,0.0160,0.1093,0.0188
596.5873,0.5411,0.2453,0.0139,0.4958,0.5925,0.5941,0.0062,0.1279,0.0759
465.1181,0.3811,0.1957,0.0305,0.4746,0.5986,0.7307,0.0002,0.0251,0.1583
504.2880,0.5766,0.2623,0.0038,0.4906,0.5076,0.7437,0.0131,0.0801,0.0187
510.0763,0.3139,0.2177,0.0168,0.2693,0.5751,0.7668,0.0154,0.0306,0.0807
516.7984,0.4188,0.1514,0.0036,0.3313,0.4551,0.7846,0.0183,0.0079,0.0316
347.4092,0.4367,0.1293,0.0047,0.0187,0.3305,0.5469,0.0040,0.0487,0.0091
570.8147,0.3020,0.1661,0.0218,0.4445,0.5970,0.6589,0.0166,0.0065,0.1688
531.2772,0.4687,0.1520,0.0074,0.4481,0.5119,0.6797,0.0048,0.0527,0.0543
404.6103,0.3447,0.1828,0.0076,0.3347,0.5456,0.7674,0.0187,0.0504,0.1298
542.9963,0.3380,0.2422,0.0092,0.4285,0.5078,0.6683,0.0014,0.1288,0.0083
570.6381,0.3244,0.2311,0.0459,0.4068,0.5535,0.7312,0.0031,0.0439,0.0118
335.8158,0.3525,0.2292,0.0079,0.0714,0.5954,0.7140,0.0085,0.0345,0.0084
465.3775,0.3600,0.1385,0.0064,0.3772,0.5552,0.6585,0.0199,0.0626,0.0434
418.2121,0.3181,0.1832,0.0038,0.4522,0.3561,0.7165,0.0046,0.0009,0.0889
552.5822,0.4916,0.2132,0.0056,0.4444,0.4605,0.7990,0.0060,0.0574,0.0488
495.8925,0.3049,0.1843,0.0179,0.0826,0.5524,0.5269,0.0104,0.0171,0.0339
391.6738,0.3890,0.1243,0.0109,0.2054,0.1617,0.7445,0.0028,0.0383,0.0305
507.7342,0.3316,0.1206,0.0209,0.4704,0.5300,0.7279,0.0091,0.0351,0.1200
592.9740,0.4491,0.1348,0.0082,0.4809,0.5701,0.6413,0.0121,0.0616,0.0699
411.9228,0.3408,0.1753,0.0218,0.1434,0.2739,0.7776,0.0007,0.0708,0.0310
529.6865,0.4037,0.1790,0.0116,0.4074,0.4022,0.6985,0.0074,0.0014,0.0114
490.0119,0.3143,0.1556,0.0359,0.0407,0.2231,0.6237,0.0008,0.0078,0.0305
470.0433,0.5051,0.1508,0.0226,0.4782,0.5524,0.7714,0.0003,0.0537,0.0798
472.4711,0.3119,0.1896,0.0128,0.2365,0.5795,0.6726,0.0096,0.1062,0.0428
466.5255,0.3526,0.1660,0.0318,0.2731,0.5066,0.7542,0.0141,0.0218,0.0126
479.2030,0.6694,0.2419,0.0116,0.4753,0.5785,0.7982,0.0024,0.0711,0.1077
471.1525,0.3308,0.1409,0.0168,0.0686,0.2645,0.6365,0.0020,0.0421,0.0619
543.2196,0.4399,0.1863,0.0063,0.3052,0.5952,0.7814,0.0108,0.0505,0.0426
505.5359,0.3125,0.2020,0.0025,0.3337,0.3453,0.6937,0.0013,0.1181,0.0003
567.3409,0.6010,0.2764,0.0029,0.4540,0.5744,0.5811,0.0000,0.1080,0.0316
481.1020,0.3163,0.1685,0.0279,0.3889,0.4577,0.7119,0.0075,0.0665,0.0434
455.5338,0.3489,0.1830,0.0154,0.2175,0.5264,0.7932,0.0002,0.0616,0.0797
387.3941,0.9759,0.1573,0.0078,0.4952,0.5802,0.7564,0.0016,0.0227,0.0488
590.9782,0.3366,0.2027,0.0034,0.3750,0.4007,0.7920,0.0161,0.0826,0.0239
400.2886,0.3555,0.1334,0.0235,0.0099,0.5208,0.6208,0.0014,0.0505,0.0377
488.0111,0.4932,0.2996,0.0106,0.4861,0.5720,0.6594,0.0113,0.0322,0.0305
441.1236,0.3195,0.1825,0.0209,0.0697,0.4699,0.6886,0.0167,0.0360,0.0161
393.2031,0.4617,0.2516,0.0204,0.4884,0.5507,0.7529,0.0011,0.0026,0.0756
445.3778,0.3419,0.1902,0.0021,0.2761,0.3021,0.7517,0.0178,0.0399,0.0266
583.3700,0.3279,0.1199,0.0012,0.1033,0.5421,0.6923,0.0124,0.0041,0.0643
390.9961,0.3506,0.1682,0.0397,0.1562,0.5655,0.7909,0.0070,0.0152,0.0538
496.6319,0.3665,0.2396,0.0187,0.4006,0.5983,0.7977,0.0084,0.0045,0.1643
457.6174,0.3542,0.1142,0.0058,0.0529,0.2171,0.5228,0.0156,0.0320,0.0294
365.5219,0.3856,0.1573,0.0043,0.0708,0.1409,0.6619,0.0128,0.0378,0.0357
576.2503,0.4464,0.2279,0.0174,0.4932,0.5636,0.7772,0.0045,0.2507,0.0069
537.4397,0.3251,0.1874,0.0038,0.3680,0.5414,0.6747,0.0055,0.0223,0.1939
408.6359,0.3564,0.2527,0.0023,0.3991,0.5162,0.7610,0.0147,0.0985,0.0064
533.1839,0.6330,0.1953,0.0053,0.4879,0.5940,0.6999,0.0124,0.2087,0.0246
550.1738,0.3954,0.2040,0.0223,0.4811,0.4327,0.7688,0.0097,0.0191,0.0544
433.6195,0.3271,0.2003,0.0111,0.2181,0.3068,0.6917,0.0034,0.0528,0.0187
393.7183,0.3726,0.1234,0.0083,0.1427,0.1076,0.6324,0.0181,0.0289,0.0115
599.7425,0.3342,0.1300,0.0103,0.4181,0.5624,0.7514,0.0068,0.0147,0.2335
467.3505,0.3017,0.2439,0.0059,0.0588,0.4842,0.6702,0.0037,0.0426,0.0012
370.4899,0.3943,0.0879,0.0161,0.0029,0.4382,0.4910,0.0080,0.0046,0.0453
265.2481,0.4596,0.1462,0.0077,0.0665,0.3732,0.7861,0.0078,0.0198,0.0217
453.7541,0.3043,0.1924,0.0176,0.3775,0.4515,0.7555,0.0024,0.0207,0.1181
563.1178,0.3717,0.2295,0.0114,0.3962,0.5351,0.7995,0.0110,0.1545,0.0058
460.5864,0.4311,0.1414,0.0029,0.4395,0.5793,0.7964,0.0040,0.0158,0.2548
535.0952,0.3434,0.2070,0.0352,0.4815,0.5234,0.7390,0.0010,0.0620,0.0856
585.8758,0.7331,0.2529,0.0063,0.4461,0.5711,0.6428,0.0143,0.0063,0.0828
537.2164,0.4529,0.2414,0.0131,0.4908,0.4999,0.7790,0.0174,0.1007,0.0143
372.1388,0.3481,0.1628,0.0137,0.2034,0.4759,0.6579,0.0070,0.0230,0.0263
408.4127,0.4158,0.1758,0.0117,0.2723,0.5851,0.6260,0.0028,0.0221,0.0136
389.7337,0.4340,0.1339,0.0099,0.3887,0.3309,0.7807,0.0044,0.0065,0.0349
593.4063,0.8778,0.1672,0.0137,0.4616,0.5310,0.6996,0.0066,0.0045,0.0149
546.1685,0.3235,0.1783,0.0208,0.2350,0.5366,0.6361,0.0134,0.0158,0.0079
363.1479,0.4021,0.1544,0.0019,0.0080,0.1167,0.7706,0.0087,0.0283,0.0595
484.2305,0.3080,0.1990,0.0033,0.3045,0.5904,0.5833,0.0140,0.1005,0.0194
574.3588,0.3858,0.2646,0.0019,0.4606,0.5061,0.6806,0.0062,0.0219,0.1261
413.4302,0.3479,0.1226,0.0069,0.3697,0.3834,0.7761,0.0093,0.1126,0.0200
534.6777,0.7999,0.2605,0.0072,0.4785,0.5734,0.5976,0.0031,0.0774,0.0576
499.6652,0.3939,0.2425,0.0150,0.4634,0.5442,0.6583,0.0131,0.0701,0.0060
492.4594,0.3362,0.1420,0.0181,0.0355,0.5116,0.7782,0.0147,0.0221,0.0236
397.8156,0.5620,0.2890,0.0067,0.4684,0.5775,0.7543,0.0045,0.0405,0.0296
484.0072,0.4645,0.2607,0.0127,0.4313,0.5186,0.7295,0.0034,0.0226,0.0299
553.7997,0.3271,0.1102,0.0015,0.4827,0.5960,0.7267,0.0116,0.1851,0.0853
320.3290,0.3589,0.2073,0.0051,0.3875,0.5750,0.7926,0.0128,0.0216,0.1124
346.2234,0.3869,0.1445,0.0081,0.0566,0.4917,0.4623,0.0065,0.0013,0.1025
369.0193,0.4637,0.1568,0.0152,0.4495,0.4547,0.7593,0.0107,0.0172,0.0163
477.3563,0.3527,0.1251,0.0096,0.0700,0.5522,0.5974,0.0043,0.0685,0.0183
520.8659,0.3990,0.1219,0.0032,0.3878,0.5678,0.7082,0.0155,0.0888,0.0276
580.4233,0.5228,0.1873,0.0097,0.4558,0.5993,0.7905,0.0011,0.2875,0.0099
499.8824,0.3535,0.1374,0.0056,0.4690,0.3180,0.7670,0.0073,0.0052,0.1206
419.8844,0.3627,0.1921,0.0046,0.1438,0.5585,0.6761,0.0031,0.0444,0.0482
554.6609,0.3165,0.1443,0.0189,0.0027,0.5705,0.5969,0.0022,0.0124,0.0300
520.6036,0.4214,0.1810,0.0281,0.4792,0.5880,0.6671,0.0045,0.1263,0.0125
430.5880,0.5896,0.2580,0.0172,0.4891,0.5896,0.7725,0.0094,0.0229,0.0903
525.3958,0.3559,0.2737,0.0010,0.4856,0.5641,0.6399,0.0182,0.0126,0.1213
422.0529,0.3269,0.2123,0.0027,0.2669,0.5244,0.7958,0.0016,0.0911,0.1377
597.2663,0.3192,0.1045,0.0046,0.4341,0.3650,0.6999,0.0035,0.0743,0.0145
547.3543,0.4132,0.2956,0.0158,0.4970,0.4774,0.7290,0.0000,0.0419,0.0194
497.2194,0.3100,0.2353,0.0201,0.2092,0.5958,0.6765,0.0010,0.0247,0.0336
314.6210,0.4269,0.1323,0.0010,0.0456,0.1837,0.6051,0.0156,0.0004,0.0806
582.8375,0.3486,0.1050,0.0129,0.2869,0.5387,0.7820,0.0195,0.0250,0.0156
476.0119,0.3341,0.1706,0.0115,0.4431,0.5150,0.6225,0.0003,0.0965,0.0455
408.0247,0.7539,0.1665,0.0045,0.4960,0.5569,0.7993,0.0085,0.0034,0.1243
484.0779,0.3294,0.1350,0.0274,0.3286,0.5634,0.7883,0.0062,0.1379,0.0434
534.4729,0.3120,0.2443,0.0286,0.4974,0.4509,0.6972,0.0093,0.0083,0.0328
414.6647,0.3402,0.1729,0.0020,0.2427,0.4182,0.7042,0.0053,0.0096,0.1665
582.6142,0.4286,0.1662,0.0039,0.4175,0.5020,0.6675,0.0076,0.0981,0.0142
475.7886,0.4386,0.1010,0.0025,0.3242,0.5868,0.7687,0.0122,0.0243,0.0236
490.3432,0.3494,0.1531,0.0138,0.4124,0.5400,0.6936,0.0107,0.1439,0.0145
539.5992,0.6679,0.1704,0.0094,0.3963,0.5693,0.7504,0.0007,0.0035,0.0621
353.0317,0.3977,0.1762,0.0186,0.4136,0.5961,0.7478,0.0184,0.0416,0.0450
429.2587,0.3668,0.1618,0.0090,0.0949,0.4864,0.7778,0.0113,0.0398,0.0359
504.7723,0.3131,0.1496,0.0221,0.3124,0.3626,0.7765,0.0072,0.0949,0.0405
564.9154,0.5262,0.2031,0.0012,0.4649,0.4866,0.5226,0.0013,0.0016,0.0322
456.3076,0.3485,0.1648,0.0077,0.1763,0.1659,0.6885,0.0062,0.0009,0.0275
410.9780,0.3711,0.0934,0.0125,0.3543,0.5892,0.7221,0.0010,0.0983,0.0028
535.3851,0.3211,0.1586,0.0111,0.3854,0.5035,0.5730,0.0188,0.0245,0.0004
573.2130,0.3570,0.2351,0.0084,0.4452,0.4215,0.7560,0.0041,0.0390,0.0759
281.0740,0.4413,0.1386,0.0049,0.3433,0.5357,0.7996,0.0103,0.0970,0.0018
441.8805,0.3205,0.1692,0.0037,0.0442,0.2378,0.7933,0.0121,0.0504,0.0277
585.5758,0.3229,0.1631,0.0122,0.2299,0.5846,0.5425,0.0018,0.0282,0.0232
521.6718,0.3477,0.1446,0.0057,0.2686,0.4314,0.6471,0.0029,0.0737,0.0068
586.9244,0.3057,0.2239,0.0031,0.3420,0.4822,0.7122,0.0176,0.0134,0.1071
336.7773,0.3913,0.1748,0.0362,0.1083,0.5834,0.7714,0.0072,0.0064,0.0049
387.4984,0.3729,0.1872,0.0382,0.4145,0.5056,0.7386,0.0030,0.0047,0.0369
507.1948,0.3451,0.1043,0.0177,0.1697,0.5353,0.7473,0.0016,0.0131,0.0829
342.0005,0.4085,0.1318,0.0031,0.2451,0.5038,0.6403,0.0018,0.0405,0.0649
521.0101,0.7083,0.2858,0.0070,0.4828,0.5131,0.6815,0.0013,0.0342,0.0222
451.6322,0.3412,0.1616,0.0217,0.3603,0.4059,0.7319,0.0132,0.0261,0.0500
565.4042,0.3565,0.1322,0.0034,0.3514,0.5720,0.6978,0.0047,0.1550,0.0414
456.7605,0.8848,0.2669,0.0022,0.4749,0.5550,0.7553,0.0081,0.0529,0.0375
437.9876,0.3706,0.1727,0.0134,0.4778,0.5915,0.7518,0.0098,0.0709,0.1757
486.8971,0.4522,0.2238,0.0071,0.4158,0.4696,0.7693,0.0063,0.0383,0.0356
550.9802,0.3066,0.1395,0.0072,0.4984,0.3942,0.7724,0.0187,0.2039,0.0024
479.7124,0.3677,0.0919,0.0040,0.0859,0.3752,0.6514,0.0060,0.0112,0.0367
580.4148,0.3149,0.1533,0.0024,0.1793,0.4595,0.7380,0.0138,0.0920,0.0178
513.7390,0.3404,0.0970,0.0060,0.3533,0.2948,0.7976,0.0189,0.0347,0.0242
484.1365,0.3787,0.1891,0.0022,0.1878,0.4191,0.7809,0.0021,0.0221,0.0161
413.5156,0.3428,0.1406,0.0049,0.1378,0.4932,0.5901,0.0174,0.0463,0.0165
597.0939,0.7863,0.2555,0.0026,0.4747,0.5914,0.3991,0.0148,0.0418,0.0407
580.9233,0.7073,0.1834,0.0087,0.4190,0.5726,0.7341,0.0067,0.0304,0.0608
559.7398,0.3013,0.2004,0.0135,0.4049,0.5394,0.7714,0.0167,0.1127,0.1182
406.3168,0.3897,0.2450,0.0018,0.3624,0.5854,0.7202,0.0152,0.0168,0.0690
470.5485,0.3275,0.1769,0.0091,0.0879,0.4837,0.6990,0.0161,0.0667,0.0103
427.1051,0.3694,0.1312,0.0118,0.0202,0.4406,0.6417,0.0008,0.0156,0.0934
480.1336,0.3068,0.1845,0.0148,0.2540,0.1595,0.7648,0.0197,0.0051,0.0284
511.7910,0.3084,0.1547,0.0385,0.4684,0.5160,0.7815,0.0111,0.1035,0.0599
553.0654,0.3194,0.1142,0.0157,0.1166,0.4034,0.6797,0.0105,0.0443,0.0095
463.3451,0.3755,0.1337,0.0031,0.2906,0.5238,0.6849,0.0058,0.1022,0.0317
572.5223,0.8524,0.2270,0.0143,0.4442,0.5985,0.5980,0.0135,0.0015,0.0649
566.6136,0.3488,0.1265,0.0194,0.2334,0.5930,0.7845,0.0064,0.0186,0.0718
565.5247,0.5584,0.2137,0.0095,0.4897,0.5654,0.6584,0.0035,0.1412,0.0783
477.4968,0.8018,0.1797,0.0044,0.4407,0.5537,0.6895,0.0041,0.0282,0.0315
442.5814,0.3958,0.1970,0.0241,0.4851,0.5870,0.7539,0.0141,0.1146,0.0414
541.5131,0.3102,0.2491,0.0128,0.2784,0.5397,0.7026,0.0131,0.0184,0.0226
477.0581,0.3366,0.1380,0.0086,0.4221,0.4746,0.7990,0.0124,0.1466,0.0937
496.0084,0.3187,0.2137,0.0039,0.3429,0.5689,0.7755,0.0079,0.1861,0.0674
343.8246,0.4059,0.1622,0.0060,0.1393,0.4223,0.7769,0.0111,0.0163,0.0677
525.8428,0.3406,0.1186,0.0148,0.1591,0.3484,0.7690,0.0070,0.0083,0.0476
415.7493,0.4034,0.1149,0.0064,0.3917,0.4682,0.6918,0.0011,0.0683,0.0206
556.7507,0.3095,0.1701,0.0104,0.3867,0.5945,0.6354,0.0092,0.1515,0.0540
481.9079,0.4497,0.1913,0.0039,0.4652,0.5191,0.6324,0.0158,0.0186,0.0646
394.9094,0.3320,0.1889,0.0139,0.4547,0.5884,0.7366,0.0028,0.0453,0.1807
585.2927,0.3120,0.1209,0.0053,0.1895,0.5135,0.6640,0.0034,0.1146,0.0251
583.7470,0.5057,0.2075,0.0183,0.4624,0.4782,0.7801,0.0066,0.0265,0.0495
530.1571,0.3181,0.1263,0.0083,0.4992,0.4226,0.7095,0.0084,0.0699,0.1010
360.7702,0.3613,0.2307,0.0033,0.2601,0.2850,0.7863,0.0055,0.0089,0.0344
578.4357,0.3596,0.2032,0.0116,0.4243,0.5046,0.6498,0.0137,0.0164,0.0764
445.4203,0.3876,0.1657,0.0027,0.4745,0.5464,0.6487,0.0013,0.1508,0.0481
482.1241,0.3232,0.2686,0.0132,0.3301,0.5918,0.7391,0.0064,0.0856,0.0082
494.9255,0.4115,0.1772,0.0245,0.4372,0.5448,0.6881,0.0055,0.0463,0.0438
441.5161,0.4919,0.1451,0.0127,0.4914,0.4099,0.7920,0.0022,0.0136,0.0456
515.6869,0.3448,0.1140,0.0028,0.3502,0.4791,0.7607,0.0149,0.0206,0.1369
400.5608,0.3574,0.1843,0.0036,0.0214,0.2391,0.6833,0.0154,0.0564,0.0094
458.6783,0.3241,0.1741,0.0381,0.3912,0.5025,0.7226,0.0094,0.0362,0.0399
357.6955,0.3696,0.1544,0.0202,0.4360,0.5982,0.7580,0.0029,0.1485,0.0386
553.6767,0.6418,0.1764,0.0047,0.4871,0.5049,0.7623,0.0020,0.0464,0.1139
592.6963,0.3310,0.1406,0.0312,0.3246,0.4717,0.7422,0.0106,0.0050,0.0278
400.7414,0.3802,0.1184,0.0277,0.1117,0.2590,0.6424,0.0045,0.0189,0.0012
519.4135,0.4751,0.2062,0.0191,0.4991,0.5449,0.5990,0.0190,0.0174,0.0203
417.5639,0.4683,0.2200,0.0030,0.4949,0.5783,0.6886,0.0086,0.0277,0.1569
458.8584,0.3014,0.2225,0.0147,0.4913,0.5224,0.6502,0.0104,0.0737,0.0347
382.5520,0.3544,0.1460,0.0173,0.4320,0.4483,0.7100,0.0051,0.0132,0.1016
327.9960,0.4294,0.1231,0.0096,0.3957,0.5722,0.7747,0.0083,0.0935,0.0280
374.9345,0.3511,0.2016,0.0012,0.0754,0.2453,0.4949,0.0005,0.0223,0.0487
543.8659,0.4399,0.2592,0.0123,0.4920,0.5981,0.7166,0.0071,0.2253,0.0161
580.5422,0.3747,0.1742,0.0037,0.3126,0.5380,0.5638,0.0019,0.0116,0.0384
493.5172,0.4049,0.1454,0.0133,0.3260,0.5001,0.7739,0.0189,0.0382,0.0022
466.2505,0.3441,0.1003,0.0090,0.3064,0.4507,0.7662,0.0039,0.1181,0.0114
528.5631,0.3848,0.2087,0.0109,0.3955,0.5638,0.7371,0.0006,0.0263,0.1765
392.3561,0.3755,0.1540,0.0116,0.2261,0.3038,0.7694,0.0090,0.0656,0.0208
332.1926,0.4640,0.0766,0.0049,0.0072,0.4307,0.7491,0.0027,0.0235,0.0086
510.6891,0.3755,0.2512,0.0012,0.4599,0.5927,0.7427,0.0158,0.1583,0.0854
310.5836,0.3981,0.1428,0.0243,0.0641,0.3806,0.5438,0.0025,0.0084,0.0369
509.0303,0.3119,0.1665,0.0091,0.2618,0.2936,0.5793,0.0015,0.0013,0.0278
554.3034,0.3661,0.1657,0.0177,0.4896,0.4294,0.7985,0.0142,0.0914,0.0486
590.3182,0.4485,0.2319,0.0026,0.4276,0.5653,0.7534,0.0119,0.0951,0.1160
461.2323,0.3126,0.1458,0.0042,0.1676,0.5590,0.7851,0.0095,0.0738,0.0337
571.0918,0.3054,0.2161,0.0049,0.4618,0.3151,0.7214,0.0003,0.0358,0.0723
594.9879,0.3390,0.2620,0.0266,0.4203,0.5889,0.7957,0.0059,0.0564,0.1064
468.3225,0.3581,0.2280,0.0105,0.4648,0.5836,0.7709,0.0198,0.0946,0.1104
447.3620,0.6547,0.2110,0.0180,0.4770,0.5504,0.7337,0.0098,0.0481,0.0115
558.2936,0.8936,0.2530,0.0094,0.4127,0.5921,0.5137,0.0007,0.0118,0.0117
549.4292,0.9897,0.1955,0.0033,0.4821,0.5718,0.5538,0.0178,0.0566,0.0411
523.9267,0.8283,0.1863,0.0136,0.4692,0.5318,0.7771,0.0008,0.0295,0.0486
413.2837,0.3217,0.1938,0.0290,0.2292,0.5356,0.7990,0.0027,0.0087,0.0969
533.0865,0.3360,0.0892,0.0024,0.4838,0.5029,0.7884,0.0013,0.0098,0.2032
414.8076,0.3453,0.1546,0.0040,0.2647,0.5896,0.6317,0.0186,0.0930,0.0395
439.6935,0.3064,0.2041,0.0031,0.4515,0.4450,0.7791,0.0150,0.1751,0.0208
523.5797,0.4011,0.2114,0.0083,0.4577,0.5708,0.5938,0.0153,0.0544,0.0517
549.0539,0.3709,0.2334,0.0216,0.4624,0.5328,0.7449,0.0035,0.0083,0.1573
516.9406,0.3317,0.1109,0.0113,0.0415,0.4767,0.7176,0.0169,0.0086,0.0577
469.5553,0.3282,0.1714,0.0140,0.0505,0.2241,0.7808,0.0103,0.0148,0.0527
488.7502,0.3776,0.1501,0.0174,0.2633,0.5076,0.6652,0.0048,0.0287,0.0022
411.6567,0.3643,0.1856,0.0285,0.4286,0.4567,0.7574,0.0049,0.0402,0.0441
474.0894,0.3059,0.1637,0.0075,0.3579,0.5484,0.7211,0.0138,0.0563,0.1151
373.2192,0.4163,0.1339,0.0145,0.2242,0.4588,0.6222,0.0012,0.0056,0.0082
497.7006,0.4823,0.1390,0.0119,0.3500,0.5338,0.7958,0.0155,0.0002,0.0108
459.5092,0.3572,0.1711,0.0035,0.4920,0.3551,0.7647,0.0079,0.0306,0.1334
585.6786,0.3417,0.1418,0.0220,0.4697,0.5679,0.7910,0.0193,0.1598,0.0485
453.1025,0.4600,0.2293,0.0167,0.4290,0.4832,0.7901,0.0057,0.0082,0.0407
555.1753,0.4942,0.1811,0.0023,0.4244,0.5124,0.6224,0.0167,0.0372,0.0036
511.2371,0.5308,0.1325,0.0049,0.4998,0.4617,0.6899,0.0014,0.0493,0.0038
445.9128,0.3600,0.0937,0.0137,0.0717,0.5802,0.6620,0.0066,0.0560,0.0145
519.1269,0.6338,0.1993,0.0154,0.4368,0.5995,0.7077,0.0050,0.0642,0.0629
375.9836,0.3798,0.1711,0.0022,0.2836,0.3007,0.7367,0.0146,0.0667,0.0014
567.8603,0.3278,0.0983,0.0192,0.4091,0.5973,0.6868,0.0042,0.0296,0.0691
575.0223,0.3993,0.2979,0.0011,0.4711,0.4597,0.7084,0.0019,0.0069,0.0710
412.7872,0.4164,0.1556,0.0060,0.3275,0.5509,0.7384,0.0026,0.1398,0.0094
364.2475,0.3828,0.1247,0.0010,0.0605,0.3486,0.7437,0.0045,0.0181,0.1491
545.2972,0.8420,0.1928,0.0059,0.4198,0.5648,0.6912,0.0037,0.0098,0.0510
598.0004,0.3287,0.1921,0.0318,0.3440,0.4974,0.7972,0.0025,0.0924,0.0068
339.9680,0.4148,0.1405,0.0064,0.0790,0.5987,0.7312,0.0127,0.0760,0.0166
245.8618,0.4674,0.1134,0.0120,0.0818,0.3010,0.7885,0.0072,0.0171,0.0273
458.5767,0.9270,0.2046,0.0072,0.4412,0.5773,0.7091,0.0058,0.0114,0.0459
598.2168,0.4430,0.2670,0.0286,0.4825,0.5497,0.6524,0.0106,0.0096,0.0412
512.3680,0.4347,0.2097,0.0164,0.4925,0.5352,0.7143,0.0148,0.0753,0.0626
588.8470,0.3336,0.2346,0.0067,0.4898,0.5732,0.6155,0.0066,0.1233,0.1096
398.0390,0.3584,0.1635,0.0202,0.1247,0.4689,0.7964,0.0107,0.0051,0.0911
319.2311,0.4274,0.1822,0.0044,0.4307,0.3597,0.7687,0.0190,0.0060,0.0052
345.1377,0.4007,0.1190,0.0075,0.0119,0.4736,0.4266,0.0005,0.0261,0.1333
436.2882,0.4131,0.1105,0.0207,0.4500,0.5512,0.7359,0.0063,0.0291,0.0352
390.2753,0.3482,0.1923,0.0275,0.0025,0.2958,0.3931,0.0005,0.0145,0.0349
533.3526,0.3271,0.1441,0.0078,0.2827,0.5990,0.7869,0.0054,0.1391,0.1212
562.8828,0.3129,0.2555,0.0205,0.3287,0.5098,0.7728,0.0102,0.0361,0.0146
571.3905,0.5749,0.2069,0.0120,0.4269,0.5731,0.7964,0.0176,0.0757,0.0374
437.1959,0.3290,0.1877,0.0068,0.0395,0.1471,0.3744,0.0049,0.0302,0.0217
385.7288,0.3784,0.1243,0.0169,0.3478,0.5533,0.7864,0.0087,0.0824,0.0789
438.9986,0.3605,0.1151,0.0016,0.2548,0.2340,0.6501,0.0023,0.0382,0.0409
588.6426,0.3113,0.1618,0.0308,0.3927,0.5455,0.6955,0.0132,0.0858,0.0224
367.0927,0.3888,0.1878,0.0013,0.4798,0.5974,0.7867,0.0059,0.1966,0.0935
524.5074,0.3485,0.1869,0.0113,0.3230,0.4577,0.7828,0.0031,0.1072,0.0311
436.6542,0.3461,0.1582,0.0374,0.3918,0.3454,0.7616,0.0067,0.0087,0.0227
537.6012,0.3230,0.1284,0.0237,0.3506,0.3219,0.7372,0.0114,0.0094,0.0260
471.4813,0.4078,0.1740,0.0320,0.4961,0.5955,0.7135,0.0160,0.0853,0.0215
345.7647,0.4498,0.1546,0.0025,0.4559,0.4997,0.7406,0.0113,0.0480,0.0571
584.1763,0.7784,0.1903,0.0128,0.4818,0.5639,0.5967,0.0121,0.0398,0.0518
562.6666,0.4598,0.2035,0.0173,0.4676,0.5932,0.6613,0.0021,0.1034,0.1065
538.9229,0.3204,0.1786,0.0058,0.4561,0.5064,0.7011,0.0190,0.1327,0.0717
583.7395,0.3549,0.1295,0.0032,0.4046,0.4635,0.6436,0.0043,0.0807,0.0181
313.7362,0.4195,0.1100,0.0113,0.1457,0.3194,0.6850,0.0005,0.0960,0.0054
366.9672,0.3395,0.2148,0.0232,0.2617,0.5630,0.7003,0.0082,0.0352,0.0260
414.0255,0.4467,0.1394,0.0013,0.2005,0.5163,0.7320,0.0014,0.0368,0.0127
482.1094,0.8782,0.2360,0.0212,0.4771,0.5894,0.6907,0.0004,0.0665,0.0275
331.1863,0.3876,0.1482,0.0093,0.3237,0.4352,0.7295,0.0054,0.0033,0.1249
432.7023,0.4968,0.2188,0.0010,0.4639,0.5602,0.7513,0.0104,0.0767,0.1088
423.7989,0.3434,0.1503,0.0305,0.4660,0.5980,0.7459,0.0073,0.0182,0.1537
529.5411,0.3138,0.2664,0.0034,0.2118,0.5682,0.7412,0.0087,0.0008,0.0366
515.0641,0.3110,0.1857,0.0139,0.3500,0.3988,0.6543,0.0074,0.0625,0.0095
551.3397,0.3640,0.1361,0.0165,0.2921,0.5746,0.7216,0.0121,0.0011,0.0747
399.5151,0.6042,0.2263,0.0125,0.4943,0.5547,0.7081,0.0016,0.0072,0.0927
452.0550,0.3712,0.1611,0.0066,0.4117,0.5863,0.7906,0.0172,0.2165,0.0281
572.5426,0.4307,0.2022,0.0077,0.4866,0.5128,0.7897,0.0078,0.0634,0.1874
501.3645,0.3513,0.1803,0.0223,0.5000,0.5995,0.5794,0.0109,0.0368,0.0416
536.4872,0.6671,0.1983,0.0022,0.4497,0.5664,0.6125,0.0009,0.1203,0.0313
565.0374,0.3046,0.1356,0.0250,0.4245,0.3925,0.7642,0.0062,0.0501,0.0892
344.5241,0.4294,0.0818,0.0016,0.0278,0.5144,0.5099,0.0099,0.0442,0.0293
492.0639,0.5084,0.2306,0.0014,0.3946,0.5716,0.6941,0.0089,0.0091,0.0956
485.8235,0.3348,0.1980,0.0062,0.4024,0.4964,0.7444,0.0005,0.0656,0.1737
437.3396,0.3953,0.1396,0.0140,0.4654,0.3743,0.7777,0.0034,0.0506,0.0542
546.4434,0.3269,0.1433,0.0070,0.2338,0.2560,0.6986,0.0097,0.0263,0.0070
523.8113,0.4222,0.1543,0.0317,0.4249,0.5519,0.7949,0.0044,0.0169,0.0889
503.0268,0.3076,0.2127,0.0498,0.4878,0.4160,0.7580,0.0017,0.0219,0.0164
473.4537,0.3444,0.1377,0.0024,0.1724,0.3939,0.5321,0.0030,0.0172,0.0446
308.3949,0.3922,0.1548,0.0137,0.1906,0.3928,0.6910,0.0132,0.0337,0.0227
491.4155,0.3341,0.1777,0.0074,0.0581,0.2306,0.5907,0.0084,0.0116,0.0013
342.6589,0.3786,0.1651,0.0040,0.2020,0.4623,0.6702,0.0051,0.0630,0.0692
504.0612,0.3815,0.2673,0.0195,0.4067,0.5467,0.7807,0.0121,0.0551,0.0028
358.1031,0.5477,0.1236,0.0038,0.4665,0.4687,0.7623,0.0062,0.0033,0.0169
278.4222,0.4343,0.1440,0.0156,0.2249,0.2347,0.7968,0.0087,0.0183,0.0146
438.8549,0.3296,0.1936,0.0120,0.2821,0.3438,0.7682,0.0017,0.0174,0.1130
519.6701,0.3321,0.1612,0.0352,0.4955,0.4561,0.7781,0.0078,0.0971,0.0346
547.4465,0.7499,0.2298,0.0011,0.4852,0.5527,0.7135,0.0057,0.1511,0.0565
529.6913,0.4894,0.1590,0.0162,0.4033,0.5510,0.7208,0.0001,0.0839,0.0083
532.1209,0.3276,0.1812,0.0016,0.1323,0.5781,0.5987,0.0100,0.0571,0.0061
358.7515,0.3733,0.1606,0.0097,0.1115,0.1299,0.6471,0.0064,0.0151,0.0695
437.1415,0.3610,0.1412,0.0082,0.0122,0.1631,0.5400,0.0042,0.0651,0.0350
349.9156,0.3768,0.1410,0.0289,0.2265,0.2063,0.7661,0.0020,0.0504,0.0241
583.3289,0.3242,0.1757,0.0104,0.4320,0.3545,0.7748,0.0050,0.1250,0.0187
285.0753,0.4304,0.1515,0.0015,0.2834,0.5880,0.7485,0.0107,0.0295,0.0737
313.2450,0.4542,0.1117,0.0196,0.0051,0.5564,0.5723,0.0085,0.0081,0.0096
462.0330,0.3100,0.2496,0.0050,0.4409,0.5092,0.6022,0.0018,0.0089,0.0608
368.6028,0.3386,0.2289,0.0170,0.0033,0.3691,0.3105,0.0053,0.0106,0.0066
508.7063,0.4836,0.2717,0.0036,0.4488,0.5571,0.6456,0.0076,0.0652,0.0295
345.8158,0.4149,0.2323,0.0126,0.4910,0.5783,0.6699,0.0120,0.0079,0.0088
478.9944,0.3051,0.1930,0.0012,0.1958,0.5651,0.6559,0.0108,0.1389,0.0151
477.4725,0.5147,0.1707,0.0158,0.4569,0.5922,0.7876,0.0192,0.0013,0.1360
419.5723,0.3312,0.2031,0.0164,0.1646,0.2302,0.7931,0.0195,0.0195,0.0020
353.9480,0.4330,0.1590,0.0081,0.3576,0.3393,0.7642,0.0102,0.0209,0.0034
572.4984,0.4395,0.1225,0.0059,0.4592,0.5591,0.6248,0.0084,0.0285,0.0502
384.0519,0.4013,0.1286,0.0040,0.2266,0.1083,0.7598,0.0167,0.0146,0.0017
501.2937,0.3384,0.1328,0.0171,0.4648,0.4897,0.7138,0.0102,0.0576,0.0863
565.1167,0.3804,0.1809,0.0146,0.3972,0.4389,0.6464,0.0055,0.0053,0.0111
594.8145,0.9975,0.2785,0.0192,0.4621,0.5850,0.6281,0.0089,0.0108,0.0501
325.8883,0.4078,0.1040,0.0145,0.0715,0.3089,0.5566,0.0081,0.0165,0.0185
555.0270,0.5286,0.1988,0.0369,0.4856,0.5946,0.5869,0.0027,0.0210,0.0387
471.8832,0.6571,0.2611,0.0033,0.4657,0.5675,0.7841,0.0187,0.0193,0.0893
450.8112,0.3604,0.2480,0.0199,0.4838,0.5967,0.7237,0.0087,0.1239,0.0267
549.1459,0.3367,0.2121,0.0421,0.4012,0.5757,0.7145,0.0170,0.0109,0.0221
425.1138,0.3598,0.2018,0.0068,0.3564,0.5991,0.7526,0.0024,0.0072,0.2235
350.1642,0.4260,0.1517,0.0216,0.1664,0.4899,0.7813,0.0078,0.0086,0.0108
586.7567,0.7427,0.2575,0.0107,0.4246,0.5824,0.7665,0.0108,0.0206,0.0597
491.0281,0.3458,0.1315,0.0062,0.0308,0.3396,0.6909,0.0079,0.0465,0.0370
560.2038,0.4848,0.2331,0.0093,0.4974,0.4187,0.7834,0.0148,0.0330,0.0096
580.8926,0.6007,0.1670,0.0234,0.4353,0.5485,0.7387,0.0113,0.0012,0.0143
486.0728,0.3450,0.1186,0.0072,0.4298,0.5740,0.6740,0.0011,0.0301,0.1710
505.6045,0.3177,0.1408,0.0114,0.1310,0.1578,0.7733,0.0138,0.0159,0.0743
329.1830,0.3621,0.2179,0.0057,0.1128,0.5492,0.7278,0.0123,0.0582,0.0154
488.4742,0.3016,0.2289,0.0222,0.2906,0.5549,0.7530,0.0042,0.0642,0.0658
436.4231,0.3816,0.1080,0.0025,0.0275,0.2469,0.4587,0.0061,0.0052,0.0667
485.9511,0.3660,0.1845,0.0328,0.4684,0.5470,0.7149,0.0189,0.0676,0.0006
328.8652,0.3844,0.1480,0.0313,0.0203,0.5694,0.6439,0.0076,0.0208,0.0411
569.0845,0.8500,0.2471,0.0053,0.4868,0.5815,0.6467,0.0049,0.0659,0.1465
523.9579,0.4537,0.1641,0.0066,0.4851,0.4931,0.6957,0.0160,0.0002,0.1098
549.4602,0.3143,0.1539,0.0165,0.4975,0.5489,0.6735,0.0030,0.0485,0.1911
489.7907,0.3425,0.1484,0.0013,0.4039,0.2432,0.7794,0.0068,0.0932,0.0300
447.3926,0.6301,0.1394,0.0018,0.4928,0.5742,0.7391,0.0146,0.0564,0.0687
472.2499,0.3407,0.1810,0.0276,0.3184,0.3575,0.7649,0.0030,0.0229,0.0258
430.9071,0.3298,0.2187,0.0021,0.2333,0.4993,0.7276,0.0035,0.1289,0.0193
592.0589,0.3115,0.1098,0.0071,0.0662,0.3863,0.7600,0.0016,0.0336,0.0720
459.6529,0.3224,0.2163,0.0114,0.4569,0.4651,0.6459,0.0085,0.0614,0.0154
488.1844,0.4272,0.1934,0.0063,0.4465,0.5908,0.7106,0.0018,0.1680,0.0881
423.9398,0.3746,0.1678,0.0080,0.4049,0.5080,0.7134,0.0132,0.0021,0.1360
452.9305,0.4047,0.1496,0.0212,0.3939,0.5931,0.6242,0.0050,0.0477,0.0030
536.9291,0.3024,0.1424,0.0140,0.3845,0.4708,0.6850,0.0047,0.1731,0.0037
551.2545,0.3108,0.1184,0.0463,0.3522,0.5314,0.7378,0.0087,0.0173,0.0266
584.5056,0.3092,0.2755,0.0045,0.4160,0.5555,0.7233,0.0053,0.1047,0.0924
409.4560,0.3370,0.1663,0.0026,0.2571,0.4591,0.7567,0.0098,0.0515,0.1311
478.7591,0.3261,0.1417,0.0268,0.1716,0.5853,0.7321,0.0093,0.1013,0.0144
527.0113,0.3500,0.1537,0.0051,0.2312,0.4683,0.5941,0.0022,0.0341,0.0146
449.7872,0.3809,0.2185,0.0133,0.4992,0.3915,0.7752,0.0016,0.1058,0.0000
512.5410,0.3528,0.1100,0.0183,0.3301,0.4981,0.6793,0.0035,0.0480,0.0075
471.6155,0.4420,0.1446,0.0070,0.4372,0.5134,0.7459,0.0045,0.0828,0.0692
567.0577,0.3169,0.1853,0.0073,0.4767,0.5845,0.7490,0.0105,0.2346,0.1302
540.6144,0.3124,0.1493,0.0121,0.1144,0.5290,0.6379,0.0157,0.0646,0.0089
539.0621,0.3544,0.2038,0.0325,0.3913,0.5962,0.7895,0.0006,0.1489,0.0265
363.5427,0.4827,0.2131,0.0057,0.4281,0.5777,0.7430,0.0034,0.0552,0.0657
542.7969,0.6202,0.2406,0.0142,0.4696,0.5468,0.6311,0.0037,0.0078,0.0793
559.5094,0.4971,0.2665,0.0027,0.4815,0.4913,0.7300,0.0155,0.0561,0.0387
531.9683,0.3063,0.1221,0.0265,0.2195,0.5426,0.7764,0.0103,0.0197,0.0697
390.9942,0.4066,0.1111,0.0162,0.4117,0.4540,0.7404,0.0122,0.0038,0.0307
508.4275,0.3382,0.1074,0.0050,0.1470,0.3323,0.7257,0.0159,0.0731,0.0027
575.0691,0.3171,0.1469,0.0030,0.3205,0.4384,0.6888,0.0107,0.1281,0.0151
412.6032,0.3235,0.2871,0.0041,0.4736,0.5762,0.7813,0.0138,0.0374,0.1087
333.1457,0.4001,0.1372,0.0022,0.2546,0.5288,0.5685,0.0036,0.0016,0.0590
456.8671,0.3335,0.1680,0.0196,0.1400,0.3689,0.7884,0.0113,0.0627,0.0153
519.3824,0.8060,0.1444,0.0014,0.4842,0.5836,0.6276,0.0042,0.0279,0.0927
588.7685,0.3451,0.1561,0.0084,0.4547,0.4946,0.7951,0.0072,0.0838,0.1898
578.3484,0.3036,0.1779,0.0274,0.4861,0.5399,0.5595,0.0071,0.0004,0.0358
436.2571,0.8698,0.2400,0.0122,0.4649,0.5752,0.7413,0.0118,0.0021,0.0396
580.5900,0.4569,0.2705,0.0025,0.4788,0.5791,0.5834,0.0106,0.1140,0.0520
444.8891,0.3288,0.1580,0.0164,0.3230,0.3641,0.7176,0.0070,0.0687,0.0538
493.5916,0.3119,0.2994,0.0152,0.4761,0.5255,0.7467,0.0076,0.0847,0.0042
321.1674,0.3935,0.1273,0.0116,0.1888,0.5162,0.6256,0.0180,0.0167,0.0021
515.8223,0.3136,0.1434,0.0355,0.2863,0.5610,0.7300,0.0059,0.0373,0.0802
375.5064,0.3883,0.0899,0.0251,0.0941,0.4669,0.7037,0.0066,0.0143,0.0060
553.6265,0.5674,0.1290,0.0087,0.4598,0.5826,0.6443,0.0014,0.0116,0.0774
558.2997,0.3216,0.1195,0.0064,0.4417,0.3758,0.7867,0.0024,0.1534,0.0566
356.2168,0.3726,0.1876,0.0142,0.0239,0.5780,0.5731,0.0025,0.0664,0.0091
458.6004,0.3774,0.1450,0.0249,0.4561,0.5376,0.7680,0.0110,0.0195,0.1204
267.4605,0.4080,0.1930,0.0028,0.0212,0.5222,0.7970,0.0192,0.0209,0.0223
334.8825,0.4447,0.1132,0.0063,0.0869,0.4480,0.6062,0.0039,0.0427,0.0039
465.8732,0.6740,0.1629,0.0051,0.4693,0.5707,0.6764,0.0010,0.1236,0.0114
450.5083,0.4825,0.1405,0.0044,0.4306,0.5663,0.6310,0.0093,0.0094,0.0534
594.0182,0.3474,0.2073,0.0060,0.4977,0.4735,0.7405,0.0154,0.0159,0.2022
528.6425,0.3060,0.1632,0.0026,0.4228,0.5164,0.5563,0.0001,0.0659,0.0678
479.2677,0.3300,0.1819,0.0245,0.4791,0.5102,0.7825,0.0067,0.1874,0.0286
434.9528,0.3553,0.1526,0.0069,0.1395,0.2135,0.7025,0.0148,0.0517,0.0030
545.3284,0.4729,0.1567,0.0143,0.4348,0.5877,0.7816,0.0183,0.0202,0.1237
391.3065,0.4944,0.1769,0.0101,0.3555,0.5443,0.7721,0.0081,0.0276,0.0260
567.8365,0.9650,0.2521,0.0017,0.4240,0.5589,0.7861,0.0190,0.0002,0.0329
580.3736,0.3208,0.2204,0.0115,0.3478,0.5220,0.7297,0.0013,0.0465,0.1218
511.6981,0.3644,0.1643,0.0252,0.4024,0.5900,0.6778,0.0095,0.1009,0.0114
422.0941,0.3306,0.1452,0.0120,0.1903,0.4618,0.6869,0.0142,0.0432,0.0063
585.7092,0.9734,0.2088,0.0104,0.4845,0.5917,0.6862,0.0038,0.1703,0.0503
339.6980,0.3837,0.1422,0.0048,0.3174,0.4906,0.6766,0.0177,0.0671,0.0214
506.9314,0.3112,0.1522,0.0037,0.0045,0.1153,0.4380,0.0044,0.0258,0.0778
374.7436,0.4046,0.2039,0.0194,0.4042,0.5499,0.7643,0.0021,0.0183,0.0914
407.5741,0.3819,0.1583,0.0052,0.0893,0.5345,0.7930,0.0076,0.0174,0.0840
532.9074,0.3490,0.2937,0.0125,0.4486,0.5805,0.6261,0.0019,0.0447,0.0379
580.9969,0.6512,0.1970,0.0296,0.4830,0.5373,0.7565,0.0127,0.0277,0.0140
403.0766,0.9807,0.2636,0.0013,0.4973,0.5689,0.7181,0.0005,0.0827,0.0397
379.7170,0.4449,0.1686,0.0146,0.4865,0.5439,0.7224,0.0023,0.1031,0.0290
405.9201,0.3461,0.1642,0.0087,0.0073,0.4093,0.4885,0.0155,0.1035,0.0082
590.1573,0.3554,0.0860,0.0014,0.2808,0.5907,0.7966,0.0006,0.0674,0.0403
353.1278,0.3911,0.1188,0.0220,0.1134,0.4086,0.7346,0.0059,0.0871,0.0145
294.1176,0.4200,0.1211,0.0126,0.0204,0.1966,0.5906,0.0045,0.0522,0.0334
470.5858,0.3622,0.1284,0.0043,0.1230,0.5925,0.5827,0.0155,0.0266,0.0262
298.4871,0.4074,0.1465,0.0172,0.0141,0.5995,0.3904,0.0059,0.0055,0.0760
427.0728,0.3155,0.1775,0.0017,0.0476,0.3933,0.7727,0.0002,0.0411,0.0131
325.7474,0.3718,0.1714,0.0059,0.0036,0.5124,0.4795,0.0127,0.0537,0.0111
468.1825,0.3045,0.2145,0.0279,0.3987,0.5249,0.6885,0.0008,0.1108,0.0069
515.2553,0.6312,0.2728,0.0056,0.3866,0.5814,0.7870,0.0135,0.0185,0.0006
341.1620,0.3438,0.2351,0.0089,0.4283,0.5543,0.7781,0.0067,0.0734,0.0706
506.0747,0.3686,0.1974,0.0141,0.3578,0.5171,0.7793,0.0161,0.0960,0.0105
413.3616,0.3531,0.1878,0.0100,0.1651,0.5709,0.6916,0.0167,0.0108,0.0629
361.9234,0.4111,0.1734,0.0184,0.3591,0.4930,0.7251,0.0135,0.0097,0.0178
507.3946,0.3603,0.1175,0.0093,0.4633,0.3270,0.7529,0.0135,0.0477,0.0006
541.3420,0.3922,0.1332,0.0117,0.4290,0.5769,0.7220,0.0043,0.1208,0.0701
501.3952,0.9447,0.1692,0.0109,0.4835,0.5601,0.6473,0.0060,0.0076,0.0487
565.4540,0.4813,0.1655,0.0055,0.4545,0.5180,0.7599,0.0029,0.1017,0.0948
514.3630,0.3209,0.1919,0.0030,0.1660,0.3044,0.7661,0.0032,0.0838,0.0002
475.7902,0.3186,0.1629,0.0258,0.1109,0.4167,0.7801,0.0070,0.0322,0.0658
581.5348,0.3331,0.2460,0.0048,0.3635,0.4504,0.7694,0.0084,0.0238,0.0716
403.2064,0.3379,0.1854,0.0197,0.3569,0.2489,0.7135,0.0038,0.0372,0.0011
513.0453,0.3239,0.1151,0.0204,0.0294,0.4928,0.7925,0.0058,0.0729,0.0013
506.2979,0.4089,0.2626,0.0235,0.4689,0.5859,0.6740,0.0067,0.0271,0.0646
419.8708,0.3547,0.1348,0.0077,0.3133,0.3709,0.7908,0.0105,0.0900,0.0829
595.0816,0.3735,0.2445,0.0118,0.4824,0.5147,0.6948,0.0149,0.0731,0.0701
482.0782,0.4161,0.1135,0.0113,0.4925,0.5664,0.7822,0.0152,0.0394,0.1071
459.0695,0.3392,0.1248,0.0183,0.0136,0.3888,0.4541,0.0019,0.0540,0.0348
432.2898,0.3111,0.1880,0.0215,0.4305,0.4288,0.7409,0.0187,0.0721,0.0007
490.0894,0.5925,0.1579,0.0095,0.4846,0.5166,0.7308,0.0142,0.0206,0.0471
584.1456,0.5405,0.1603,0.0196,0.4976,0.5880,0.6305,0.0072,0.0667,0.0792
515.7517,0.4379,0.2682,0.0017,0.4500,0.5201,0.7957,0.0037,0.1421,0.0324
592.3992,0.7263,0.2564,0.0086,0.4869,0.5581,0.6271,0.0055,0.0487,0.1096
272.2184,0.4124,0.1609,0.0109,0.2264,0.5830,0.6953,0.0051,0.0261,0.0186
446.8097,0.3515,0.1777,0.0145,0.2827,0.5051,0.7291,0.0046,0.0273,0.1023
528.4346,0.3284,0.2340,0.0283,0.4603,0.4816,0.7535,0.0197,0.0284,0.0278
515.9750,0.3346,0.1908,0.0106,0.3150,0.5890,0.6578,0.0143,0.0748,0.0466
348.3434,0.3605,0.2131,0.0095,0.0029,0.2142,0.3964,0.0085,0.0194,0.0353
493.8147,0.3788,0.1383,0.0272,0.4832,0.5715,0.7699,0.0030,0.1775,0.0168
578.0311,0.3247,0.1257,0.0033,0.3970,0.5832,0.7686,0.0130,0.0378,0.2436
571.8579,0.4077,0.1761,0.0170,0.4599,0.4476,0.7863,0.0108,0.0710,0.0320
454.1230,0.3339,0.1804,0.0027,0.2236,0.3232,0.6759,0.0173,0.0021,0.0581
439.2564,0.3594,0.1370,0.0155,0.1960,0.4530,0.7541,0.0084,0.0969,0.0120
396.2244,0.3484,0.1632,0.0387,0.3440,0.5910,0.7305,0.0076,0.0553,0.0308
552.1044,0.3078,0.1749,0.0066,0.1089,0.4214,0.7160,0.0136,0.0475,0.0192
509.2373,0.3187,0.1332,0.0290,0.4449,0.5594,0.7376,0.0129,0.1008,0.0530
333.6063,0.5406,0.1591,0.0099,0.4700,0.5407,0.7853,0.0111,0.0069,0.0554
506.8789,0.4718,0.1027,0.0071,0.4649,0.5986,0.7803,0.0093,0.0620,0.0481
565.8176,0.3550,0.1596,0.0105,0.2411,0.4821,0.7659,0.0095,0.0027,0.0569
533.9527,0.5797,0.1819,0.0103,0.4693,0.5943,0.7154,0.0184,0.1082,0.0541
317.5629,0.4168,0.1233,0.0134,0.0655,0.3474,0.7078,0.0096,0.0407,0.0559
432.3873,0.3842,0.2486,0.0325,0.4874,0.5119,0.7590,0.0057,0.0157,0.0247
369.9539,0.3876,0.1181,0.0043,0.0351,0.5104,0.6018,0.0007,0.0801,0.0895
445.3010,0.4060,0.2144,0.0089,0.4772,0.4878,0.7980,0.0122,0.1271,0.0347
593.4811,0.3520,0.1147,0.0053,0.4367,0.5633,0.7989,0.0028,0.2658,0.0128
480.0515,0.7875,0.2324,0.0133,0.4640,0.5211,0.7100,0.0022,0.0254,0.0004
558.8338,0.3156,0.2102,0.0042,0.3816,0.5359,0.7527,0.0199,0.1284,0.0785
424.4955,0.3783,0.1567,0.0211,0.0123,0.3845,0.6601,0.0027,0.0010,0.0072
382.7775,0.3811,0.1071,0.0083,0.4240,0.5510,0.7626,0.0015,0.0622,0.1297
507.1022,0.3003,0.1684,0.0100,0.3304,0.5103,0.6731,0.0186,0.1337,0.0145
497.5353,0.4231,0.2339,0.0092,0.4137,0.5306,0.7066,0.0086,0.0502,0.0413
427.7461,0.3677,0.1340,0.0050,0.4846,0.5841,0.7096,0.0164,0.1927,0.0023
575.7712,0.3438,0.2089,0.0207,0.4163,0.5705,0.6233,0.0106,0.0043,0.0946
532.8218,0.3093,0.1594,0.0233,0.4757,0.4026,0.6891,0.0053,0.0633,0.0394
358.1615,0.3538,0.1819,0.0183,0.2678,0.2903,0.7656,0.0086,0.0119,0.0669
473.6985,0.5996,0.1937,0.0106,0.4214,0.5530,0.7890,0.0020,0.0315,0.0782
518.2965,0.3592,0.1746,0.0180,0.3738,0.5958,0.7947,0.0118,0.0331,0.1699
360.3593,0.3785,0.1330,0.0113,0.4124,0.4765,0.7939,0.0010,0.1353,0.0785
456.0147,0.3358,0.1135,0.0286,0.3833,0.5724,0.7038,0.0063,0.0226,0.0510
417.2324,0.3753,0.0823,0.0077,0.0062,0.2016,0.3806,0.0034,0.0318,0.0047
447.8251,0.3325,0.1569,0.0095,0.2787,0.4924,0.5849,0.0022,0.0617,0.0425
346.5431,0.3970,0.1252,0.0155,0.1472,0.4023,0.7429,0.0130,0.0005,0.0887
546.3623,0.4269,0.1256,0.0335,0.4753,0.5541,0.7218,0.0041,0.0218,0.0269
433.2313,0.3796,0.1466,0.0010,0.3798,0.4434,0.6353,0.0162,0.0358,0.0120
394.1133,0.3395,0.2220,0.0046,0.4470,0.4864,0.6928,0.0009,0.0506,0.0962
482.8687,0.4408,0.2206,0.0193,0.4419,0.5556,0.6686,0.0177,0.0027,0.0335
523.2881,0.3303,0.1673,0.0053,0.1824,0.2269,0.7502,0.0089,0.0126,0.0254
422.6150,0.3619,0.1077,0.0069,0.0886,0.3268,0.6541,0.0109,0.0911,0.0028
584.7079,0.5160,0.2056,0.0032,0.4391,0.5967,0.7440,0.0097,0.0317,0.2246
401.1920,0.3906,0.0922,0.0016,0.0542,0.5767,0.5710,0.0018,0.0025,0.1261
391.8349,0.3473,0.1824,0.0027,0.0739,0.5807,0.7771,0.0044,0.0786,0.0950
492.5555,0.3974,0.1434,0.0044,0.3340,0.5748,0.7458,0.0170,0.0530,0.0797
322.3165,0.4560,0.1530,0.0040,0.0211,0.2000,0.4920,0.0003,0.0029,0.0112
447.5349,0.3097,0.2092,0.0336,0.3700,0.5350,0.7899,0.0181,0.0242,0.0765
449.0597,0.3572,0.1387,0.0115,0.1556,0.5905,0.6370,0.0032,0.1085,0.0080
546.0724,0.4044,0.1779,0.0101,0.3761,0.5964,0.6691,0.0157,0.0594,0.0593
527.6013,0.3745,0.2027,0.0198,0.3875,0.5115,0.6932,0.0025,0.0326,0.0529
522.0771,0.4909,0.2082,0.0039,0.4758,0.5297,0.5803,0.0171,0.0040,0.0614
551.0678,0.6302,0.2369,0.0138,0.4794,0.5699,0.7886,0.0039,0.0493,0.1517
385.1610,0.3606,0.1401,0.0019,0.4087,0.3764,0.6896,0.0082,0.0081,0.1220
456.2497,0.3144,0.1892,0.0052,0.4836,0.5522,0.6238,0.0135,0.0601,0.0903
420.2277,0.4539,0.1907,0.0186,0.4716,0.4966,0.7070,0.0054,0.0307,0.0287
575.5634,0.3666,0.1567,0.0441,0.4511,0.5506,0.7034,0.0097,0.0418,0.0029
369.1429,0.3582,0.1563,0.0016,0.1855,0.3892,0.7917,0.0184,0.0580,0.0839
446.4553,0.6623,0.2013,0.0028,0.4847,0.5245,0.6918,0.0067,0.0430,0.0644
467.4706,0.3464,0.1831,0.0194,0.4413,0.4913,0.7522,0.0167,0.1095,0.0214
429.7427,0.8071,0.1793,0.0141,0.4976,0.5801,0.6696,0.0147,0.0162,0.0336
524.7784,0.8385,0.2273,0.0042,0.4925,0.5431,0.7431,0.0027,0.0242,0.1575
597.4349,0.5994,0.2313,0.0111,0.4434,0.5361,0.6602,0.0059,0.0799,0.0035
481.9409,0.3170,0.1826,0.0157,0.3383,0.4426,0.7335,0.0001,0.1399,0.0356
494.7381,0.4053,0.2633,0.0028,0.4295,0.4576,0.7913,0.0016,0.0295,0.0731
487.7743,0.3271,0.1140,0.0059,0.0722,0.3632,0.6597,0.0007,0.0563,0.0156
468.7922,0.3872,0.1396,0.0040,0.3670,0.3069,0.7786,0.0143,0.0424,0.0030
500.4400,0.3414,0.1565,0.0326,0.2150,0.4750,0.7516,0.0052,0.0280,0.0085
395.1389,0.3163,0.2590,0.0102,0.4628,0.4412,0.7428,0.0088,0.0291,0.0453
571.4459,0.3306,0.1202,0.0091,0.3641,0.5695,0.7138,0.0057,0.1247,0.0716
309.6775,0.4042,0.1448,0.0087,0.0874,0.4445,0.5075,0.0007,0.0123,0.0720
557.0222,0.3818,0.1207,0.0023,0.4819,0.3957,0.7564,0.0123,0.0754,0.0218
331.4143,0.4266,0.1093,0.0179,0.3155,0.5985,0.7509,0.0017,0.0710,0.0130
496.0905,0.3196,0.1429,0.0153,0.2048,0.2607,0.6562,0.0190,0.0043,0.0227
583.0149,0.3288,0.1476,0.0125,0.4930,0.5069,0.7648,0.0174,0.1570,0.0790
455.6574,0.4730,0.1845,0.0017,0.4213,0.5922,0.7617,0.0075,0.0133,0.2126
462.2288,0.3469,0.1183,0.0188,0.4844,0.4700,0.7911,0.0061,0.0276,0.1577
368.4142,0.3784,0.1113,0.0063,0.0460,0.5476,0.4965,0.0019,0.0294,0.0426
555.2931,0.3372,0.1297,0.0062,0.1731,0.5976,0.7924,0.0101,0.1189,0.0161
597.7277,0.6738,0.1978,0.0170,0.4872,0.5752,0.7264,0.0104,0.1353,0.0373
548.2028,0.3771,0.1807,0.0121,0.4388,0.5421,0.7792,0.0004,0.0125,0.2586
456.9584,0.3626,0.1114,0.0346,0.1920,0.5747,0.7704,0.0043,0.0066,0.0419
429.6777,0.5536,0.2167,0.0077,0.4466,0.5254,0.7357,0.0090,0.0686,0.0008
323.8950,0.4340,0.1076,0.0054,0.1323,0.2291,0.7944,0.0188,0.0493,0.0063
489.6562,0.3700,0.1365,0.0018,0.2712,0.5675,0.6391,0.0017,0.0248,0.1122
466.8906,0.3426,0.1148,0.0045,0.0425,0.1006,0.7389,0.0134,0.0012,0.1067
391.1197,0.4644,0.1678,0.0257,0.4827,0.5062,0.7604,0.0046,0.0599,0.0050
337.4279,0.4046,0.1014,0.0122,0.0301,0.1726,0.6895,0.0028,0.0002,0.0883
503.2262,0.3343,0.2988,0.0278,0.4961,0.5793,0.7204,0.0055,0.0526,0.0244
533.8188,0.3089,0.1883,0.0067,0.3880,0.2895,0.7948,0.0011,0.0027,0.1566
357.3836,0.3546,0.1699,0.0109,0.3673,0.4019,0.7141,0.0028,0.0731,0.0187
472.3511,0.3553,0.2376,0.0142,0.2634,0.5871,0.7468,0.0101,0.0417,0.0051
308.6193,0.4312,0.1002,0.0105,0.1986,0.4775,0.7787,0.0196,0.0409,0.0087
586.2374,0.3261,0.1781,0.0156,0.4822,0.5015,0.6576,0.0098,0.1179,0.0438
515.0328,0.4436,0.2039,0.0014,0.4692,0.5396,0.6803,0.0117,0.0913,0.1004
521.9203,0.7375,0.1898,0.0210,0.4570,0.5690,0.7642,0.0017,0.0611,0.0276
344.3407,0.3905,0.1679,0.0225,0.0195,0.3511,0.4685,0.0036,0.0327,0.0087
397.1330,0.3454,0.1225,0.0113,0.1012,0.3560,0.7546,0.0126,0.0117,0.0032
486.0486,0.3082,0.2529,0.0210,0.3949,0.4093,0.7350,0.0067,0.0114,0.0183
294.9233,0.4564,0.1095,0.0067,0.0809,0.4251,0.7051,0.0037,0.0104,0.0697
275.9131,0.4321,0.1472,0.0104,0.1735,0.1218,0.6641,0.0035,0.0019,0.0182
526.2655,0.3119,0.1344,0.0041,0.0982,0.1520,0.7031,0.0074,0.0840,0.0058
431.3818,0.3143,0.2263,0.0309,0.1866,0.5065,0.7162,0.0037,0.0325,0.0015
290.4880,0.4054,0.1555,0.0064,0.0391,0.3111,0.5502,0.0194,0.0511,0.0082
527.8152,0.9972,0.2245,0.0021,0.4297,0.5974,0.6349,0.0187,0.0521,0.0097
412.2661,0.3883,0.1768,0.0079,0.4721,0.3356,0.7460,0.0084,0.0043,0.0622
361.6935,0.3752,0.1619,0.0166,0.0369,0.2261,0.7799,0.0013,0.0034,0.1113
376.3411,0.3655,0.1926,0.0118,0.3890,0.5858,0.7288,0.0188,0.0891,0.0326
535.7822,0.3935,0.1707,0.0024,0.4629,0.5122,0.7260,0.0062,0.2281,0.0139
402.2993,0.3812,0.1283,0.0026,0.0580,0.4809,0.5279,0.0006,0.1118,0.0167
539.4814,0.9012,0.2769,0.0083,0.4873,0.5781,0.4406,0.0004,0.0267,0.0570
344.8037,0.4396,0.1331,0.0175,0.4482,0.5754,0.7825,0.0145,0.0437,0.0413
351.5944,0.3804,0.1997,0.0028,0.3852,0.4554,0.7376,0.0116,0.0674,0.0352
489.1584,0.7108,0.2210,0.0075,0.4929,0.5977,0.7782,0.0071,0.0060,0.2394
538.1258,0.3075,0.2353,0.0149,0.4484,0.5685,0.7293,0.0171,0.1464,0.0445
535.9986,0.4605,0.2673,0.0388,0.4539,0.5915,0.7028,0.0007,0.0350,0.0104
395.6707,0.3820,0.2158,0.0039,0.1464,0.4369,0.7310,0.0018,0.0165,0.0051
431.6721,0.3367,0.1702,0.0067,0.2116,0.4876,0.6713,0.0165,0.0700,0.0470
366.0064,0.3319,0.1973,0.0082,0.2694,0.5116,0.7265,0.0050,0.0231,0.0242
575.3495,0.3062,0.1621,0.0089,0.0303,0.3361,0.4223,0.0074,0.0110,0.0042
444.0356,0.3319,0.1354,0.0319,0.0756,0.5986,0.7395,0.0119,0.0332,0.0165
563.8446,0.3039,0.2809,0.0110,0.3210,0.5649,0.7464,0.0133,0.0228,0.0407
402.8713,0.3428,0.1727,0.0099,0.4742,0.4456,0.7178,0.0115,0.1147,0.0317
338.1636,0.4250,0.1307,0.0058,0.0142,0.2528,0.7625,0.0075,0.0608,0.0312
531.1536,0.3522,0.1534,0.0212,0.1829,0.5752,0.7112,0.0074,0.0225,0.0103
483.3290,0.3515,0.0930,0.0064,0.1587,0.1236,0.7715,0.0003,0.0291,0.0608
383.7098,0.3384,0.1849,0.0315,0.1499,0.5735,0.6629,0.0106,0.0044,0.0263
388.3375,0.3695,0.1613,0.0015,0.3713,0.5216,0.7680,0.0056,0.0889,0.1562
516.6748,0.3160,0.1501,0.0142,0.0342,0.3900,0.7550,0.0109,0.0669,0.0188
428.9456,0.5386,0.2497,0.0013,0.4620,0.4491,0.7780,0.0007,0.0111,0.0402
430.5349,0.3565,0.1428,0.0268,0.0014,0.3423,0.7552,0.0115,0.0242,0.0144
436.4877,0.4069,0.1495,0.0052,0.4421,0.4509,0.7415,0.0002,0.0452,0.1206
484.9165,0.3260,0.2156,0.0153,0.3791,0.5789,0.7787,0.0036,0.0683,0.1632
503.9326,0.3193,0.1990,0.0344,0.4801,0.4086,0.7939,0.0048,0.0365,0.0768
486.2347,0.3174,0.1695,0.0082,0.2970,0.2651,0.7523,0.0060,0.0787,0.0464
450.0894,0.4363,0.1538,0.0119,0.3409,0.5152,0.7228,0.0169,0.0149,0.0060
573.6561,0.3112,0.1751,0.0023,0.2604,0.5985,0.7256,0.0082,0.1525,0.0795
311.0045,0.3997,0.1333,0.0048,0.2141,0.4323,0.7350,0.0100,0.0200,0.0811
426.3455,0.3351,0.1641,0.0234,0.3290,0.5844,0.6395,0.0049,0.0443,0.0627
421.2442,0.3276,0.1366,0.0393,0.4424,0.4774,0.7742,0.0092,0.0025,0.0259
554.0583,0.3510,0.1498,0.0011,0.3000,0.5008,0.6776,0.0139,0.0157,0.0913
557.5770,0.5039,0.1670,0.0411,0.4503,0.5897,0.7229,0.0002,0.0587,0.0070
480.4431,0.5394,0.1947,0.0086,0.4841,0.5913,0.6511,0.0166,0.0410,0.1054
582.1250,0.3147,0.1114,0.0200,0.0197,0.5322,0.6428,0.0069,0.0218,0.0075
567.5914,0.3121,0.1532,0.0094,0.4166,0.4321,0.7907,0.0080,0.0462,0.1933
464.7837,0.3029,0.2079,0.0088,0.2128,0.1921,0.7153,0.0022,0.0081,0.0278
575.2614,0.4150,0.2121,0.0231,0.4786,0.5621,0.7612,0.0059,0.0700,0.1427
568.0315,0.8210,0.2290,0.0060,0.4625,0.5953,0.6812,0.0159,0.0779,0.0789
563.8896,0.3971,0.1619,0.0129,0.4716,0.5903,0.7738,0.0046,0.1451,0.1658
285.9822,0.4160,0.1378,0.0169,0.3067,0.4868,0.7751,0.0126,0.0240,0.0365
431.2949,0.3482,0.2167,0.0084,0.2468,0.5965,0.7432,0.0171,0.0257,0.0679
248.7077,0.4651,0.1156,0.0143,0.0040,0.1805,0.6713,0.0025,0.0008,0.0719
510.3420,0.3266,0.1016,0.0041,0.1955,0.4904,0.7570,0.0042,0.0907,0.0231
381.5160,0.3548,0.1671,0.0057,0.0394,0.5746,0.6636,0.0159,0.0122,0.1124
445.8338,0.3202,0.2113,0.0029,0.0987,0.3989,0.7230,0.0012,0.0747,0.0433
589.6618,0.6388,0.2410,0.0044,0.4672,0.5870,0.7136,0.0125,0.0228,0.1939
583.7984,0.3055,0.1567,0.0038,0.2719,0.1550,0.7824,0.0091,0.0355,0.0171
414.3613,0.3806,0.0896,0.0112,0.1984,0.2842,0.7046,0.0157,0.0037,0.0100
500.9247,0.3501,0.0825,0.0012,0.0132,0.5390,0.4555,0.0054,0.0583,0.0000
503.1551,0.3658,0.2693,0.0104,0.4300,0.5286,0.7389,0.0139,0.0406,0.0427
277.4604,0.4445,0.1421,0.0067,0.2485,0.3407,0.7550,0.0056,0.0024,0.0486
579.0772,0.3006,0.2110,0.0187,0.4986,0.5952,0.5375,0.0138,0.0581,0.0132
370.8438,0.3483,0.1545,0.0321,0.4082,0.5135,0.7249,0.0002,0.0306,0.0253
359.7133,0.3850,0.1275,0.0249,0.1036,0.1949,0.6264,0.0096,0.0015,0.0390
496.3186,0.8141,0.2201,0.0037,0.4806,0.5684,0.4902,0.0125,0.0176,0.0328
548.3489,0.3237,0.2023,0.0269,0.3778,0.4990,0.6802,0.0189,0.0058,0.0206
426.0748,0.3440,0.2116,0.0163,0.3641,0.4755,0.7710,0.0042,0.0135,0.1196
347.4454,0.4199,0.1342,0.0121,0.1743,0.5852,0.7393,0.0059,0.0128,0.0816
457.7928,0.5569,0.2097,0.0061,0.4866,0.5722,0.7836,0.0006,0.1546,0.1033
443.5054,0.3567,0.0963,0.0130,0.0298,0.4638,0.7948,0.0018,0.0397,0.0363
391.2469,0.4114,0.1503,0.0126,0.4199,0.5412,0.7303,0.0162,0.0720,0.0251
508.1594,0.3102,0.1466,0.0209,0.1543,0.1671,0.7468,0.0119,0.0002,0.0525
520.0945,0.3806,0.1876,0.0017,0.4945,0.4950,0.7333,0.0088,0.2107,0.0428
485.2767,0.3594,0.1673,0.0228,0.4065,0.5014,0.6318,0.0030,0.0235,0.0283
297.4464,0.4271,0.1862,0.0018,0.1002,0.5792,0.6598,0.0072,0.0251,0.0132
476.5635,0.3533,0.1323,0.0403,0.3026,0.5771,0.7824,0.0086,0.0609,0.0055
533.9284,0.7356,0.1676,0.0218,0.4847,0.5556,0.7578,0.0033,0.0812,0.0039
498.6292,0.3323,0.1543,0.0021,0.4413,0.5849,0.6857,0.0133,0.0709,0.1927
575.1082,0.4498,0.1636,0.0148,0.4512,0.5157,0.6454,0.0053,0.0257,0.0551
418.6662,0.3402,0.2090,0.0012,0.1725,0.3449,0.7588,0.0163,0.0341,0.0343
582.8881,0.3823,0.1728,0.0257,0.4330,0.5966,0.7258,0.0034,0.1638,0.0350
455.7988,0.4199,0.1981,0.0375,0.4812,0.5178,0.7288,0.0116,0.0060,0.0147
528.3668,0.5279,0.2647,0.0091,0.4994,0.5884,0.7456,0.0038,0.0987,0.1579
512.2856,0.3794,0.1490,0.0089,0.3383,0.4114,0.7981,0.0099,0.0267,0.0617
479.4055,0.3301,0.1746,0.0131,0.0980,0.3194,0.6479,0.0150,0.0031,0.0169
421.3311,0.3835,0.1189,0.0234,0.3815,0.5671,0.6852,0.0101,0.0146,0.0283
516.1338,0.5707,0.1666,0.0075,0.3783,0.5848,0.6024,0.0025,0.0248,0.0058
553.9190,0.3170,0.1673,0.0373,0.3599,0.5437,0.7819,0.0055,0.0036,0.1358
324.3961,0.3818,0.1653,0.0231,0.1496,0.5817,0.7874,0.0002,0.0703,0.0560
400.3448,0.4043,0.1801,0.0023,0.3433,0.5034,0.7539,0.0094,0.0686,0.0669
583.5437,0.3181,0.2618,0.0140,0.4240,0.5198,0.7026,0.0085,0.0995,0.0157
578.8540,0.5808,0.2162,0.0071,0.3355,0.5785,0.6791,0.0012,0.0126,0.0003
498.8882,0.3098,0.2114,0.0262,0.4105,0.5650,0.6407,0.0068,0.0334,0.0584
489.2713,0.3145,0.1840,0.0132,0.2986,0.5202,0.7715,0.0023,0.0696,0.1560
344.4731,0.3591,0.1732,0.0043,0.4423,0.1873,0.7224,0.0038,0.0085,0.0170
441.7206,0.7851,0.2436,0.0047,0.4839,0.5343,0.7844,0.0107,0.0526,0.0308
366.7749,0.3933,0.1574,0.0035,0.4159,0.4372,0.7528,0.0134,0.0854,0.0458
366.3364,0.7177,0.2228,0.0123,0.4637,0.5907,0.7372,0.0005,0.0539,0.0173
530.3989,0.9614,0.2778,0.0030,0.4762,0.5489,0.7108,0.0199,0.0339,0.0200
503.8461,0.3535,0.1815,0.0048,0.4141,0.4440,0.6967,0.0158,0.0203,0.0899
548.4984,0.3027,0.1325,0.0013,0.4739,0.5260,0.6314,0.0011,0.0433,0.1704
524.7547,0.4694,0.1232,0.0157,0.4772,0.5816,0.7297,0.0179,0.0159,0.0618
416.8512,0.3628,0.1268,0.0054,0.2143,0.2040,0.7463,0.0140,0.0572,0.0389
480.7991,0.3153,0.2028,0.0021,0.1467,0.2860,0.5621,0.0093,0.0064,0.0077
449.9411,0.4019,0.1637,0.0263,0.2799,0.5893,0.7678,0.0027,0.0034,0.0656
428.1883,0.3415,0.1934,0.0171,0.2410,0.5760,0.6993,0.0004,0.1168,0.0154
488.8291,0.3282,0.1387,0.0165,0.3806,0.3317,0.7452,0.0100,0.0776,0.0263
444.1293,0.3854,0.1216,0.0064,0.0145,0.5088,0.7199,0.0084,0.0212,0.0253
397.2793,0.3338,0.2019,0.0038,0.0660,0.4660,0.6521,0.0131,0.0466,0.0363
560.4164,0.5128,0.2723,0.0180,0.4894,0.5836,0.6959,0.0187,0.0404,0.0755
541.9451,0.6086,0.2973,0.0051,0.4931,0.5278,0.6732,0.0006,0.0129,0.1010
411.7512,0.3366,0.2501,0.0135,0.4972,0.4987,0.7393,0.0120,0.0215,0.0749
420.2521,0.8286,0.1588,0.0023,0.4865,0.5361,0.7663,0.0103,0.0037,0.0541
335.8651,0.3912,0.1509,0.0178,0.2779,0.5458,0.6124,0.0005,0.0152,0.0307
315.6636,0.3774,0.1690,0.0060,0.2669,0.4923,0.7576,0.0187,0.0439,0.0474
586.0499,0.3582,0.1308,0.0239,0.4470,0.5800,0.7607,0.0091,0.0877,0.0899
459.6034,0.3389,0.1105,0.0383,0.4337,0.5846,0.7515,0.0152,0.0495,0.0077
326.0620,0.4126,0.1588,0.0112,0.0638,0.2217,0.6718,0.0041,0.0566,0.0038
595.4672,0.5070,0.1586,0.0060,0.4085,0.5911,0.6383,0.0112,0.0966,0.0120
306.1704,0.4341,0.0921,0.0179,0.0073,0.1482,0.3770,0.0043,0.0416,0.0269
472.5221,0.4482,0.1426,0.0161,0.4137,0.5617,0.7743,0.0014,0.0881,0.0595
450.6390,0.3665,0.1932,0.0044,0.4757,0.4339,0.7488,0.0047,0.1030,0.0844
556.9177,0.4478,0.1798,0.0052,0.4588,0.5751,0.4893,0.0199,0.0007,0.0100
543.2783,0.3034,0.1396,0.0210,0.1067,0.5461,0.6641,0.0176,0.0686,0.0050
362.6369,0.4943,0.1995,0.0150,0.4202,0.4971,0.7772,0.0003,0.0407,0.0075
366.1530,0.3853,0.1838,0.0303,0.3285,0.5939,0.7641,0.0141,0.0351,0.0151
390.3106,0.3820,0.1279,0.0101,0.3008,0.4277,0.6693,0.0034,0.0849,0.0041
564.8486,0.3524,0.2670,0.0113,0.4050,0.5866,0.5743,0.0017,0.0689,0.0029
425.9402,0.6349,0.1712,0.0037,0.4190,0.5959,0.6951,0.0143,0.0525,0.0128
449.0087,0.3222,0.1862,0.0034,0.1829,0.4815,0.7697,0.0025,0.1345,0.0766
478.4706,0.3416,0.2307,0.0093,0.4870,0.5644,0.7407,0.0099,0.1714,0.0687
437.5626,0.3492,0.1350,0.0162,0.1474,0.1114,0.7229,0.0117,0.0395,0.0157
546.2343,0.4613,0.1314,0.0050,0.4113,0.4875,0.7376,0.0151,0.0339,0.0002
527.7913,0.3217,0.1259,0.0180,0.4149,0.5589,0.5923,0.0032,0.0628,0.0127
594.8691,0.3564,0.2053,0.0155,0.4742,0.3518,0.7826,0.0185,0.0003,0.0250
398.8531,0.3954,0.2504,0.0076,0.3921,0.5995,0.7592,0.0035,0.0802,0.0547
581.2796,0.3065,0.1912,0.0207,0.3713,0.5527,0.7011,0.0044,0.0492,0.1344
497.3930,0.4576,0.2086,0.0298,0.4728,0.5734,0.7528,0.0120,0.0429,0.0655
486.4584,0.4780,0.2826,0.0015,0.4919,0.5327,0.7226,0.0049,0.1379,0.0135
399.0693,0.3770,0.1774,0.0047,0.2811,0.5121,0.6164,0.0141,0.0031,0.0398
492.7405,0.3043,0.2387,0.0063,0.4996,0.5494,0.7730,0.0057,0.0815,0.2310
442.3342,0.3418,0.1289,0.0013,0.3307,0.4612,0.6814,0.0088,0.0647,0.1002
401.0601,0.3308,0.1695,0.0284,0.2445,0.5831,0.7837,0.0097,0.0876,0.0062
521.8896,0.5434,0.1597,0.0110,0.4406,0.5459,0.7130,0.0165,0.0530,0.0057
348.4509,0.4316,0.0909,0.0020,0.4985,0.5895,0.7353,0.0034,0.0330,0.0442
518.3761,0.3033,0.1454,0.0449,0.3096,0.5136,0.6960,0.0078,0.0216,0.0362
455.8810,0.3698,0.1429,0.0097,0.4485,0.5370,0.7868,0.0128,0.0340,0.1934
581.9270,0.4211,0.2272,0.0046,0.4029,0.5773,0.7857,0.0022,0.1730,0.0749
560.9635,0.3060,0.1683,0.0159,0.4650,0.4495,0.7682,0.0043,0.1681,0.0803
415.5571,0.3263,0.1796,0.0204,0.3000,0.5945,0.7447,0.0160,0.1274,0.0154
485.1723,0.9786,0.1999,0.0286,0.4876,0.5828,0.6140,0.0016,0.0038,0.0235
578.7387,0.8186,0.2489,0.0150,0.4815,0.5773,0.7587,0.0070,0.1441,0.0172
571.6207,0.4125,0.2619,0.0072,0.4673,0.5479,0.6863,0.0170,0.0033,0.1328
558.6983,0.3470,0.2318,0.0342,0.4424,0.5710,0.7067,0.0008,0.1169,0.0085
428.8301,0.3445,0.1368,0.0084,0.2798,0.2165,0.6970,0.0096,0.0747,0.0117
550.2215,0.3453,0.1257,0.0065,0.1808,0.4510,0.6674,0.0013,0.0021,0.0644
502.1213,0.3106,0.2055,0.0037,0.2386,0.5253,0.7349,0.0166,0.0615,0.0802
419.9760,0.3349,0.1970,0.0122,0.0489,0.3015,0.4838,0.0069,0.0078,0.0296
597.7040,0.6109,0.1516,0.0040,0.4707,0.5512,0.7465,0.0052,0.1247,0.0524
509.0885,0.3500,0.1233,0.0100,0.3791,0.4851,0.7217,0.0063,0.1075,0.0392
337.0342,0.3748,0.1442,0.0137,0.3407,0.5848,0.7186,0.0158,0.0620,0.0278
315.0473,0.4048,0.1739,0.0041,0.3292,0.5154,0.6201,0.0028,0.0347,0.0016
422.9452,0.3409,0.1432,0.0211,0.2138,0.3628,0.7072,0.0123,0.0484,0.0330
565.8904,0.3014,0.1578,0.0279,0.1771,0.5643,0.7247,0.0111,0.0141,0.0664
432.4592,0.3282,0.2585,0.0060,0.4225,0.5940,0.7316,0.0147,0.0037,0.1456
348.7586,0.4141,0.1461,0.0013,0.0477,0.5417,0.4641,0.0153,0.0204,0.0206
372.0799,0.3984,0.2099,0.0106,0.3808,0.5249,0.7905,0.0040,0.0024,0.1301
408.4800,0.3662,0.1291,0.0141,0.0658,0.5409,0.7589,0.0057,0.0041,0.1352
568.0627,0.4957,0.1204,0.0146,0.4466,0.5566,0.7959,0.0011,0.1071,0.0005
575.2371,0.8770,0.1384,0.0101,0.4949,0.5859,0.7121,0.0111,0.0406,0.0478
566.0945,0.3241,0.2081,0.0031,0.2059,0.5920,0.6486,0.0090,0.0516,0.0280
463.2593,0.3374,0.1534,0.0038,0.4079,0.3477,0.6084,0.0006,0.0159,0.0389
444.9119,0.4587,0.1689,0.0044,0.4498,0.5978,0.6165,0.0115,0.0775,0.0413
319.9008,0.3812,0.1864,0.0061,0.2377,0.1259,0.6827,0.0062,0.0184,0.0023
592.7788,0.4069,0.2004,0.0448,0.4827,0.5998,0.6931,0.0053,0.0970,0.0246
405.8153,0.3222,0.2265,0.0103,0.3645,0.3265,0.6850,0.0019,0.0212,0.0229
471.1222,0.5697,0.2461,0.0128,0.4845,0.5932,0.5565,0.0008,0.0499,0.0451
594.2846,0.3851,0.2934,0.0211,0.4900,0.5602,0.7311,0.0118,0.0607,0.0592
417.2618,0.3486,0.1524,0.0231,0.3369,0.4544,0.7645,0.0137,0.0766,0.0356
544.6482,0.6818,0.2801,0.0011,0.4437,0.5894,0.7758,0.0018,0.0867,0.1015
543.3316,0.3284,0.1269,0.0048,0.3280,0.5224,0.7909,0.0047,0.2474,0.0074
375.7601,0.4259,0.1602,0.0035,0.1017,0.5677,0.7757,0.0006,0.0592,0.0101
492.0055,0.3138,0.1639,0.0176,0.3398,0.1874,0.6966,0.0063,0.0177,0.0044
341.9580,0.3595,0.1785,0.0241,0.4207,0.5206,0.7421,0.0098,0.0598,0.0311
301.0969,0.3945,0.1407,0.0020,0.0218,0.4759,0.4110,0.0078,0.0107,0.0272
589.0420,0.4803,0.2420,0.0018,0.4045,0.5476,0.6016,0.0085,0.0509,0.0247
576.6619,0.5756,0.2047,0.0080,0.4582,0.5674,0.5322,0.0106,0.0201,0.0623
502.4357,0.3320,0.1289,0.0271,0.1444,0.5061,0.6548,0.0032,0.0240,0.0351
458.7726,0.3494,0.1057,0.0041,0.4643,0.4529,0.7113,0.0175,0.0550,0.0444
507.0365,0.3789,0.2150,0.0051,0.3655,0.5576,0.7453,0.0180,0.1082,0.0245
485.3245,0.5040,0.1828,0.0071,0.4765,0.4574,0.7761,0.0054,0.0824,0.0321
362.7195,0.4242,0.1128,0.0032,0.3668,0.5824,0.7047,0.0103,0.0069,0.0884
486.8529,0.3158,0.1455,0.0218,0.2466,0.4220,0.6678,0.0046,0.0577,0.0252
559.0161,0.3697,0.1649,0.0094,0.4089,0.5521,0.6657,0.0193,0.0794,0.0432
554.7153,0.4433,0.2225,0.0099,0.3354,0.5552,0.7143,0.0093,0.0317,0.0025
355.5688,0.3632,0.1725,0.0292,0.1015,0.5319,0.7810,0.0159,0.0247,0.0330
497.2679,0.4362,0.1574,0.0041,0.3785,0.5457,0.5751,0.0080,0.0054,0.0223
575.4773,0.3349,0.1627,0.0189,0.3890,0.4919,0.7872,0.0112,0.0538,0.1093
398.9438,0.3559,0.1262,0.0296,0.3676,0.4842,0.6964,0.0057,0.0405,0.0234
429.8558,0.3759,0.1115,0.0019,0.2645,0.2577,0.7392,0.0000,0.0143,0.1019
440.0534,0.3451,0.1507,0.0061,0.2037,0.3716,0.7963,0.0053,0.1114,0.0694
433.1964,0.3050,0.2251,0.0124,0.4072,0.3961,0.7831,0.0156,0.0572,0.0577
456.5158,0.3316,0.1618,0.0031,0.0213,0.4363,0.4728,0.0038,0.0419,0.1006
394.1463,0.3512,0.1452,0.0090,0.4822,0.5952,0.5928,0.0003,0.0064,0.0715
555.7438,0.3723,0.1958,0.0186,0.4295,0.5896,0.7411,0.0066,0.1906,0.0325
482.9300,0.4304,0.1741,0.0201,0.4692,0.5083,0.7380,0.0183,0.0516,0.0216
447.6616,0.3631,0.2344,0.0056,0.3060,0.5701,0.7007,0.0015,0.0315,0.0786
511.4710,0.7462,0.2882,0.0124,0.4760,0.5880,0.6833,0.0106,0.0156,0.0697
527.5285,0.3428,0.1772,0.0437,0.4526,0.5935,0.7974,0.0166,0.0253,0.1072
496.0622,0.3282,0.2860,0.0099,0.4641,0.5990,0.7685,0.0026,0.0244,0.1964
364.1704,0.3579,0.1649,0.0288,0.3366,0.3821,0.7621,0.0054,0.0074,0.0772
530.8135,0.3990,0.1105,0.0228,0.4022,0.4615,0.7859,0.0011,0.0094,0.0261
543.2586,0.7563,0.1752,0.0397,0.4876,0.5902,0.7164,0.0091,0.0142,0.0043
556.7999,0.3437,0.0939,0.0042,0.2653,0.5741,0.6576,0.0038,0.0132,0.0621
578.1520,0.4082,0.1804,0.0086,0.4301,0.5648,0.7479,0.0089,0.2284,0.0032
445.5795,0.3501,0.1592,0.0056,0.4842,0.4874,0.7469,0.0161,0.0894,0.1223
406.7507,0.3710,0.1029,0.0023,0.0484,0.1578,0.7887,0.0112,0.0368,0.0764
451.0596,0.3141,0.1983,0.0266,0.0102,0.5452,0.6488,0.0002,0.0052,0.0384
285.2873,0.4322,0.1135,0.0099,0.0047,0.2113,0.7334,0.0001,0.0355,0.0690
556.5769,0.4347,0.1474,0.0074,0.3770,0.5374,0.7961,0.0132,0.0910,0.0253
482.1770,0.3137,0.1847,0.0068,0.4593,0.5773,0.7930,0.0018,0.2285,0.1685
430.4017,0.3479,0.1106,0.0203,0.3557,0.4897,0.7287,0.0147,0.0420,0.0257
576.6822,0.3178,0.1629,0.0128,0.4812,0.2874,0.6790,0.0040,0.0024,0.0256
452.7801,0.3106,0.2332,0.0119,0.1560,0.5274,0.7639,0.0057,0.0416,0.0475
395.5726,0.4125,0.2979,0.0055,0.4272,0.5495,0.7823,0.0054,0.0249,0.0199
383.6858,0.3967,0.1087,0.0085,0.0003,0.5328,0.4754,0.0139,0.0074,0.0838
455.8591,0.3355,0.1520,0.0176,0.0426,0.3412,0.7981,0.0034,0.1064,0.0100
578.0025,0.3262,0.2067,0.0168,0.3368,0.5968,0.7074,0.0064,0.1445,0.0217
582.6924,0.5889,0.2557,0.0038,0.4350,0.5329,0.7310,0.0040,0.0434,0.0733
473.4287,0.5434,0.1326,0.0016,0.4148,0.5516,0.7381,0.0062,0.0689,0.0182
596.3735,0.3998,0.1490,0.0178,0.4190,0.5691,0.6744,0.0164,0.0416,0.0448
406.3729,0.4211,0.1922,0.0082,0.4917,0.5826,0.6975,0.0105,0.1551,0.0186
505.8320,0.3699,0.1711,0.0060,0.4071,0.5311,0.6947,0.0044,0.0129,0.1839
546.5160,0.3298,0.2153,0.0027,0.4820,0.4569,0.6295,0.0197,0.0742,0.0106
359.5613,0.3943,0.1307,0.0111,0.0197,0.5917,0.4444,0.0136,0.0752,0.0113
412.2309,0.3545,0.1438,0.0227,0.1013,0.5846,0.7824,0.0025,0.0963,0.0449
361.7305,0.4100,0.1939,0.0019,0.4073,0.4751,0.7508,0.0071,0.0976,0.0272
540.8774,0.3907,0.2299,0.0212,0.3691,0.5943,0.7521,0.0151,0.0704,0.0095
491.2401,0.3418,0.1637,0.0115,0.3061,0.4663,0.7696,0.0185,0.0384,0.0798
592.5626,0.8626,0.2024,0.0104,0.4776,0.5552,0.4826,0.0025,0.0102,0.0702
561.1064,0.3769,0.2127,0.0080,0.3635,0.5093,0.5868,0.0032,0.0251,0.0097
569.4908,0.3736,0.1856,0.0302,0.4706,0.5545,0.7019,0.0078,0.0592,0.0813
398.3614,0.4210,0.1673,0.0039,0.3353,0.4167,0.7558,0.0108,0.0389,0.0258
408.7811,0.5472,0.2118,0.0259,0.4785,0.5125,0.7522,0.0016,0.0032,0.0247
561.3226,0.3954,0.2784,0.0050,0.4946,0.5937,0.7224,0.0138,0.0979,0.1488
586.9561,0.6348,0.1369,0.0123,0.4442,0.5973,0.7871,0.0034,0.0693,0.0534
354.1771,0.4295,0.1209,0.0027,0.0711,0.4665,0.7177,0.0008,0.0266,0.0795
457.1252,0.7032,0.1708,0.0024,0.4851,0.5854,0.5687,0.0041,0.1074,0.0071
463.8053,0.3218,0.1526,0.0221,0.4406,0.5561,0.6252,0.0141,0.0403,0.0308
383.8382,0.4613,0.1667,0.0079,0.4521,0.4849,0.7125,0.0073,0.0130,0.0596
541.4698,0.3417,0.2041,0.0064,0.3998,0.5662,0.7116,0.0177,0.1567,0.0360
579.9835,0.6035,0.2205,0.0043,0.4862,0.5821,0.5091,0.0186,0.0755,0.0456
448.4841,0.7462,0.2600,0.0034,0.3872,0.5896,0.7832,0.0021,0.0312,0.0037
409.6852,0.3504,0.1282,0.0079,0.0330,0.3324,0.7093,0.0192,0.0522,0.0280
510.7426,0.3631,0.1984,0.0073,0.3307,0.5763,0.7962,0.0112,0.0153,0.1726
285.9954,0.4636,0.0879,0.0033,0.0201,0.2633,0.7810,0.0096,0.0536,0.0285
464.0682,0.3427,0.2127,0.0454,0.4107,0.5997,0.7015,0.0056,0.0028,0.0428
569.3108,0.3513,0.1177,0.0069,0.3812,0.5978,0.6258,0.0125,0.0217,0.0772
497.0965,0.3050,0.1981,0.0034,0.4484,0.3908,0.6838,0.0071,0.0459,0.1074
439.3516,0.6041,0.1640,0.0152,0.3784,0.5569,0.7867,0.0001,0.0138,0.0111
475.0231,0.4788,0.2306,0.0051,0.4405,0.4426,0.7652,0.0035,0.0271,0.0313
291.9448,0.3995,0.1655,0.0036,0.1078,0.4007,0.6617,0.0136,0.0173,0.0494
590.0345,0.3111,0.2096,0.0057,0.4373,0.5002,0.6719,0.0054,0.1849,0.0285
434.5485,0.4362,0.1215,0.0085,0.4770,0.5517,0.6750,0.0196,0.0227,0.0149
564.7411,0.5086,0.1680,0.0231,0.4821,0.5694,0.7377,0.0078,0.0119,0.1407
590.5133,0.3570,0.2471,0.0187,0.4543,0.5727,0.6775,0.0199,0.1155,0.0002
469.5927,0.3257,0.1856,0.0172,0.2982,0.4885,0.5863,0.0003,0.0440,0.0094
555.4439,0.6510,0.2643,0.0112,0.4714,0.5435,0.7655,0.0099,0.0320,0.0744
428.0577,0.3712,0.1361,0.0144,0.3712,0.4378,0.7690,0.0156,0.0190,0.0861
533.0304,0.3044,0.1732,0.0084,0.3547,0.4786,0.7506,0.0067,0.1527,0.0874
510.5196,0.4144,0.2603,0.0044,0.4657,0.5348,0.6534,0.0019,0.0890,0.0492
379.0794,0.4432,0.1950,0.0059,0.3092,0.5580,0.7516,0.0183,0.0152,0.0220
596.0557,0.4226,0.2169,0.0411,0.4479,0.5501,0.7155,0.0036,0.0041,0.0529
546.8028,0.3074,0.1503,0.0283,0.3849,0.4143,0.6821,0.0001,0.0367,0.0533
574.2017,0.5460,0.1731,0.0021,0.4388,0.5365,0.6171,0.0023,0.1172,0.0035
534.8350,0.9576,0.1615,0.0073,0.4990,0.5416,0.7862,0.0091,0.0617,0.0372
443.9855,0.3276,0.1786,0.0037,0.3790,0.3773,0.7583,0.0136,0.1144,0.0596
444.4257,0.7838,0.1411,0.0118,0.4913,0.5250,0.7114,0.0002,0.0053,0.0013
458.4127,0.3788,0.1869,0.0076,0.2790,0.5555,0.7079,0.0096,0.0887,0.0077
544.1462,0.3038,0.2522,0.0091,0.4978,0.5332,0.5560,0.0106,0.0148,0.0274
355.3241,0.5332,0.1829,0.0176,0.4505,0.5680,0.7906,0.0118,0.0243,0.0330
529.2180,0.4652,0.2547,0.0208,0.4844,0.5713,0.7817,0.0086,0.0444,0.1223
582.2649,0.3222,0.1910,0.0024,0.2799,0.3197,0.7805,0.0103,0.0069,0.0500
376.0277,0.3823,0.1854,0.0043,0.0318,0.4118,0.6656,0.0046,0.0208,0.0409
451.3187,0.3368,0.1363,0.0017,0.1073,0.5797,0.7250,0.0199,0.0427,0.1149
543.9231,0.4740,0.1753,0.0062,0.3629,0.5699,0.6944,0.0025,0.0871,0.0259
418.6247,0.3851,0.2667,0.0190,0.4045,0.5549,0.7679,0.0009,0.0425,0.0220
532.7441,0.4961,0.2286,0.0092,0.4541,0.5797,0.4816,0.0098,0.0085,0.0063
356.6259,0.4007,0.0956,0.0093,0.0865,0.5077,0.7966,0.0089,0.0437,0.0673
436.7968,0.3758,0.1359,0.0100,0.2387,0.3863,0.7451,0.0033,0.0168,0.0838
525.9850,0.3157,0.1741,0.0421,0.4450,0.3813,0.7994,0.0029,0.0166,0.0682
504.3761,0.4200,0.2251,0.0274,0.3820,0.5191,0.7545,0.0007,0.0222,0.0097
420.3511,0.3422,0.2414,0.0140,0.1899,0.3525,0.7886,0.0018,0.0013,0.0014
354.9079,0.4439,0.1040,0.0114,0.2547,0.4621,0.7608,0.0085,0.0005,0.0256
568.3614,0.7360,0.1814,0.0011,0.4784,0.5788,0.4474,0.0070,0.0294,0.0649
542.0732,0.3301,0.1392,0.0026,0.0153,0.3249,0.5520,0.0072,0.0251,0.0345
449.6471,0.3794,0.1140,0.0068,0.2984,0.4047,0.6988,0.0177,0.0015,0.0262
377.6942,0.3394,0.1939,0.0035,0.3719,0.5806,0.6410,0.0030,0.0620,0.0682
369.4830,0.3940,0.1055,0.0062,0.4037,0.5343,0.7092,0.0145,0.0496,0.0285
484.4731,0.4030,0.1772,0.0220,0.4772,0.4704,0.7400,0.0022,0.0652,0.0514
435.1648,0.3322,0.1262,0.0107,0.4143,0.5906,0.7812,0.0043,0.0510,0.1443
588.6766,0.4696,0.2105,0.0035,0.4996,0.5074,0.7840,0.0107,0.1944,0.0567
326.8277,0.3969,0.1590,0.0174,0.0350,0.4302,0.5602,0.0107,0.0371,0.0217
442.0393,0.3722,0.2006,0.0048,0.2113,0.5524,0.7982,0.0140,0.0806,0.0031
404.4687,0.5850,0.1565,0.0045,0.4512,0.5240,0.6850,0.0029,0.0312,0.0228
440.4876,0.3356,0.1461,0.0283,0.3104,0.4790,0.6306,0.0098,0.0148,0.0171
573.9471,0.3188,0.1889,0.0171,0.3814,0.4204,0.7852,0.0099,0.0636,0.0660
534.6511,0.3593,0.1408,0.0145,0.4491,0.5024,0.6023,0.0145,0.0046,0.0159
567.1564,0.4113,0.1148,0.0032,0.4434,0.5426,0.7676,0.0065,0.0499,0.1246
360.6318,0.3793,0.1751,0.0306,0.1085,0.4468,0.7830,0.0046,0.0172,0.0181
593.3783,0.6067,0.2877,0.0080,0.4947,0.5390,0.7027,0.0158,0.0776,0.0337
387.2167,0.3237,0.2367,0.0348,0.4776,0.5047,0.7717,0.0085,0.0223,0.0346
351.2186,0.3711,0.1493,0.0233,0.0177,0.3052,0.3757,0.0141,0.0077,0.0376
591.8723,0.4972,0.1909,0.0334,0.4698,0.5780,0.7293,0.0021,0.0413,0.0971
279.3719,0.4452,0.1053,0.0192,0.1374,0.3639,0.7848,0.0100,0.0353,0.0067
416.3052,0.3785,0.1265,0.0238,0.1816,0.4173,0.7373,0.0012,0.0366,0.0308
483.7816,0.4764,0.1646,0.0090,0.4836,0.5264,0.7741,0.0141,0.1101,0.0559
394.3533,0.4390,0.1770,0.0087,0.2436,0.5471,0.6926,0.0027,0.0046,0.0244
453.2853,0.3658,0.2417,0.0022,0.4567,0.5219,0.7133,0.0037,0.0625,0.1172
501.9774,0.3623,0.1337,0.0064,0.3736,0.3635,0.7433,0.0018,0.0843,0.0318
351.1578,0.4360,0.2244,0.0099,0.4755,0.5949,0.7771,0.0126,0.0615,0.0653
517.5639,0.5423,0.2797,0.0070,0.4646,0.5444,0.7879,0.0070,0.0063,0.1218
343.4878,0.3871,0.1739,0.0226,0.4126,0.4671,0.7441,0.0110,0.0476,0.0025
417.6928,0.3349,0.1571,0.0453,0.1773,0.5931,0.6643,0.0113,0.0222,0.0047
523.3284,0.3175,0.2596,0.0228,0.4222,0.5634,0.6731,0.0127,0.0349,0.0242
358.2378,0.3877,0.1504,0.0040,0.1471,0.5413,0.7942,0.0030,0.1075,0.0828
428.5073,0.6389,0.2759,0.0084,0.4273,0.5886,0.7392,0.0048,0.0053,0.0399
401.5588,0.3970,0.1343,0.0028,0.3839,0.5853,0.6784,0.0130,0.1267,0.0075
389.5025,0.3751,0.1021,0.0264,0.3932,0.5610,0.7146,0.0092,0.0154,0.0206
484.5339,0.3380,0.1335,0.0116,0.0277,0.1817,0.4011,0.0011,0.0062,0.0726
422.3233,0.3568,0.1188,0.0051,0.4728,0.3352,0.7967,0.0048,0.0416,0.1551
495.2481,0.3482,0.1891,0.0044,0.1478,0.5947,0.7097,0.0056,0.0024,0.0830
531.8291,0.8537,0.1644,0.0111,0.4368,0.5968,0.6463,0.0144,0.0149,0.0034
571.1574,0.3077,0.1405,0.0016,0.2130,0.3954,0.6506,0.0103,0.0652,0.0469
370.5498,0.4146,0.1427,0.0118,0.3879,0.4540,0.7885,0.0152,0.0301,0.0599
491.8891,0.6026,0.2483,0.0175,0.4853,0.5634,0.7388,0.0019,0.0614,0.0772
420.0965,0.3327,0.1612,0.0039,0.0998,0.2476,0.6809,0.0011,0.0887,0.0025
487.3647,0.4262,0.2731,0.0161,0.4931,0.5195,0.6963,0.0075,0.0051,0.0568
499.6144,0.3042,0.1537,0.0205,0.4075,0.3168,0.7963,0.0018,0.0227,0.1206
452.0976,0.3617,0.0888,0.0126,0.2830,0.5832,0.7522,0.0120,0.0594,0.0230
514.1501,0.7449,0.1523,0.0042,0.5000,0.5963,0.7666,0.0010,0.0434,0.2033
550.6525,0.3381,0.1213,0.0272,0.3324,0.5897,0.7595,0.0037,0.0965,0.0367
413.5873,0.3345,0.2161,0.0016,0.3905,0.1941,0.7691,0.0074,0.0168,0.0355
391.7999,0.3956,0.1499,0.0186,0.4525,0.3317,0.7515,0.0090,0.0217,0.0075
507.6066,0.3273,0.1458,0.0024,0.2467,0.4537,0.7368,0.0028,0.0561,0.1514
327.2368,0.3689,0.1955,0.0090,0.0095,0.2534,0.7824,0.0008,0.0234,0.0569
425.0887,0.3581,0.1656,0.0133,0.4085,0.5818,0.7233,0.0182,0.1091,0.0508
481.6691,0.3207,0.1311,0.0446,0.1436,0.5338,0.7187,0.0043,0.0124,0.0239
572.7995,0.3365,0.2766,0.0237,0.3972,0.5051,0.7137,0.0004,0.0067,0.0235
562.9468,0.3224,0.1794,0.0141,0.4579,0.5343,0.7662,0.0156,0.1744,0.0773
461.7883,0.4694,0.1576,0.0246,0.3784,0.5805,0.7671,0.0094,0.0311,0.0189
454.3384,0.3535,0.2087,0.0081,0.4414,0.4505,0.7848,0.0067,0.0078,0.1750
592.8352,0.3006,0.1495,0.0034,0.0402,0.2591,0.7645,0.0196,0.0153,0.0323
490.7575,0.3316,0.1087,0.0045,0.4916,0.3709,0.7749,0.0144,0.1104,0.0503
400.5982,0.3608,0.1742,0.0061,0.2726,0.4717,0.6144,0.0055,0.0296,0.0482
440.8019,0.3146,0.2198,0.0026,0.3383,0.5148,0.6795,0.0101,0.0522,0.0988
534.9375,0.3817,0.1940,0.0379,0.4184,0.5226,0.7723,0.0055,0.0421,0.0282
382.9033,0.3671,0.1393,0.0386,0.2179,0.2826,0.7343,0.0047,0.0028,0.0207
462.3498,0.3544,0.1240,0.0037,0.3475,0.5499,0.7276,0.0072,0.1920,0.0196
568.7721,0.3254,0.1071,0.0074,0.1975,0.5925,0.5986,0.0194,0.0051,0.0232
577.8325,0.8758,0.2394,0.0019,0.4710,0.5981,0.7851,0.0006,0.0129,0.2759
433.8213,0.3574,0.1689,0.0089,0.0413,0.4922,0.6966,0.0005,0.0789,0.0122
547.3272,0.6774,0.1603,0.0093,0.4676,0.5948,0.7239,0.0123,0.1152,0.0301
596.8524,0.3834,0.1460,0.0137,0.4818,0.5616,0.7806,0.0023,0.0324,0.2654
547.7639,0.4337,0.2199,0.0066,0.4198,0.4336,0.7396,0.0038,0.0085,0.0487
466.6600,0.5708,0.1318,0.0054,0.4771,0.5908,0.6319,0.0103,0.0033,0.0637
465.7691,0.3309,0.2076,0.0149,0.1831,0.4601,0.7683,0.0125,0.0481,0.0007
550.7145,0.4312,0.2591,0.0260,0.4982,0.5682,0.7948,0.0150,0.0691,0.0799
355.6740,0.3982,0.1758,0.0101,0.2975,0.5575,0.6059,0.0024,0.0350,0.0048
459.1432,0.4016,0.1565,0.0056,0.2461,0.5980,0.7860,0.0110,0.0631,0.0560
586.9319,0.6595,0.2136,0.0206,0.4592,0.5586,0.6901,0.0185,0.0401,0.0027
407.8709,0.3618,0.1357,0.0264,0.3108,0.1962,0.7763,0.0023,0.0094,0.0462
551.9742,0.3655,0.2269,0.0039,0.4744,0.5917,0.7545,0.0085,0.1078,0.2323
302.4014,0.4046,0.1414,0.0044,0.4731,0.5521,0.6836,0.0012,0.0027,0.0856
500.0227,0.3502,0.1520,0.0104,0.2982,0.5824,0.6445,0.0097,0.0802,0.0375
495.3955,0.3144,0.1909,0.0341,0.2079,0.5127,0.7496,0.0140,0.0144,0.0184
389.8671,0.4345,0.1477,0.0027,0.3433,0.5675,0.6308,0.0020,0.0815,0.0023
425.1770,0.3693,0.2506,0.0132,0.4772,0.5689,0.7904,0.0072,0.1642,0.0197
500.2391,0.4219,0.0883,0.0010,0.4365,0.5292,0.7893,0.0178,0.0030,0.0293
484.3640,0.3088,0.2155,0.0092,0.4752,0.2923,0.7033,0.0114,0.0255,0.0082
461.9270,0.3260,0.1523,0.0062,0.0816,0.2753,0.4901,0.0079,0.0080,0.0474
544.9916,0.3174,0.1452,0.0099,0.1464,0.5518,0.7413,0.0182,0.0612,0.0434
583.4541,0.9799,0.2383,0.0093,0.4910,0.5651,0.5147,0.0198,0.0010,0.0801
572.6688,0.3035,0.1311,0.0027,0.4650,0.4941,0.7688,0.0143,0.2493,0.0498
472.9593,0.3735,0.1643,0.0212,0.4483,0.4222,0.7502,0.0028,0.0829,0.0210
309.7895,0.3907,0.1811,0.0064,0.0134,0.4064,0.7831,0.0074,0.0840,0.0291
374.2011,0.3857,0.1922,0.0032,0.1770,0.5856,0.7898,0.0021,0.0502,0.0909
408.1167,0.4001,0.1465,0.0253,0.3629,0.4760,0.7591,0.0075,0.0512,0.0061
400.7900,0.3299,0.2205,0.0074,0.2999,0.3619,0.7923,0.0060,0.0650,0.0601
561.5376,0.3114,0.1120,0.0125,0.4045,0.5238,0.7012,0.0091,0.0819,0.0782
440.6222,0.3700,0.1714,0.0108,0.3734,0.5611,0.6100,0.0107,0.0033,0.0659
393.5813,0.4029,0.1023,0.0105,0.2003,0.4590,0.6744,0.0064,0.0356,0.0102
387.1302,0.3771,0.2073,0.0035,0.4167,0.5398,0.6877,0.0120,0.0343,0.0821
391.9359,0.3614,0.1446,0.0127,0.0308,0.5270,0.5058,0.0086,0.0166,0.1042
510.2965,0.5672,0.1915,0.0182,0.4213,0.5809,0.6000,0.0005,0.0047,0.0402
588.4994,0.3123,0.2058,0.0389,0.3403,0.5632,0.7804,0.0073,0.0214,0.0743
592.0205,0.5536,0.1891,0.0049,0.4089,0.5271,0.7613,0.0186,0.0533,0.0094
526.0719,0.3469,0.1449,0.0217,0.3790,0.4713,0.6913,0.0163,0.0006,0.0419
596.5834,0.3062,0.2257,0.0242,0.4466,0.5142,0.6338,0.0017,0.0631,0.0425
504.2849,0.4730,0.2193,0.0111,0.4420,0.5855,0.7361,0.0197,0.0336,0.1033
449.5078,0.3262,0.1434,0.0322,0.3615,0.4478,0.7918,0.0018,0.0176,0.1259
539.7681,0.3216,0.1581,0.0146,0.2790,0.5242,0.7729,0.0004,0.0496,0.1559
543.2892,0.5621,0.1743,0.0298,0.4723,0.5661,0.7608,0.0142,0.0247,0.0401
440.8386,0.4076,0.0998,0.0015,0.4844,0.4776,0.7148,0.0014,0.0800,0.0200
353.2718,0.4447,0.0897,0.0044,0.0121,0.5329,0.3671,0.0055,0.0275,0.0105
412.8188,0.4150,0.1761,0.0141,0.3769,0.5686,0.7356,0.0168,0.0519,0.0361
528.7905,0.3029,0.1803,0.0071,0.1739,0.1866,0.7522,0.0101,0.0201,0.0486
434.7781,0.3629,0.2060,0.0028,0.3869,0.4818,0.6333,0.0049,0.0061,0.0772
289.5027,0.4225,0.1564,0.0247,0.0728,0.5909,0.6662,0.0053,0.0050,0.0251
567.1216,0.3293,0.2654,0.0013,0.3558,0.5836,0.7873,0.0153,0.0776,0.0941
580.3285,0.3127,0.1361,0.0075,0.1005,0.1653,0.6736,0.0113,0.0171,0.0050
456.4488,0.3449,0.1169,0.0018,0.0996,0.4611,0.6000,0.0087,0.0759,0.0392
355.2998,0.7711,0.1665,0.0030,0.4664,0.5921,0.6866,0.0063,0.0162,0.0337
367.6287,0.3790,0.1519,0.0033,0.0270,0.3966,0.4617,0.0008,0.1449,0.0028
520.2687,0.3868,0.1777,0.0166,0.3657,0.3841,0.7927,0.0080,0.0089,0.0192
396.3675,0.3734,0.1230,0.0174,0.0049,0.1397,0.7138,0.0022,0.0446,0.0865
513.6012,0.4363,0.1268,0.0037,0.3037,0.5216,0.7597,0.0059,0.0320,0.0223
428.6974,0.3586,0.1065,0.0386,0.1130,0.3505,0.7879,0.0066,0.0102,0.0275
444.3946,0.5022,0.2083,0.0203,0.4763,0.5020,0.7619,0.0154,0.0347,0.0018
499.5044,0.7320,0.2062,0.0049,0.4652,0.5517,0.7554,0.0040,0.0989,0.0535
534.8042,0.3259,0.1880,0.0251,0.4842,0.5810,0.6871,0.0139,0.0535,0.1231
356.1785,0.3703,0.1694,0.0170,0.2759,0.1271,0.7675,0.0124,0.0205,0.0058
567.3380,0.4434,0.1943,0.0102,0.4708,0.5275,0.6508,0.0072,0.0057,0.1441
501.6148,0.3273,0.1790,0.0085,0.3385,0.4723,0.6712,0.0025,0.1239,0.0268
336.4426,0.4216,0.1012,0.0183,0.1213,0.4485,0.7923,0.0119,0.0560,0.0005
564.3348,0.3429,0.1372,0.0058,0.3891,0.4508,0.7508,0.0012,0.1385,0.0601
401.3711,0.3040,0.2460,0.0016,0.2845,0.5638,0.7212,0.0043,0.0053,0.0371
585.5592,0.3924,0.1956,0.0144,0.4521,0.5786,0.7723,0.0027,0.1254,0.1661
493.0542,0.3318,0.1629,0.0298,0.0376,0.5927,0.7104,0.0003,0.0137,0.0154
564.7718,0.7958,0.1825,0.0100,0.4976,0.5453,0.7351,0.0127,0.0225,0.1062
481.7556,0.3521,0.1254,0.0191,0.2038,0.5692,0.7407,0.0153,0.0057,0.0697
488.2313,0.3930,0.2422,0.0122,0.3256,0.5782,0.7035,0.0065,0.0064,0.0410
474.5501,0.3074,0.1998,0.0254,0.4071,0.5623,0.7549,0.0056,0.1255,0.0783
589.1128,0.5463,0.2866,0.0032,0.4825,0.5724,0.4787,0.0039,0.0845,0.0145
495.1052,0.3367,0.1436,0.0092,0.1751,0.4848,0.5758,0.0062,0.0519,0.0157
331.9669,0.3986,0.1088,0.0118,0.2828,0.3041,0.7331,0.0133,0.0228,0.0182
475.8716,0.3373,0.1228,0.0041,0.2703,0.2506,0.7891,0.0029,0.0215,0.1494
459.7246,0.3303,0.1408,0.0074,0.2043,0.2319,0.7173,0.0186,0.0343,0.0581
569.5781,0.3395,0.1955,0.0082,0.4085,0.4880,0.7888,0.0119,0.0712,0.1351
468.2033,0.4633,0.1737,0.0061,0.4902,0.5630,0.7916,0.0031,0.2091,0.0827
547.1941,0.3115,0.1332,0.0052,0.0229,0.5944,0.4662,0.0076,0.0559,0.0562
299.2126,0.4122,0.1631,0.0055,0.3068,0.4694,0.7620,0.0026,0.0929,0.0295
408.6320,0.5160,0.2331,0.0126,0.4163,0.5944,0.7071,0.0175,0.0152,0.0098
590.3394,0.4499,0.1352,0.0175,0.3706,0.5513,0.7206,0.0086,0.0119,0.0066
409.2814,0.3403,0.1766,0.0070,0.0056,0.2537,0.5761,0.0198,0.0033,0.0946
510.3722,0.3324,0.1219,0.0063,0.3660,0.4976,0.6183,0.0106,0.0414,0.0455
383.9169,0.4268,0.1532,0.0314,0.3880,0.5591,0.7470,0.0132,0.0062,0.0114
469.7844,0.3592,0.1391,0.0224,0.2709,0.5974,0.7031,0.0009,0.0138,0.1086
386.0963,0.3212,0.2676,0.0107,0.2252,0.5451,0.7852,0.0199,0.0136,0.0078
505.9051,0.3357,0.1495,0.0330,0.4721,0.5740,0.7959,0.0160,0.0055,0.1756
483.3706,0.3093,0.1329,0.0139,0.3876,0.4000,0.7767,0.0174,0.0398,0.0403
414.2864,0.3439,0.1810,0.0167,0.4392,0.5757,0.5942,0.0021,0.0239,0.0468
590.2177,0.3677,0.1621,0.0078,0.4022,0.5779,0.7426,0.0061,0.2104,0.0463
434.5155,0.4231,0.1990,0.0064,0.4497,0.5356,0.7434,0.0189,0.0716,0.0625
537.2195,0.5995,0.2297,0.0020,0.4418,0.5463,0.6931,0.0105,0.0154,0.1049
556.6707,0.4029,0.1727,0.0310,0.4397,0.5724,0.6946,0.0073,0.0796,0.0216
383.2891,0.3532,0.1900,0.0032,0.3643,0.4661,0.7660,0.0142,0.0941,0.0758
574.3549,0.4893,0.2216,0.0130,0.4739,0.5527,0.7973,0.0017,0.0870,0.1606
567.1803,0.8735,0.2347,0.0177,0.4597,0.5820,0.7096,0.0117,0.0604,0.0196
318.1459,0.3729,0.2233,0.0187,0.0113,0.1282,0.5977,0.0056,0.0012,0.0013
582.7711,0.6424,0.2498,0.0353,0.4988,0.5760,0.7597,0.0155,0.0507,0.0223
484.0103,0.5797,0.2100,0.0024,0.3862,0.5969,0.7523,0.0088,0.0887,0.0324
549.5916,0.7659,0.2632,0.0061,0.4904,0.5728,0.5420,0.0104,0.0204,0.0978
390.6227,0.3550,0.1326,0.0023,0.1535,0.4766,0.7330,0.0180,0.0255,0.0862
436.7167,0.3204,0.1812,0.0049,0.2036,0.4337,0.6732,0.0027,0.0376,0.0775
443.8141,0.4097,0.0786,0.0018,0.2952,0.4028,0.7936,0.0049,0.0108,0.0034
479.3204,0.3177,0.2542,0.0185,0.3582,0.5329,0.7603,0.0015,0.0257,0.0898
349.6082,0.3642,0.1477,0.0011,0.3777,0.5245,0.7396,0.0079,0.0400,0.1047
445.6651,0.3186,0.1612,0.0327,0.4183,0.5536,0.7125,0.0045,0.0774,0.0475
466.6294,0.7211,0.2187,0.0152,0.4925,0.5670,0.5952,0.0054,0.0326,0.0375
381.8255,0.3818,0.1561,0.0106,0.3815,0.3893,0.7269,0.0001,0.1027,0.0169
445.5121,0.3397,0.2359,0.0078,0.4491,0.5962,0.6598,0.0154,0.1149,0.0156
476.6574,0.3610,0.1021,0.0101,0.0868,0.2559,0.6837,0.0052,0.0053,0.0477
524.2803,0.3037,0.1680,0.0236,0.2113,0.5214,0.7334,0.0161,0.0438,0.0564
366.7552,0.3482,0.1904,0.0178,0.0440,0.1862,0.7779,0.0175,0.0298,0.0169
596.8213,0.9331,0.2034,0.0069,0.4976,0.5845,0.6922,0.0172,0.0030,0.2021
570.2965,0.3162,0.2871,0.0023,0.4239,0.4394,0.7094,0.0185,0.0179,0.0043
365.4365,0.3834,0.1400,0.0117,0.1495,0.3765,0.7496,0.0102,0.1128,0.0010
436.8696,0.3414,0.1221,0.0290,0.1795,0.4683,0.7142,0.0174,0.0001,0.0455
577.8562,0.4192,0.1111,0.0179,0.4868,0.5596,0.6877,0.0151,0.0233,0.0103
579.3243,0.3536,0.1415,0.0419,0.4776,0.5984,0.7130,0.0014,0.1347,0.0053
495.8875,0.4103,0.1587,0.0081,0.3605,0.5581,0.7879,0.0138,0.1458,0.0026
372.5167,0.3415,0.1833,0.0053,0.4780,0.3832,0.7677,0.0005,0.0187,0.1476
438.7832,0.3272,0.1493,0.0100,0.0333,0.3611,0.5716,0.0117,0.0468,0.0050
323.8818,0.3910,0.1165,0.0151,0.4160,0.5210,0.7852,0.0034,0.0224,0.0526
517.3136,0.3464,0.2185,0.0177,0.4143,0.4968,0.7153,0.0058,0.0874,0.0267
458.3201,0.3227,0.1926,0.0316,0.3418,0.4890,0.7514,0.0111,0.0819,0.0028
544.0524,0.3601,0.2543,0.0299,0.4360,0.5761,0.6534,0.0090,0.0034,0.0386
358.9270,0.3709,0.1827,0.0121,0.3602,0.5809,0.7160,0.0164,0.0443,0.0635
452.3746,0.3853,0.1537,0.0014,0.1833,0.5424,0.6466,0.0051,0.0161,0.0629
410.9749,0.4761,0.1364,0.0022,0.3361,0.5108,0.7461,0.0068,0.0130,0.0501
490.0905,0.3134,0.1417,0.0286,0.2430,0.4250,0.7898,0.0034,0.0828,0.0290
398.4092,0.3388,0.2756,0.0020,0.4971,0.4578,0.7986,0.0020,0.0861,0.0601
561.1377,0.3025,0.1662,0.0070,0.3283,0.5566,0.7027,0.0026,0.0693,0.1956
471.0731,0.3289,0.1564,0.0233,0.1478,0.5011,0.7750,0.0044,0.1171,0.0064
345.3024,0.3744,0.1682,0.0411,0.1812,0.5928,0.6771,0.0079,0.0045,0.0022
473.0342,0.4908,0.1801,0.0118,0.3875,0.5364,0.6684,0.0056,0.0240,0.0118
379.0076,0.3902,0.1851,0.0324,0.3742,0.4836,0.7077,0.0024,0.0032,0.0064
442.4621,0.3371,0.1424,0.0169,0.4675,0.5449,0.7430,0.0080,0.1540,0.0648
505.6702,0.3144,0.2164,0.0074,0.3798,0.5472,0.5948,0.0038,0.0430,0.0732
546.6691,0.3606,0.1678,0.0109,0.4469,0.3792,0.7773,0.0191,0.0201,0.0594
514.1811,0.5507,0.1982,0.0156,0.4836,0.5576,0.7067,0.0159,0.0705,0.0462
521.0141,0.8666,0.1803,0.0081,0.4655,0.5908,0.7984,0.0059,0.0818,0.0819
510.6625,0.3097,0.1810,0.0312,0.2666,0.5331,0.6944,0.0096,0.0039,0.0697
587.1437,0.5809,0.1842,0.0013,0.4716,0.4883,0.6234,0.0027,0.0251,0.0767
464.2006,0.3745,0.2304,0.0173,0.4758,0.5097,0.7892,0.0147,0.0142,0.1189
559.6393,0.4285,0.1309,0.0214,0.4225,0.5891,0.7920,0.0003,0.1529,0.0096
318.5550,0.3901,0.1242,0.0073,0.0328,0.5568,0.7603,0.0155,0.0156,0.0319
384.2068,0.4045,0.2123,0.0057,0.4795,0.5948,0.5810,0.0067,0.0438,0.0025
333.4822,0.3820,0.1334,0.0219,0.0433,0.4856,0.6087,0.0037,0.0424,0.0040
457.2039,0.4459,0.1642,0.0030,0.4138,0.3955,0.7637,0.0114,0.0199,0.0277
581.4813,0.3016,0.2050,0.0113,0.4845,0.4691,0.7628,0.0036,0.1856,0.0946
391.3171,0.3864,0.0995,0.0080,0.1381,0.4354,0.7806,0.0123,0.0448,0.0697
304.1312,0.4482,0.1168,0.0034,0.1799,0.3790,0.7098,0.0014,0.0462,0.0383
442.7764,0.3973,0.1706,0.0084,0.3107,0.5695,0.7201,0.0054,0.0689,0.0635
590.7513,0.3728,0.1925,0.0101,0.4622,0.4255,0.7931,0.0135,0.1088,0.0291
455.3348,0.3168,0.1804,0.0210,0.1324,0.5473,0.7904,0.0076,0.0541,0.0721
577.4784,0.3089,0.1257,0.0218,0.4892,0.2878,0.7151,0.0021,0.0184,0.0264
546.5785,0.3355,0.1111,0.0496,0.3773,0.5771,0.7973,0.0065,0.0387,0.0031
392.9630,0.4227,0.2412,0.0146,0.4192,0.5257,0.7384,0.0085,0.0288,0.0060
441.7900,0.3462,0.1849,0.0140,0.0295,0.3543,0.6777,0.0142,0.0048,0.0062
471.2890,0.4443,0.1823,0.0093,0.4800,0.5982,0.5370,0.0087,0.0137,0.0537
569.9909,0.7542,0.2410,0.0186,0.4972,0.5958,0.6203,0.0076,0.0864,0.0787
496.8582,0.3426,0.2528,0.0254,0.4408,0.4756,0.7868,0.0007,0.0298,0.0631
351.6387,0.3829,0.1593,0.0068,0.1334,0.2496,0.5591,0.0016,0.0195,0.0441
474.7670,0.5163,0.2695,0.0206,0.4487,0.5917,0.7122,0.0099,0.0484,0.0029
588.8898,0.3648,0.1867,0.0046,0.3805,0.5506,0.4883,0.0008,0.0121,0.0187
349.5504,0.4250,0.1073,0.0046,0.0880,0.1660,0.4609,0.0034,0.0010,0.0138
448.2442,0.3644,0.1299,0.0151,0.4922,0.5875,0.7733,0.0179,0.0773,0.1241
550.3116,0.5900,0.1439,0.0066,0.4865,0.5659,0.6392,0.0096,0.1039,0.0070
431.5241,0.3392,0.1883,0.0030,0.4632,0.2232,0.7270,0.0066,0.0218,0.0349
597.6139,0.3307,0.1180,0.0038,0.1652,0.4637,0.7790,0.0032,0.0598,0.0394
570.3974,0.3853,0.2265,0.0395,0.4939,0.5209,0.7284,0.0059,0.0740,0.0072
530.8601,0.3934,0.2163,0.0264,0.4883,0.5920,0.6417,0.0127,0.0262,0.0895
579.4438,0.7912,0.2427,0.0098,0.4549,0.5102,0.7409,0.0019,0.0467,0.0082
479.1797,0.3573,0.1365,0.0046,0.3152,0.4466,0.5704,0.0057,0.0070,0.0179
404.4115,0.3208,0.1851,0.0013,0.2656,0.5287,0.7548,0.0110,0.0567,0.0607
543.6485,0.3716,0.2467,0.0028,0.4839,0.5680,0.6653,0.0088,0.1398,0.0936
278.9001,0.4386,0.0996,0.0112,0.0217,0.4176,0.4764,0.0025,0.0096,0.0189
513.1694,0.4825,0.1676,0.0084,0.4561,0.5644,0.6014,0.0184,0.0375,0.0227
416.6576,0.3741,0.1164,0.0066,0.0346,0.3656,0.5452,0.0137,0.0106,0.0772
418.8782,0.3475,0.1806,0.0096,0.3968,0.4678,0.7115,0.0069,0.0310,0.1211
471.7917,0.3536,0.1783,0.0069,0.1674,0.4961,0.6620,0.0019,0.0751,0.0012
467.1912,0.3136,0.1706,0.0261,0.3269,0.5677,0.7668,0.0168,0.0096,0.1507
508.3868,0.3773,0.1183,0.0155,0.4306,0.5443,0.7307,0.0013,0.0086,0.1421
593.6541,0.3909,0.1393,0.0022,0.4270,0.5060,0.6304,0.0195,0.0541,0.0076
529.0066,0.4372,0.1845,0.0050,0.4927,0.4241,0.6977,0.0048,0.0323,0.0708
499.3093,0.8697,0.2750,0.0035,0.4296,0.5690,0.7117,0.0008,0.0261,0.0330
411.2700,0.3607,0.1418,0.0073,0.1246,0.4905,0.7406,0.0007,0.1120,0.0725
435.2243,0.5745,0.2154,0.0073,0.3533,0.5870,0.7290,0.0124,0.0018,0.0014
377.3219,0.3917,0.1263,0.0126,0.0182,0.2406,0.7345,0.0116,0.0190,0.0692
493.9595,0.3288,0.1227,0.0208,0.2826,0.3584,0.7511,0.0153,0.0532,0.0191
330.7127,0.3784,0.1347,0.0044,0.1208,0.3709,0.7258,0.0085,0.0493,0.0109
592.6992,0.3049,0.2037,0.0150,0.4140,0.5749,0.6300,0.0085,0.1693,0.0066
465.2361,0.3442,0.1698,0.0059,0.0058,0.4236,0.3339,0.0007,0.0205,0.0541
417.0667,0.3246,0.1532,0.0123,0.4977,0.5767,0.7312,0.0047,0.0653,0.0948
562.1871,0.5011,0.1192,0.0075,0.4898,0.5055,0.7815,0.0060,0.0089,0.0926
441.0683,0.3560,0.1123,0.0028,0.1821,0.2424,0.7849,0.0135,0.0922,0.0382
556.3508,0.6654,0.2740,0.0203,0.4947,0.5312,0.7859,0.0068,0.0268,0.0537
430.6114,0.3869,0.1499,0.0055,0.3479,0.3874,0.7506,0.0187,0.0346,0.0318
467.0387,0.3347,0.2268,0.0020,0.2905,0.5866,0.5579,0.0034,0.0470,0.0167
460.0750,0.3978,0.0968,0.0051,0.2102,0.4925,0.6900,0.0043,0.0012,0.0271
593.5011,0.4123,0.1955,0.0255,0.4556,0.5252,0.6792,0.0005,0.0166,0.1001
536.4169,0.7313,0.2074,0.0028,0.4338,0.5888,0.4912,0.0066,0.0069,0.0544
509.8359,0.3515,0.2122,0.0227,0.3228,0.4986,0.7543,0.0131,0.0008,0.0341
513.3459,0.5048,0.2296,0.0317,0.4265,0.5914,0.7714,0.0019,0.0750,0.0085
464.9191,0.3284,0.1989,0.0365,0.4342,0.4752,0.7279,0.0075,0.0185,0.0436
337.3871,0.3759,0.1882,0.0064,0.3931,0.5708,0.7555,0.0047,0.1312,0.0527
496.2445,0.3112,0.2155,0.0190,0.4563,0.4343,0.7119,0.0090,0.0499,0.0533
530.5976,0.4161,0.1494,0.0015,0.3942,0.5643,0.6867,0.0074,0.0637,0.1084
597.6053,0.5604,0.2072,0.0079,0.4492,0.5953,0.7651,0.0118,0.1603,0.0702
450.4118,0.3239,0.1501,0.0167,0.1152,0.4954,0.7043,0.0168,0.0489,0.0232
278.3139,0.4564,0.1330,0.0056,0.0062,0.4944,0.5226,0.0072,0.0701,0.0059
552.1967,0.5470,0.2497,0.0053,0.3888,0.5623,0.7126,0.0066,0.0301,0.0378
419.5863,0.3734,0.2726,0.0040,0.3809,0.5202,0.7864,0.0028,0.0487,0.0457
435.9451,0.3834,0.1534,0.0253,0.2308,0.4386,0.7794,0.0002,0.0046,0.0460
290.5604,0.4031,0.2010,0.0031,0.2920,0.3919,0.7465,0.0094,0.0029,0.0315
521.7978,0.6269,0.2304,0.0070,0.4816,0.5977,0.7253,0.0005,0.2433,0.0274
581.7991,0.3075,0.1726,0.0120,0.4244,0.5668,0.7729,0.0162,0.1325,0.1557
458.0547,0.3602,0.1455,0.0065,0.4233,0.3330,0.7156,0.0038,0.0742,0.0279
533.6647,0.3000,0.1701,0.0031,0.1404,0.3976,0.6006,0.0112,0.0509,0.0510
478.3789,0.3921,0.1612,0.0012,0.4655,0.5831,0.7593,0.0134,0.1323,0.1627
472.5265,0.3629,0.1033,0.0170,0.0149,0.1001,0.5510,0.0001,0.0126,0.0401
376.7117,0.4149,0.0892,0.0068,0.0029,0.1871,0.7802,0.0182,0.0419,0.0004
451.7175,0.6312,0.2384,0.0100,0.4689,0.5786,0.6954,0.0039,0.0285,0.0982
518.1261,0.3045,0.1874,0.0370,0.4880,0.5277,0.7800,0.0117,0.0861,0.0923
526.5544,0.4577,0.2839,0.0114,0.4767,0.5034,0.7380,0.0055,0.0474,0.0278
356.1202,0.5203,0.2280,0.0024,0.4584,0.5071,0.7642,0.0149,0.0298,0.0057
595.6658,0.6941,0.2724,0.0046,0.4594,0.5748,0.6643,0.0037,0.1415,0.0274
456.0947,0.3177,0.1673,0.0013,0.2322,0.1604,0.6778,0.0035,0.0310,0.0227
566.3602,0.4244,0.1716,0.0184,0.4670,0.5323,0.7882,0.0096,0.0459,0.1393
535.6119,0.3450,0.1466,0.0054,0.4570,0.5722,0.5742,0.0114,0.0167,0.0984
572.9861,0.3085,0.2221,0.0021,0.4050,0.4043,0.7666,0.0067,0.0702,0.1060
388.1783,0.3367,0.1761,0.0442,0.4855,0.5707,0.7514,0.0054,0.0359,0.0613
505.4464,0.4993,0.2570,0.0119,0.4839,0.5757,0.6379,0.0007,0.1206,0.0319
507.4354,0.3212,0.1069,0.0233,0.2392,0.5409,0.7425,0.0093,0.0206,0.0421
422.4760,0.3959,0.1257,0.0375,0.4235,0.4563,0.7688,0.0081,0.0029,0.0044
442.5600,0.3457,0.1669,0.0098,0.1137,0.3380,0.7903,0.0194,0.0567,0.0088
424.3948,0.7426,0.2851,0.0020,0.4620,0.5796,0.7335,0.0017,0.0075,0.0888
521.0335,0.3183,0.1569,0.0124,0.3226,0.3948,0.6558,0.0055,0.0428,0.0484
353.8274,0.3772,0.1395,0.0083,0.0100,0.2696,0.3945,0.0122,0.0132,0.0938
587.5629,0.3598,0.2372,0.0089,0.2569,0.5941,0.7152,0.0102,0.0209,0.0080
501.7124,0.4261,0.1880,0.0424,0.4053,0.5558,0.7964,0.0025,0.0366,0.0142
523.3763,0.3013,0.1135,0.0269,0.4683,0.4434,0.7555,0.0011,0.0042,0.0223
382.4544,0.4006,0.1030,0.0158,0.1511,0.5845,0.7915,0.0014,0.0192,0.0976
452.3116,0.3678,0.1746,0.0163,0.2907,0.4199,0.7271,0.0158,0.0151,0.0075
472.6022,0.4495,0.2256,0.0042,0.3528,0.5480,0.7017,0.0181,0.0190,0.0048
540.4904,0.5147,0.1433,0.0244,0.4297,0.5989,0.6956,0.0082,0.0269,0.0218
379.6567,0.3543,0.1814,0.0345,0.0521,0.2521,0.7939,0.0128,0.0096,0.0024
491.6216,0.5649,0.1937,0.0081,0.4927,0.4631,0.7328,0.0053,0.0120,0.0695
463.0250,0.4922,0.2177,0.0026,0.4711,0.5850,0.6725,0.0050,0.2077,0.0025
327.6794,0.4058,0.1296,0.0018,0.0586,0.3946,0.5884,0.0126,0.0211,0.1057
437.7746,0.3384,0.1594,0.0200,0.4220,0.4847,0.7390,0.0024,0.0455,0.1376
387.3992,0.3633,0.1467,0.0136,0.0707,0.3915,0.3885,0.0036,0.0001,0.0498
526.0480,0.3101,0.2773,0.0078,0.4145,0.5120,0.6313,0.0108,0.0192,0.0136
421.8540,0.3823,0.2175,0.0093,0.3204,0.5494,0.7888,0.0094,0.1024,0.0106
596.6143,0.3458,0.1071,0.0104,0.4738,0.4613,0.6968,0.0061,0.0443,0.0396
583.0779,0.3164,0.1026,0.0067,0.3716,0.5371,0.7714,0.0121,0.0187,0.1681
475.3456,0.3758,0.1661,0.0051,0.4033,0.5593,0.6175,0.0081,0.0855,0.0413
503.5287,0.6718,0.1914,0.0037,0.4893,0.5943,0.7876,0.0139,0.1768,0.0697
487.2533,0.3224,0.1549,0.0205,0.0043,0.1432,0.3729,0.0030,0.0104,0.0751
423.1744,0.3466,0.1676,0.0142,0.4961,0.2399,0.7547,0.0017,0.0541,0.0252
583.2943,0.4552,0.1698,0.0096,0.4871,0.5737,0.6667,0.0002,0.0856,0.1782
490.9958,0.3159,0.1479,0.0196,0.4991,0.5337,0.7025,0.0184,0.1130,0.0447
539.7980,0.6973,0.1658,0.0026,0.4498,0.5045,0.7395,0.0084,0.0301,0.0200
482.3128,0.3277,0.2087,0.0110,0.2311,0.5839,0.6355,0.0178,0.0459,0.0013
367.4111,0.3950,0.1780,0.0169,0.3510,0.4235,0.7232,0.0073,0.0233,0.0162
415.3444,0.3696,0.1597,0.0084,0.1581,0.4080,0.6935,0.0031,0.0218,0.0735
504.5321,0.3521,0.1551,0.0159,0.3503,0.4616,0.7773,0.0049,0.0871,0.0616
461.5200,0.6755,0.2775,0.0130,0.4922,0.5820,0.7572,0.0105,0.0764,0.0331
487.9216,0.3296,0.2295,0.0038,0.3233,0.3493,0.7308,0.0107,0.0295,0.0049
556.1948,0.5634,0.2489,0.0016,0.4515,0.5704,0.6025,0.0119,0.0395,0.0876
516.6581,0.5553,0.2582,0.0161,0.4410,0.5302,0.7674,0.0088,0.0103,0.0289
429.0455,0.3429,0.1748,0.0030,0.0551,0.5893,0.7747,0.0190,0.0664,0.0433
389.0810,0.4073,0.1363,0.0036,0.4602,0.2434,0.7721,0.0072,0.0365,0.0184
544.4218,0.5189,0.1506,0.0027,0.4242,0.5745,0.7454,0.0143,0.1133,0.0304
506.8097,0.3334,0.1399,0.0175,0.2234,0.3712,0.6930,0.0010,0.0404,0.0403
411.0333,0.3256,0.1946,0.0169,0.3982,0.1312,0.7505,0.0093,0.0046,0.0056
362.9350,0.4383,0.1509,0.0085,0.0795,0.2091,0.7834,0.0010,0.0029,0.0001
470.0162,0.3107,0.2011,0.0017,0.4914,0.4192,0.6378,0.0004,0.1186,0.0237
427.6427,0.3452,0.1208,0.0044,0.4321,0.4935,0.7030,0.0151,0.0944,0.0348
573.7062,0.3236,0.2591,0.0085,0.3896,0.5700,0.6853,0.0036,0.0095,0.1533
482.4653,0.3062,0.1565,0.0351,0.1359,0.5413,0.6765,0.0024,0.0085,0.0142
494.4429,0.5936,0.2894,0.0025,0.4774,0.5112,0.7809,0.0050,0.0677,0.0237
552.2790,0.3051,0.1842,0.0029,0.3570,0.2835,0.6443,0.0037,0.0016,0.0455
406.0273,0.3654,0.1942,0.0064,0.0818,0.4493,0.7950,0.0113,0.0252,0.0234
579.6835,0.5363,0.2800,0.0152,0.4737,0.5962,0.5571,0.0168,0.0196,0.0439
484.6461,0.4201,0.2633,0.0068,0.4695,0.5551,0.7307,0.0057,0.0116,0.1558
327.0932,0.4235,0.1044,0.0084,0.0426,0.5955,0.6594,0.0171,0.0398,0.0414
499.2015,0.3310,0.1826,0.0186,0.2632,0.5717,0.7883,0.0072,0.1213,0.0371
500.5213,0.3118,0.1322,0.0110,0.4311,0.2578,0.7541,0.0049,0.0361,0.0533
334.2106,0.3561,0.2094,0.0060,0.3244,0.4346,0.6786,0.0016,0.0409,0.0178
465.0216,0.9343,0.1690,0.0179,0.4842,0.5890,0.7106,0.0065,0.0288,0.0307
463.0336,0.3499,0.1271,0.0076,0.1322,0.4748,0.6236,0.0101,0.0128,0.0807
447.8908,0.3243,0.2022,0.0125,0.0309,0.1967,0.7793,0.0122,0.0346,0.0056
475.1878,0.7671,0.2512,0.0014,0.4997,0.5216,0.6460,0.0139,0.0353,0.0315
379.4522,0.3753,0.1214,0.0089,0.0809,0.2788,0.5966,0.0075,0.0470,0.0537
305.2860,0.3801,0.2109,0.0043,0.3999,0.2548,0.7759,0.0160,0.0002,0.0059
536.8008,0.3845,0.1761,0.0097,0.2828,0.5349,0.6600,0.0029,0.0113,0.0434
408.8489,0.3092,0.2396,0.0081,0.4393,0.5576,0.7602,0.0169,0.0922,0.0663
497.0416,0.9408,0.2701,0.0058,0.4919,0.5616,0.6035,0.0155,0.0541,0.0093
312.4792,0.4371,0.1124,0.0013,0.1013,0.3479,0.6439,0.0163,0.0481,0.0138
410.3377,0.4622,0.2073,0.0333,0.4633,0.5965,0.7968,0.0009,0.0558,0.0644
474.2087,0.3024,0.1694,0.0230,0.4711,0.4724,0.7805,0.0131,0.1550,0.0116
599.5163,0.3746,0.1401,0.0048,0.4897,0.5132,0.7386,0.0042,0.0260,0.2405
378.8105,0.5510,0.1625,0.0030,0.4975,0.5533,0.6960,0.0052,0.0446,0.0816
265.9278,0.4247,0.1586,0.0012,0.0288,0.4526,0.7989,0.0006,0.0123,0.0950
453.5414,0.3610,0.2027,0.0235,0.4647,0.3747,0.7661,0.0098,0.0129,0.0274
563.7977,0.3382,0.2320,0.0052,0.4502,0.5406,0.7847,0.0187,0.1798,0.0613
460.8265,0.4537,0.1284,0.0091,0.4017,0.4949,0.7878,0.0063,0.0279,0.0623
510.7918,0.6301,0.1743,0.0108,0.3938,0.5721,0.7140,0.0031,0.0468,0.0036
439.8403,0.3016,0.1945,0.0182,0.3149,0.5601,0.7157,0.0133,0.0390,0.0118
537.0172,0.3880,0.2515,0.0065,0.4217,0.5764,0.7740,0.0148,0.0929,0.0891
535.7335,0.3660,0.2194,0.0288,0.4261,0.5523,0.7518,0.0086,0.0542,0.0608
491.9682,0.3169,0.1772,0.0136,0.0870,0.5173,0.6431,0.0163,0.0445,0.0134
490.8553,0.3473,0.1692,0.0432,0.4343,0.5688,0.7881,0.0024,0.1291,0.0193
309.3801,0.4202,0.1552,0.0075,0.1577,0.1051,0.7752,0.0016,0.0602,0.0126
484.8300,0.3270,0.1169,0.0050,0.3228,0.5923,0.6954,0.0169,0.1141,0.0379
534.6200,0.3198,0.2585,0.0039,0.4763,0.4181,0.7903,0.0176,0.0234,0.1025
415.2524,0.3381,0.1578,0.0308,0.2211,0.4509,0.7971,0.0166,0.0338,0.0554
545.8977,0.3099,0.1432,0.0255,0.1387,0.5231,0.7833,0.0150,0.0675,0.0068
461.1310,0.3348,0.1346,0.0154,0.0739,0.2993,0.5340,0.0060,0.0134,0.0559
470.2948,0.3851,0.1233,0.0117,0.4563,0.4032,0.7690,0.0010,0.0884,0.0380
575.3875,0.3124,0.1565,0.0179,0.4415,0.5806,0.7503,0.0124,0.2544,0.0133
420.3751,0.3817,0.1257,0.0032,0.2325,0.5641,0.6045,0.0060,0.0200,0.0733
463.2142,0.3398,0.2056,0.0058,0.1595,0.3650,0.7870,0.0106,0.0430,0.0025
418.4155,0.5262,0.2104,0.0147,0.4898,0.5990,0.7150,0.0040,0.1200,0.0493
552.7702,0.3498,0.1860,0.0192,0.4977,0.4829,0.7965,0.0054,0.1012,0.1373
303.3630,0.3971,0.1472,0.0133,0.4964,0.5232,0.7121,0.0030,0.0187,0.0509
599.1382,0.3207,0.1886,0.0088,0.4546,0.5606,0.6681,0.0048,0.0662,0.2103
523.5173,0.3571,0.1430,0.0122,0.4026,0.3536,0.7352,0.0195,0.0162,0.0075
550.3354,0.7021,0.2055,0.0136,0.4717,0.5899,0.5879,0.0148,0.0770,0.0182
469.1739,0.6337,0.2336,0.0247,0.4577,0.5937,0.7445,0.0128,0.0389,0.0144
448.2684,0.9523,0.2206,0.0051,0.4757,0.5644,0.6995,0.0028,0.1043,0.0043
452.2264,0.3337,0.1454,0.0474,0.3535,0.3770,0.7635,0.0049,0.0031,0.0295
447.5959,0.3552,0.1227,0.0011,0.0583,0.1191,0.6312,0.0115,0.0607,0.0495
474.3538,0.3355,0.2388,0.0034,0.4147,0.4594,0.7177,0.0016,0.1000,0.0455
369.4462,0.3675,0.1500,0.0027,0.0683,0.1758,0.4930,0.0193,0.0101,0.0648
537.0484,0.3059,0.1288,0.0054,0.2554,0.5510,0.7468,0.0036,0.0468,0.1573
323.1083,0.4449,0.1475,0.0021,0.2320,0.3539,0.7908,0.0025,0.0699,0.0147
401.6411,0.3416,0.1912,0.0225,0.2922,0.4629,0.7582,0.0079,0.0690,0.0338
409.0228,0.3911,0.1406,0.0101,0.3552,0.5986,0.7952,0.0057,0.0446,0.1746
535.4790,0.3135,0.1719,0.0336,0.3909,0.5372,0.6665,0.0080,0.0000,0.0840
389.3813,0.3539,0.1425,0.0218,0.0075,0.5479,0.5495,0.0055,0.0041,0.0695
538.2451,0.4209,0.1646,0.0200,0.4739,0.5790,0.7091,0.0011,0.1855,0.0264
336.7118,0.3936,0.1558,0.0089,0.1135,0.5508,0.6774,0.0159,0.0206,0.0658
388.0360,0.3710,0.2053,0.0188,0.4244,0.5353,0.7080,0.0139,0.0198,0.0442
460.9719,0.4011,0.1766,0.0043,0.4368,0.5736,0.6229,0.0069,0.0675,0.0805
591.1697,0.5447,0.2224,0.0143,0.4322,0.5481,0.7896,0.0155,0.0385,0.0563
374.6141,0.3588,0.1715,0.0112,0.0245,0.3009,0.7977,0.0063,0.1104,0.0195
587.6476,0.3035,0.2078,0.0294,0.3170,0.5119,0.7441,0.0092,0.0370,0.0398
453.6334,0.3077,0.1773,0.0393,0.3988,0.4178,0.7245,0.0108,0.0062,0.0248
544.7638,0.3221,0.1060,0.0189,0.1539,0.4515,0.7313,0.0146,0.0122,0.0370
399.0312,0.3851,0.1641,0.0018,0.0285,0.1852,0.6853,0.0041,0.0513,0.0199
521.1756,0.3724,0.2344,0.0012,0.3578,0.4413,0.7587,0.0061,0.0120,0.0680
443.4879,0.5083,0.2026,0.0112,0.4999,0.5727,0.7900,0.0185,0.0190,0.1637
566.4311,0.4359,0.2198,0.0197,0.4944,0.5474,0.6223,0.0090,0.0111,0.1053
535.6560,0.3348,0.2251,0.0095,0.4921,0.4936,0.7076,0.0121,0.0376,0.1409
355.2725,0.3778,0.1168,0.0015,0.2526,0.1978,0.7882,0.0143,0.0330,0.0457
522.8886,0.3191,0.1618,0.0064,0.0652,0.5731,0.5491,0.0086,0.0602,0.0171
560.6460,0.6042,0.1909,0.0034,0.3924,0.5602,0.7450,0.0107,0.0209,0.0616
437.4969,0.3513,0.2079,0.0179,0.3946,0.5935,0.6676,0.0018,0.0100,0.1255
288.5417,0.4122,0.1310,0.0097,0.0808,0.4840,0.6396,0.0085,0.0116,0.0329
515.1520,0.3712,0.1334,0.0091,0.4517,0.5913,0.6907,0.0050,0.2054,0.0138
487.3957,0.4658,0.1574,0.0024,0.4576,0.4635,0.6343,0.0046,0.0238,0.0289
481.7918,0.3418,0.1054,0.0033,0.2561,0.5208,0.5458,0.0004,0.0050,0.0460
599.4246,0.3433,0.1149,0.0345,0.4285,0.5952,0.7208,0.0151,0.0287,0.0198
375.4375,0.3640,0.1720,0.0205,0.3135,0.5718,0.7472,0.0005,0.0270,0.1341
501.4971,0.3350,0.1388,0.0022,0.3358,0.4061,0.7736,0.0116,0.1564,0.0331
539.5435,0.3264,0.1032,0.0110,0.2713,0.3765,0.7045,0.0067,0.0236,0.0513
475.5117,0.3205,0.2136,0.0098,0.4306,0.5128,0.7971,0.0087,0.1204,0.1278
557.2462,0.3058,0.1589,0.0092,0.1988,0.2685,0.7099,0.0017,0.0835,0.0096
495.8319,0.4967,0.1829,0.0115,0.4228,0.5549,0.7145,0.0019,0.1014,0.0316
497.8238,0.3237,0.1455,0.0246,0.1674,0.5899,0.6040,0.0081,0.0397,0.0252
525.8836,0.3859,0.1058,0.0058,0.3871,0.5585,0.7794,0.0102,0.0729,0.0627
358.5471,0.6234,0.1444,0.0090,0.4230,0.5772,0.7863,0.0096,0.0178,0.0117
475.0745,0.3229,0.1639,0.0136,0.2626,0.3243,0.7629,0.0010,0.0375,0.1126
513.7640,0.3248,0.1969,0.0397,0.4603,0.4600,0.7835,0.0097,0.0797,0.0082
353.6341,0.4113,0.1410,0.0141,0.4637,0.5900,0.6714,0.0101,0.0276,0.0346
408.2992,0.4171,0.1076,0.0037,0.3710,0.3894,0.7183,0.0040,0.0258,0.0236
582.8956,0.3986,0.2170,0.0055,0.4598,0.4960,0.7517,0.0008,0.1211,0.1101
540.2035,0.6869,0.2133,0.0108,0.4771,0.5831,0.6710,0.0077,0.0655,0.1056
484.5707,0.3047,0.1858,0.0290,0.2941,0.5578,0.6152,0.0029,0.0765,0.0014
395.8157,0.5748,0.1794,0.0038,0.4676,0.5713,0.7004,0.0098,0.1024,0.0131
573.8459,0.3766,0.2455,0.0306,0.4505,0.5350,0.7740,0.0170,0.0075,0.0611
482.6076,0.3625,0.1625,0.0039,0.1959,0.5062,0.7829,0.0184,0.0111,0.0735
489.4459,0.3176,0.1746,0.0087,0.0501,0.1904,0.5926,0.0123,0.0214,0.0362
344.6273,0.3619,0.1834,0.0022,0.1934,0.5176,0.6682,0.0138,0.0544,0.0479
467.1198,0.3449,0.1490,0.0129,0.2632,0.4777,0.7238,0.0028,0.0075,0.1439
508.5141,0.3242,0.1396,0.0482,0.4954,0.5012,0.7599,0.0178,0.0107,0.0372
481.2028,0.8148,0.2260,0.0080,0.4764,0.5723,0.7268,0.0070,0.0858,0.0496
431.8510,0.4114,0.2127,0.0159,0.4574,0.5390,0.7796,0.0170,0.0569,0.0629
480.7610,0.3182,0.1543,0.0046,0.3953,0.4249,0.7425,0.0193,0.0520,0.1370
539.8291,0.5852,0.1847,0.0172,0.4651,0.5283,0.7372,0.0136,0.0008,0.0626
561.8151,0.5332,0.1979,0.0059,0.4546,0.5840,0.6329,0.0054,0.0490,0.1474
544.5845,0.3054,0.1547,0.0141,0.0149,0.4805,0.4318,0.0057,0.0399,0.0360
570.5389,0.3320,0.2169,0.0232,0.4321,0.5871,0.7622,0.0150,0.0579,0.1373
577.5905,0.4035,0.1503,0.0093,0.4951,0.4749,0.7917,0.0115,0.0536,0.1408
446.9925,0.3440,0.1876,0.0049,0.4193,0.3897,0.7886,0.0035,0.1911,0.0112
300.1745,0.4224,0.1260,0.0145,0.2833,0.3557,0.7885,0.0007,0.0784,0.0250
440.3413,0.6232,0.2014,0.0073,0.4372,0.5658,0.6501,0.0026,0.0471,0.0282
509.5762,0.3386,0.1669,0.0152,0.3580,0.5772,0.6523,0.0137,0.0551,0.0653
311.5688,0.4138,0.1437,0.0059,0.0344,0.1487,0.4401,0.0122,0.0478,0.0249
591.3004,0.4397,0.1527,0.0025,0.3470,0.5234,0.6785,0.0055,0.0088,0.0557
524.0568,0.3413,0.0822,0.0020,0.2033,0.3561,0.7392,0.0124,0.0317,0.0119
423.3509,0.3510,0.1474,0.0036,0.0472,0.4594,0.6497,0.0078,0.1078,0.0471
418.7497,0.3157,0.2022,0.0286,0.4589,0.3858,0.7479,0.0135,0.0236,0.0368
338.9004,0.3884,0.1360,0.0046,0.2408,0.5932,0.5300,0.0053,0.0118,0.0260
391.5837,0.3488,0.1540,0.0177,0.1299,0.5982,0.6969,0.0161,0.0282,0.0688
540.9049,0.3366,0.1740,0.0042,0.4647,0.4686,0.6992,0.0002,0.1253,0.1191
478.4145,0.3102,0.2835,0.0031,0.3661,0.5420,0.7946,0.0047,0.0284,0.1254
491.2125,0.3957,0.2244,0.0163,0.4017,0.5886,0.7282,0.0037,0.1385,0.0144
540.4662,0.8018,0.2063,0.0084,0.4149,0.5592,0.7772,0.0137,0.0187,0.0067
513.9414,0.5350,0.2530,0.0131,0.4759,0.4729,0.7629,0.0120,0.0027,0.0211
239.6245,0.4578,0.1422,0.0030,0.1654,0.1725,0.7044,0.0021,0.0221,0.0033
526.4792,0.3756,0.1608,0.0125,0.3149,0.5288,0.7808,0.0168,0.0760,0.0186
437.0748,0.3373,0.1551,0.0091,0.1214,0.2028,0.6653,0.0082,0.0996,0.0041
581.2164,0.3406,0.2440,0.0145,0.4926,0.5538,0.7097,0.0098,0.1875,0.0334
397.3450,0.3422,0.1567,0.0059,0.3139,0.2294,0.7081,0.0031,0.0171,0.0509
370.7595,0.3732,0.1303,0.0108,0.1946,0.2182,0.7184,0.0099,0.0225,0.0765
526.2562,0.4022,0.1107,0.0036,0.4494,0.5820,0.6688,0.0062,0.0073,0.1229
315.4820,0.3859,0.1901,0.0035,0.0192,0.1971,0.5793,0.0087,0.0148,0.0776
573.4490,0.4777,0.1922,0.0223,0.4974,0.5219,0.7536,0.0048,0.0843,0.0805
560.9106,0.3401,0.0961,0.0217,0.3362,0.4699,0.7748,0.0090,0.0064,0.0285
405.3990,0.7073,0.2184,0.0069,0.4443,0.5736,0.7637,0.0158,0.0165,0.0319
366.4558,0.4026,0.0944,0.0177,0.0151,0.4108,0.6638,0.0040,0.0509,0.0454
324.7327,0.3999,0.1694,0.0057,0.4237,0.5538,0.7667,0.0003,0.0358,0.1588
373.4225,0.3299,0.2282,0.0146,0.4857,0.4414,0.7881,0.0036,0.0027,0.1450
518.2203,0.3580,0.1931,0.0023,0.4220,0.5783,0.6794,0.0077,0.0834,0.1651
519.3322,0.3064,0.1542,0.0307,0.0836,0.5088,0.5898,0.0137,0.0177,0.0084
495.4783,0.3943,0.1776,0.0061,0.4660,0.3284,0.7957,0.0196,0.0101,0.0282
455.0383,0.3736,0.1322,0.0170,0.1598,0.5322,0.6279,0.0082,0.0005,0.0220
420.7750,0.4091,0.1230,0.0068,0.1702,0.5723,0.7107,0.0100,0.0481,0.0092
497.4417,0.3097,0.1640,0.0012,0.3844,0.4884,0.7269,0.0147,0.2349,0.0152
427.8654,0.4484,0.2052,0.0131,0.4670,0.5634,0.7278,0.0003,0.0830,0.0941
555.8036,0.3628,0.2407,0.0244,0.3003,0.5790,0.7950,0.0013,0.0476,0.0067
525.0773,0.3125,0.1191,0.0086,0.1880,0.5540,0.6974,0.0180,0.0480,0.0493
501.9956,0.9105,0.2352,0.0015,0.4770,0.5597,0.6359,0.0021,0.0450,0.1005
381.4709,0.3634,0.1763,0.0040,0.2917,0.1203,0.7347,0.0059,0.0413,0.0068
538.7920,0.3501,0.1216,0.0031,0.0877,0.3798,0.7708,0.0039,0.0032,0.0552
587.9408,0.5720,0.2290,0.0163,0.4949,0.5866,0.6497,0.0008,0.0291,0.2029
553.1894,0.5108,0.1702,0.0040,0.4319,0.4741,0.6204,0.0031,0.0048,0.0231
513.2195,0.5583,0.2158,0.0067,0.4913,0.5170,0.6880,0.0178,0.0582,0.0408
464.9974,0.3847,0.1815,0.0019,0.4991,0.5650,0.7628,0.0116,0.0018,0.3109
316.0004,0.4018,0.1651,0.0227,0.0564,0.5182,0.7946,0.0186,0.0012,0.0247
554.2703,0.3365,0.1137,0.0095,0.0213,0.1236,0.7864,0.0046,0.0120,0.0203
479.5878,0.3225,0.1840,0.0087,0.3503,0.3680,0.7192,0.0050,0.0513,0.0803
404.0086,0.3747,0.1398,0.0122,0.2929,0.5437,0.6519,0.0103,0.0353,0.0498
417.1592,0.3810,0.1667,0.0267,0.4357,0.5259,0.7594,0.0162,0.0679,0.0183
558.5288,0.3142,0.1214,0.0161,0.3204,0.5180,0.7233,0.0007,0.0639,0.1194
321.3901,0.4319,0.0926,0.0074,0.0347,0.4453,0.7844,0.0059,0.0813,0.0374
373.3344,0.3948,0.1450,0.0066,0.0056,0.2147,0.3848,0.0046,0.0571,0.0412
344.3957,0.3847,0.1194,0.0255,0.1579,0.4818,0.7210,0.0060,0.0168,0.0356
471.9800,0.3419,0.1310,0.0082,0.1401,0.5738,0.7486,0.0013,0.1293,0.0615
430.7469,0.3311,0.1673,0.0337,0.2886,0.4696,0.7087,0.0022,0.0232,0.0655
544.0055,0.3545,0.1188,0.0198,0.4548,0.4462,0.7429,0.0172,0.0336,0.0161
445.1818,0.3227,0.1443,0.0015,0.4439,0.5298,0.7771,0.0061,0.1673,0.0893
593.5746,0.4683,0.1856,0.0128,0.3918,0.5837,0.7802,0.0189,0.0005,0.1154
450.4254,0.3283,0.2074,0.0201,0.4125,0.4329,0.7781,0.0093,0.0760,0.0472
276.0543,0.4356,0.1305,0.0053,0.0945,0.3857,0.7474,0.0011,0.0768,0.0574
397.2151,0.4300,0.1013,0.0075,0.0554,0.2078,0.7944,0.0020,0.0177,0.0033
470.9495,0.3990,0.1569,0.0126,0.4755,0.5628,0.7450,0.0071,0.1081,0.1165
526.3449,0.3151,0.1512,0.0114,0.1776,0.3574,0.5834,0.0100,0.0091,0.0281
363.9790,0.3583,0.1911,0.0057,0.0632,0.3351,0.6600,0.0065,0.0698,0.0370
437.2220,0.3534,0.1724,0.0073,0.3866,0.3128,0.7301,0.0151,0.0230,0.0379
568.2473,0.3031,0.2820,0.0147,0.4685,0.5877,0.6074,0.0074,0.0538,0.0467
498.1617,0.3501,0.1118,0.0173,0.3935,0.3885,0.7997,0.0121,0.0287,0.0614
533.9567,0.4645,0.2874,0.0030,0.4556,0.5163,0.7547,0.0144,0.0054,0.0747
583.3641,0.7749,0.2024,0.0322,0.4919,0.5938,0.6272,0.0011,0.0622,0.0469
538.8493,0.3113,0.1908,0.0270,0.4472,0.4776,0.7945,0.0079,0.1192,0.0701
550.6245,0.6363,0.1855,0.0031,0.4993,0.5950,0.4078,0.0061,0.0179,0.0594
421.1683,0.3577,0.1112,0.0017,0.0092,0.5828,0.4853,0.0029,0.0260,0.0891
533.7334,0.3080,0.2339,0.0123,0.3400,0.5852,0.6167,0.0037,0.0777,0.0326
558.8300,0.5621,0.2532,0.0092,0.4260,0.5825,0.7291,0.0130,0.0627,0.0465
443.0923,0.3362,0.1700,0.0221,0.0778,0.5097,0.6905,0.0031,0.0060,0.0811
283.3875,0.4502,0.1844,0.0063,0.3838,0.5568,0.7182,0.0073,0.0051,0.0116
553.4338,0.4125,0.2193,0.0183,0.4456,0.4511,0.7647,0.0014,0.0762,0.0079
377.1371,0.4094,0.1092,0.0133,0.3491,0.5632,0.7308,0.0034,0.0606,0.0395
494.1579,0.3355,0.1056,0.0063,0.0845,0.1910,0.7455,0.0097,0.0175,0.0656
589.4481,0.3198,0.1448,0.0020,0.3836,0.5792,0.7901,0.0049,0.1100,0.2497
330.6166,0.3827,0.1925,0.0071,0.4142,0.5583,0.7409,0.0161,0.0788,0.0295
486.6031,0.3435,0.1790,0.0266,0.3818,0.5291,0.7138,0.0114,0.0411,0.0530
577.7326,0.3142,0.1116,0.0042,0.1281,0.4965,0.7188,0.0128,0.0518,0.0566
584.9281,0.4159,0.2102,0.0012,0.3721,0.5906,0.5926,0.0150,0.0059,0.0957
368.7707,0.3977,0.1126,0.0033,0.1095,0.2583,0.5208,0.0126,0.0374,0.0045
428.4861,0.3498,0.1618,0.0151,0.0036,0.2613,0.7062,0.0035,0.0163,0.0784
489.1406,0.3638,0.2321,0.0158,0.3602,0.5213,0.7383,0.0068,0.0521,0.0263
489.5777,0.3664,0.1529,0.0076,0.4422,0.3305,0.7744,0.0041,0.0998,0.0189
577.1019,0.5481,0.2340,0.0056,0.4906,0.5497,0.7508,0.0081,0.1923,0.0495
524.1841,0.4311,0.1685,0.0130,0.4160,0.5806,0.7005,0.0137,0.0311,0.0998
402.0970,0.3716,0.1936,0.0012,0.4983,0.5330,0.6996,0.0013,0.1736,0.0575
549.6590,0.3519,0.1514,0.0230,0.4103,0.5268,0.6606,0.0055,0.0609,0.0315
502.6854,0.3044,0.2269,0.0197,0.4779,0.4447,0.7259,0.0102,0.0074,0.1072
554.5652,0.5080,0.1382,0.0068,0.4530,0.5145,0.7970,0.0148,0.0508,0.0448
313.6288,0.3988,0.1327,0.0195,0.0744,0.4702,0.6269,0.0091,0.0559,0.0008
423.6998,0.3342,0.1645,0.0024,0.4451,0.5681,0.7146,0.0158,0.0321,0.2130
395.6399,0.3746,0.0948,0.0203,0.2196,0.5996,0.6651,0.0037,0.0055,0.0200
394.1095,0.5299,0.2416,0.0088,0.4954,0.5646,0.7793,0.0063,0.1357,0.0120
500.8320,0.3482,0.1974,0.0473,0.4737,0.5659,0.6740,0.0023,0.0135,0.0424
584.7049,0.3563,0.2798,0.0105,0.4876,0.5188,0.7359,0.0031,0.0797,0.1040
410.1085,0.3718,0.1698,0.0094,0.3422,0.3666,0.7654,0.0024,0.0578,0.0663
538.3875,0.8170,0.2760,0.0050,0.4503,0.5609,0.5609,0.0061,0.0226,0.0174
522.9912,0.3052,0.1405,0.0154,0.3215,0.5486,0.7859,0.0110,0.1912,0.0331
354.6006,0.4077,0.1459,0.0023,0.3042,0.2364,0.7575,0.0176,0.0134,0.0252
572.2717,0.4005,0.1202,0.0122,0.3900,0.5146,0.6162,0.0007,0.0035,0.0067
501.0945,0.3705,0.1374,0.0239,0.3776,0.5860,0.7150,0.0176,0.0510,0.0248
565.3161,0.3291,0.1865,0.0204,0.4530,0.3868,0.6569,0.0029,0.0353,0.0014
473.7146,0.3040,0.1515,0.0376,0.3638,0.5783,0.7530,0.0030,0.0433,0.0362
389.4982,0.3565,0.1603,0.0124,0.2619,0.5743,0.7854,0.0131,0.1732,0.0108
521.8579,0.3914,0.2011,0.0018,0.3394,0.5248,0.7865,0.0019,0.0345,0.1441
397.9077,0.3986,0.1308,0.0011,0.0400,0.2804,0.7190,0.0077,0.0714,0.0163
515.5611,0.3411,0.1349,0.0185,0.2764,0.4124,0.7649,0.0042,0.0020,0.0982
451.0512,0.3050,0.2444,0.0135,0.4280,0.4770,0.7363,0.0009,0.1349,0.0159
326.5270,0.4331,0.1075,0.0204,0.0160,0.2673,0.5597,0.0003,0.0242,0.0442
423.5194,0.3132,0.2324,0.0258,0.4067,0.5880,0.6735,0.0042,0.0696,0.0168
527.6052,0.4788,0.2770,0.0179,0.4357,0.5893,0.7789,0.0097,0.0787,0.0204
425.7660,0.3058,0.1972,0.0128,0.3024,0.4767,0.7378,0.0098,0.0334,0.0133
349.9240,0.4581,0.1491,0.0149,0.2373,0.5862,0.7726,0.0006,0.0352,0.0251
522.0743,0.3866,0.2590,0.0112,0.4588,0.5770,0.6515,0.0101,0.1073,0.0182
514.8994,0.6806,0.2447,0.0187,0.4750,0.5477,0.6065,0.0001,0.0402,0.0092
586.0765,0.7981,0.2627,0.0044,0.4800,0.4939,0.7556,0.0183,0.0131,0.0184
376.0737,0.4216,0.1385,0.0199,0.3644,0.3623,0.7828,0.0063,0.0004,0.0308
491.6938,0.3205,0.1425,0.0119,0.0692,0.2367,0.7057,0.0006,0.0715,0.0359
342.9269,0.3649,0.2158,0.0054,0.1753,0.4719,0.7510,0.0033,0.0013,0.0970
411.3386,0.3570,0.1998,0.0043,0.4180,0.4280,0.7265,0.0132,0.0641,0.0495
486.3132,0.3211,0.1238,0.0017,0.4700,0.5021,0.6612,0.0086,0.0036,0.1321
424.0599,0.3837,0.1365,0.0073,0.0246,0.4054,0.5295,0.0074,0.0443,0.0066
546.9412,0.3077,0.1785,0.0024,0.1428,0.2421,0.5958,0.0018,0.0406,0.0006
492.3363,0.4948,0.1485,0.0062,0.4779,0.5813,0.5864,0.0021,0.0599,0.0600
493.8908,0.3229,0.1878,0.0176,0.2371,0.5459,0.7321,0.0079,0.0800,0.0426
310.8633,0.4029,0.1483,0.0112,0.0101,0.2002,0.5535,0.0127,0.0950,0.0134
581.1191,0.6342,0.1696,0.0177,0.4732,0.5276,0.7513,0.0190,0.0309,0.0051
517.9049,0.3304,0.1793,0.0033,0.0698,0.4372,0.6224,0.0157,0.0004,0.0096
467.4745,0.5040,0.2964,0.0182,0.4855,0.5382,0.7297,0.0111,0.0066,0.0038
279.0747,0.4062,0.1573,0.0224,0.1866,0.3415,0.7882,0.0010,0.0246,0.0140
503.3816,0.3276,0.2562,0.0138,0.4934,0.5295,0.7721,0.0195,0.0629,0.0959
597.4386,0.4507,0.2509,0.0038,0.4892,0.5833,0.5580,0.0013,0.0338,0.1948
390.4226,0.3519,0.1772,0.0049,0.0238,0.3286,0.3621,0.0113,0.0288,0.0581
578.6659,0.9864,0.1574,0.0149,0.4960,0.5457,0.5702,0.0008,0.0160,0.0307
476.6069,0.6679,0.1437,0.0065,0.4982,0.5751,0.7174,0.0116,0.0246,0.0947
441.6938,0.3493,0.1255,0.0236,0.4508,0.5418,0.7895,0.0016,0.1280,0.0860
434.6117,0.3099,0.1995,0.0173,0.1853,0.5974,0.7764,0.0113,0.0035,0.0904
538.6414,0.3340,0.1434,0.0013,0.4202,0.5200,0.5934,0.0120,0.0816,0.0345
584.0087,0.3851,0.1881,0.0047,0.4717,0.4692,0.7777,0.0073,0.1313,0.1006
363.7165,0.3796,0.1428,0.0313,0.0381,0.3149,0.7126,0.0137,0.0324,0.0064
597.6550,0.3270,0.1779,0.0132,0.3698,0.5262,0.7043,0.0107,0.1057,0.0538
313.0185,0.4303,0.0993,0.0138,0.0903,0.5199,0.5753,0.0012,0.0332,0.0383
462.6715,0.3558,0.2393,0.0116,0.4012,0.5665,0.6070,0.0092,0.0343,0.0065
489.4370,0.6424,0.1475,0.0039,0.4151,0.5573,0.7277,0.0167,0.0132,0.0005
364.7497,0.3577,0.1566,0.0227,0.0419,0.3572,0.5543,0.0025,0.0186,0.0256
556.4779,0.3231,0.2131,0.0090,0.4909,0.5886,0.7704,0.0024,0.2128,0.1857
286.5136,0.4097,0.1630,0.0126,0.0382,0.4422,0.7834,0.0193,0.0453,0.0157
432.9280,0.3542,0.1759,0.0150,0.4703,0.3950,0.7499,0.0110,0.0467,0.0650
528.2218,0.3810,0.2238,0.0342,0.3888,0.5926,0.7680,0.0125,0.0030,0.0633
523.1546,0.3294,0.1221,0.0104,0.1051,0.5250,0.6632,0.0063,0.0875,0.0178
516.4043,0.4030,0.2558,0.0072,0.3961,0.5537,0.7890,0.0060,0.1167,0.0274
352.1803,0.5093,0.1862,0.0044,0.4149,0.5817,0.7840,0.0141,0.0967,0.0047
446.5830,0.3139,0.1901,0.0204,0.3673,0.5691,0.7300,0.0069,0.0163,0.1779
548.2059,0.4923,0.2861,0.0010,0.4880,0.4953,0.6929,0.0074,0.0964,0.0039
417.6296,0.4718,0.2351,0.0295,0.4689,0.5484,0.7816,0.0196,0.0041,0.0019
290.9875,0.4521,0.0845,0.0127,0.0917,0.2978,0.6613,0.0026,0.0068,0.0392
503.7019,0.9559,0.2980,0.0080,0.4511,0.5843,0.5883,0.0043,0.0034,0.0233
429.6815,0.3188,0.2675,0.0058,0.4958,0.5725,0.7442,0.0032,0.1154,0.0965
592.4118,0.3219,0.1274,0.0016,0.3345,0.4418,0.7103,0.0013,0.0197,0.1617
401.0543,0.3821,0.1335,0.0051,0.1023,0.2253,0.6108,0.0136,0.0058,0.0428
440.3512,0.3367,0.1821,0.0025,0.0371,0.1823,0.7953,0.0083,0.0578,0.0484
400.3851,0.5578,0.1590,0.0115,0.4446,0.5761,0.6793,0.0140,0.0127,0.0163
578.7108,0.3841,0.1133,0.0102,0.4523,0.4910,0.7541,0.0153,0.0690,0.0126
495.2013,0.3979,0.1421,0.0198,0.4403,0.5466,0.6083,0.0035,0.0230,0.0169
466.6965,0.3147,0.1504,0.0162,0.4609,0.4223,0.7980,0.0068,0.1976,0.0041
506.7410,0.3405,0.2017,0.0209,0.3039,0.5587,0.7745,0.0135,0.0883,0.0119
334.3857,0.4112,0.0921,0.0061,0.0176,0.5494,0.6456,0.0034,0.0154,0.0676
463.2912,0.4269,0.2443,0.0077,0.4635,0.5739,0.7151,0.0145,0.0435,0.1001
550.9347,0.8453,0.2743,0.0070,0.4812,0.5780,0.6212,0.0130,0.0817,0.0319
427.7113,0.3504,0.1898,0.0072,0.1034,0.4310,0.7797,0.0076,0.0676,0.0156
541.5682,0.4489,0.1365,0.0049,0.4824,0.4974,0.7367,0.0066,0.1473,0.0091
532.5008,0.3396,0.1082,0.0305,0.4898,0.5356,0.6953,0.0106,0.0336,0.0022
437.0813,0.6253,0.1671,0.0035,0.4747,0.5706,0.7801,0.0028,0.0908,0.1080
406.0410,0.3575,0.1329,0.0097,0.3752,0.5119,0.6881,0.0039,0.1457,0.0176
499.1877,0.3266,0.1131,0.0213,0.2177,0.3841,0.6785,0.0198,0.0172,0.0079
461.9623,0.3213,0.1609,0.0282,0.1733,0.5889,0.6910,0.0187,0.0515,0.0212
463.0748,0.3456,0.1845,0.0048,0.3328,0.5373,0.6094,0.0026,0.1169,0.0073
595.2809,0.3359,0.2478,0.0062,0.4265,0.5590,0.7018,0.0172,0.0431,0.1321
403.8449,0.3714,0.1819,0.0137,0.3010,0.3254,0.7144,0.0065,0.0060,0.0220
370.0942,0.3925,0.1636,0.0116,0.2369,0.2470,0.6867,0.0032,0.0051,0.0136
589.5307,0.4451,0.2157,0.0298,0.4211,0.5990,0.7224,0.0012,0.0818,0.0522
459.7349,0.4771,0.1358,0.0141,0.4505,0.5966,0.7623,0.0086,0.1459,0.0001
461.7269,0.3427,0.2356,0.0026,0.2097,0.5611,0.6188,0.0015,0.0139,0.0299
511.4989,0.3008,0.1678,0.0189,0.4426,0.4862,0.6885,0.0020,0.0899,0.1063
468.9292,0.3901,0.0862,0.0057,0.2900,0.5332,0.7387,0.0012,0.0408,0.0193
554.4645,0.7642,0.1639,0.0243,0.4952,0.5846,0.6054,0.0090,0.0329,0.0157
374.5169,0.4367,0.1907,0.0140,0.4419,0.5239,0.7574,0.0094,0.0246,0.0698
477.3487,0.7945,0.1978,0.0284,0.4628,0.5865,0.7827,0.0128,0.0151,0.0048
563.6244,0.5784,0.2601,0.0132,0.4883,0.5599,0.5853,0.0082,0.0157,0.0849
325.3739,0.3864,0.1402,0.0065,0.3789,0.4118,0.7945,0.0067,0.0116,0.1419
433.6601,0.3666,0.2754,0.0216,0.4861,0.5930,0.7023,0.0193,0.0236,0.0083
415.4132,0.3755,0.2288,0.0054,0.3616,0.5955,0.7741,0.0105,0.1450,0.0177
547.7146,0.3069,0.1733,0.0222,0.2426,0.4499,0.6380,0.0070,0.0268,0.0176
346.1104,0.3682,0.1824,0.0043,0.1072,0.5458,0.7024,0.0005,0.0893,0.0663
532.2775,0.3629,0.2048,0.0184,0.4969,0.5838,0.7341,0.0150,0.2297,0.0053
379.9299,0.3964,0.1641,0.0203,0.4174,0.5298,0.7371,0.0100,0.0907,0.0029
589.4909,0.3096,0.0905,0.0075,0.3192,0.4836,0.7877,0.0084,0.0412,0.0712
480.2238,0.4399,0.2213,0.0096,0.3314,0.5980,0.6854,0.0018,0.0714,0.0046
320.5292,0.4475,0.1150,0.0050,0.1485,0.5576,0.6147,0.0104,0.0245,0.0037
599.8575,0.3320,0.2284,0.0018,0.4923,0.4759,0.5384,0.0000,0.0769,0.0100
465.6455,0.4037,0.2070,0.0011,0.4480,0.4004,0.7984,0.0152,0.0268,0.0768
417.9440,0.4491,0.1613,0.0046,0.3824,0.5761,0.6079,0.0005,0.0416,0.0382
459.2393,0.3316,0.1560,0.0192,0.3850,0.5363,0.7535,0.0187,0.0117,0.1492
579.5171,0.4704,0.1816,0.0195,0.4667,0.5785,0.7564,0.0063,0.1554,0.0556
335.1092,0.3962,0.1253,0.0117,0.0016,0.3764,0.6034,0.0064,0.0736,0.0536
516.5018,0.3526,0.1301,0.0301,0.3716,0.5128,0.7291,0.0032,0.0064,0.0761
342.4226,0.3335,0.2590,0.0087,0.4996,0.4685,0.7237,0.0061,0.0281,0.0068
594.6981,0.3180,0.2186,0.0121,0.4110,0.3508,0.7495,0.0131,0.0272,0.0116
527.9623,0.3601,0.1735,0.0093,0.4781,0.5578,0.5591,0.0078,0.0406,0.0583
479.0549,0.3800,0.1855,0.0181,0.4256,0.5636,0.7699,0.0042,0.1562,0.0512
544.6757,0.4121,0.1446,0.0206,0.4731,0.4887,0.7707,0.0108,0.0139,0.0919
343.7236,0.4036,0.1452,0.0264,0.1450,0.4521,0.6834,0.0021,0.0295,0.0105
580.1610,0.3447,0.2094,0.0051,0.3099,0.5519,0.7305,0.0090,0.0716,0.0708
403.1511,0.3834,0.0996,0.0039,0.3911,0.4627,0.7630,0.0058,0.0933,0.0519
542.4979,0.3088,0.1613,0.0025,0.3594,0.3760,0.6728,0.0143,0.0101,0.1075
449.1931,0.3580,0.1546,0.0044,0.0764,0.2923,0.7765,0.0008,0.0335,0.0764
391.0796,0.5211,0.1871,0.0033,0.3021,0.5313,0.7808,0.0004,0.0155,0.0157
394.5913,0.3244,0.2040,0.0434,0.4487,0.5597,0.7686,0.0141,0.0591,0.0067
568.0355,0.9260,0.2408,0.0071,0.4799,0.5173,0.7986,0.0113,0.0311,0.0496
475.4155,0.3153,0.1439,0.0071,0.1049,0.4504,0.6862,0.0162,0.0183,0.0489
315.1267,0.4081,0.1273,0.0089,0.3755,0.2519,0.7934,0.0002,0.1097,0.0139
415.2572,0.4574,0.0910,0.0066,0.4610,0.5546,0.7466,0.0018,0.0224,0.0247
312.0495,0.4110,0.2033,0.0145,0.3012,0.5619,0.7650,0.0075,0.0432,0.0010
461.8845,0.3529,0.1591,0.0108,0.2371,0.5147,0.7996,0.0021,0.0441,0.1371
423.6756,0.9714,0.1850,0.0185,0.4600,0.5920,0.7588,0.0010,0.0029,0.0385
595.2004,0.3698,0.2577,0.0328,0.4913,0.4850,0.7888,0.0032,0.0499,0.0442
518.4920,0.6719,0.2333,0.0039,0.4558,0.5628,0.6536,0.0115,0.0319,0.0774
511.4289,0.3780,0.2150,0.0206,0.4700,0.5961,0.6009,0.0015,0.1160,0.0145
589.6658,0.3918,0.2293,0.0094,0.4810,0.5090,0.7683,0.0197,0.0885,0.0899
434.1767,0.3555,0.1416,0.0048,0.4328,0.5898,0.7652,0.0053,0.2310,0.0752
293.5113,0.3900,0.1953,0.0080,0.1032,0.2063,0.7056,0.0064,0.0286,0.0231
470.0731,0.3591,0.1162,0.0285,0.1007,0.5637,0.6141,0.0064,0.0026,0.0025
439.5852,0.3715,0.0977,0.0068,0.0172,0.3364,0.5710,0.0020,0.0526,0.0635
468.9612,0.3082,0.2335,0.0045,0.3776,0.4921,0.7815,0.0124,0.0872,0.1053
350.5427,0.4019,0.1218,0.0061,0.1849,0.2159,0.5958,0.0052,0.0093,0.0320
532.4070,0.3735,0.0866,0.0080,0.4280,0.5709,0.7953,0.0090,0.0222,0.0764
417.7771,0.4157,0.2098,0.0090,0.4097,0.4976,0.6778,0.0012,0.0155,0.0572
553.9030,0.5919,0.1875,0.0103,0.4176,0.5688,0.7593,0.0095,0.0715,0.0373
396.7921,0.3517,0.1442,0.0183,0.3698,0.5573,0.7610,0.0193,0.0701,0.0786
578.8393,0.3283,0.1427,0.0291,0.3873,0.5496,0.7366,0.0038,0.0617,0.0888
546.1524,0.3162,0.0948,0.0016,0.4943,0.3232,0.7796,0.0094,0.0305,0.0648
480.0784,0.3469,0.0985,0.0084,0.4934,0.5608,0.7127,0.0105,0.0988,0.0322
378.4178,0.3728,0.1519,0.0118,0.0386,0.1942,0.7018,0.0154,0.0087,0.0753
327.7691,0.4546,0.1198,0.0038,0.4496,0.5035,0.7777,0.0007,0.1001,0.0316
363.3307,0.3627,0.1859,0.0166,0.3876,0.3657,0.7444,0.0028,0.0864,0.0014
317.1528,0.4400,0.0798,0.0041,0.0177,0.1417,0.7578,0.0058,0.0074,0.0860
530.5380,0.3095,0.1575,0.0072,0.1178,0.5562,0.5334,0.0122,0.0372,0.0429
594.2882,0.3720,0.1722,0.0015,0.3759,0.4597,0.6651,0.0137,0.0674,0.0080
252.6290,0.4393,0.1404,0.0205,0.0108,0.5571,0.6936,0.0013,0.0160,0.0230
528.3636,0.3253,0.2217,0.0041,0.4509,0.5105,0.7226,0.0084,0.0151,0.2164
362.0152,0.3710,0.1367,0.0129,0.3056,0.1815,0.7708,0.0055,0.0574,0.0386
545.0486,0.4428,0.2231,0.0190,0.4379,0.5975,0.6397,0.0102,0.0441,0.0671
593.8498,0.7394,0.2101,0.0111,0.4882,0.5682,0.5556,0.0002,0.1083,0.0601
450.0112,0.5015,0.1756,0.0028,0.4431,0.5563,0.7728,0.0022,0.0713,0.1453
452.0047,0.3190,0.1529,0.0143,0.2170,0.5912,0.6702,0.0078,0.0885,0.0087
446.4986,0.3480,0.1919,0.0425,0.3082,0.5339,0.7607,0.0135,0.0043,0.0060
594.6056,0.3493,0.2244,0.0264,0.4759,0.4407,0.7100,0.0065,0.0298,0.0270
528.0496,0.3039,0.1441,0.0297,0.4161,0.4838,0.6502,0.0118,0.0525,0.0065
429.4984,0.4007,0.1129,0.0047,0.3300,0.5470,0.7795,0.0145,0.0127,0.1114
381.1381,0.3293,0.1868,0.0156,0.2670,0.4173,0.7422,0.0116,0.0258,0.0013
583.5478,0.5542,0.2188,0.0243,0.3758,0.5977,0.7734,0.0043,0.0141,0.0320
481.6951,0.3916,0.2033,0.0097,0.3799,0.5568,0.6393,0.0132,0.0249,0.0427
330.0510,0.4086,0.1602,0.0051,0.0765,0.5950,0.6940,0.0046,0.0718,0.0391
394.6692,0.3778,0.1785,0.0196,0.3836,0.4853,0.7220,0.0050,0.0706,0.0188
432.6753,0.3413,0.1294,0.0229,0.4429,0.4424,0.6645,0.0103,0.0112,0.0283
476.5761,0.6487,0.2068,0.0133,0.4834,0.5520,0.7598,0.0064,0.0163,0.1198
529.9582,0.3475,0.1161,0.0022,0.4125,0.4017,0.7184,0.0007,0.0387,0.1113
578.6347,0.3056,0.1920,0.0049,0.4796,0.5697,0.6527,0.0160,0.0242,0.2369
495.1520,0.4723,0.1905,0.0181,0.4755,0.5314,0.6772,0.0029,0.0725,0.0397
386.6797,0.3547,0.1864,0.0016,0.2081,0.1612,0.7876,0.0089,0.0006,0.0971
459.3305,0.3850,0.1620,0.0443,0.4472,0.5712,0.7371,0.0022,0.0050,0.0726
516.3531,0.3209,0.1244,0.0092,0.3123,0.5946,0.7615,0.0172,0.0131,0.2004
440.1938,0.3483,0.1349,0.0127,0.0019,0.1360,0.6152,0.0077,0.0364,0.0887
581.1502,0.6587,0.1799,0.0033,0.4885,0.5036,0.7254,0.0041,0.0039,0.1479
560.4192,0.3648,0.1981,0.0199,0.4451,0.5369,0.7819,0.0141,0.1436,0.0374
484.7889,0.3302,0.1787,0.0081,0.1494,0.4048,0.7720,0.0095,0.0099,0.0862
296.1763,0.4333,0.1599,0.0165,0.3434,0.4206,0.7384,0.0003,0.0106,0.0179
390.5299,0.8352,0.2165,0.0046,0.4964,0.5788,0.7758,0.0052,0.0603,0.0882
576.0318,0.3051,0.1054,0.0347,0.4031,0.3759,0.7769,0.0059,0.0086,0.0456
289.4543,0.3838,0.2343,0.0040,0.2805,0.5428,0.7832,0.0037,0.0256,0.0350
545.8839,0.3040,0.1987,0.0160,0.3422,0.4606,0.6998,0.0076,0.0946,0.0243
427.3453,0.3401,0.1423,0.0062,0.0761,0.3836,0.6309,0.0082,0.0280,0.0731
559.1023,0.3674,0.1167,0.0035,0.3631,0.3463,0.7458,0.0169,0.0045,0.0025
341.4300,0.3740,0.1453,0.0105,0.4490,0.5679,0.6430,0.0049,0.0120,0.0432
339.1602,0.3814,0.1261,0.0280,0.3419,0.5193,0.7702,0.0092,0.0535,0.0140
527.1904,0.3074,0.2472,0.0107,0.4667,0.4619,0.7765,0.0013,0.0740,0.1339
463.1182,0.3339,0.1360,0.0088,0.3602,0.5525,0.6801,0.0032,0.0909,0.1186
595.8631,0.3028,0.1609,0.0203,0.4983,0.5642,0.7656,0.0087,0.2880,0.0352
541.7258,0.3560,0.2438,0.0067,0.3168,0.5345,0.6936,0.0153,0.0247,0.0083
567.2800,0.3167,0.1164,0.0139,0.1793,0.4813,0.7990,0.0038,0.0249,0.1143
405.4242,0.3619,0.1274,0.0202,0.0747,0.1674,0.6075,0.0056,0.0169,0.0652
551.1270,0.3019,0.1335,0.0230,0.3616,0.5017,0.7068,0.0195,0.0308,0.0763
423.5722,0.3659,0.1546,0.0366,0.3793,0.4782,0.7449,0.0049,0.0248,0.0323
420.0518,0.4754,0.1701,0.0217,0.3695,0.5808,0.7884,0.0111,0.0497,0.0044
451.8424,0.3377,0.1712,0.0130,0.4969,0.4900,0.7936,0.0149,0.1900,0.0467
571.8902,0.4532,0.1968,0.0012,0.4174,0.5610,0.7945,0.0001,0.0524,0.2276
565.7175,0.3613,0.1380,0.0190,0.4804,0.4332,0.7574,0.0036,0.0567,0.0752
479.4917,0.3296,0.1266,0.0059,0.1769,0.5555,0.7636,0.0176,0.0780,0.0930
486.4621,0.3751,0.2006,0.0118,0.4426,0.5798,0.7455,0.0079,0.0532,0.1806
328.7997,0.3813,0.1671,0.0012,0.0138,0.5397,0.5507,0.0192,0.0063,0.1077
492.7436,0.5515,0.2270,0.0074,0.4505,0.5026,0.7030,0.0015,0.0345,0.0462
560.0431,0.9630,0.2311,0.0020,0.4874,0.5760,0.5908,0.0097,0.0912,0.0949
425.7201,0.3843,0.1197,0.0023,0.2673,0.5855,0.6689,0.0092,0.0595,0.0662
471.9389,0.3375,0.1961,0.0049,0.3408,0.3864,0.7344,0.0139,0.0087,0.0867
524.0517,0.4625,0.1510,0.0262,0.4789,0.5220,0.7901,0.0071,0.0244,0.0819
531.8478,0.3029,0.1382,0.0064,0.2443,0.5762,0.6819,0.0016,0.0049,0.1716
412.0439,0.3322,0.2700,0.0283,0.4999,0.5426,0.6868,0.0030,0.0130,0.0001
571.6168,0.6152,0.2190,0.0060,0.4809,0.5012,0.7877,0.0102,0.1057,0.0314
441.4334,0.3404,0.2032,0.0160,0.4782,0.5267,0.6249,0.0022,0.0791,0.0128
407.1426,0.4416,0.1774,0.0016,0.4731,0.5822,0.7141,0.0192,0.1242,0.0483
558.7023,0.5059,0.2514,0.0300,0.4921,0.5240,0.7615,0.0064,0.0694,0.0043
376.2120,0.3683,0.1399,0.0018,0.1619,0.1829,0.5369,0.0060,0.0340,0.0092
509.0923,0.4974,0.1116,0.0050,0.4285,0.5630,0.7601,0.0009,0.0038,0.0965
345.5378,0.3904,0.1502,0.0079,0.3863,0.5765,0.7492,0.0189,0.0590,0.0771
525.1734,0.3177,0.1766,0.0053,0.2694,0.3665,0.7702,0.0054,0.0771,0.0720
360.0149,0.3875,0.0988,0.0215,0.0519,0.3592,0.6491,0.0152,0.0090,0.0079
366.3014,0.3702,0.2116,0.0178,0.3307,0.5109,0.6973,0.0009,0.0055,0.0527
414.2243,0.3940,0.1341,0.0076,0.1446,0.5579,0.7272,0.0089,0.0068,0.0812
596.2752,0.7269,0.2618,0.0129,0.4991,0.5232,0.5441,0.0014,0.0013,0.0732
331.8248,0.4526,0.1528,0.0027,0.2677,0.3906,0.7306,0.0030,0.0286,0.0151
392.8904,0.3329,0.2009,0.0250,0.2075,0.4377,0.7016,0.0072,0.0294,0.0295
538.7234,0.3457,0.1887,0.0123,0.3850,0.5673,0.6961,0.0113,0.1264,0.0460
489.4680,0.6616,0.2030,0.0170,0.4314,0.5967,0.7489,0.0013,0.0213,0.0937
326.1963,0.4121,0.1424,0.0046,0.1408,0.4266,0.7397,0.0017,0.1316,0.0089
362.9397,0.5017,0.1701,0.0010,0.4485,0.5756,0.6626,0.0056,0.0328,0.0678
350.0364,0.3855,0.1268,0.0040,0.2471,0.1764,0.7352,0.0112,0.0749,0.0290
426.0944,0.6978,0.2228,0.0077,0.4968,0.5554,0.7484,0.0046,0.0408,0.1040
553.5911,0.3305,0.1005,0.0164,0.3458,0.4257,0.7920,0.0102,0.0488,0.0371
426.5345,0.4192,0.1575,0.0051,0.3903,0.4725,0.7329,0.0117,0.0842,0.0128
544.6450,0.8741,0.2058,0.0122,0.4890,0.5115,0.7060,0.0060,0.0222,0.0367
596.2499,0.3277,0.1486,0.0070,0.2155,0.5092,0.6425,0.0140,0.0332,0.0127
390.1703,0.3771,0.1733,0.0028,0.4713,0.2224,0.7423,0.0011,0.0100,0.0508
507.2558,0.6294,0.1942,0.0069,0.4482,0.5672,0.5918,0.0030,0.0776,0.0171
557.9038,0.3092,0.1082,0.0107,0.0623,0.3438,0.7264,0.0138,0.0247,0.0113
519.5505,0.3243,0.1461,0.0096,0.4703,0.4264,0.6841,0.0191,0.0823,0.0231
384.1540,0.3557,0.1654,0.0215,0.1868,0.5468,0.6823,0.0049,0.0618,0.0460
333.5299,0.4301,0.1802,0.0069,0.3691,0.5308,0.7103,0.0054,0.0630,0.0120
534.0188,0.3824,0.1574,0.0011,0.3673,0.4754,0.7978,0.0031,0.1266,0.0763
368.5736,0.3634,0.1189,0.0219,0.4070,0.5945,0.7990,0.0147,0.0039,0.0833
352.3474,0.3806,0.1822,0.0188,0.0215,0.4877,0.4569,0.0059,0.0190,0.0141
425.9006,0.3616,0.1837,0.0256,0.3653,0.5664,0.7215,0.0108,0.0220,0.0708
598.4236,0.3884,0.1693,0.0054,0.4381,0.4209,0.7752,0.0078,0.0016,0.1344
549.7333,0.3388,0.2282,0.0148,0.3752,0.5429,0.7459,0.0061,0.0348,0.1167
548.4130,0.3032,0.1492,0.0086,0.3010,0.2317,0.7821,0.0035,0.1183,0.0239
530.6899,0.3289,0.1090,0.0120,0.2290,0.3983,0.7534,0.0087,0.0655,0.0355
453.9078,0.3091,0.2062,0.0019,0.2643,0.5546,0.6920,0.0006,0.1945,0.0014
304.1391,0.4206,0.1158,0.0082,0.0248,0.1064,0.4549,0.0085,0.0048,0.0885
488.9634,0.3318,0.1546,0.0236,0.3328,0.5687,0.6683,0.0074,0.0025,0.1136
522.9566,0.3982,0.2397,0.0135,0.4718,0.5702,0.7665,0.0023,0.2385,0.0074
501.0024,0.3365,0.1197,0.0398,0.4386,0.5194,0.7444,0.0017,0.0443,0.0442
417.1537,0.4145,0.0970,0.0011,0.1292,0.3522,0.7709,0.0008,0.0635,0.0026
473.8625,0.3599,0.1689,0.0014,0.3038,0.5273,0.7063,0.0164,0.0501,0.0886
409.7372,0.3179,0.2170,0.0042,0.3695,0.4453,0.6491,0.0017,0.0364,0.0382
510.8008,0.3107,0.1467,0.0049,0.0089,0.2053,0.6069,0.0085,0.0733,0.0195
402.6851,0.4119,0.1509,0.0163,0.3075,0.5812,0.6235,0.0046,0.0044,0.0264
554.4952,0.5208,0.1866,0.0081,0.4803,0.5618,0.6174,0.0142,0.0060,0.1313
460.1476,0.3086,0.1656,0.0099,0.4205,0.4710,0.7580,0.0005,0.0006,0.1915
452.4368,0.4238,0.2317,0.0228,0.4824,0.5910,0.7949,0.0034,0.0332,0.1641
411.1125,0.3728,0.2389,0.0198,0.4106,0.5752,0.7519,0.0195,0.0105,0.0443
364.1654,0.3911,0.0990,0.0056,0.0965,0.4972,0.7819,0.0100,0.0113,0.0967
371.3742,0.3389,0.2152,0.0024,0.4032,0.5897,0.6537,0.0122,0.0383,0.0804
487.4654,0.7478,0.2139,0.0014,0.4890,0.5692,0.6808,0.0032,0.1958,0.0122
586.7294,0.3069,0.1429,0.0172,0.3915,0.4957,0.7618,0.0018,0.0943,0.1424
382.9290,0.3365,0.2000,0.0013,0.1283,0.5438,0.5689,0.0025,0.0271,0.0376
471.8564,0.3929,0.1314,0.0219,0.4988,0.5125,0.7790,0.0090,0.0956,0.0482
451.2774,0.3426,0.2055,0.0107,0.4358,0.3923,0.7421,0.0075,0.0906,0.0197
506.0309,0.5665,0.1712,0.0232,0.4911,0.5546,0.7356,0.0004,0.1144,0.0200
527.4331,0.9726,0.1582,0.0066,0.4427,0.5877,0.7689,0.0104,0.0286,0.0260
364.3887,0.3863,0.1726,0.0084,0.2310,0.5495,0.6678,0.0019,0.0931,0.0160
536.5105,0.4584,0.2502,0.0186,0.4476,0.5588,0.7967,0.0125,0.0106,0.1081
501.3206,0.7742,0.2684,0.0107,0.4940,0.5920,0.7087,0.0025,0.1321,0.0517
361.9568,0.5209,0.1953,0.0215,0.4913,0.5766,0.7761,0.0080,0.0657,0.0227
436.8106,0.3692,0.1913,0.0069,0.2890,0.5738,0.7222,0.0109,0.1213,0.0088
537.9985,0.3051,0.2201,0.0420,0.4549,0.5972,0.7603,0.0060,0.1219,0.0449
406.5361,0.4871,0.2970,0.0039,0.4527,0.5961,0.6158,0.0001,0.0191,0.0076
553.7198,0.3491,0.1650,0.0313,0.2909,0.5306,0.7709,0.0030,0.0301,0.0384
592.2437,0.9051,0.1662,0.0084,0.4731,0.5902,0.6906,0.0017,0.1116,0.0653
557.2290,0.5018,0.1480,0.0163,0.4609,0.5609,0.7549,0.0117,0.0457,0.0752
540.1364,0.3516,0.1566,0.0114,0.4461,0.4697,0.7144,0.0088,0.1555,0.0029
338.2519,0.3791,0.1635,0.0248,0.0877,0.4414,0.6836,0.0141,0.0133,0.0346
386.0237,0.4070,0.1823,0.0029,0.4057,0.3948,0.7174,0.0162,0.0118,0.0272
455.3816,0.4430,0.1337,0.0062,0.4552,0.5939,0.6575,0.0009,0.0746,0.0843
312.7779,0.3927,0.1541,0.0106,0.0821,0.3546,0.6472,0.0072,0.0400,0.0456
498.2222,0.3557,0.2149,0.0317,0.4973,0.5087,0.6318,0.0042,0.0072,0.0223
574.7013,0.4130,0.2282,0.0465,0.4853,0.5958,0.7303,0.0172,0.0555,0.0130
525.7109,0.3113,0.1464,0.0062,0.3295,0.5267,0.7655,0.0128,0.2045,0.0493
399.6649,0.4364,0.1837,0.0081,0.2566,0.5724,0.7683,0.0022,0.0377,0.0415
407.4449,0.3862,0.1171,0.0244,0.3186,0.4580,0.7860,0.0043,0.0715,0.0142
563.0653,0.6660,0.2452,0.0028,0.4619,0.5857,0.7505,0.0112,0.0652,0.1456
583.7432,0.3475,0.2583,0.0194,0.4799,0.5563,0.6940,0.0012,0.0918,0.0962
482.1272,0.5245,0.2179,0.0021,0.3447,0.5140,0.7311,0.0007,0.0211,0.0018
264.3113,0.4705,0.1070,0.0103,0.0457,0.2411,0.7975,0.0109,0.0016,0.0431
452.9657,0.3153,0.2464,0.0144,0.4770,0.3189,0.7676,0.0189,0.0001,0.0077
392.6981,0.3883,0.1406,0.0018,0.1159,0.5635,0.7503,0.0125,0.0936,0.0349
489.9374,0.3508,0.1795,0.0065,0.3525,0.5541,0.7824,0.0099,0.0396,0.1900
562.4123,0.3054,0.1343,0.0037,0.2868,0.3548,0.5896,0.0146,0.0239,0.0129
398.3635,0.3664,0.1120,0.0274,0.1066,0.5867,0.7755,0.0060,0.0550,0.0341
552.5084,0.9946,0.2069,0.0140,0.4922,0.5932,0.4503,0.0124,0.0252,0.0524
431.0401,0.3655,0.1248,0.0057,0.0269,0.3136,0.7246,0.0004,0.0003,0.1496
353.0019,0.3961,0.1557,0.0014,0.3527,0.5781,0.7262,0.0022,0.1412,0.0642
311.5080,0.4071,0.1192,0.0281,0.1893,0.4660,0.7665,0.0018,0.0070,0.0605
503.6473,0.3118,0.1857,0.0102,0.4856,0.3799,0.6995,0.0133,0.0140,0.1011
548.6974,0.3635,0.1376,0.0076,0.4336,0.5478,0.6403,0.0087,0.0730,0.0677
498.7846,0.3385,0.1231,0.0011,0.0668,0.4535,0.4947,0.0073,0.0288,0.0638
588.7413,0.7919,0.2764,0.0133,0.4880,0.5812,0.7997,0.0152,0.0077,0.1424
376.8697,0.4141,0.1482,0.0108,0.3565,0.4623,0.7407,0.0094,0.0164,0.0645
340.3731,0.3504,0.1983,0.0145,0.1677,0.3532,0.7697,0.0002,0.0147,0.0236
426.7268,0.3215,0.2149,0.0218,0.2945,0.5982,0.7819,0.0067,0.0201,0.1385
347.2054,0.4643,0.1395,0.0060,0.2296,0.4891,0.7520,0.0037,0.0191,0.0260
549.0153,0.3859,0.1967,0.0325,0.4646,0.5748,0.6852,0.0115,0.0356,0.0681
457.3338,0.3595,0.0943,0.0106,0.2173,0.5421,0.6764,0.0125,0.0204,0.0392
465.5907,0.8644,0.2592,0.0050,0.4906,0.5403,0.6129,0.0074,0.0373,0.0159
391.4601,0.4736,0.1546,0.0071,0.4889,0.5350,0.7294,0.0135,0.0466,0.0684
520.7467,0.3294,0.1763,0.0072,0.4092,0.5787,0.7263,0.0015,0.1985,0.1109
485.5173,0.3067,0.1648,0.0168,0.4936,0.5730,0.6407,0.0054,0.0172,0.1577
580.3230,0.6498,0.1168,0.0023,0.4968,0.5477,0.7718,0.0171,0.0281,0.0234
466.7375,0.3350,0.1299,0.0280,0.0483,0.1332,0.7079,0.0048,0.0257,0.0465
567.9807,0.3421,0.2274,0.0111,0.4607,0.4381,0.6132,0.0010,0.0229,0.0282
498.4298,0.3767,0.1510,0.0083,0.4009,0.4888,0.6807,0.0157,0.0447,0.0412
574.8812,0.3903,0.1691,0.0216,0.3977,0.5601,0.6579,0.0025,0.0180,0.0851
357.2643,0.3947,0.1400,0.0177,0.2962,0.3385,0.7935,0.0158,0.0080,0.0510
476.3236,0.3130,0.1379,0.0467,0.3562,0.4966,0.7715,0.0011,0.0484,0.0181
512.9515,0.3296,0.1525,0.0030,0.2531,0.4128,0.7856,0.0023,0.0142,0.1863
519.1933,0.4002,0.2108,0.0174,0.3161,0.5506,0.7678,0.0038,0.0197,0.0451
526.5995,0.3322,0.1122,0.0143,0.1852,0.5207,0.6362,0.0035,0.0679,0.0123
431.9471,0.3175,0.2131,0.0020,0.1620,0.4778,0.7482,0.0144,0.0180,0.1135
563.2372,0.4442,0.1742,0.0067,0.4332,0.4835,0.7786,0.0070,0.1142,0.0337
460.4929,0.3041,0.1960,0.0075,0.4805,0.5687,0.7777,0.0180,0.2810,0.0164
321.9243,0.4374,0.1211,0.0252,0.0025,0.5058,0.3065,0.0030,0.0033,0.0296
361.1069,0.3680,0.1448,0.0406,0.0617,0.2597,0.6865,0.0105,0.0260,0.0095
468.3255,0.5170,0.2397,0.0032,0.4776,0.5369,0.7012,0.0130,0.0096,0.1130
515.3987,0.4527,0.1887,0.0315,0.4947,0.5695,0.7743,0.0002,0.1043,0.0856
339.7417,0.5815,0.2263,0.0078,0.4652,0.5899,0.7585,0.0033,0.0106,0.0765
502.4757,0.3433,0.2816,0.0046,0.4698,0.5456,0.7515,0.0164,0.0657,0.0838
338.6606,0.4058,0.1893,0.0011,0.1131,0.2433,0.6587,0.0041,0.0085,0.0156
467.6946,0.3460,0.1137,0.0016,0.1527,0.5755,0.7958,0.0077,0.1501,0.0605
397.6451,0.3540,0.1376,0.0338,0.1225,0.3859,0.7235,0.0043,0.0341,0.0339
428.2428,0.3778,0.0917,0.0123,0.0115,0.1121,0.7742,0.0099,0.0606,0.0096
563.4602,0.3286,0.0973,0.0095,0.3027,0.5553,0.6748,0.0151,0.0464,0.0093
439.1390,0.3651,0.1626,0.0080,0.4585,0.5336,0.7614,0.0047,0.1132,0.1491
385.0076,0.3586,0.1279,0.0305,0.4303,0.4062,0.7826,0.0199,0.0211,0.0331
549.0576,0.4848,0.2530,0.0166,0.4800,0.5798,0.7370,0.0093,0.1124,0.0674
312.2427,0.8201,0.1797,0.0029,0.4739,0.5889,0.7946,0.0011,0.0272,0.0360
573.2893,0.3095,0.1331,0.0279,0.1315,0.3263,0.6637,0.0052,0.0072,0.0012
342.0945,0.4156,0.1370,0.0012,0.0030,0.3431,0.4080,0.0009,0.0320,0.1073
428.7748,0.3085,0.2694,0.0149,0.4723,0.5026,0.7804,0.0001,0.1311,0.0214
440.7058,0.3212,0.1542,0.0120,0.1346,0.4523,0.7874,0.0026,0.0817,0.0131
497.9199,0.4040,0.1441,0.0109,0.4636,0.5285,0.5721,0.0004,0.0354,0.0117
576.1567,0.3738,0.1738,0.0252,0.4600,0.5843,0.7978,0.0184,0.0648,0.1375
568.9292,0.6925,0.1558,0.0054,0.4732,0.5511,0.7101,0.0085,0.0920,0.0275
584.3175,0.4913,0.1158,0.0047,0.4346,0.5869,0.6598,0.0018,0.0562,0.0342
385.1315,0.3417,0.2198,0.0122,0.0018,0.5872,0.4199,0.0118,0.0149,0.0150
433.8349,0.3604,0.2364,0.0057,0.4938,0.4297,0.7703,0.0129,0.0497,0.0679
482.2643,0.4543,0.1620,0.0147,0.4308,0.5655,0.7528,0.0108,0.0641,0.0729
360.6334,0.4134,0.2451,0.0064,0.3334,0.5582,0.7637,0.0199,0.0016,0.0015
421.6845,0.3511,0.1017,0.0212,0.1445,0.5115,0.7936,0.0104,0.0001,0.0254
523.7990,0.4760,0.2043,0.0096,0.3516,0.5775,0.7394,0.0006,0.0568,0.0493
459.9482,0.9682,0.2541,0.0012,0.4279,0.5942,0.7562,0.0115,0.0466,0.0125
270.2475,0.4616,0.1147,0.0135,0.1627,0.5841,0.7286,0.0008,0.0014,0.0511
447.4347,0.3023,0.2233,0.0110,0.3438,0.5062,0.6960,0.0088,0.0003,0.1161
442.5796,0.3289,0.1601,0.0018,0.2082,0.5771,0.4984,0.0105,0.0225,0.0312
396.2712,0.6617,0.1675,0.0051,0.4175,0.5924,0.7983,0.0120,0.0096,0.0667
403.3771,0.3458,0.1545,0.0247,0.3985,0.5630,0.7067,0.0020,0.1335,0.0198
559.4381,0.4326,0.1040,0.0120,0.3650,0.5794,0.7810,0.0011,0.0369,0.0239
500.0944,0.3342,0.1736,0.0125,0.1941,0.4412,0.7206,0.0167,0.0036,0.0448
333.7596,0.3785,0.1844,0.0052,0.0504,0.2664,0.7962,0.0194,0.0740,0.0035
507.4864,0.4471,0.2786,0.0024,0.4075,0.5850,0.6409,0.0023,0.0001,0.0959
369.2433,0.3986,0.1226,0.0206,0.2292,0.3276,0.7129,0.0001,0.0115,0.0439
524.8786,0.8460,0.2121,0.0284,0.4714,0.5758,0.7115,0.0142,0.0005,0.0119
507.7026,0.3303,0.2114,0.0114,0.2959,0.5162,0.7461,0.0104,0.0832,0.0314
519.3076,0.9990,0.2426,0.0016,0.4933,0.5530,0.6892,0.0080,0.1143,0.0440
512.3651,0.5930,0.2606,0.0213,0.4479,0.5822,0.7538,0.0180,0.0289,0.0070
348.9482,0.4214,0.1149,0.0018,0.4291,0.4410,0.7743,0.0040,0.0626,0.0808
588.8432,0.5357,0.2463,0.0086,0.4447,0.5267,0.6085,0.0012,0.0584,0.0226
472.6662,0.3131,0.1476,0.0200,0.0591,0.5936,0.5533,0.0111,0.0019,0.0120
427.1905,0.3676,0.1465,0.0068,0.1932,0.2074,0.7717,0.0034,0.0906,0.0022
542.5301,0.4414,0.1501,0.0143,0.4904,0.5779,0.6926,0.0097,0.1314,0.0528
444.4761,0.3521,0.1077,0.0011,0.2769,0.5625,0.7677,0.0082,0.0356,0.1731
559.2151,0.3403,0.1673,0.0026,0.4960,0.5222,0.6685,0.0117,0.1048,0.1409
506.3845,0.3111,0.1659,0.0182,0.4014,0.3278,0.7823,0.0181,0.0747,0.0306
488.3724,0.3079,0.2038,0.0013,0.0514,0.3536,0.7440,0.0077,0.0057,0.0930
530.0989,0.3107,0.2475,0.0160,0.3848,0.5816,0.6593,0.0065,0.0575,0.0597
550.4343,0.3200,0.1127,0.0131,0.2190,0.3752,0.6663,0.0089,0.0322,0.0232
414.8939,0.3472,0.1388,0.0089,0.4673,0.2949,0.7817,0.0160,0.0180,0.1139
429.9103,0.3236,0.1814,0.0213,0.4880,0.4228,0.7342,0.0096,0.1080,0.0190
380.7261,0.4066,0.1230,0.0112,0.4251,0.5450,0.6932,0.0069,0.0761,0.0128
341.4687,0.3923,0.1117,0.0079,0.0189,0.1451,0.3565,0.0088,0.0477,0.0088
460.8758,0.3283,0.1750,0.0182,0.2020,0.5137,0.6548,0.0046,0.0074,0.0917
462.3996,0.4887,0.1533,0.0052,0.4585,0.4788,0.7887,0.0055,0.1326,0.0034
552.0312,0.3041,0.1558,0.0263,0.1148,0.4552,0.7464,0.0045,0.0710,0.0036
508.8891,0.3151,0.1191,0.0034,0.4662,0.5892,0.7072,0.0039,0.0763,0.1576
446.4005,0.3310,0.2602,0.0053,0.3597,0.4214,0.7397,0.0009,0.0606,0.0085
322.7650,0.3721,0.1460,0.0158,0.4025,0.4131,0.7603,0.0098,0.0052,0.0144
538.9189,0.5546,0.2919,0.0077,0.4706,0.5847,0.7710,0.0132,0.0489,0.1010
371.8530,0.4428,0.2200,0.0045,0.4655,0.5507,0.7936,0.0063,0.0289,0.1458
409.1189,0.3436,0.1412,0.0209,0.0254,0.5354,0.7637,0.0033,0.0303,0.0434
478.2581,0.3683,0.2264,0.0027,0.4179,0.5113,0.7493,0.0023,0.1604,0.0417
545.5818,0.4237,0.1428,0.0115,0.4964,0.5867,0.7524,0.0127,0.0074,0.2336
595.5492,0.3092,0.1932,0.0210,0.4343,0.4743,0.7698,0.0112,0.0312,0.1469
450.7759,0.5208,0.1585,0.0201,0.4937,0.5651,0.6603,0.0047,0.0364,0.0422
584.5804,0.5123,0.1876,0.0295,0.4641,0.5670,0.7125,0.0184,0.0186,0.0405
492.2841,0.4110,0.1785,0.0027,0.2897,0.5767,0.6738,0.0139,0.0303,0.0344
451.8579,0.3465,0.1332,0.0133,0.0841,0.2830,0.7481,0.0026,0.0201,0.1064
541.5919,0.3190,0.1281,0.0175,0.3517,0.4489,0.6286,0.0124,0.0059,0.0297
442.3302,0.7284,0.2498,0.0082,0.4908,0.5951,0.6559,0.0030,0.0169,0.1338
393.7395,0.3360,0.2098,0.0278,0.4564,0.5152,0.7872,0.0123,0.0748,0.0428
572.5458,0.6218,0.2843,0.0058,0.4383,0.5910,0.6882,0.0044,0.1300,0.0078
435.1236,0.3250,0.1840,0.0016,0.1208,0.4031,0.7016,0.0119,0.0778,0.0474
392.2158,0.3719,0.1394,0.0044,0.0536,0.5711,0.6421,0.0066,0.1406,0.0139
399.2958,0.3325,0.1904,0.0103,0.3189,0.5642,0.6250,0.0169,0.0284,0.0528
492.0610,0.3610,0.2501,0.0118,0.4131,0.5244,0.7800,0.0033,0.1116,0.0394
442.1080,0.3671,0.1409,0.0075,0.2615,0.3649,0.6845,0.0016,0.0534,0.0381
597.1927,0.3395,0.1835,0.0174,0.4690,0.5994,0.5120,0.0032,0.0891,0.0033
532.7552,0.3006,0.1472,0.0460,0.4980,0.3727,0.7831,0.0166,0.0409,0.0072
456.5196,0.3391,0.1306,0.0038,0.3930,0.5386,0.7974,0.0156,0.0090,0.2597
463.0906,0.3880,0.2052,0.0167,0.4560,0.4242,0.7564,0.0183,0.0322,0.0058
317.4350,0.3762,0.1570,0.0079,0.0198,0.4089,0.7851,0.0113,0.0305,0.0151
347.7989,0.4091,0.0854,0.0084,0.4133,0.4866,0.7247,0.0057,0.0077,0.0199
586.0220,0.5561,0.2211,0.0020,0.4602,0.4459,0.6561,0.0091,0.0026,0.0177
519.0558,0.3628,0.1556,0.0390,0.3480,0.5621,0.7007,0.0001,0.0103,0.0418
501.6285,0.3244,0.1157,0.0053,0.1338,0.5349,0.5613,0.0149,0.0007,0.0519
560.7310,0.8553,0.2965,0.0191,0.4764,0.5911,0.5430,0.0053,0.0340,0.0132
468.1095,0.3198,0.1809,0.0140,0.4009,0.5825,0.7376,0.0142,0.0841,0.1413
508.9265,0.4081,0.2613,0.0023,0.3664,0.5677,0.6876,0.0127,0.0489,0.0142
446.2259,0.4131,0.1220,0.0065,0.4629,0.4469,0.7825,0.0121,0.1067,0.0086
552.5326,0.3192,0.1436,0.0058,0.4774,0.5535,0.5230,0.0070,0.0146,0.0327
504.4584,0.5390,0.2376,0.0068,0.4965,0.5734,0.6544,0.0095,0.1602,0.0240
468.5518,0.3223,0.1341,0.0095,0.2955,0.2694,0.7738,0.0166,0.0733,0.0133
363.5001,0.4264,0.1318,0.0297,0.3569,0.5525,0.7988,0.0016,0.0200,0.0564
309.4509,0.4363,0.1562,0.0032,0.0008,0.3797,0.5145,0.0084,0.0189,0.0447
329.8093,0.4148,0.0900,0.0206,0.0685,0.4316,0.7785,0.0083,0.0036,0.0404
394.5006,0.3498,0.2646,0.0048,0.3757,0.3849,0.7476,0.0016,0.0029,0.0229
594.3495,0.3773,0.2792,0.0484,0.4836,0.5899,0.7626,0.0000,0.0459,0.0470
314.7691,0.4240,0.2091,0.0055,0.2933,0.5135,0.7854,0.0057,0.0486,0.0082
460.9226,0.3617,0.1298,0.0199,0.2294,0.5602,0.7557,0.0039,0.0469,0.0736
462.0362,0.5456,0.2301,0.0099,0.4858,0.5877,0.6257,0.0060,0.1118,0.0263
557.2601,0.7834,0.2015,0.0046,0.4445,0.5993,0.7184,0.0065,0.0749,0.1074
592.2195,0.3992,0.1843,0.0244,0.4889,0.5661,0.7866,0.0165,0.0822,0.1276
557.7021,0.3278,0.1182,0.0081,0.4260,0.4286,0.7653,0.0199,0.1066,0.0235
375.8640,0.3857,0.1343,0.0213,0.0619,0.1312,0.7281,0.0185,0.0126,0.0155
316.3017,0.4502,0.0818,0.0136,0.0098,0.1832,0.7940,0.0077,0.0139,0.0283
362.3699,0.3524,0.2270,0.0010,0.3953,0.4590,0.7787,0.0010,0.0798,0.0936
506.4939,0.3947,0.1414,0.0069,0.3955,0.4349,0.7255,0.0086,0.0348,0.0475
545.8457,0.4366,0.1900,0.0034,0.4612,0.4779,0.6660,0.0133,0.0469,0.0531
255.3484,0.4510,0.1462,0.0110,0.0187,0.5176,0.7357,0.0045,0.0000,0.0629
527.4020,0.3355,0.1924,0.0136,0.4585,0.5646,0.7038,0.0052,0.0017,0.2480
506.0551,0.7170,0.1783,0.0088,0.4747,0.5940,0.7411,0.0153,0.1415,0.0084
425.3331,0.6103,0.2064,0.0051,0.4535,0.5901,0.5834,0.0173,0.0284,0.0008
447.2947,0.3555,0.2212,0.0273,0.2849,0.5412,0.7947,0.0104,0.0165,0.0198
511.8192,0.7387,0.2691,0.0326,0.4976,0.5543,0.7769,0.0013,0.0301,0.0163
450.8080,0.5091,0.2363,0.0180,0.4664,0.5188,0.7464,0.0041,0.0578,0.0082
433.2221,0.3677,0.1153,0.0021,0.0033,0.5442,0.3263,0.0044,0.0686,0.0777
456.4901,0.3506,0.1781,0.0113,0.4282,0.5235,0.6171,0.0162,0.0491,0.0114
545.6293,0.3416,0.2376,0.0127,0.3341,0.5614,0.7718,0.0039,0.1300,0.0121
582.3056,0.4073,0.1530,0.0030,0.4705,0.5756,0.6199,0.0088,0.1961,0.0114
420.4407,0.4300,0.2040,0.0240,0.4332,0.5771,0.7218,0.0030,0.0007,0.0978
530.9346,0.6258,0.2908,0.0035,0.4897,0.5555,0.4964,0.0065,0.0417,0.0047
491.7642,0.3719,0.1671,0.0148,0.4805,0.5373,0.7188,0.0120,0.1666,0.0178
354.8166,0.3554,0.1584,0.0036,0.1221,0.4993,0.6870,0.0073,0.0022,0.0652
399.4559,0.3634,0.1422,0.0033,0.3462,0.5178,0.7895,0.0175,0.0638,0.1484
441.9530,0.3116,0.1874,0.0059,0.2966,0.4749,0.5972,0.0021,0.0045,0.0383
586.9617,0.3031,0.1171,0.0067,0.0906,0.2149,0.6588,0.0076,0.0403,0.0228
572.7185,0.5396,0.1604,0.0046,0.3541,0.5657,0.7079,0.0132,0.0073,0.0131
473.9117,0.6344,0.2048,0.0044,0.4911,0.5231,0.7960,0.0096,0.0003,0.1604
490.9030,0.3593,0.0919,0.0057,0.0010,0.5121,0.5893,0.0014,0.0297,0.0543
497.7616,0.4607,0.2238,0.0027,0.4988,0.5437,0.7214,0.0011,0.0568,0.2100
337.1363,0.4150,0.1193,0.0084,0.2613,0.1482,0.7979,0.0025,0.0145,0.0793
575.9700,0.3213,0.2213,0.0142,0.4873,0.5057,0.6166,0.0179,0.0294,0.0526
532.6228,0.3564,0.1727,0.0178,0.4358,0.4237,0.6762,0.0025,0.0523,0.0183
456.6667,0.3734,0.1249,0.0354,0.4549,0.5034,0.6932,0.0041,0.0116,0.0065
481.9961,0.3585,0.1122,0.0076,0.4135,0.2775,0.7439,0.0097,0.0461,0.0011
439.3426,0.3558,0.1525,0.0219,0.0252,0.1892,0.6594,0.0058,0.0220,0.0166
518.9629,0.3065,0.1615,0.0246,0.2890,0.4800,0.7899,0.0191,0.0078,0.1185
498.9735,0.6857,0.1643,0.0016,0.4543,0.5778,0.5259,0.0006,0.0047,0.0670
447.1725,0.3769,0.1445,0.0040,0.3165,0.5838,0.5936,0.0094,0.0539,0.0306
380.1772,0.3422,0.2239,0.0067,0.2591,0.4081,0.7785,0.0148,0.0324,0.0463
353.5882,0.3734,0.1877,0.0116,0.1400,0.5434,0.7731,0.0184,0.0071,0.0653
428.7022,0.3905,0.1733,0.0138,0.3220,0.5281,0.7451,0.0114,0.0088,0.0853
584.5085,0.5440,0.1935,0.0087,0.3994,0.4770,0.7468,0.0025,0.0019,0.0223
580.9873,0.3028,0.1780,0.0488,0.3505,0.5815,0.7943,0.0137,0.0738,0.0174
385.4950,0.3546,0.1713,0.0012,0.0369,0.4774,0.4908,0.0124,0.0410,0.0826
433.4715,0.3297,0.1587,0.0078,0.4664,0.3822,0.6364,0.0135,0.0049,0.0433
332.6048,0.3943,0.1269,0.0142,0.0842,0.4801,0.7362,0.0014,0.0573,0.0649
393.8732,0.3703,0.2351,0.0105,0.3915,0.5893,0.7034,0.0081,0.0581,0.0419
465.8378,0.3264,0.1496,0.0242,0.3525,0.5226,0.7141,0.0001,0.0752,0.0992
332.9264,0.4757,0.1458,0.0035,0.4298,0.5354,0.7999,0.0185,0.0367,0.0571
507.5316,0.4124,0.1083,0.0125,0.3802,0.4752,0.7736,0.0017,0.0543,0.0021
514.5033,0.3177,0.2069,0.0094,0.1205,0.5722,0.6474,0.0007,0.0088,0.0558
303.7912,0.4195,0.1215,0.0163,0.1289,0.1758,0.7631,0.0160,0.0213,0.0354
444.6351,0.4340,0.2119,0.0030,0.4236,0.5878,0.7872,0.0194,0.1392,0.0464
593.2542,0.3130,0.1277,0.0112,0.4750,0.5109,0.7863,0.0056,0.2911,0.0062
590.8564,0.9923,0.2652,0.0054,0.4498,0.5799,0.4975,0.0011,0.0516,0.0569
566.4838,0.3106,0.1730,0.0045,0.1714,0.5941,0.7553,0.0020,0.0292,0.1602
432.6142,0.3248,0.2443,0.0269,0.4163,0.5643,0.7621,0.0034,0.0278,0.0919
559.5134,0.3504,0.2158,0.0108,0.4686,0.5383,0.7382,0.0123,0.1397,0.0906
396.5523,0.3784,0.1050,0.0089,0.3622,0.4722,0.7086,0.0129,0.0065,0.0720
580.2991,0.6690,0.2327,0.0183,0.4808,0.5715,0.7049,0.0023,0.0174,0.1503
437.4313,0.3893,0.1609,0.0094,0.1891,0.5479,0.7691,0.0098,0.0293,0.0470
485.4930,0.9875,0.1857,0.0038,0.4783,0.5502,0.5825,0.0103,0.0277,0.0127
571.3000,0.4162,0.2478,0.0375,0.4418,0.5768,0.7798,0.0061,0.0259,0.0602
295.2694,0.4449,0.1267,0.0013,0.3198,0.4046,0.7822,0.0034,0.0054,0.1055
501.8360,0.3020,0.1875,0.0287,0.2331,0.4925,0.7663,0.0052,0.0382,0.0830
342.3369,0.3842,0.1433,0.0194,0.4569,0.5068,0.6618,0.0017,0.0093,0.0309
424.7355,0.3311,0.1443,0.0153,0.0838,0.4418,0.6749,0.0051,0.0308,0.0172
485.5554,0.3841,0.2103,0.0211,0.4662,0.4953,0.7736,0.0060,0.0386,0.1016
297.1726,0.4024,0.1353,0.0065,0.0271,0.5733,0.7440,0.0043,0.0393,0.0361
529.8053,0.9637,0.2949,0.0295,0.4975,0.5777,0.7417,0.0083,0.0094,0.0175
493.5954,0.5576,0.1861,0.0224,0.4584,0.5725,0.7234,0.0046,0.0197,0.0855
450.2882,0.4042,0.1515,0.0061,0.2542,0.5605,0.7374,0.0141,0.0259,0.0517
471.0869,0.3232,0.2177,0.0143,0.3172,0.4385,0.6925,0.0120,0.0126,0.0346
311.6430,0.4414,0.1369,0.0102,0.1274,0.3920,0.7241,0.0178,0.0137,0.0001
346.9569,0.3899,0.1850,0.0076,0.2023,0.5989,0.6664,0.0031,0.0728,0.0234
519.3388,0.3182,0.1069,0.0194,0.4785,0.5761,0.7874,0.0125,0.1411,0.0553
503.7196,0.3459,0.1957,0.0280,0.4248,0.4151,0.7911,0.0074,0.0067,0.0732
485.9943,0.3482,0.1670,0.0023,0.3530,0.3106,0.7375,0.0037,0.1052,0.0049
383.9149,0.3714,0.0951,0.0056,0.1789,0.4439,0.7980,0.0085,0.0124,0.0327
505.6839,0.3210,0.1565,0.0042,0.0853,0.3597,0.6383,0.0114,0.0910,0.0043
553.8458,0.3148,0.1551,0.0078,0.3539,0.5734,0.6884,0.0164,0.0281,0.1722
404.4623,0.3531,0.1607,0.0112,0.0823,0.1572,0.5734,0.0087,0.0045,0.0629
421.0173,0.3816,0.1330,0.0461,0.4027,0.5969,0.7792,0.0018,0.0287,0.0475
503.8207,0.3287,0.1663,0.0096,0.0114,0.4846,0.3962,0.0043,0.0316,0.0189
568.2712,0.3538,0.1477,0.0040,0.4881,0.3917,0.7935,0.0005,0.0724,0.1603
498.1306,0.3021,0.2285,0.0066,0.4360,0.5988,0.6088,0.0151,0.0099,0.1272
574.6088,0.4690,0.2144,0.0165,0.4251,0.5136,0.7604,0.0032,0.0388,0.0648
478.6947,0.3413,0.1598,0.0148,0.1690,0.5198,0.7917,0.0157,0.0928,0.0012
445.4435,0.3340,0.1684,0.0046,0.0237,0.4088,0.5578,0.0078,0.0130,0.1120
502.6580,0.4254,0.1631,0.0057,0.3235,0.5710,0.7712,0.0051,0.0945,0.0477
395.4444,0.3267,0.2105,0.0095,0.1998,0.3874,0.7282,0.0091,0.0242,0.0436
482.2401,0.8290,0.1885,0.0062,0.4160,0.5883,0.7239,0.0062,0.0559,0.0043
365.3405,0.3777,0.2018,0.0022,0.3228,0.5640,0.7335,0.0028,0.0107,0.1589
563.4015,0.4106,0.2204,0.0084,0.4059,0.5924,0.6320,0.0064,0.0928,0.0610
511.0526,0.3374,0.1078,0.0208,0.0014,0.2900,0.6127,0.0049,0.0009,0.0549
568.9531,0.6240,0.1936,0.0155,0.4886,0.5739,0.7672,0.0133,0.1026,0.0796
530.9409,0.3132,0.1479,0.0152,0.2207,0.4986,0.7162,0.0047,0.0112,0.1436
359.3258,0.3550,0.1939,0.0202,0.0228,0.2084,0.7927,0.0014,0.0629,0.0135
532.9037,0.5065,0.1882,0.0022,0.4937,0.5341,0.6018,0.0053,0.1487,0.0167
469.1452,0.3542,0.0908,0.0047,0.0962,0.2649,0.6994,0.0141,0.0473,0.0154
438.7695,0.3302,0.2091,0.0069,0.4859,0.5486,0.6453,0.0041,0.0924,0.0773
324.2786,0.4223,0.1287,0.0055,0.2016,0.1433,0.7085,0.0181,0.0039,0.0128
458.3340,0.3291,0.1333,0.0343,0.1383,0.4265,0.7314,0.0037,0.0524,0.0048
549.4635,0.3012,0.2828,0.0124,0.3831,0.4562,0.7247,0.0023,0.0421,0.0078
502.8744,0.3523,0.1092,0.0090,0.4425,0.5305,0.6669,0.0170,0.0261,0.0403
388.9897,0.3401,0.1747,0.0073,0.2866,0.5542,0.7532,0.0028,0.0952,0.0940
308.8595,0.4537,0.1113,0.0046,0.1428,0.5962,0.7737,0.0119,0.0660,0.0095
515.2590,0.3964,0.1908,0.0075,0.4308,0.5341,0.6851,0.0193,0.1023,0.0174
458.0990,0.3080,0.2011,0.0087,0.2287,0.4466,0.6592,0.0165,0.0150,0.0666
315.9381,0.3639,0.2119,0.0016,0.3555,0.5058,0.6460,0.0103,0.0204,0.0007
533.6058,0.3574,0.1750,0.0129,0.4571,0.2842,0.7898,0.0086,0.0292,0.0106
536.6835,0.3763,0.1320,0.0167,0.3438,0.5998,0.7536,0.0012,0.1144,0.0508
486.2893,0.3580,0.2395,0.0155,0.4504,0.4146,0.7241,0.0043,0.0223,0.0222
294.2707,0.4284,0.0982,0.0129,0.0113,0.3991,0.6925,0.0060,0.0217,0.0258
443.6324,0.3552,0.1959,0.0019,0.1128,0.5186,0.5766,0.0006,0.0457,0.0055
371.1823,0.3518,0.1677,0.0127,0.4306,0.4808,0.7568,0.0116,0.0175,0.1497
381.6074,0.3638,0.1481,0.0267,0.0495,0.5420,0.5700,0.0072,0.0358,0.0397
590.1730,0.6301,0.2532,0.0285,0.4420,0.5533,0.7446,0.0044,0.0089,0.0166
451.2401,0.3529,0.1267,0.0027,0.4007,0.4397,0.6724,0.0068,0.1161,0.0183
391.1310,0.3709,0.1126,0.0180,0.4948,0.1027,0.7783,0.0029,0.0068,0.0201
545.6060,0.8803,0.2077,0.0216,0.4811,0.5636,0.7243,0.0079,0.0368,0.0392
595.0777,0.4770,0.2249,0.0015,0.4679,0.5930,0.7811,0.0179,0.1202,0.1803
498.2836,0.3234,0.1684,0.0307,0.4621,0.5552,0.7787,0.0048,0.0473,0.1790
510.0046,0.3169,0.1409,0.0144,0.0168,0.1198,0.5729,0.0054,0.0600,0.0311
399.9657,0.4235,0.1372,0.0068,0.2840,0.4937,0.6500,0.0015,0.0169,0.0309
476.4173,0.3441,0.1202,0.0170,0.2959,0.5474,0.6878,0.0195,0.0458,0.0250
515.7548,0.5845,0.2174,0.0120,0.4982,0.5983,0.6783,0.0091,0.0396,0.1793
557.0501,0.5324,0.2277,0.0233,0.4883,0.5136,0.6518,0.0123,0.0102,0.0167
582.7880,0.3800,0.1577,0.0070,0.4077,0.5669,0.7579,0.0147,0.1867,0.0275
454.9914,0.4108,0.1790,0.0072,0.4904,0.4842,0.7609,0.0003,0.0211,0.2024
462.8670,0.3188,0.1206,0.0253,0.4284,0.3544,0.7939,0.0036,0.0154,0.0181
430.3164,0.5064,0.2132,0.0012,0.3907,0.5502,0.7229,0.0014,0.0377,0.0755
323.2425,0.4073,0.1034,0.0112,0.2170,0.3447,0.7893,0.0116,0.0571,0.0117
567.8073,0.3046,0.1219,0.0090,0.0442,0.5506,0.4835,0.0113,0.0041,0.0499
548.8824,0.3327,0.1832,0.0059,0.3985,0.5317,0.7742,0.0080,0.0189,0.2538
481.1890,0.3399,0.1129,0.0066,0.2299,0.2722,0.7323,0.0023,0.0581,0.0721
391.3187,0.4200,0.1644,0.0322,0.4288,0.5701,0.7612,0.0069,0.0487,0.0262
337.6680,0.4367,0.1059,0.0059,0.0698,0.1517,0.6769,0.0056,0.0311,0.0340
489.8692,0.3392,0.1332,0.0086,0.3251,0.5066,0.6321,0.0093,0.0182,0.0857
301.5854,0.4145,0.1725,0.0233,0.0013,0.2182,0.4755,0.0054,0.0114,0.0147
430.9934,0.3307,0.2036,0.0077,0.0621,0.2662,0.5609,0.0010,0.0539,0.0068
530.2587,0.4442,0.2426,0.0060,0.3526,0.5919,0.7602,0.0168,0.0399,0.0364
481.6101,0.6514,0.1850,0.0114,0.4289,0.5739,0.7433,0.0052,0.0629,0.0300
596.1157,0.8911,0.2698,0.0137,0.4941,0.5684,0.4593,0.0043,0.0266,0.0640
447.2234,0.3379,0.1173,0.0064,0.4151,0.1726,0.7474,0.0091,0.0364,0.0050
442.3644,0.3208,0.1800,0.0095,0.0275,0.1598,0.4449,0.0103,0.0146,0.0298
542.0530,0.3347,0.2121,0.0301,0.3619,0.5681,0.7968,0.0005,0.0785,0.0786
515.8329,0.3943,0.2479,0.0115,0.4851,0.4064,0.7100,0.0002,0.0096,0.0334
522.9284,0.3357,0.1298,0.0084,0.0142,0.4383,0.5857,0.0024,0.0388,0.0396
430.2932,0.3029,0.2442,0.0039,0.4049,0.3603,0.6923,0.0081,0.0115,0.0328
592.5419,0.3433,0.1351,0.0051,0.3004,0.5291,0.7878,0.0074,0.1447,0.0344
400.9095,0.3707,0.1261,0.0016,0.0133,0.2026,0.6527,0.0176,0.1305,0.0049
453.7677,0.3531,0.1157,0.0168,0.1068,0.3969,0.7977,0.0115,0.0112,0.0823
532.6800,0.3147,0.1375,0.0142,0.3314,0.3327,0.6515,0.0034,0.0348,0.0303
392.4042,0.3925,0.0957,0.0283,0.0216,0.1644,0.6153,0.0040,0.0168,0.0192
530.4817,0.3287,0.1852,0.0093,0.4759,0.5191,0.6154,0.0062,0.1182,0.0362
578.5550,0.7483,0.1811,0.0040,0.4619,0.5590,0.7917,0.0031,0.0613,0.1300
571.7770,0.4516,0.1954,0.0206,0.4790,0.5884,0.7157,0.0131,0.0910,0.1014
589.4646,0.3022,0.1797,0.0245,0.3825,0.3385,0.7595,0.0047,0.0026,0.0725
364.6852,0.3897,0.1129,0.0311,0.0023,0.1134,0.6464,0.0035,0.0845,0.0007
506.1569,0.3246,0.1781,0.0228,0.3301,0.4095,0.7244,0.0178,0.0386,0.0015
327.9707,0.3705,0.1634,0.0194,0.4134,0.2991,0.7689,0.0161,0.0338,0.0076
546.1807,0.3723,0.1300,0.0200,0.2805,0.5775,0.6671,0.0031,0.0250,0.0165
390.3882,0.5687,0.2349,0.0029,0.4516,0.5655,0.6688,0.0132,0.0229,0.0196
482.6931,0.3203,0.2240,0.0296,0.3101,0.5791,0.7076,0.0188,0.0067,0.0202
492.4472,0.3868,0.1874,0.0189,0.4489,0.5868,0.7438,0.0043,0.0126,0.2090
541.8622,0.6808,0.2043,0.0110,0.4923,0.5537,0.6987,0.0143,0.1348,0.0001
424.7949,0.3728,0.1171,0.0182,0.1805,0.3429,0.6998,0.0061,0.0507,0.0023
541.4254,0.4358,0.1135,0.0014,0.3859,0.4746,0.7769,0.0021,0.0259,0.0549
581.2301,0.3951,0.1928,0.0042,0.4437,0.5177,0.5942,0.0174,0.0419,0.0418
500.9857,0.4783,0.2231,0.0102,0.4066,0.5843,0.6240,0.0160,0.0216,0.0233
399.1327,0.4660,0.1758,0.0203,0.4116,0.5392,0.7883,0.0065,0.0131,0.0698
526.2704,0.3258,0.1540,0.0185,0.4865,0.4970,0.7914,0.0185,0.1565,0.0578
406.2534,0.3515,0.1247,0.0124,0.4737,0.4251,0.7631,0.0100,0.0281,0.1177
469.0185,0.3328,0.1433,0.0059,0.0288,0.5840,0.3636,0.0060,0.0576,0.0544
477.3411,0.3047,0.2046,0.0089,0.4143,0.4994,0.5806,0.0147,0.0403,0.0007
550.9564,0.4876,0.1559,0.0037,0.3640,0.5898,0.7944,0.0173,0.0164,0.0951
499.8693,0.3040,0.1858,0.0048,0.0155,0.2336,0.7863,0.0164,0.0331,0.0484
463.7002,0.3642,0.1924,0.0021,0.2987,0.4346,0.6552,0.0087,0.0099,0.0423
595.1630,0.3295,0.2560,0.0036,0.4547,0.4118,0.7493,0.0115,0.0930,0.0085
415.0869,0.3392,0.1778,0.0085,0.1969,0.5901,0.5349,0.0072,0.0546,0.0201
554.6761,0.3573,0.2239,0.0182,0.4816,0.5279,0.5810,0.0113,0.0220,0.0250
511.7257,0.3208,0.1445,0.0154,0.4066,0.4459,0.7635,0.0066,0.0458,0.1556
518.6267,0.4148,0.2186,0.0048,0.4696,0.5835,0.7888,0.0095,0.0700,0.2344
525.3806,0.3180,0.1042,0.0018,0.0302,0.4874,0.6631,0.0080,0.0222,0.0224
422.0672,0.3742,0.1640,0.0034,0.2487,0.5741,0.7575,0.0119,0.1006,0.0638
420.0763,0.3335,0.1873,0.0288,0.2765,0.5201,0.6680,0.0068,0.0349,0.0225
452.6070,0.5884,0.1788,0.0035,0.4775,0.4984,0.7063,0.0011,0.0141,0.0968
527.8120,0.3491,0.2528,0.0304,0.4955,0.5452,0.7682,0.0133,0.1064,0.0119
497.2042,0.3475,0.1587,0.0209,0.3064,0.5183,0.7202,0.0100,0.0154,0.0787
461.0902,0.3200,0.1648,0.0228,0.0078,0.2114,0.6009,0.0049,0.0293,0.0339
477.1096,0.3271,0.1299,0.0345,0.4531,0.5261,0.7466,0.0056,0.0027,0.1331
420.4169,0.3603,0.1581,0.0105,0.1586,0.4490,0.5308,0.0050,0.0041,0.0275
575.6640,0.3508,0.1111,0.0062,0.4320,0.5218,0.7540,0.0189,0.1157,0.0204
482.9800,0.3414,0.1728,0.0048,0.3380,0.5435,0.6667,0.0010,0.0442,0.1552
559.5784,0.3136,0.1925,0.0397,0.4700,0.3600,0.7581,0.0012,0.0368,0.0070
581.5165,0.4165,0.1415,0.0298,0.4081,0.4819,0.7953,0.0027,0.0044,0.0319
488.1339,0.3435,0.1525,0.0089,0.2478,0.3091,0.7002,0.0080,0.0324,0.0249
379.6336,0.4010,0.1562,0.0230,0.4515,0.4295,0.7773,0.0038,0.0457,0.0443
305.5493,0.3934,0.1764,0.0153,0.0050,0.4673,0.5815,0.0127,0.0175,0.0521
590.1859,0.3118,0.0979,0.0117,0.2851,0.4453,0.7104,0.0030,0.0850,0.0123
429.2709,0.3288,0.2072,0.0097,0.3894,0.5652,0.7443,0.0022,0.0681,0.1693
422.2836,0.4036,0.1085,0.0129,0.1103,0.5375,0.6142,0.0000,0.0223,0.0067
549.5503,0.5024,0.1903,0.0111,0.3817,0.5173,0.6930,0.0084,0.0119,0.0067
317.6730,0.3627,0.1985,0.0034,0.2162,0.3285,0.7215,0.0116,0.0062,0.0123
444.9721,0.3728,0.1705,0.0205,0.3660,0.5000,0.7882,0.0092,0.0886,0.0365
558.7191,0.3196,0.1050,0.0219,0.3972,0.5846,0.6323,0.0107,0.0148,0.0233
441.8936,0.3588,0.2146,0.0029,0.4403,0.3138,0.7599,0.0019,0.0596,0.0264
586.9092,0.3462,0.1443,0.0038,0.1735,0.5538,0.6846,0.0085,0.0227,0.0326
466.3926,0.3936,0.2303,0.0053,0.4218,0.5636,0.7152,0.0110,0.1470,0.0078
507.2100,0.3069,0.2737,0.0169,0.3148,0.5787,0.7744,0.0119,0.0223,0.0463
334.7990,0.4011,0.1335,0.0098,0.0981,0.5879,0.6455,0.0025,0.1001,0.0379
592.6330,0.4566,0.2609,0.0320,0.4632,0.5389,0.7225,0.0046,0.0347,0.0197
518.4953,0.3048,0.1707,0.0160,0.0196,0.2953,0.3797,0.0085,0.0107,0.0412
450.0979,0.9352,0.1980,0.0045,0.4918,0.5744,0.6699,0.0193,0.0329,0.0478
593.9913,0.3035,0.2266,0.0101,0.4392,0.5780,0.7017,0.0182,0.1460,0.0797
544.9139,0.7096,0.2126,0.0145,0.4866,0.5488,0.7428,0.0082,0.0063,0.1268
389.3379,0.3666,0.1730,0.0175,0.0741,0.4640,0.5852,0.0041,0.0211,0.0301
336.6692,0.4144,0.1276,0.0048,0.0552,0.4628,0.3878,0.0144,0.0046,0.0260
288.0595,0.4339,0.1403,0.0104,0.4375,0.5540,0.7402,0.0109,0.0435,0.0019
379.8828,0.3626,0.1376,0.0271,0.3788,0.2747,0.7622,0.0060,0.0125,0.0519
419.3603,0.3872,0.1094,0.0087,0.0476,0.4819,0.7560,0.0160,0.0505,0.0078
507.1211,0.8949,0.1795,0.0021,0.4930,0.5771,0.7261,0.0161,0.1157,0.0405
526.9822,0.3064,0.1749,0.0073,0.2039,0.5832,0.6646,0.0039,0.1267,0.0577
354.5736,0.3989,0.2527,0.0190,0.4903,0.5915,0.7857,0.0143,0.0497,0.0188
528.0733,0.5107,0.1967,0.0218,0.4486,0.5479,0.7790,0.0061,0.0322,0.0856
449.7592,0.3370,0.2309,0.0236,0.4407,0.5351,0.7364,0.0045,0.0507,0.0737
276.3070,0.4484,0.1223,0.0011,0.0057,0.5510,0.7036,0.0053,0.0494,0.0887
426.0144,0.4328,0.2139,0.0117,0.4517,0.5734,0.6337,0.0163,0.0026,0.0450
539.0910,0.3108,0.1831,0.0289,0.4188,0.4554,0.7190,0.0033,0.0165,0.1047
485.2476,0.4453,0.1697,0.0022,0.2758,0.5988,0.7728,0.0151,0.0348,0.0374
552.5610,0.3024,0.1914,0.0121,0.3259,0.5156,0.7757,0.0099,0.1723,0.0372
474.0868,0.3670,0.0895,0.0141,0.0124,0.1920,0.4234,0.0020,0.0320,0.0022
575.1509,0.3611,0.1662,0.0132,0.3636,0.5507,0.7593,0.0129,0.0332,0.1253
418.0529,0.6021,0.2006,0.0173,0.4116,0.5940,0.7610,0.0034,0.0312,0.0350
382.0522,0.4753,0.1341,0.0029,0.4746,0.4643,0.7904,0.0005,0.0074,0.1414
443.6913,0.3163,0.2232,0.0056,0.1549,0.1094,0.7976,0.0009,0.0281,0.0311
397.7211,0.3619,0.1473,0.0021,0.2069,0.3165,0.6056,0.0162,0.0403,0.0170
588.6871,0.3016,0.1685,0.0047,0.4823,0.3538,0.7089,0.0089,0.0639,0.0977
519.9057,0.3547,0.2176,0.0013,0.4069,0.5609,0.6514,0.0142,0.0045,0.1562
473.9431,0.4319,0.2993,0.0068,0.4925,0.4660,0.7642,0.0010,0.0489,0.0075
438.6429,0.3830,0.0999,0.0135,0.4305,0.5960,0.7897,0.0026,0.0626,0.1094
503.4081,0.3256,0.1737,0.0056,0.3050,0.2985,0.7436,0.0137,0.0243,0.0574
485.8681,0.3225,0.2028,0.0293,0.4725,0.4420,0.7850,0.0174,0.0852,0.0118
524.3167,0.7013,0.2374,0.0069,0.4373,0.5163,0.7350,0.0060,0.0237,0.0146
344.9138,0.3419,0.1809,0.0061,0.3327,0.5867,0.7688,0.0069,0.0031,0.0660
351.4852,0.3908,0.1225,0.0144,0.2697,0.4743,0.7514,0.0096,0.0357,0.0813
447.7479,0.8751,0.1913,0.0025,0.4295,0.5662,0.7785,0.0047,0.0422,0.0263
466.8263,0.3262,0.1552,0.0077,0.1560,0.5639,0.5900,0.0154,0.0500,0.0589
459.6239,0.3663,0.2371,0.0017,0.4840,0.5709,0.6071,0.0051,0.0813,0.0658
423.9671,0.3309,0.1568,0.0043,0.4091,0.4030,0.7991,0.0104,0.1321,0.0829
465.1316,0.3420,0.1201,0.0313,0.0099,0.5155,0.6972,0.0112,0.0155,0.0286
364.8670,0.3708,0.1440,0.0065,0.3566,0.4969,0.7544,0.0111,0.1663,0.0168
510.0619,0.3654,0.1683,0.0176,0.2462,0.5233,0.7861,0.0056,0.0026,0.0773
373.3184,0.4128,0.1148,0.0086,0.0722,0.2986,0.6880,0.0057,0.0408,0.0288
342.7069,0.4065,0.0983,0.0359,0.0618,0.5724,0.7624,0.0001,0.0145,0.0475
554.3536,0.9596,0.2032,0.0129,0.4629,0.5825,0.7644,0.0074,0.0444,0.0816
409.4301,0.3808,0.1465,0.0128,0.3079,0.5925,0.6867,0.0063,0.1066,0.0234
448.1748,0.3606,0.1078,0.0078,0.2237,0.1779,0.7278,0.0015,0.0115,0.0747
386.2483,0.4153,0.1622,0.0074,0.3345,0.3427,0.7884,0.0159,0.0250,0.0075
564.8828,0.3140,0.1402,0.0479,0.4506,0.5691,0.7814,0.0118,0.1002,0.0201
489.4574,0.3369,0.1405,0.0046,0.1241,0.3212,0.5345,0.0187,0.0002,0.0123
591.9496,0.8164,0.2645,0.0122,0.4554,0.5943,0.4854,0.0001,0.0633,0.0337
512.7273,0.3213,0.2037,0.0076,0.4475,0.2464,0.7203,0.0020,0.0227,0.0121
370.6550,0.4570,0.2123,0.0171,0.3749,0.5843,0.7560,0.0020,0.0606,0.0069
459.4440,0.3449,0.1595,0.0266,0.3829,0.5517,0.7809,0.0148,0.1189,0.0269
465.3631,0.3192,0.1830,0.0057,0.1071,0.4807,0.6133,0.0091,0.0531,0.0578
418.2247,0.3558,0.1389,0.0031,0.0321,0.4299,0.6806,0.0144,0.0292,0.1148
405.0618,0.3375,0.1814,0.0151,0.0130,0.3156,0.7574,0.0001,0.0886,0.0055
514.9214,0.3242,0.1267,0.0158,0.3732,0.5595,0.6862,0.0096,0.1243,0.0320
450.8947,0.3164,0.2682,0.0177,0.4562,0.4548,0.7782,0.0052,0.0290,0.0579
273.8274,0.4690,0.0932,0.0077,0.0212,0.3764,0.7473,0.0044,0.0302,0.0511
598.9075,0.4397,0.1715,0.0370,0.4748,0.5978,0.7668,0.0170,0.1178,0.0050
370.4509,0.3642,0.1787,0.0084,0.4055,0.5460,0.7311,0.0046,0.1617,0.0298
586.3431,0.3303,0.0806,0.0105,0.4978,0.5582,0.7902,0.0008,0.0064,0.1389
466.5394,0.3048,0.2104,0.0326,0.2426,0.5918,0.7989,0.0044,0.0125,0.1168
581.4131,0.8442,0.2345,0.0238,0.4870,0.5878,0.7780,0.0013,0.0245,0.1462
340.6012,0.3861,0.1460,0.0222,0.0964,0.3099,0.7372,0.0005,0.0232,0.0891
560.1229,0.5283,0.2202,0.0068,0.4387,0.5547,0.7290,0.0113,0.1279,0.0197
411.4954,0.3521,0.1762,0.0024,0.4464,0.5126,0.7725,0.0181,0.1091,0.1200
568.4387,0.5941,0.2507,0.0293,0.4636,0.5936,0.7030,0.0053,0.0143,0.0821
535.9046,0.3403,0.2395,0.0040,0.2904,0.5524,0.6168,0.0021,0.0306,0.0291
486.5969,0.8100,0.1877,0.0079,0.4916,0.5665,0.6346,0.0111,0.0160,0.0842
462.3389,0.4244,0.1974,0.0041,0.3610,0.4579,0.7931,0.0128,0.0568,0.0149
519.5878,0.3756,0.1478,0.0269,0.4444,0.5955,0.7236,0.0057,0.0420,0.1219
441.1363,0.3597,0.1332,0.0201,0.4146,0.3942,0.7084,0.0071,0.0077,0.0542
547.8564,0.3396,0.1625,0.0016,0.4371,0.5915,0.6898,0.0156,0.1745,0.1008
493.0638,0.4839,0.2582,0.0332,0.4957,0.6000,0.7877,0.0165,0.0884,0.0057
476.7523,0.4634,0.1999,0.0126,0.4766,0.5063,0.6868,0.0094,0.0308,0.0591
495.3122,0.6368,0.2278,0.0082,0.4688,0.5600,0.7614,0.0000,0.0498,0.1359
478.0542,0.3495,0.0950,0.0286,0.1288,0.5236,0.7271,0.0026,0.0241,0.0214
539.2952,0.3318,0.1201,0.0055,0.4486,0.4196,0.6702,0.0167,0.0539,0.0180
583.3569,0.3678,0.1955,0.0020,0.3810,0.4939,0.7360,0.0014,0.0324,0.1637
394.5235,0.5413,0.2321,0.0064,0.3889,0.5729,0.7794,0.0080,0.0511,0.0042
526.6823,0.7058,0.2413,0.0013,0.4877,0.5968,0.5051,0.0113,0.1328,0.0197
393.4141,0.3632,0.1318,0.0164,0.1462,0.5375,0.6650,0.0021,0.1090,0.0213
395.6115,0.3657,0.1754,0.0132,0.0329,0.2283,0.6289,0.0094,0.0442,0.0009
372.5863,0.3951,0.0855,0.0020,0.0875,0.1290,0.7630,0.0040,0.0201,0.0484
506.7910,0.6176,0.2824,0.0091,0.4370,0.5707,0.5919,0.0013,0.0306,0.0002
465.2246,0.3759,0.1375,0.0077,0.0720,0.5895,0.7934,0.0096,0.0036,0.0500
315.3355,0.3877,0.2169,0.0176,0.3897,0.4800,0.7635,0.0001,0.0029,0.0477
509.9150,0.3094,0.1506,0.0462,0.1871,0.5817,0.7045,0.0147,0.0146,0.0097
490.1674,0.5216,0.2289,0.0030,0.4888,0.5895,0.5382,0.0197,0.0379,0.0470
342.8462,0.4378,0.0962,0.0031,0.1220,0.5371,0.7282,0.0191,0.0026,0.0362
562.8249,0.3059,0.1436,0.0123,0.0218,0.1684,0.4374,0.0027,0.0326,0.0363
409.3015,0.3248,0.1720,0.0256,0.3682,0.5105,0.7727,0.0129,0.0993,0.0034
478.9204,0.3356,0.1340,0.0040,0.2031,0.4077,0.6885,0.0137,0.0483,0.0768
404.6741,0.3832,0.1797,0.0066,0.1536,0.5836,0.6210,0.0084,0.0335,0.0126
470.8759,0.3149,0.1419,0.0220,0.3885,0.2397,0.7519,0.0123,0.0252,0.0020
492.4779,0.9310,0.1631,0.0013,0.4644,0.5630,0.7335,0.0188,0.0232,0.0227
524.2247,0.6674,0.2082,0.0323,0.4965,0.5907,0.7557,0.0144,0.0310,0.0607
472.1915,0.3285,0.1885,0.0014,0.3064,0.5496,0.7802,0.0200,0.1275,0.0846
585.9436,0.3653,0.2521,0.0031,0.4626,0.5118,0.6243,0.0002,0.0513,0.1087
514.7663,0.4171,0.2535,0.0146,0.4575,0.5967,0.7134,0.0184,0.0032,0.1283
400.2351,0.3724,0.1342,0.0152,0.4392,0.4845,0.7674,0.0117,0.0345,0.1129
504.3288,0.3051,0.1597,0.0091,0.4599,0.4319,0.7880,0.0004,0.1676,0.1308
374.0899,0.3433,0.1529,0.0196,0.0702,0.4641,0.7563,0.0151,0.0010,0.0055
571.8008,0.8645,0.1551,0.0122,0.4945,0.5655,0.7571,0.0076,0.0991,0.0175
353.9505,0.4175,0.1003,0.0134,0.0126,0.4438,0.3100,0.0033,0.0686,0.0039
383.2681,0.3567,0.1614,0.0294,0.0095,0.1780,0.5851,0.0187,0.0072,0.0294
578.5242,0.5487,0.1683,0.0169,0.4471,0.5987,0.6850,0.0176,0.0530,0.0485
495.0415,0.5843,0.1512,0.0069,0.4415,0.5137,0.6451,0.0007,0.0050,0.0252
575.0108,0.3077,0.1524,0.0261,0.3047,0.4923,0.7313,0.0064,0.0211,0.0985
597.5717,0.7126,0.2634,0.0051,0.4442,0.5610,0.6971,0.0196,0.0705,0.0008
548.3863,0.3066,0.2454,0.0249,0.4896,0.5942,0.7458,0.0096,0.0819,0.1408
359.5509,0.3686,0.1504,0.0156,0.2171,0.5323,0.7139,0.0017,0.0503,0.0932
455.4876,0.3905,0.2417,0.0143,0.4018,0.5466,0.7950,0.0024,0.0797,0.0589
524.4253,0.3046,0.2004,0.0011,0.3660,0.5938,0.7278,0.0008,0.0498,0.2896
448.7196,0.3396,0.1431,0.0173,0.0989,0.5169,0.6727,0.0002,0.1279,0.0126
421.6165,0.3350,0.2223,0.0156,0.4925,0.5821,0.7843,0.0060,0.1714,0.0779
539.0037,0.3640,0.1969,0.0096,0.4838,0.4045,0.7404,0.0174,0.0003,0.0920
313.7646,0.4631,0.0897,0.0010,0.1653,0.2166,0.7555,0.0034,0.0385,0.0090
445.1641,0.9053,0.2486,0.0026,0.4769,0.5801,0.5770,0.0034,0.0239,0.0723
563.8729,0.3263,0.1066,0.0059,0.0059,0.2415,0.5148,0.0070,0.0471,0.0147
583.5039,0.3337,0.1859,0.0363,0.4430,0.5526,0.7546,0.0180,0.0257,0.0889
390.9171,0.3571,0.2275,0.0226,0.3004,0.5603,0.7282,0.0026,0.0311,0.0260
326.3530,0.4290,0.1193,0.0020,0.2393,0.5133,0.6956,0.0071,0.0327,0.0652
574.9950,0.4432,0.2766,0.0112,0.4669,0.5762,0.7946,0.0042,0.1370,0.0860
412.7042,0.4600,0.1691,0.0102,0.3625,0.4381,0.6992,0.0010,0.0074,0.0009
464.5971,0.3445,0.1122,0.0013,0.0878,0.3848,0.7204,0.0001,0.0574,0.0888
524.7430,0.3273,0.1345,0.0267,0.2670,0.5581,0.6438,0.0192,0.0123,0.0071
544.9381,0.5975,0.1369,0.0061,0.4713,0.5719,0.7305,0.0137,0.0331,0.0775
450.1217,0.3473,0.1524,0.0161,0.4759,0.5503,0.5569,0.0039,0.0059,0.0043
426.4055,0.4211,0.1657,0.0017,0.4790,0.4947,0.7808,0.0169,0.0521,0.1351
347.5559,0.3644,0.1801,0.0238,0.0431,0.5731,0.7531,0.0127,0.0528,0.0170
498.9995,0.3698,0.2025,0.0126,0.4347,0.5408,0.7839,0.0081,0.1908,0.0292
554.0122,0.4374,0.1482,0.0238,0.3842,0.5984,0.6021,0.0066,0.0057,0.0021
392.3606,0.4612,0.1910,0.0020,0.4561,0.5845,0.7659,0.0002,0.1913,0.0587
519.7215,0.3416,0.1692,0.0123,0.3796,0.5135,0.7670,0.0148,0.0535,0.1251
476.8946,0.4289,0.1821,0.0259,0.4177,0.5963,0.7726,0.0103,0.0235,0.1038
458.3137,0.3437,0.1588,0.0010,0.0344,0.2790,0.5974,0.0168,0.0229,0.0522
485.1693,0.3634,0.2730,0.0033,0.4221,0.5579,0.7454,0.0063,0.1371,0.0190
575.2182,0.3290,0.2134,0.0019,0.3284,0.5346,0.6591,0.0136,0.0587,0.0616
533.3816,0.3710,0.1648,0.0053,0.2783,0.4526,0.7168,0.0083,0.0090,0.0515
599.0481,0.4081,0.1459,0.0012,0.4116,0.5082,0.7238,0.0036,0.1251,0.0538
503.2606,0.3726,0.1719,0.0157,0.4144,0.5930,0.6385,0.0154,0.0794,0.0278
416.6700,0.3463,0.1508,0.0086,0.1085,0.5237,0.5819,0.0173,0.0322,0.0660
356.8525,0.3915,0.1337,0.0198,0.0280,0.5285,0.3913,0.0064,0.0110,0.0544
474.0063,0.3498,0.1454,0.0048,0.3301,0.4407,0.7917,0.0123,0.0763,0.1077
538.3094,0.3791,0.2847,0.0037,0.4992,0.5698,0.6962,0.0129,0.0606,0.1321
563.7844,0.3927,0.2832,0.0139,0.4873,0.5299,0.6739,0.0059,0.0314,0.0737
510.6699,0.3115,0.1705,0.0015,0.1057,0.2274,0.6566,0.0027,0.0999,0.0149
379.2036,0.3699,0.1050,0.0030,0.1370,0.3298,0.7478,0.0175,0.0214,0.0246
536.2540,0.4009,0.1939,0.0262,0.4734,0.5472,0.7358,0.0092,0.0969,0.0507
433.8102,0.5526,0.2679,0.0055,0.4914,0.4966,0.7386,0.0165,0.0041,0.0177
312.6154,0.4317,0.1268,0.0076,0.1808,0.2578,0.6801,0.0063,0.0224,0.0248
459.5926,0.3136,0.1576,0.0119,0.4489,0.4933,0.6785,0.0056,0.1256,0.0022
452.5831,0.6950,0.1717,0.0167,0.4924,0.5225,0.7665,0.0157,0.0222,0.0003
335.6888,0.3583,0.1709,0.0311,0.4741,0.5849,0.7764,0.0016,0.0130,0.0823
511.3184,0.4873,0.1137,0.0074,0.4412,0.5743,0.7600,0.0050,0.1068,0.0008
483.0423,0.4235,0.2720,0.0059,0.4848,0.5807,0.6392,0.0122,0.0904,0.0255
584.8913,0.5206,0.2558,0.0158,0.4899,0.5395,0.7732,0.0002,0.0988,0.0980
563.7095,0.8364,0.2376,0.0079,0.4435,0.5688,0.7323,0.0102,0.0534,0.0414
477.2637,0.3578,0.1754,0.0294,0.4805,0.5421,0.6600,0.0062,0.0516,0.0354
554.3847,0.3225,0.1473,0.0199,0.4465,0.5440,0.7122,0.0119,0.0715,0.1137
589.7941,0.7286,0.1604,0.0033,0.4948,0.5733,0.7922,0.0019,0.0811,0.1830
518.3637,0.4455,0.1723,0.0101,0.4423,0.5058,0.6256,0.0089,0.0252,0.0277
429.0850,0.4108,0.1106,0.0086,0.2857,0.5905,0.7793,0.0110,0.0968,0.0014
420.0390,0.3452,0.1410,0.0336,0.3116,0.5675,0.7386,0.0075,0.0604,0.0519
394.6974,0.3854,0.0951,0.0125,0.3219,0.3406,0.6955,0.0019,0.0342,0.0083
564.1346,0.3008,0.1550,0.0011,0.1455,0.2119,0.7739,0.0133,0.0003,0.1053
468.3507,0.3142,0.2097,0.0018,0.4761,0.4680,0.7321,0.0163,0.0396,0.1680
496.8452,0.3971,0.2015,0.0089,0.4975,0.5957,0.6713,0.0134,0.1814,0.0469
518.5801,0.3327,0.0993,0.0068,0.3229,0.5424,0.7616,0.0182,0.0978,0.0361
429.3014,0.3608,0.1606,0.0054,0.4168,0.5187,0.6741,0.0016,0.0239,0.1637
290.7011,0.4097,0.1431,0.0189,0.1802,0.5443,0.7816,0.0099,0.0123,0.0761
482.8191,0.3545,0.2181,0.0088,0.3732,0.5285,0.7517,0.0003,0.0140,0.1722
492.3736,0.3311,0.1931,0.0439,0.3829,0.5206,0.7156,0.0153,0.0053,0.0031
553.1727,0.8249,0.2134,0.0212,0.4755,0.5782,0.5325,0.0115,0.0181,0.0082
442.1670,0.3254,0.1683,0.0105,0.4754,0.2665,0.6584,0.0024,0.0335,0.0007
521.4025,0.3855,0.1476,0.0085,0.2118,0.4635,0.7896,0.0127,0.0102,0.0040
384.7202,0.3353,0.2106,0.0040,0.2991,0.2719,0.7673,0.0012,0.0036,0.1136
534.9887,0.3261,0.1559,0.0032,0.0637,0.5319,0.6767,0.0092,0.0405,0.0392
355.0585,0.3692,0.2017,0.0082,0.1759,0.1756,0.7562,0.0069,0.0359,0.0016
378.0655,0.3972,0.1119,0.0070,0.1993,0.3067,0.6377,0.0016,0.0494,0.0172
498.8917,0.9470,0.2613,0.0071,0.4756,0.5752,0.7585,0.0014,0.1251,0.0225
363.0506,0.3471,0.1938,0.0147,0.4783,0.5935,0.6911,0.0083,0.0400,0.0908
246.8666,0.4855,0.1064,0.0016,0.0177,0.5266,0.7150,0.0182,0.0216,0.0085
375.6492,0.3501,0.2100,0.0136,0.2405,0.5475,0.7776,0.0182,0.0252,0.0616
341.6278,0.4138,0.1287,0.0110,0.2978,0.5318,0.7479,0.0115,0.0245,0.0726
433.5474,0.3424,0.1333,0.0282,0.3624,0.3110,0.7543,0.0066,0.0697,0.0035
528.4791,0.3408,0.2294,0.0021,0.4146,0.4252,0.7764,0.0029,0.1213,0.0479
528.0422,0.7923,0.1528,0.0102,0.4644,0.5709,0.6982,0.0107,0.0028,0.0475
507.1453,0.3890,0.1710,0.0181,0.4766,0.5376,0.7472,0.0007,0.1449,0.0807
499.1042,0.3608,0.1091,0.0030,0.0582,0.1455,0.5806,0.0127,0.0023,0.0039
592.7122,0.4254,0.2471,0.0070,0.4004,0.5036,0.7681,0.0162,0.0233,0.0409
467.4005,0.4324,0.1857,0.0055,0.3687,0.5888,0.6681,0.0040,0.0994,0.0368
417.5455,0.3740,0.1076,0.0272,0.2962,0.3582,0.6969,0.0028,0.0006,0.0107
599.8029,0.3074,0.1309,0.0039,0.1014,0.5989,0.6361,0.0165,0.0691,0.0122
509.6271,0.3000,0.2355,0.0053,0.4949,0.5314,0.7476,0.0122,0.2319,0.0365
415.6680,0.4470,0.1356,0.0090,0.4194,0.5834,0.7468,0.0028,0.0882,0.0776
312.0760,0.4198,0.0981,0.0067,0.4893,0.2603,0.7932,0.0044,0.0068,0.0608
329.3167,0.3886,0.1523,0.0016,0.0422,0.3691,0.7423,0.0091,0.1018,0.0483
394.9934,0.3756,0.2023,0.0237,0.4823,0.4475,0.7758,0.0011,0.1027,0.0057
537.2764,0.3194,0.1902,0.0104,0.1749,0.5732,0.7781,0.0152,0.0438,0.0508
353.8168,0.3651,0.1678,0.0070,0.0688,0.1192,0.7328,0.0187,0.0296,0.0604
530.1843,0.3620,0.1397,0.0041,0.4407,0.5665,0.7952,0.0055,0.0875,0.2363
372.1883,0.3866,0.1601,0.0250,0.2770,0.5136,0.7925,0.0173,0.0445,0.0140
408.8094,0.3996,0.1789,0.0027,0.2159,0.5608,0.7648,0.0131,0.0428,0.0479
308.0732,0.4460,0.1037,0.0170,0.0483,0.5671,0.7517,0.0163,0.0226,0.0034
467.6169,0.3401,0.2431,0.0085,0.4920,0.5199,0.7817,0.0134,0.0214,0.1822
503.5620,0.5137,0.2793,0.0132,0.4998,0.5620,0.7313,0.0172,0.0399,0.0651
336.9250,0.4066,0.2252,0.0039,0.4400,0.5734,0.7087,0.0028,0.0224,0.0822
387.3851,0.3787,0.1127,0.0246,0.0041,0.4951,0.6761,0.0073,0.0216,0.0723
484.1637,0.3351,0.2021,0.0108,0.2462,0.5544,0.7260,0.0043,0.1170,0.0133
332.2035,0.3806,0.1889,0.0299,0.2060,0.5253,0.7536,0.0084,0.0046,0.0231
486.5726,0.4846,0.1618,0.0253,0.4763,0.5893,0.5921,0.0056,0.0243,0.0120
544.8042,0.3266,0.1318,0.0117,0.3900,0.3139,0.7795,0.0061,0.0777,0.0439
521.4351,0.5059,0.1815,0.0035,0.4354,0.5956,0.7408,0.0024,0.2102,0.0459
492.6331,0.3083,0.1409,0.0205,0.4840,0.4770,0.6746,0.0050,0.0428,0.0472
559.7116,0.3448,0.1904,0.0233,0.4091,0.4340,0.7325,0.0197,0.0201,0.0063
457.3792,0.3322,0.2158,0.0049,0.4275,0.4871,0.6984,0.0082,0.1539,0.0059
581.3892,0.4696,0.1160,0.0094,0.4711,0.5640,0.6954,0.0168,0.0164,0.0386
586.3742,0.9619,0.2689,0.0219,0.4818,0.5977,0.6831,0.0160,0.0335,0.0567
468.5307,0.3369,0.1555,0.0259,0.3752,0.4325,0.6559,0.0035,0.0021,0.0462
550.8015,0.5805,0.2869,0.0018,0.4677,0.5683,0.7594,0.0060,0.1188,0.0694
320.9251,0.4160,0.1111,0.0234,0.1225,0.3118,0.7673,0.0171,0.0325,0.0026
463.2131,0.6926,0.2549,0.0120,0.4772,0.5568,0.6042,0.0065,0.0068,0.0275
546.1255,0.3182,0.1753,0.0178,0.3079,0.4989,0.7512,0.0037,0.0692,0.0923
549.6346,0.5587,0.1923,0.0274,0.4428,0.5917,0.7977,0.0125,0.0051,0.0940
554.5339,0.3012,0.2181,0.0448,0.4205,0.5786,0.6596,0.0078,0.0339,0.0155
456.2103,0.4034,0.1868,0.0197,0.3334,0.5172,0.7965,0.0058,0.0691,0.0120
527.8981,0.3148,0.2546,0.0080,0.4305,0.5022,0.7225,0.0074,0.0991,0.0534
463.4268,0.3320,0.1129,0.0130,0.2714,0.3871,0.7554,0.0081,0.0447,0.0287
497.2847,0.3158,0.1608,0.0428,0.3696,0.5848,0.7392,0.0091,0.0040,0.1084
327.3594,0.4445,0.1058,0.0122,0.4308,0.5088,0.7775,0.0047,0.0155,0.0501
514.7460,0.3314,0.1332,0.0018,0.1743,0.1529,0.6095,0.0011,0.0284,0.0197
320.2623,0.3758,0.2084,0.0091,0.0695,0.5385,0.6577,0.0025,0.0423,0.0299
406.6160,0.3386,0.2035,0.0012,0.4385,0.4090,0.6475,0.0093,0.0677,0.0042
476.9768,0.3805,0.1281,0.0045,0.3870,0.5769,0.7128,0.0140,0.0142,0.1470
546.7693,0.4113,0.2118,0.0097,0.4647,0.5367,0.7117,0.0010,0.1532,0.0707
379.4339,0.4167,0.1013,0.0013,0.4435,0.5924,0.6933,0.0077,0.0289,0.0630
589.9871,0.3275,0.1528,0.0142,0.2925,0.5461,0.7671,0.0092,0.1393,0.0184
530.1254,0.3017,0.1511,0.0051,0.3237,0.2424,0.6230,0.0003,0.0188,0.0156
362.4270,0.3716,0.1294,0.0031,0.0109,0.3671,0.3685,0.0174,0.0741,0.0072
547.3283,0.3303,0.1110,0.0033,0.1458,0.3874,0.6664,0.0056,0.0787,0.0086
454.5636,0.3620,0.1724,0.0016,0.1145,0.4277,0.7537,0.0146,0.0048,0.0498
569.2223,0.4387,0.2169,0.0116,0.4870,0.4863,0.6795,0.0112,0.0752,0.0309
497.6268,0.7244,0.2129,0.0047,0.4501,0.5850,0.5987,0.0180,0.0193,0.0455
533.2014,0.3431,0.2262,0.0245,0.4995,0.5558,0.6591,0.0080,0.1234,0.0105
410.0383,0.6123,0.1804,0.0098,0.4948,0.5967,0.7531,0.0194,0.1313,0.0014
559.8336,0.3293,0.2471,0.0368,0.4777,0.5097,0.7213,0.0073,0.0390,0.0249
568.9990,0.3340,0.2744,0.0022,0.3720,0.5541,0.5669,0.0019,0.0081,0.0399
433.1675,0.3486,0.2126,0.0038,0.4029,0.5305,0.7287,0.0183,0.0771,0.0755
374.9032,0.4543,0.2534,0.0084,0.4158,0.5864,0.7934,0.0079,0.0761,0.0122
343.7445,0.3895,0.1393,0.0092,0.0575,0.2421,0.5518,0.0177,0.0451,0.0331
446.3725,0.3222,0.1701,0.0158,0.4231,0.1525,0.7757,0.0072,0.0219,0.0442
447.6893,0.3192,0.2151,0.0076,0.2550,0.4659,0.7395,0.0049,0.1264,0.0149
511.9949,0.3270,0.1055,0.0118,0.4142,0.5487,0.7071,0.0006,0.0296,0.1464
500.2786,0.3319,0.1505,0.0098,0.1601,0.5260,0.7940,0.0121,0.1226,0.0164
574.7725,0.6335,0.1923,0.0095,0.4274,0.5466,0.6883,0.0011,0.0641,0.0336
403.6438,0.3631,0.1619,0.0213,0.4972,0.4003,0.7912,0.0068,0.0309,0.1070
468.0575,0.3389,0.1453,0.0150,0.0052,0.4906,0.4056,0.0079,0.0710,0.0117
396.4681,0.4571,0.2363,0.0112,0.4352,0.5359,0.7621,0.0096,0.0077,0.0603
528.8244,0.3347,0.1326,0.0030,0.4785,0.5776,0.7630,0.0154,0.1596,0.1536
557.0805,0.3694,0.1160,0.0283,0.3933,0.5737,0.7735,0.0054,0.0740,0.0203
316.3652,0.4133,0.1404,0.0074,0.2338,0.4372,0.6488,0.0048,0.0055,0.0606
467.3024,0.3559,0.1786,0.0455,0.4337,0.4393,0.7929,0.0010,0.0400,0.0152
349.0919,0.4195,0.1380,0.0045,0.4553,0.5262,0.7246,0.0098,0.1111,0.0125
412.9207,0.3264,0.1644,0.0080,0.0560,0.1715,0.7380,0.0139,0.0151,0.0131
339.7760,0.3609,0.1867,0.0129,0.0100,0.2906,0.4439,0.0013,0.0025,0.0516
481.8963,0.3074,0.1869,0.0385,0.2868,0.4956,0.6870,0.0169,0.0095,0.0073
485.4063,0.5476,0.2041,0.0052,0.4645,0.5942,0.7373,0.0082,0.0648,0.1638
559.3717,0.7909,0.2361,0.0087,0.4822,0.5904,0.6420,0.0093,0.1030,0.0787
493.4080,0.3711,0.2245,0.0035,0.4566,0.4878,0.7799,0.0024,0.0087,0.2218
364.9194,0.3937,0.1459,0.0081,0.1972,0.3793,0.7341,0.0121,0.0337,0.0518
482.0184,0.3297,0.1161,0.0137,0.3145,0.5314,0.6382,0.0029,0.0470,0.0407
395.0208,0.4529,0.1411,0.0041,0.3279,0.5692,0.7229,0.0161,0.0016,0.0639
580.5555,0.4295,0.1473,0.0391,0.4316,0.5927,0.7591,0.0008,0.0165,0.0790
487.6115,0.3142,0.1800,0.0055,0.0796,0.5794,0.6926,0.0035,0.1304,0.0243
558.7822,0.3034,0.2218,0.0302,0.4936,0.4649,0.7923,0.0031,0.0220,0.1605
430.0678,0.3419,0.2052,0.0248,0.3973,0.5100,0.7803,0.0041,0.0651,0.0786
490.6879,0.3278,0.1349,0.0242,0.2242,0.2656,0.7268,0.0061,0.0258,0.0306
380.5952,0.3907,0.1307,0.0078,0.4594,0.3958,0.7433,0.0020,0.0508,0.0843
548.5886,0.5181,0.2233,0.0204,0.4052,0.5579,0.7369,0.0053,0.0090,0.0483
507.2704,0.3125,0.1620,0.0329,0.2945,0.4592,0.6219,0.0044,0.0156,0.0100
516.0180,0.4210,0.1931,0.0143,0.4930,0.4912,0.7625,0.0064,0.0638,0.1142
509.0621,0.3064,0.1426,0.0062,0.4300,0.3790,0.7918,0.0098,0.0500,0.1636
557.3400,0.3471,0.1868,0.0026,0.4893,0.5470,0.5998,0.0145,0.0364,0.1432
455.2707,0.5972,0.2355,0.0187,0.4852,0.5762,0.6879,0.0030,0.0074,0.1014
420.9799,0.5235,0.2096,0.0043,0.4971,0.5362,0.6500,0.0162,0.0553,0.0195
462.6111,0.4828,0.1610,0.0017,0.4222,0.4542,0.7092,0.0009,0.0311,0.0482
494.5953,0.3563,0.1294,0.0114,0.2831,0.5568,0.6784,0.0132,0.0006,0.0909
479.7744,0.3333,0.1592,0.0497,0.4608,0.5490,0.7731,0.0087,0.0187,0.0797
346.1298,0.4183,0.1098,0.0026,0.0415,0.1697,0.6345,0.0120,0.0252,0.0724
515.9413,0.3122,0.1181,0.0070,0.0119,0.2801,0.4218,0.0053,0.0053,0.0214
348.2568,0.3847,0.1627,0.0013,0.3245,0.4049,0.6597,0.0124,0.0513,0.0156
425.4747,0.8702,0.2288,0.0037,0.4712,0.5405,0.7344,0.0043,0.0665,0.0035
540.9230,0.3491,0.1098,0.0019,0.3476,0.5860,0.7939,0.0083,0.1710,0.0597
506.1418,0.4573,0.1949,0.0109,0.4572,0.5523,0.6411,0.0032,0.1035,0.0361
545.7659,0.6939,0.1989,0.0054,0.4789,0.5258,0.7769,0.0051,0.0105,0.1511
594.8980,0.3124,0.1855,0.0252,0.4628,0.4966,0.7281,0.0151,0.1327,0.0173
594.4554,0.3316,0.1371,0.0044,0.3574,0.3085,0.6940,0.0128,0.0099,0.0096
435.3911,0.3409,0.1918,0.0051,0.0298,0.5680,0.7496,0.0170,0.0492,0.0074
391.9468,0.3810,0.1163,0.0024,0.0818,0.3609,0.5590,0.0023,0.0332,0.1021
380.7888,0.3523,0.1513,0.0426,0.4021,0.3006,0.7887,0.0078,0.0082,0.0241
303.3874,0.4428,0.1019,0.0101,0.1002,0.4144,0.6189,0.0114,0.0345,0.0017
492.7119,0.3479,0.2575,0.0099,0.4412,0.4396,0.7337,0.0079,0.0616,0.0010
442.2533,0.3857,0.1178,0.0110,0.3583,0.5747,0.7676,0.0073,0.0823,0.0796
431.0743,0.5824,0.1632,0.0021,0.4507,0.5805,0.5392,0.0047,0.0132,0.0123
370.3672,0.3615,0.1704,0.0201,0.0172,0.2368,0.6000,0.0135,0.0275,0.0404
281.6119,0.4190,0.1495,0.0098,0.0277,0.3082,0.7614,0.0055,0.0727,0.0353
385.4372,0.3737,0.1986,0.0030,0.4317,0.5965,0.6587,0.0061,0.1051,0.0561
506.3582,0.3198,0.2640,0.0015,0.3383,0.4961,0.7463,0.0138,0.0359,0.0512
444.2108,0.3415,0.1404,0.0090,0.0495,0.4021,0.7900,0.0051,0.1161,0.0377
373.0421,0.3835,0.1217,0.0278,0.0278,0.4353,0.6926,0.0023,0.0038,0.0906
402.7031,0.3305,0.1657,0.0329,0.4007,0.5161,0.7027,0.0058,0.0359,0.0143
363.9669,0.4053,0.0914,0.0014,0.0078,0.4746,0.7317,0.0162,0.1151,0.0036
572.4313,0.3536,0.1212,0.0221,0.3559,0.5239,0.7955,0.0110,0.0210,0.0727
472.7285,0.3224,0.1583,0.0038,0.3704,0.4520,0.7594,0.0025,0.1542,0.1200
457.7471,0.3709,0.1311,0.0020,0.1670,0.5954,0.6763,0.0117,0.0858,0.0259
420.6075,0.5946,0.2105,0.0020,0.4349,0.4811,0.7894,0.0003,0.0272,0.0453
522.4605,0.3608,0.1962,0.0163,0.4302,0.5144,0.6231,0.0123,0.0170,0.0388
586.1324,0.3146,0.1198,0.0137,0.4900,0.4715,0.6902,0.0070,0.0701,0.0762
551.4502,0.4181,0.1859,0.0067,0.4271,0.5857,0.7079,0.0091,0.0458,0.1791
594.9978,0.9159,0.2102,0.0060,0.4817,0.5513,0.6616,0.0012,0.0825,0.0992
527.2224,0.4991,0.2142,0.0127,0.4565,0.5268,0.7446,0.0080,0.0267,0.1007
332.8274,0.3987,0.1157,0.0342,0.0446,0.3103,0.5090,0.0026,0.0305,0.0026
500.2260,0.3015,0.1629,0.0176,0.3760,0.5496,0.6708,0.0056,0.1514,0.0035
581.5985,0.3359,0.1275,0.0072,0.1642,0.2956,0.7501,0.0084,0.0087,0.0041
351.6460,0.3708,0.1932,0.0258,0.4899,0.5064,0.7918,0.0060,0.0829,0.0356
450.6650,0.3226,0.1822,0.0079,0.4643,0.5395,0.6944,0.0014,0.0456,0.2103
402.5789,0.3476,0.1948,0.0022,0.0343,0.4451,0.3088,0.0027,0.0002,0.0497
396.9732,0.3944,0.2386,0.0029,0.2361,0.5334,0.7112,0.0023,0.0191,0.0020
488.6562,0.4103,0.1692,0.0315,0.4888,0.4997,0.7200,0.0037,0.0369,0.0419
363.7505,0.3664,0.1487,0.0103,0.1344,0.3862,0.5967,0.0068,0.0432,0.0307
482.6325,0.5867,0.1335,0.0267,0.4965,0.5827,0.7947,0.0070,0.0554,0.0202
437.0102,0.3834,0.1836,0.0027,0.3152,0.3622,0.7758,0.0155,0.0151,0.0401
287.2997,0.4020,0.1706,0.0250,0.1293,0.4713,0.7420,0.0150,0.0160,0.0011
385.8372,0.3901,0.2054,0.0070,0.4944,0.5419,0.7962,0.0101,0.1145,0.1049
598.0379,0.3008,0.2401,0.0184,0.2734,0.5888,0.7228,0.0117,0.0185,0.0539
313.4013,0.4045,0.1621,0.0086,0.0480,0.5823,0.6016,0.0015,0.0864,0.0273
592.4828,0.5638,0.2223,0.0023,0.4867,0.5254,0.7146,0.0192,0.0956,0.0699
509.0000,0.5555,0.2209,0.0154,0.4996,0.5791,0.6162,0.0024,0.1417,0.0203
367.4216,0.3770,0.1419,0.0158,0.3643,0.5785,0.7966,0.0130,0.1503,0.0258
510.9680,0.3497,0.1196,0.0024,0.2227,0.5521,0.7658,0.0075,0.0183,0.1533
567.5467,0.3025,0.1460,0.0325,0.4583,0.5060,0.7392,0.0150,0.1033,0.0325
337.5873,0.3550,0.2372,0.0021,0.1338,0.3419,0.7948,0.0120,0.0300,0.0166
562.9955,0.3169,0.1264,0.0056,0.3130,0.5821,0.6749,0.0191,0.1497,0.0042
502.4471,0.3345,0.1130,0.0151,0.2817,0.2764,0.7800,0.0105,0.0294,0.0483
393.4454,0.4083,0.1172,0.0045,0.0191,0.4005,0.7008,0.0164,0.0425,0.0025
503.7643,0.3096,0.1940,0.0083,0.3949,0.5920,0.7517,0.0178,0.1129,0.1477
352.2822,0.4010,0.1636,0.0049,0.2617,0.3508,0.7717,0.0065,0.0233,0.0766
378.8669,0.4349,0.1235,0.0130,0.1349,0.5977,0.7830,0.0005,0.0169,0.0466
411.1410,0.3707,0.1562,0.0120,0.3487,0.2508,0.7804,0.0136,0.0492,0.0018
496.7839,0.3627,0.1487,0.0037,0.4095,0.5759,0.5291,0.0025,0.0317,0.0337
469.2589,0.3110,0.2007,0.0480,0.2191,0.4830,0.7569,0.0013,0.0082,0.0192
588.9520,0.3405,0.0825,0.0194,0.4742,0.5166,0.7617,0.0027,0.0096,0.0309
425.5512,0.3413,0.1470,0.0052,0.4968,0.1821,0.7053,0.0095,0.0044,0.0283
542.6410,0.5934,0.1895,0.0014,0.4578,0.5914,0.6605,0.0064,0.0867,0.1364
491.4661,0.3286,0.2174,0.0043,0.1404,0.4421,0.7377,0.0003,0.0402,0.0202
343.1558,0.3731,0.1401,0.0131,0.1197,0.2655,0.6931,0.0036,0.0356,0.0202
580.4513,0.8325,0.1779,0.0084,0.4791,0.4868,0.7418,0.0044,0.0296,0.0099
391.6064,0.6563,0.2195,0.0132,0.4712,0.5952,0.6914,0.0062,0.0486,0.0298
412.4570,0.3623,0.2367,0.0176,0.4541,0.5620,0.7521,0.0162,0.0946,0.0064
368.0451,0.4659,0.1987,0.0015,0.3514,0.4910,0.7998,0.0039,0.0727,0.0156
488.4958,0.3226,0.1464,0.0139,0.1007,0.2534,0.5159,0.0155,0.0160,0.0028
498.6577,0.3762,0.1741,0.0102,0.4997,0.4510,0.7558,0.0106,0.0909,0.0858
533.4640,0.4469,0.2252,0.0223,0.4366,0.5788,0.7966,0.0133,0.0953,0.0384
465.5749,0.5121,0.1436,0.0021,0.3575,0.5669,0.7871,0.0029,0.1026,0.0129
419.1315,0.3482,0.1485,0.0185,0.0555,0.3953,0.7146,0.0125,0.0249,0.0716
464.4562,0.3077,0.2279,0.0152,0.1148,0.5944,0.6573,0.0072,0.0385,0.0124
366.2292,0.3880,0.1344,0.0069,0.0736,0.3905,0.5084,0.0014,0.0086,0.1001
449.9329,0.3103,0.2701,0.0023,0.4485,0.3703,0.7420,0.0083,0.0247,0.0359
512.2575,0.3359,0.1599,0.0065,0.3496,0.5151,0.7125,0.0065,0.1216,0.0805
584.2087,0.3794,0.2171,0.0172,0.4044,0.5812,0.6938,0.0045,0.0259,0.1388
563.9181,0.4406,0.1509,0.0033,0.4673,0.4456,0.7350,0.0018,0.0127,0.1275
495.8479,0.3422,0.0955,0.0027,0.1074,0.5593,0.7994,0.0162,0.0262,0.0928
396.0228,0.3515,0.1571,0.0014,0.1382,0.5371,0.6369,0.0040,0.0953,0.0635
523.9078,0.3674,0.1655,0.0214,0.3231,0.5909,0.5840,0.0033,0.0113,0.0227
549.3828,0.4030,0.1524,0.0085,0.3195,0.5214,0.7468,0.0153,0.0385,0.0180
390.4206,0.3908,0.1056,0.0036,0.0929,0.4489,0.5394,0.0010,0.0763,0.0303
434.4003,0.3401,0.1560,0.0249,0.1141,0.1400,0.7303,0.0116,0.0349,0.0046
269.2255,0.4726,0.1418,0.0119,0.0071,0.1467,0.4928,0.0020,0.0183,0.0044
373.5473,0.4067,0.0757,0.0173,0.0640,0.1959,0.7914,0.0021,0.0335,0.0068
438.9483,0.3282,0.1839,0.0290,0.0097,0.5002,0.3269,0.0020,0.0253,0.0154
452.9942,0.3188,0.1483,0.0069,0.2901,0.5031,0.7961,0.0130,0.0387,0.1305
489.9639,0.3488,0.0902,0.0147,0.4156,0.2681,0.7461,0.0033,0.0010,0.0146
318.8872,0.3896,0.1452,0.0330,0.3544,0.3488,0.7691,0.0076,0.0171,0.0116
474.1986,0.4708,0.2135,0.0219,0.4845,0.5683,0.7074,0.0075,0.0280,0.0996
587.7142,0.5812,0.2496,0.0060,0.4365,0.5740,0.4952,0.0033,0.0620,0.0052
372.8890,0.3625,0.1818,0.0029,0.1209,0.4709,0.6202,0.0176,0.0413,0.0339
438.4177,0.3441,0.1547,0.0106,0.4225,0.4307,0.6898,0.0090,0.0131,0.1109
498.0308,0.6472,0.1829,0.0232,0.4924,0.5146,0.7899,0.0031,0.0467,0.0260
576.2677,0.4859,0.1970,0.0121,0.4902,0.5860,0.5802,0.0151,0.0172,0.1326
349.7632,0.4096,0.1142,0.0184,0.0294,0.1829,0.5552,0.0009,0.0527,0.0344
491.8561,0.3622,0.1701,0.0091,0.1677,0.3957,0.6690,0.0009,0.0141,0.0039
560.4866,0.3159,0.2143,0.0119,0.2251,0.5950,0.7343,0.0162,0.0676,0.0100
436.4613,0.4505,0.1595,0.0072,0.4930,0.5851,0.7027,0.0037,0.1026,0.1203
366.7303,0.4057,0.1495,0.0266,0.4591,0.4931,0.7923,0.0090,0.0652,0.0253
465.7306,0.6052,0.2385,0.0040,0.4417,0.5884,0.7677,0.0141,0.0740,0.0630
384.6501,0.3815,0.1031,0.0037,0.2051,0.4842,0.7166,0.0027,0.1139,0.0222
505.4562,0.3014,0.1647,0.0023,0.0492,0.5694,0.5629,0.0175,0.0448,0.0172
588.6632,0.3495,0.2853,0.0185,0.4390,0.5631,0.6449,0.0033,0.0450,0.0339
553.7585,0.6681,0.2710,0.0106,0.4864,0.5924,0.6116,0.0133,0.1121,0.0224
291.9863,0.4300,0.1331,0.0116,0.0333,0.4886,0.4659,0.0174,0.0337,0.0080
317.8895,0.4033,0.1953,0.0024,0.3976,0.5946,0.7918,0.0032,0.0186,0.1716
377.4447,0.3338,0.2707,0.0100,0.4086,0.5221,0.7298,0.0130,0.0175,0.0157
404.3195,0.3566,0.1527,0.0077,0.0483,0.3068,0.6130,0.0026,0.1225,0.0199
510.8768,0.3184,0.1370,0.0367,0.1638,0.4934,0.7248,0.0116,0.0022,0.0395
368.3040,0.3886,0.1219,0.0119,0.3162,0.5697,0.6185,0.0045,0.0191,0.0424
477.9596,0.3240,0.1517,0.0190,0.1954,0.4171,0.7071,0.0106,0.0429,0.0568
567.6735,0.3560,0.1715,0.0060,0.3974,0.5414,0.7201,0.0059,0.1013,0.1285
523.6294,0.3121,0.2139,0.0167,0.3583,0.4810,0.7015,0.0027,0.0467,0.0778
573.7755,0.9370,0.1787,0.0028,0.4981,0.5200,0.5336,0.0153,0.0227,0.0162
349.9612,0.3714,0.1639,0.0319,0.0818,0.5290,0.6016,0.0093,0.0008,0.0329
447.2817,0.4883,0.1834,0.0150,0.3506,0.5856,0.7528,0.0067,0.0280,0.0340
446.1649,0.3321,0.1450,0.0019,0.1225,0.5584,0.6287,0.0033,0.1131,0.0267
584.6177,0.3048,0.1699,0.0224,0.4316,0.5027,0.5917,0.0040,0.0660,0.0083
538.0427,0.3511,0.2145,0.0250,0.4915,0.4206,0.7841,0.0193,0.0163,0.0443
488.8036,0.4662,0.1478,0.0075,0.4295,0.5428,0.7395,0.0171,0.0202,0.0809
422.5233,0.3247,0.1891,0.0067,0.4692,0.4927,0.7403,0.0078,0.1870,0.0496
378.9775,0.3651,0.1442,0.0243,0.1291,0.1645,0.7228,0.0109,0.0521,0.0082
366.0877,0.3758,0.1780,0.0042,0.2965,0.3993,0.7810,0.0085,0.1157,0.0245
555.3572,0.5010,0.2072,0.0019,0.4770,0.5739,0.6968,0.0015,0.2059,0.0925
437.0959,0.3277,0.1974,0.0358,0.2515,0.4284,0.6836,0.0038,0.0030,0.0072
469.7147,0.3547,0.0985,0.0020,0.0075,0.1642,0.7516,0.0198,0.0797,0.0066
409.5674,0.4364,0.2102,0.0142,0.3998,0.4701,0.7665,0.0115,0.0141,0.0132
402.8450,0.3867,0.1519,0.0063,0.4628,0.5904,0.7879,0.0149,0.0197,0.2302
497.6511,0.5686,0.1376,0.0162,0.4651,0.5610,0.6246,0.0025,0.0112,0.0093
431.3721,0.3977,0.0827,0.0059,0.1041,0.4141,0.7236,0.0080,0.0145,0.0073
457.6675,0.3368,0.1254,0.0362,0.2272,0.5131,0.7831,0.0076,0.0836,0.0107
502.5538,0.7763,0.2942,0.0029,0.4563,0.5988,0.6289,0.0045,0.0293,0.0802
358.6992,0.3788,0.1368,0.0067,0.1937,0.5426,0.6857,0.0048,0.0461,0.1171
549.3470,0.3209,0.2905,0.0097,0.4819,0.4804,0.7743,0.0065,0.0847,0.0504
551.5834,0.4741,0.1955,0.0318,0.4912,0.5193,0.7514,0.0100,0.0484,0.0317
383.5008,0.3610,0.1285,0.0095,0.1898,0.4435,0.7979,0.0070,0.0970,0.0381
452.8588,0.3499,0.1696,0.0323,0.3542,0.5384,0.6946,0.0065,0.0554,0.0116
522.3854,0.3299,0.1165,0.0215,0.4029,0.5619,0.7873,0.0117,0.0377,0.1396
398.4771,0.3426,0.1868,0.0224,0.2343,0.3058,0.7182,0.0187,0.0020,0.0089
410.2751,0.3474,0.1458,0.0033,0.3864,0.3526,0.7669,0.0006,0.2090,0.0070
515.0037,0.4000,0.1831,0.0110,0.4649,0.4338,0.7661,0.0144,0.0714,0.0323
438.3252,0.3123,0.1644,0.0284,0.4874,0.3642,0.7697,0.0105,0.0064,0.0448
501.4038,0.4376,0.1827,0.0057,0.3180,0.5021,0.7159,0.0085,0.0268,0.0045
333.3284,0.3946,0.1601,0.0115,0.4228,0.2060,0.7956,0.0051,0.0504,0.0147
584.2999,0.3262,0.2270,0.0458,0.4665,0.5228,0.7968,0.0162,0.0284,0.0443
565.6616,0.7515,0.2420,0.0036,0.4900,0.5317,0.6842,0.0123,0.0006,0.1326
389.9555,0.3469,0.1864,0.0074,0.2925,0.5150,0.7020,0.0007,0.0272,0.1509
329.0725,0.4173,0.1680,0.0172,0.2316,0.5616,0.7298,0.0090,0.0261,0.0177
536.6434,0.7159,0.2631,0.0134,0.4927,0.5719,0.6459,0.0091,0.0492,0.0713
388.6703,0.3749,0.1227,0.0043,0.1550,0.5683,0.4933,0.0199,0.0051,0.0192
545.7352,0.5872,0.1507,0.0155,0.4948,0.5030,0.6965,0.0106,0.0210,0.0114
527.2915,0.5297,0.1687,0.0022,0.4917,0.5429,0.6737,0.0086,0.0663,0.1243
425.4436,0.4135,0.1207,0.0169,0.4869,0.5802,0.7389,0.0188,0.0396,0.0473
540.7630,0.3069,0.1245,0.0028,0.1888,0.2063,0.7223,0.0131,0.0335,0.0287
350.2756,0.3501,0.2328,0.0085,0.0508,0.5022,0.7715,0.0108,0.0383,0.0025
450.9186,0.3562,0.1349,0.0070,0.4994,0.5243,0.5913,0.0020,0.0102,0.0644
596.6424,0.3338,0.1689,0.0081,0.3409,0.5933,0.7916,0.0030,0.2611,0.0256
562.9324,0.3988,0.2540,0.0045,0.4793,0.5450,0.6319,0.0078,0.0275,0.1398
539.2160,0.3688,0.2515,0.0193,0.4757,0.5049,0.7302,0.0110,0.0727,0.0257
459.9509,0.3388,0.1787,0.0023,0.3512,0.2702,0.6864,0.0002,0.0372,0.0437
432.9584,0.5451,0.2700,0.0146,0.4834,0.5780,0.7806,0.0196,0.0166,0.0512
557.3706,0.9349,0.1627,0.0172,0.4745,0.5698,0.6274,0.0099,0.0071,0.0139
508.5996,0.4798,0.1744,0.0225,0.4645,0.5006,0.7943,0.0018,0.1016,0.0128
323.5974,0.3825,0.1453,0.0045,0.0521,0.1716,0.6044,0.0054,0.0351,0.0294
548.1738,0.3332,0.1907,0.0040,0.4972,0.4313,0.7248,0.0032,0.1450,0.0884
598.1961,0.3937,0.1402,0.0164,0.4352,0.5672,0.7031,0.0004,0.1212,0.0591
480.5225,0.3254,0.1360,0.0031,0.1390,0.1869,0.7822,0.0064,0.1057,0.0213
306.1678,0.4185,0.1664,0.0128,0.3489,0.5105,0.7058,0.0124,0.0097,0.0122
469.1170,0.3454,0.1794,0.0148,0.1601,0.5571,0.7337,0.0178,0.0109,0.0379
440.9406,0.3200,0.2655,0.0094,0.3799,0.5892,0.6455,0.0001,0.0264,0.0643
291.6890,0.4684,0.1678,0.0043,0.4970,0.4537,0.7799,0.0059,0.0399,0.0215
354.1330,0.4005,0.1551,0.0109,0.0045,0.5466,0.4096,0.0095,0.0056,0.0586
483.5977,0.3174,0.1866,0.0202,0.0569,0.3758,0.7461,0.0038,0.0416,0.0163
430.2072,0.3534,0.1275,0.0147,0.4247,0.5564,0.6302,0.0047,0.0302,0.0594
380.4187,0.4692,0.1780,0.0056,0.4867,0.4423,0.6712,0.0014,0.0060,0.0334
577.8006,0.3747,0.2332,0.0112,0.4771,0.5660,0.7320,0.0083,0.2228,0.0350
446.9206,0.4273,0.1299,0.0030,0.4367,0.4852,0.7311,0.0167,0.0571,0.0317
503.3496,0.4761,0.2247,0.0157,0.4919,0.4597,0.7412,0.0112,0.0332,0.0177
525.2470,0.6008,0.1737,0.0047,0.4289,0.5975,0.7823,0.0127,0.0006,0.1689
293.3098,0.4255,0.1450,0.0035,0.1569,0.5311,0.7375,0.0067,0.0084,0.1112
481.9681,0.3606,0.1926,0.0242,0.3496,0.5464,0.7723,0.0034,0.0075,0.1232
339.3075,0.4049,0.1054,0.0045,0.3739,0.1146,0.7980,0.0017,0.0985,0.0104
508.6847,0.3133,0.1568,0.0258,0.0362,0.5124,0.5138,0.0022,0.0308,0.0298
494.8789,0.3228,0.1759,0.0035,0.2558,0.5095,0.6072,0.0126,0.0548,0.0478
395.1654,0.3599,0.2413,0.0021,0.4742,0.5479,0.7035,0.0073,0.1240,0.0261
571.5298,0.3745,0.1302,0.0070,0.3209,0.4665,0.7999,0.0079,0.0321,0.0671
302.9053,0.4181,0.1254,0.0347,0.0522,0.5483,0.6732,0.0023,0.0384,0.0138
539.0588,0.9915,0.2694,0.0118,0.4568,0.5440,0.6719,0.0053,0.0109,0.0085
396.3358,0.4256,0.2071,0.0270,0.4981,0.5711,0.7285,0.0111,0.0103,0.0680
584.0403,0.5335,0.2811,0.0065,0.4820,0.5351,0.7469,0.0034,0.1054,0.0682
239.1672,0.4784,0.1238,0.0057,0.0008,0.2251,0.4636,0.0158,0.0048,0.0193
475.2179,0.3236,0.1962,0.0117,0.1586,0.2752,0.7572,0.0159,0.0197,0.0056
509.4711,0.3836,0.1901,0.0074,0.4026,0.4567,0.6267,0.0091,0.0058,0.0270
556.9395,0.3383,0.1415,0.0108,0.4542,0.5308,0.6858,0.0138,0.0578,0.1152
420.8380,0.5118,0.1621,0.0091,0.4620,0.5514,0.7683,0.0156,0.0017,0.1153
433.0283,0.3146,0.2303,0.0354,0.4680,0.5736,0.7620,0.0024,0.0933,0.0474
528.1248,0.3115,0.1382,0.0117,0.2546,0.2113,0.7843,0.0087,0.0230,0.0871
362.2536,0.3574,0.2193,0.0052,0.4863,0.4816,0.7349,0.0052,0.0559,0.0844
435.4310,0.3498,0.1130,0.0099,0.0571,0.5216,0.6650,0.0164,0.0090,0.0721
477.6424,0.7644,0.2465,0.0177,0.4914,0.5825,0.7188,0.0061,0.1024,0.0151
596.3592,0.3235,0.0986,0.0014,0.3936,0.5016,0.7862,0.0089,0.1878,0.0072
584.5022,0.9463,0.2023,0.0283,0.4779,0.5773,0.6056,0.0000,0.0552,0.0153
472.0258,0.5782,0.1540,0.0044,0.4924,0.5460,0.7222,0.0068,0.0823,0.0757
378.2039,0.3645,0.2041,0.0041,0.2328,0.5276,0.7416,0.0151,0.0283,0.0704
340.8309,0.4213,0.1580,0.0205,0.2899,0.5429,0.7761,0.0146,0.0297,0.0130
506.1843,0.4020,0.1183,0.0027,0.4845,0.5373,0.7735,0.0026,0.1384,0.1076
527.6829,0.3305,0.1844,0.0178,0.4225,0.3994,0.7481,0.0011,0.1252,0.0105
531.6979,0.3327,0.2384,0.0261,0.4552,0.5876,0.7984,0.0033,0.1784,0.0520
586.5454,0.4933,0.1505,0.0087,0.3966,0.5960,0.6771,0.0040,0.0842,0.0416
380.2873,0.3592,0.1323,0.0137,0.0063,0.2158,0.5120,0.0003,0.0656,0.0131
320.6981,0.3989,0.1503,0.0025,0.1143,0.2110,0.7111,0.0107,0.0444,0.0729
569.0741,0.4043,0.2266,0.0275,0.4229,0.5607,0.7799,0.0096,0.0920,0.0186
382.1106,0.3250,0.2008,0.0192,0.2911,0.3028,0.7880,0.0031,0.0171,0.0026
559.9266,0.3824,0.2608,0.0025,0.4166,0.5993,0.7381,0.0131,0.0556,0.1526
440.2285,0.3573,0.1564,0.0291,0.1712,0.5666,0.7488,0.0121,0.0379,0.0087
568.8426,0.4271,0.1704,0.0034,0.4596,0.5952,0.6100,0.0106,0.1295,0.0802
576.2365,0.8113,0.1535,0.0204,0.4738,0.5619,0.6470,0.0006,0.0278,0.0066
532.7932,0.3532,0.1494,0.0136,0.4642,0.5084,0.7591,0.0086,0.0832,0.1359
374.8528,0.3721,0.1268,0.0096,0.2535,0.5610,0.7584,0.0192,0.0473,0.1014
442.3994,0.3322,0.1392,0.0273,0.2943,0.5318,0.7230,0.0133,0.0849,0.0233
542.0866,0.3026,0.1677,0.0107,0.0663,0.1862,0.5125,0.0037,0.0083,0.0359
401.0017,0.3432,0.1611,0.0022,0.1305,0.3865,0.7619,0.0127,0.0632,0.0727
474.1678,0.8455,0.1360,0.0106,0.4697,0.5913,0.7654,0.0120,0.0176,0.0071
447.5188,0.4013,0.1046,0.0087,0.4214,0.4406,0.7827,0.0136,0.0039,0.0615
349.3882,0.3854,0.1404,0.0231,0.0026,0.3306,0.4701,0.0075,0.0779,0.0227
468.5785,0.3313,0.2958,0.0239,0.4843,0.5547,0.7375,0.0102,0.0370,0.0101
598.5527,0.6252,0.2475,0.0078,0.4787,0.5997,0.6748,0.0023,0.0080,0.2616
339.5897,0.3951,0.1881,0.0193,0.4636,0.5017,0.6903,0.0009,0.0360,0.0086
386.4782,0.3685,0.1732,0.0092,0.0274,0.5795,0.7180,0.0092,0.0372,0.0507
554.5972,0.3177,0.1081,0.0044,0.4388,0.4593,0.7652,0.0159,0.0031,0.1807
448.8541,0.3347,0.1756,0.0264,0.1920,0.4256,0.7602,0.0195,0.0158,0.0165
394.4720,0.3478,0.1653,0.0150,0.3143,0.1929,0.7838,0.0053,0.0416,0.0612
569.0656,0.3457,0.1009,0.0127,0.3369,0.5078,0.7147,0.0025,0.0476,0.0302
332.0364,0.4030,0.1346,0.0169,0.0502,0.4556,0.7784,0.0072,0.1070,0.0038
510.5329,0.3158,0.1788,0.0147,0.4716,0.5435,0.7760,0.0141,0.2347,0.0408
414.8710,0.4313,0.1532,0.0240,0.4270,0.4920,0.7729,0.0009,0.0831,0.0064
273.0259,0.4288,0.1360,0.0017,0.0817,0.1518,0.6724,0.0037,0.0722,0.0151
557.2535,0.3155,0.1928,0.0356,0.4284,0.4960,0.6408,0.0060,0.0203,0.0140
465.9806,0.3395,0.1735,0.0223,0.2635,0.4375,0.7994,0.0062,0.0510,0.0577
356.3252,0.4062,0.1437,0.0026,0.1310,0.5979,0.5751,0.0189,0.0367,0.0075
458.9289,0.3877,0.2241,0.0102,0.3255,0.5577,0.7544,0.0077,0.0649,0.0271
437.9209,0.3704,0.0878,0.0035,0.0419,0.4686,0.5842,0.0133,0.0613,0.0144
410.6616,0.4004,0.1049,0.0135,0.0382,0.3815,0.7469,0.0052,0.0343,0.0140
527.4287,0.3429,0.1091,0.0061,0.2704,0.2632,0.7303,0.0016,0.0380,0.0271
362.8381,0.3861,0.2486,0.0111,0.4704,0.4282,0.7786,0.0045,0.0332,0.0121
479.6956,0.3676,0.1613,0.0140,0.3949,0.4984,0.6862,0.0121,0.0020,0.0915
302.6154,0.3970,0.1777,0.0114,0.0808,0.5762,0.7142,0.0176,0.0009,0.0563
593.4538,0.3084,0.1359,0.0078,0.3782,0.4258,0.7127,0.0008,0.1732,0.0196
396.1862,0.4032,0.1588,0.0037,0.4001,0.5520,0.6446,0.0089,0.0478,0.0557
415.5056,0.3357,0.1899,0.0465,0.3252,0.3984,0.7852,0.0016,0.0234,0.0115
535.2045,0.3213,0.1011,0.0241,0.0715,0.3686,0.7959,0.0030,0.0338,0.0042
395.1463,0.3970,0.1155,0.0352,0.2622,0.5343,0.7677,0.0045,0.0178,0.0118
458.1752,0.3384,0.1983,0.0143,0.4198,0.5883,0.7324,0.0051,0.1675,0.0641
580.4824,0.4635,0.1726,0.0244,0.4944,0.5109,0.7316,0.0199,0.0004,0.0674
493.4848,0.3186,0.1468,0.0116,0.4917,0.5976,0.6308,0.0019,0.0482,0.1679
379.6788,0.3824,0.0989,0.0195,0.0223,0.2565,0.4390,0.0100,0.0047,0.0326
512.4500,0.8547,0.2381,0.0227,0.4927,0.5641,0.6263,0.0010,0.0659,0.0058
446.6616,0.4062,0.2046,0.0279,0.4615,0.5129,0.6588,0.0033,0.0196,0.0041
519.2295,0.5580,0.2551,0.0057,0.4483,0.5933,0.5657,0.0110,0.0768,0.0088
484.5780,0.3164,0.1655,0.0036,0.0782,0.3321,0.7336,0.0098,0.0272,0.1065
382.2574,0.8014,0.2856,0.0082,0.4974,0.5893,0.7863,0.0115,0.0387,0.0232
545.2187,0.3092,0.2358,0.0028,0.2846,0.5765,0.7719,0.0006,0.0641,0.1481
448.9960,0.3734,0.1378,0.0026,0.3327,0.5544,0.7523,0.0135,0.1253,0.0638
513.2973,0.3547,0.2454,0.0045,0.4937,0.4560,0.7199,0.0117,0.0284,0.1034
525.3754,0.3066,0.1511,0.0379,0.4087,0.5466,0.7143,0.0084,0.1190,0.0040
454.5653,0.3953,0.1074,0.0266,0.3274,0.5938,0.7734,0.0100,0.0139,0.0258
435.3499,0.3331,0.1345,0.0081,0.4503,0.3805,0.7334,0.0094,0.0760,0.0441
367.8058,0.3813,0.1159,0.0257,0.4725,0.4721,0.7683,0.0028,0.0386,0.0595
499.5877,0.3075,0.2449,0.0130,0.3439,0.5091,0.7620,0.0051,0.0591,0.0786
273.9624,0.4259,0.1684,0.0045,0.0371,0.3211,0.7468,0.0141,0.0221,0.0378
574.0925,0.3029,0.1968,0.0137,0.4724,0.5076,0.7136,0.0038,0.1100,0.1484
499.3713,0.4641,0.1836,0.0040,0.4829,0.5926,0.6250,0.0170,0.1367,0.0368
404.7516,0.8825,0.2175,0.0106,0.4611,0.5886,0.7191,0.0156,0.0235,0.0013
490.3227,0.3111,0.2805,0.0259,0.4902,0.5537,0.6507,0.0009,0.0253,0.0209
368.9795,0.3751,0.1594,0.0128,0.3653,0.3651,0.6454,0.0087,0.0083,0.0037
310.1301,0.4359,0.0908,0.0048,0.0906,0.4659,0.6354,0.0078,0.0582,0.0262
385.5333,0.3659,0.1432,0.0124,0.1031,0.4090,0.5743,0.0185,0.0569,0.0026
455.8670,0.3313,0.1884,0.0089,0.0360,0.5770,0.7665,0.0032,0.0061,0.0919
268.4069,0.4333,0.1740,0.0188,0.4712,0.4986,0.7981,0.0065,0.0051,0.0087
317.2207,0.3844,0.2244,0.0017,0.4092,0.3705,0.7533,0.0100,0.0287,0.0012
483.6352,0.9937,0.2256,0.0029,0.4932,0.5871,0.7404,0.0068,0.0976,0.1087
564.6319,0.3566,0.1912,0.0110,0.4525,0.5990,0.5843,0.0057,0.0606,0.1210
487.7077,0.3215,0.1148,0.0084,0.3771,0.3919,0.7751,0.0110,0.0075,0.1041
585.6923,0.6506,0.1771,0.0189,0.4969,0.5657,0.6723,0.0157,0.0868,0.0192
468.8417,0.3488,0.1365,0.0103,0.1837,0.3390,0.6712,0.0041,0.0214,0.0600
537.4000,0.4141,0.1888,0.0243,0.4400,0.5138,0.7456,0.0125,0.0313,0.0493
388.7878,0.3779,0.1479,0.0144,0.3957,0.5849,0.7487,0.0025,0.1735,0.0296
349.3097,0.3903,0.1309,0.0327,0.1000,0.4367,0.5689,0.0025,0.0281,0.0013
473.0038,0.3264,0.1626,0.0383,0.4820,0.5966,0.7899,0.0124,0.0412,0.1484
550.2063,0.3067,0.2053,0.0057,0.3349,0.3975,0.6359,0.0123,0.0304,0.0140
502.1348,0.3468,0.1260,0.0029,0.2771,0.5732,0.6931,0.0070,0.0519,0.1286
415.1056,0.3560,0.1807,0.0038,0.1023,0.3332,0.7508,0.0028,0.0162,0.0934
387.7010,0.4379,0.1141,0.0109,0.3649,0.5607,0.7072,0.0047,0.0536,0.0074
531.6150,0.6262,0.2253,0.0050,0.4154,0.5323,0.6182,0.0071,0.0025,0.0166
569.4213,0.5031,0.2191,0.0181,0.4108,0.5722,0.7206,0.0139,0.0509,0.0184
402.1693,0.4003,0.1264,0.0069,0.4807,0.3751,0.7571,0.0182,0.0088,0.0543
408.4661,0.3295,0.1774,0.0133,0.4187,0.4950,0.7943,0.0154,0.0321,0.1724
500.3198,0.3254,0.2079,0.0064,0.3598,0.4635,0.6890,0.0046,0.0018,0.1364
420.3225,0.3332,0.1532,0.0058,0.0029,0.2235,0.7545,0.0051,0.0375,0.0460
535.3321,0.4070,0.1573,0.0139,0.2978,0.5933,0.7067,0.0018,0.0344,0.0543
411.3830,0.4156,0.1169,0.0039,0.4360,0.5816,0.7937,0.0063,0.1935,0.0217
513.9111,0.3862,0.2201,0.0103,0.4784,0.5320,0.7948,0.0187,0.0512,0.1519
552.4943,0.3353,0.1720,0.0075,0.4107,0.4577,0.6124,0.0034,0.0353,0.0622
405.8027,0.3735,0.1498,0.0110,0.1510,0.2720,0.7116,0.0116,0.0120,0.0403
586.8469,0.3945,0.2226,0.0250,0.4728,0.5721,0.5675,0.0006,0.0032,0.0931
463.9145,0.5599,0.1763,0.0090,0.4705,0.5504,0.7201,0.0120,0.0322,0.0854
382.8407,0.4240,0.1653,0.0087,0.2418,0.5221,0.7632,0.0012,0.0816,0.0096
334.8501,0.3617,0.1802,0.0189,0.2981,0.5379,0.7941,0.0091,0.0808,0.0315
536.4460,0.3252,0.1203,0.0115,0.4535,0.5671,0.7492,0.0041,0.1933,0.0761
560.3190,0.3126,0.1641,0.0133,0.2434,0.3133,0.6718,0.0019,0.0406,0.0073
406.0189,0.3988,0.0904,0.0020,0.0205,0.3291,0.5971,0.0010,0.0900,0.0199
424.3391,0.3508,0.1575,0.0175,0.4448,0.3541,0.7755,0.0130,0.0639,0.0435
473.3182,0.3055,0.2344,0.0142,0.3850,0.5533,0.5847,0.0077,0.0037,0.0350
309.4374,0.4591,0.1277,0.0104,0.0748,0.5067,0.5502,0.0019,0.0027,0.0137
596.4840,0.6403,0.1879,0.0041,0.3906,0.5981,0.7026,0.0198,0.0309,0.0380
507.0491,0.3388,0.1696,0.0044,0.1501,0.4784,0.7768,0.0083,0.0803,0.0256
564.5103,0.3790,0.1428,0.0351,0.4149,0.5554,0.7893,0.0142,0.0232,0.0514
322.9390,0.4018,0.1202,0.0054,0.0005,0.2629,0.5658,0.0016,0.0125,0.1123
517.1508,0.5318,0.1959,0.0094,0.4207,0.5928,0.7878,0.0085,0.1093,0.0709
580.7134,0.3075,0.1590,0.0143,0.3253,0.4747,0.5418,0.0025,0.0147,0.0096
385.2193,0.3445,0.1916,0.0374,0.0138,0.3664,0.7520,0.0013,0.0194,0.0170
442.4711,0.3599,0.1258,0.0263,0.2136,0.3605,0.6743,0.0000,0.0177,0.0219
521.1096,0.3107,0.1354,0.0296,0.4736,0.3079,0.7737,0.0149,0.0319,0.0303
440.0403,0.3069,0.2273,0.0068,0.3120,0.4144,0.7570,0.0162,0.0834,0.0303
433.1812,0.3525,0.1455,0.0131,0.0773,0.4679,0.7389,0.0059,0.0480,0.0748
354.8049,0.3866,0.1260,0.0116,0.0481,0.3879,0.3857,0.0037,0.0229,0.0494
422.7881,0.3672,0.1048,0.0075,0.3919,0.3025,0.7966,0.0007,0.1451,0.0075
466.4862,0.9076,0.1957,0.0115,0.4987,0.5228,0.6639,0.0075,0.0146,0.0153
447.6481,0.3162,0.1577,0.0048,0.2097,0.5284,0.7273,0.0125,0.0032,0.1078
585.6608,0.3015,0.2124,0.0054,0.4119,0.2845,0.7792,0.0179,0.0413,0.0126
553.3927,0.3416,0.2583,0.0268,0.4565,0.4947,0.7361,0.0135,0.0163,0.0277
430.7340,0.6274,0.1995,0.0045,0.4384,0.5491,0.7394,0.0008,0.1088,0.0067
525.5519,0.3280,0.2150,0.0145,0.4426,0.5746,0.6732,0.0118,0.0816,0.0943
360.4054,0.4211,0.0740,0.0124,0.2226,0.5965,0.7943,0.0013,0.0045,0.0398
504.3699,0.7340,0.2320,0.0102,0.4909,0.5452,0.5813,0.0018,0.0707,0.0205
547.5379,0.4509,0.2282,0.0032,0.4463,0.5343,0.6960,0.0099,0.1276,0.0340
431.2822,0.3092,0.1674,0.0076,0.2689,0.5175,0.7786,0.0069,0.0162,0.0650
596.7432,0.4928,0.1848,0.0021,0.4528,0.5443,0.5647,0.0038,0.0404,0.0990
529.4289,0.3361,0.1215,0.0391,0.3719,0.4729,0.7941,0.0054,0.0476,0.0218
388.2876,0.4138,0.1110,0.0035,0.0562,0.5554,0.7657,0.0071,0.0696,0.0195
445.8195,0.3591,0.1668,0.0037,0.3857,0.4495,0.7052,0.0103,0.0467,0.0973
351.4248,0.3529,0.2008,0.0114,0.0641,0.4248,0.6340,0.0013,0.0187,0.0415
445.3791,0.7799,0.2154,0.0117,0.4941,0.5481,0.7833,0.0036,0.0785,0.0453
466.7693,0.4640,0.2336,0.0166,0.4477,0.5773,0.7226,0.0136,0.0694,0.0261
539.3110,0.6002,0.1620,0.0160,0.4960,0.5959,0.7581,0.0003,0.1550,0.0835
452.8981,0.3115,0.2101,0.0100,0.2447,0.4406,0.6872,0.0006,0.0845,0.0452
510.1053,0.4025,0.2151,0.0081,0.4156,0.4777,0.6535,0.0027,0.0230,0.0447
556.7369,0.6830,0.2113,0.0013,0.3983,0.5937,0.7653,0.0059,0.0786,0.0649
591.8577,0.3671,0.2292,0.0211,0.4105,0.5644,0.6776,0.0159,0.0690,0.0126
570.8750,0.3880,0.1636,0.0062,0.3725,0.4992,0.7614,0.0039,0.0143,0.1488
455.0955,0.3305,0.1595,0.0134,0.0767,0.1309,0.7155,0.0079,0.0579,0.0356
515.9512,0.7425,0.2542,0.0027,0.4891,0.5662,0.7468,0.0020,0.1748,0.0468
505.5354,0.7505,0.2350,0.0122,0.4287,0.5990,0.7251,0.0171,0.0050,0.0461
505.0987,0.3830,0.1472,0.0034,0.4433,0.4284,0.7408,0.0092,0.1141,0.0301
457.1198,0.3452,0.2868,0.0053,0.3523,0.5823,0.7078,0.0062,0.0234,0.0393
517.6301,0.3225,0.2502,0.0436,0.4052,0.5902,0.7439,0.0106,0.0334,0.0051
347.4323,0.4563,0.1795,0.0129,0.3414,0.5132,0.7826,0.0151,0.0221,0.0015
545.8592,0.3817,0.2648,0.0182,0.4749,0.5940,0.7926,0.0007,0.2013,0.0510
491.5622,0.3235,0.1555,0.0073,0.3402,0.5046,0.7294,0.0127,0.0884,0.1162
329.2094,0.4151,0.1065,0.0353,0.0075,0.1537,0.4412,0.0134,0.0060,0.0073
361.1318,0.4310,0.1860,0.0046,0.4416,0.4528,0.7011,0.0016,0.0667,0.0103
582.2918,0.3309,0.1104,0.0187,0.4685,0.5042,0.7464,0.0165,0.0433,0.0609
476.5513,0.3042,0.1816,0.0395,0.2129,0.5370,0.7397,0.0176,0.0514,0.0004
418.6527,0.3775,0.1597,0.0020,0.3430,0.2692,0.7942,0.0072,0.0061,0.0998
419.0902,0.3528,0.2099,0.0214,0.4798,0.5828,0.7678,0.0049,0.1458,0.0613
384.0669,0.6713,0.2230,0.0017,0.4618,0.5495,0.6761,0.0149,0.0066,0.0164
587.2218,0.8449,0.2047,0.0061,0.4539,0.5329,0.7587,0.0157,0.0628,0.0007
496.0339,0.3249,0.1400,0.0236,0.2755,0.2288,0.7947,0.0093,0.0630,0.0018
338.9175,0.3707,0.2170,0.0186,0.4839,0.4641,0.7143,0.0071,0.0116,0.0074
385.7959,0.3932,0.1362,0.0099,0.0409,0.3545,0.6863,0.0026,0.0100,0.0856
359.2076,0.4523,0.1509,0.0019,0.4218,0.5941,0.6809,0.0094,0.0249,0.0892
421.3163,0.3341,0.1946,0.0227,0.1029,0.4845,0.7118,0.0011,0.0238,0.0541
409.8563,0.3592,0.1207,0.0106,0.0673,0.1045,0.7885,0.0147,0.0834,0.0168
555.4564,0.3101,0.1307,0.0080,0.3700,0.5638,0.6575,0.0004,0.0973,0.1325
575.9845,0.4199,0.2959,0.0047,0.4502,0.5731,0.7478,0.0055,0.1813,0.0011
373.7466,0.3915,0.1523,0.0087,0.3031,0.4043,0.7872,0.0128,0.0739,0.0366
476.8103,0.3269,0.1216,0.0161,0.1853,0.4944,0.5697,0.0023,0.0139,0.0079
464.6773,0.3203,0.1565,0.0289,0.3650,0.1835,0.7780,0.0078,0.0194,0.0252
496.4720,0.3164,0.1906,0.0061,0.4202,0.5380,0.7684,0.0017,0.0897,0.2365
489.2839,0.3647,0.1395,0.0124,0.2172,0.5938,0.7503,0.0114,0.0413,0.0633
537.3526,0.8590,0.2070,0.0068,0.4905,0.5999,0.5618,0.0086,0.0538,0.1256
351.9083,0.4122,0.1446,0.0152,0.1050,0.2286,0.7234,0.0113,0.0043,0.0150
404.4758,0.3671,0.1305,0.0040,0.0235,0.2294,0.4996,0.0022,0.0207,0.1407
564.6128,0.9603,0.2359,0.0170,0.4956,0.5129,0.7759,0.0106,0.0054,0.0386
434.4305,0.6855,0.1904,0.0024,0.4984,0.4837,0.6365,0.0020,0.0350,0.0061
331.3641,0.3840,0.1601,0.0175,0.0065,0.4785,0.7515,0.0008,0.0892,0.0308
393.3493,0.4024,0.1784,0.0078,0.4376,0.5881,0.7824,0.0088,0.0907,0.1377
503.8605,0.3039,0.1323,0.0056,0.0703,0.4045,0.7316,0.0054,0.0111,0.0203
546.9613,0.3148,0.1738,0.0303,0.4834,0.5146,0.7533,0.0061,0.1370,0.0641
444.1145,0.3376,0.2021,0.0056,0.4699,0.5896,0.6772,0.0176,0.0120,0.1792
479.0165,0.3975,0.1355,0.0147,0.4079,0.4677,0.7180,0.0161,0.0268,0.0131
404.5780,0.4334,0.1802,0.0174,0.4814,0.5184,0.6529,0.0008,0.0413,0.0208
411.7660,0.3865,0.0796,0.0143,0.0183,0.5529,0.7826,0.0017,0.0122,0.0509
363.9531,0.3996,0.2815,0.0102,0.4574,0.5371,0.7507,0.0087,0.0130,0.0022
534.5418,0.5114,0.2265,0.0012,0.4777,0.4772,0.7596,0.0118,0.0680,0.0635
567.0471,0.6070,0.2162,0.0157,0.4735,0.5643,0.6105,0.0099,0.0228,0.0771
457.8158,0.3739,0.1949,0.0111,0.3678,0.4078,0.7910,0.0041,0.0375,0.0682
357.0073,0.3814,0.1687,0.0035,0.1758,0.3679,0.6107,0.0131,0.0094,0.0375
591.9832,0.3461,0.1672,0.0467,0.4413,0.5914,0.6327,0.0044,0.0314,0.0152
357.2237,0.3957,0.1035,0.0128,0.0602,0.4212,0.7179,0.0049,0.0925,0.0158
308.4629,0.3848,0.1741,0.0131,0.3895,0.5994,0.7783,0.0181,0.0965,0.0107
377.8047,0.5368,0.1702,0.0154,0.3419,0.5866,0.7356,0.0009,0.0153,0.0039
465.6350,0.3750,0.1730,0.0068,0.4616,0.4919,0.7253,0.0046,0.1564,0.0480
558.2204,0.4277,0.1981,0.0074,0.3897,0.5435,0.7222,0.0104,0.0139,0.1145
579.3899,0.3023,0.1397,0.0253,0.4528,0.4235,0.7047,0.0131,0.0270,0.0613
395.8046,0.3667,0.1491,0.0359,0.3063,0.4312,0.7936,0.0087,0.0287,0.0315
556.6270,0.3451,0.1290,0.0226,0.4793,0.3275,0.7873,0.0087,0.0048,0.0466
298.6287,0.4281,0.1551,0.0014,0.3429,0.4936,0.6891,0.0087,0.0433,0.0142
569.8858,0.3264,0.1873,0.0109,0.4448,0.4477,0.7093,0.0170,0.1024,0.0274
496.5178,0.3733,0.1421,0.0073,0.3850,0.5220,0.6501,0.0023,0.1157,0.0144
550.3979,0.6482,0.2862,0.0139,0.4331,0.5820,0.7527,0.0086,0.0412,0.0171
313.0438,0.4534,0.1479,0.0097,0.4441,0.4413,0.7947,0.0146,0.0174,0.0311
462.2153,0.3105,0.1979,0.0180,0.0001,0.3941,0.7621,0.0151,0.0183,0.0219
555.3075,0.3858,0.1780,0.0069,0.3426,0.5164,0.7609,0.0011,0.1469,0.0121
448.5622,0.3077,0.2377,0.0056,0.4362,0.5411,0.6597,0.0188,0.0684,0.0359
460.4714,0.8486,0.2834,0.0048,0.4754,0.5969,0.7100,0.0109,0.1069,0.0006
417.1243,0.3677,0.1258,0.0087,0.2661,0.1753,0.6429,0.0043,0.0078,0.0124
517.7243,0.3784,0.2559,0.0201,0.4661,0.5159,0.7154,0.0097,0.0220,0.0531
555.5305,0.3919,0.2495,0.0099,0.4537,0.5853,0.6147,0.0117,0.0700,0.0623
489.6440,0.3311,0.1848,0.0010,0.2444,0.4840,0.6642,0.0120,0.0152,0.1004
344.4305,0.3756,0.1721,0.0099,0.0147,0.2231,0.5875,0.0141,0.0576,0.0362
585.6680,0.6314,0.1724,0.0013,0.4805,0.5886,0.5505,0.0012,0.0974,0.1155
306.6233,0.4056,0.1472,0.0201,0.0027,0.1383,0.7502,0.0073,0.0285,0.0701
483.6114,0.3129,0.1249,0.0173,0.4783,0.5633,0.7368,0.0114,0.0871,0.0392
434.6885,0.6943,0.1419,0.0125,0.4632,0.5926,0.7701,0.0014,0.0604,0.0339
507.8413,0.3248,0.2571,0.0051,0.4860,0.5907,0.5949,0.0004,0.1464,0.0228
593.0820,0.4425,0.2478,0.0179,0.4965,0.5212,0.7440,0.0185,0.1003,0.0204
387.0366,0.5094,0.1817,0.0402,0.4843,0.5850,0.7314,0.0057,0.0055,0.0079
591.7297,0.3331,0.2157,0.0419,0.4765,0.4825,0.7818,0.0049,0.0616,0.0385
404.7208,0.4203,0.1330,0.0222,0.4463,0.5658,0.7536,0.0001,0.0153,0.1186
519.2983,0.3192,0.1287,0.0112,0.2452,0.1895,0.7077,0.0068,0.0567,0.0115
370.9708,0.3651,0.2138,0.0062,0.0140,0.5186,0.7874,0.0096,0.0146,0.0163
534.9130,0.5229,0.1487,0.0122,0.4503,0.5872,0.6586,0.0125,0.0237,0.0673
494.5282,0.3905,0.1953,0.0026,0.4749,0.4463,0.7500,0.0057,0.0190,0.1690
542.8885,0.3422,0.1365,0.0177,0.4129,0.5841,0.7716,0.0079,0.0151,0.2173
431.3670,0.3649,0.1497,0.0316,0.3290,0.5919,0.6807,0.0128,0.0042,0.0379
435.9977,0.3430,0.1260,0.0220,0.0012,0.3495,0.5620,0.0011,0.0597,0.0182
325.8991,0.4070,0.1558,0.0031,0.3854,0.1896,0.7791,0.0138,0.0072,0.0358
593.3051,0.3297,0.1807,0.0211,0.3616,0.5900,0.6314,0.0091,0.0228,0.0892
315.5077,0.4221,0.1024,0.0049,0.0829,0.5808,0.7604,0.0191,0.0997,0.0084
596.6922,0.5480,0.1395,0.0130,0.4802,0.5282,0.7286,0.0044,0.0143,0.0884
523.5606,0.3179,0.1444,0.0194,0.1850,0.4185,0.7811,0.0102,0.0926,0.0132
381.2433,0.3717,0.1640,0.0086,0.4724,0.5389,0.7712,0.0062,0.0703,0.1670
307.0115,0.3793,0.1995,0.0070,0.0399,0.5766,0.5915,0.0172,0.0235,0.0244
558.1343,0.4591,0.1844,0.0310,0.4499,0.5006,0.7684,0.0089,0.0065,0.0347
438.3270,0.4339,0.0993,0.0028,0.1967,0.5304,0.7577,0.0053,0.0126,0.0074
395.6567,0.3355,0.1705,0.0032,0.3692,0.3647,0.6971,0.0121,0.0260,0.0555
570.9217,0.3058,0.2791,0.0043,0.4601,0.5247,0.7886,0.0127,0.1179,0.0948
431.6843,0.3864,0.2156,0.0059,0.3040,0.5639,0.6320,0.0074,0.0417,0.0017
365.9916,0.3692,0.1167,0.0074,0.2463,0.5868,0.7014,0.0160,0.0136,0.0425
444.0229,0.3694,0.1808,0.0326,0.4087,0.5154,0.7822,0.0016,0.0052,0.1144
594.6234,0.4220,0.1591,0.0306,0.4894,0.5982,0.7833,0.0134,0.1627,0.0295
563.8294,0.3534,0.1115,0.0102,0.1634,0.4867,0.7754,0.0030,0.0133,0.0319
570.7055,0.4665,0.2120,0.0072,0.3374,0.5769,0.6453,0.0046,0.0404,0.0088
531.1689,0.3053,0.2331,0.0220,0.3327,0.5232,0.6856,0.0165,0.0130,0.0249
244.1177,0.4589,0.1205,0.0056,0.1427,0.5387,0.7155,0.0133,0.0123,0.0176
388.3231,0.3316,0.2068,0.0023,0.1444,0.5924,0.7853,0.0159,0.0982,0.0238
510.1856,0.4567,0.1679,0.0068,0.3883,0.5865,0.7532,0.0033,0.0725,0.1175
399.7831,0.3501,0.1720,0.0144,0.1859,0.2146,0.7073,0.0098,0.0009,0.0564
416.0003,0.3343,0.1935,0.0074,0.4631,0.5115,0.7562,0.0117,0.2101,0.0139
516.6883,0.3634,0.2266,0.0134,0.4503,0.4741,0.7982,0.0006,0.0389,0.1476
591.9097,0.3117,0.1497,0.0170,0.3754,0.5171,0.6079,0.0152,0.0242,0.0368
425.9216,0.3470,0.1649,0.0070,0.0109,0.3232,0.6295,0.0163,0.0805,0.0083
522.2002,0.3342,0.1033,0.0055,0.2298,0.2380,0.7910,0.0036,0.0043,0.1068
430.5213,0.3173,0.1882,0.0261,0.4830,0.2717,0.7979,0.0025,0.0147,0.0929
560.5278,0.3197,0.1588,0.0027,0.3018,0.4074,0.7485,0.0086,0.0944,0.0680
390.8747,0.4054,0.1492,0.0016,0.0997,0.5733,0.5956,0.0059,0.0129,0.0499
297.3860,0.3883,0.1832,0.0124,0.4194,0.5510,0.7749,0.0169,0.0410,0.0350
412.7578,0.3244,0.2159,0.0187,0.0377,0.4531,0.5505,0.0080,0.0279,0.0030
312.7919,0.4150,0.1219,0.0032,0.0237,0.5323,0.4797,0.0037,0.0568,0.0830
573.0663,0.5008,0.2550,0.0030,0.3909,0.5845,0.7975,0.0025,0.0212,0.1514
596.4533,0.6650,0.1617,0.0157,0.4055,0.5596,0.7707,0.0046,0.0040,0.0223
546.8680,0.3491,0.1447,0.0082,0.4187,0.5890,0.7374,0.0146,0.1438,0.0975
471.2994,0.3363,0.1638,0.0198,0.2368,0.4632,0.7229,0.0092,0.0097,0.0806
501.3540,0.5754,0.2120,0.0016,0.4874,0.5579,0.7770,0.0090,0.2298,0.0176
419.2675,0.3424,0.1614,0.0167,0.4525,0.5051,0.6505,0.0043,0.0962,0.0103
526.8620,0.3498,0.0980,0.0181,0.2960,0.5912,0.7388,0.0159,0.0248,0.0192
359.3010,0.3962,0.1686,0.0366,0.4807,0.5119,0.7785,0.0103,0.0322,0.0152
463.8903,0.7541,0.1732,0.0235,0.4854,0.5745,0.7566,0.0075,0.0030,0.0582
554.0735,0.3009,0.2264,0.0019,0.2157,0.5508,0.7193,0.0049,0.0252,0.1125
479.3490,0.3142,0.1717,0.0011,0.4215,0.2951,0.7867,0.0053,0.0621,0.1565
540.5221,0.3136,0.1112,0.0235,0.4283,0.4061,0.7274,0.0024,0.0739,0.0304
582.1403,0.3645,0.2809,0.0208,0.4959,0.5819,0.6601,0.0171,0.0126,0.0938
304.2603,0.4364,0.1399,0.0060,0.2159,0.5891,0.7891,0.0072,0.0900,0.0292
491.5988,0.4164,0.2872,0.0092,0.4903,0.5261,0.7019,0.0039,0.0419,0.0583
498.7954,0.3164,0.1535,0.0122,0.0080,0.5609,0.5782,0.0036,0.0128,0.0974
487.1125,0.5901,0.2664,0.0109,0.4981,0.5408,0.7522,0.0055,0.0234,0.1091
375.8239,0.3847,0.1093,0.0016,0.2946,0.5092,0.7736,0.0022,0.0784,0.1354
514.2899,0.3090,0.1746,0.0033,0.4510,0.5480,0.6158,0.0180,0.0070,0.1561
587.2525,0.4703,0.1448,0.0144,0.4376,0.4945,0.7141,0.0012,0.0522,0.0166
419.5081,0.5206,0.1772,0.0011,0.3834,0.4533,0.7557,0.0067,0.0004,0.0257
550.4174,0.3346,0.1468,0.0021,0.1680,0.5139,0.4685,0.0001,0.0106,0.0021
565.8320,0.3188,0.2090,0.0113,0.2746,0.5538,0.7872,0.0193,0.0310,0.0813
582.2675,0.9626,0.2401,0.0011,0.4522,0.5270,0.7263,0.0017,0.0726,0.0352
438.0959,0.4027,0.2205,0.0034,0.3663,0.5726,0.7382,0.0115,0.0323,0.1010
363.0956,0.3966,0.1159,0.0110,0.1840,0.5479,0.5581,0.0000,0.0604,0.0029
499.9151,0.6983,0.2704,0.0072,0.4152,0.5855,0.7555,0.0006,0.0143,0.0680
486.7862,0.3327,0.1466,0.0169,0.3043,0.4583,0.7830,0.0148,0.0086,0.1308
487.5791,0.3527,0.1403,0.0308,0.4391,0.4660,0.6843,0.0095,0.0096,0.0177
369.7516,0.3334,0.2613,0.0080,0.3147,0.5153,0.6897,0.0022,0.0313,0.0124
592.8521,0.6761,0.2120,0.0159,0.4843,0.5345,0.5189,0.0004,0.0364,0.0232
375.6008,0.3882,0.1633,0.0107,0.4101,0.5937,0.6606,0.0103,0.0048,0.1000
341.6712,0.3764,0.1757,0.0148,0.0990,0.4846,0.6307,0.0195,0.0063,0.0317
536.5245,0.3601,0.2000,0.0036,0.4886,0.5207,0.6614,0.0047,0.1626,0.0709
473.1452,0.3799,0.1569,0.0254,0.4201,0.5069,0.7008,0.0083,0.0532,0.0140
309.1383,0.4066,0.2045,0.0030,0.1022,0.5540,0.7314,0.0013,0.0517,0.0117
565.5143,0.4120,0.1820,0.0133,0.4938,0.5922,0.6997,0.0167,0.1919,0.0474
526.5777,0.6168,0.1890,0.0121,0.4752,0.4384,0.7695,0.0038,0.0018,0.0115
333.9235,0.3849,0.1488,0.0334,0.0238,0.1556,0.5358,0.0094,0.0156,0.0309
502.0492,0.3151,0.1320,0.0361,0.3359,0.5304,0.7975,0.0135,0.0400,0.0878
458.6167,0.3772,0.1068,0.0103,0.0161,0.4264,0.5999,0.0071,0.0288,0.0109
387.8118,0.3574,0.1541,0.0233,0.3707,0.2020,0.7987,0.0142,0.0184,0.0280
575.7568,0.3081,0.1597,0.0199,0.0681,0.5279,0.6484,0.0009,0.0323,0.0102
480.6735,0.5190,0.2635,0.0083,0.4359,0.5958,0.6401,0.0107,0.0515,0.0211
374.8117,0.3671,0.1847,0.0066,0.2032,0.3735,0.7091,0.0066,0.0767,0.0126
442.4132,0.3251,0.2024,0.0363,0.2488,0.4693,0.7440,0.0007,0.0390,0.0145
582.5094,0.4247,0.2798,0.0229,0.4331,0.5586,0.7722,0.0018,0.0593,0.0375
400.9605,0.3359,0.2286,0.0117,0.3342,0.5740,0.7214,0.0003,0.1088,0.0424
513.4982,0.3733,0.1009,0.0039,0.0034,0.5959,0.3846,0.0007,0.0102,0.0007
518.3109,0.3201,0.2190,0.0188,0.1420,0.5183,0.7583,0.0022,0.0048,0.0160
256.9688,0.4656,0.1421,0.0089,0.3359,0.5649,0.7911,0.0076,0.0064,0.0238
489.6999,0.3008,0.2057,0.0247,0.4616,0.5858,0.7907,0.0055,0.2679,0.0111
547.6832,0.3581,0.0896,0.0012,0.3463,0.4973,0.7310,0.0187,0.0050,0.0256
454.9168,0.3234,0.1552,0.0029,0.3778,0.5991,0.5802,0.0015,0.0788,0.0610
353.3611,0.3872,0.1303,0.0042,0.3065,0.5838,0.7419,0.0003,0.0053,0.2184
504.4406,0.6567,0.1554,0.0050,0.4558,0.5292,0.7003,0.0025,0.0212,0.0573
547.4602,0.4203,0.1514,0.0102,0.4814,0.5495,0.5936,0.0093,0.0781,0.0187
583.9803,0.3097,0.2518,0.0024,0.3390,0.5871,0.6829,0.0041,0.1629,0.0198
496.2148,0.5143,0.2456,0.0167,0.4665,0.4924,0.6804,0.0004,0.0041,0.0260
433.2461,0.3435,0.2223,0.0018,0.1046,0.3581,0.6678,0.0053,0.0078,0.0099
394.1002,0.3780,0.1464,0.0053,0.0374,0.5651,0.7355,0.0106,0.0599,0.0551
577.9672,0.6156,0.2598,0.0071,0.4536,0.5462,0.6576,0.0185,0.0493,0.0092
539.9263,0.3006,0.1660,0.0166,0.3678,0.4389,0.7250,0.0059,0.0772,0.0995
475.8979,0.3408,0.2758,0.0154,0.4587,0.5754,0.7550,0.0089,0.0601,0.0781
440.2268,0.3890,0.0924,0.0049,0.3956,0.4554,0.7998,0.0075,0.0558,0.0532
519.3962,0.4490,0.2368,0.0107,0.4882,0.5814,0.7419,0.0009,0.2503,0.0220
342.0530,0.3921,0.1693,0.0124,0.0774,0.1693,0.7269,0.0095,0.0108,0.0424
447.5209,0.3477,0.1598,0.0344,0.1455,0.5791,0.7633,0.0084,0.0147,0.0329
449.0719,0.3166,0.1831,0.0108,0.3601,0.5080,0.6660,0.0128,0.0805,0.0602
553.2664,0.3756,0.2487,0.0125,0.3914,0.5453,0.7546,0.0070,0.0043,0.1183
389.6223,0.3345,0.1818,0.0199,0.2659,0.3430,0.7711,0.0167,0.0404,0.0201
527.6144,0.3267,0.1271,0.0206,0.0969,0.5869,0.7350,0.0135,0.0046,0.0575
448.8488,0.4554,0.2444,0.0014,0.4989,0.5954,0.7718,0.0047,0.0027,0.2934
396.5944,0.3794,0.1307,0.0140,0.0939,0.2894,0.7852,0.0064,0.0910,0.0105
543.8764,0.4895,0.2911,0.0176,0.4953,0.5584,0.6407,0.0127,0.0317,0.0242
456.2641,0.3649,0.1399,0.0045,0.0008,0.4993,0.6480,0.0025,0.0509,0.0373
355.4830,0.3478,0.2236,0.0091,0.4489,0.5233,0.7186,0.0140,0.0040,0.0834
367.3185,0.3744,0.1594,0.0060,0.1235,0.5443,0.5372,0.0053,0.0188,0.0736
454.7123,0.3023,0.2104,0.0285,0.4740,0.5568,0.7462,0.0187,0.1164,0.0228
567.0714,0.6753,0.1333,0.0041,0.4885,0.5881,0.6128,0.0144,0.0122,0.0664
361.9343,0.4116,0.0864,0.0053,0.1681,0.3776,0.6428,0.0097,0.0006,0.0328
499.7709,0.3897,0.1373,0.0111,0.4477,0.4837,0.7895,0.0164,0.1065,0.0348
398.7894,0.3495,0.1763,0.0094,0.2072,0.4776,0.7588,0.0038,0.0621,0.1087
320.2181,0.4144,0.1614,0.0181,0.2681,0.5871,0.7907,0.0058,0.0627,0.0372
369.1277,0.3212,0.2359,0.0023,0.3302,0.4749,0.7612,0.0081,0.0484,0.0047
444.1384,0.9693,0.1483,0.0142,0.4863,0.5668,0.7995,0.0030,0.0225,0.0101
374.2278,0.3767,0.1088,0.0164,0.1136,0.2383,0.7538,0.0061,0.0138,0.0530
517.4842,0.9819,0.2961,0.0018,0.4781,0.5863,0.6567,0.0139,0.0440,0.0632
422.6785,0.6634,0.2511,0.0165,0.4807,0.5686,0.7560,0.0035,0.0713,0.0122
500.1087,0.3207,0.1415,0.0012,0.1353,0.5721,0.4145,0.0130,0.0205,0.0133
502.2812,0.3378,0.2028,0.0105,0.3122,0.4946,0.5924,0.0064,0.0024,0.0272
414.1777,0.4994,0.1578,0.0053,0.4719,0.5936,0.7516,0.0042,0.0536,0.1661
410.6599,0.3460,0.1747,0.0392,0.2787,0.4969,0.7980,0.0105,0.0222,0.0421
564.5886,0.3232,0.1136,0.0040,0.4798,0.4891,0.7014,0.0052,0.0346,0.1681
468.7770,0.3359,0.1840,0.0032,0.1486,0.2290,0.7432,0.0046,0.0703,0.0021
537.3283,0.4462,0.1435,0.0138,0.4752,0.5603,0.6610,0.0132,0.0621,0.0397
494.9476,0.3294,0.1201,0.0126,0.2094,0.4470,0.6253,0.0001,0.0842,0.0185
598.2762,0.3842,0.2131,0.0028,0.4559,0.5789,0.7177,0.0122,0.1720,0.1228
439.4913,0.4177,0.1255,0.0115,0.3804,0.5347,0.7146,0.0028,0.0333,0.0669
474.8464,0.3148,0.1760,0.0212,0.4433,0.3969,0.6815,0.0007,0.0009,0.1043
539.7416,0.3128,0.2405,0.0064,0.4657,0.3019,0.7389,0.0064,0.0133,0.0267
514.0035,0.3304,0.2219,0.0282,0.4164,0.5750,0.6958,0.0021,0.0445,0.0893
405.8737,0.3396,0.1672,0.0273,0.2120,0.3306,0.7477,0.0076,0.0052,0.0754
502.0581,0.4397,0.2563,0.0010,0.4238,0.5517,0.7362,0.0157,0.0808,0.0403
314.9944,0.4105,0.1729,0.0103,0.1514,0.4889,0.7550,0.0131,0.0516,0.0032
460.2562,0.3538,0.1892,0.0142,0.3402,0.5985,0.7866,0.0173,0.0498,0.1202
566.5160,0.6946,0.2325,0.0245,0.4454,0.5969,0.7576,0.0119,0.0486,0.0279
573.2957,0.3131,0.2143,0.0047,0.4957,0.5676,0.6855,0.0019,0.0941,0.2536
478.4880,0.6317,0.2000,0.0147,0.4983,0.5853,0.6022,0.0105,0.0856,0.0191
398.4943,0.4867,0.1820,0.0030,0.4878,0.5159,0.7669,0.0087,0.1130,0.0553
585.2033,0.4662,0.2487,0.0313,0.4688,0.5905,0.7075,0.0159,0.0577,0.0290
424.5960,0.3788,0.1029,0.0082,0.4522,0.5194,0.7029,0.0192,0.0103,0.0383
521.7540,0.3038,0.1644,0.0097,0.2963,0.5421,0.6078,0.0007,0.0936,0.0783
316.4248,0.3741,0.1874,0.0167,0.4325,0.4541,0.7972,0.0069,0.0248,0.0875
330.0359,0.4212,0.1319,0.0101,0.0021,0.4172,0.3703,0.0058,0.0553,0.0429
267.4461,0.4462,0.1134,0.0036,0.4945,0.5763,0.7562,0.0096,0.0117,0.0138
392.4022,0.3593,0.1528,0.0026,0.2934,0.3420,0.6658,0.0193,0.0019,0.0685
438.0135,0.3270,0.1519,0.0234,0.4582,0.4444,0.6974,0.0063,0.0908,0.0111
548.9483,0.9441,0.2665,0.0117,0.4775,0.5897,0.4252,0.0107,0.0133,0.0265
486.8685,0.4086,0.2104,0.0091,0.3962,0.5820,0.7305,0.0098,0.0957,0.0656
541.5502,0.7258,0.1642,0.0078,0.4895,0.5915,0.4692,0.0102,0.0429,0.0070
587.1745,0.3124,0.1122,0.0172,0.0239,0.1965,0.5018,0.0051,0.0170,0.0086
360.2094,0.3930,0.1132,0.0149,0.2301,0.4331,0.6753,0.0052,0.0723,0.0044
461.5152,0.3291,0.1449,0.0102,0.3442,0.5857,0.6502,0.0198,0.0110,0.1227
433.4350,0.3805,0.1066,0.0156,0.0697,0.5546,0.7326,0.0019,0.0265,0.0541
570.2731,0.5175,0.1936,0.0027,0.4341,0.5024,0.6784,0.0121,0.0455,0.0365
407.5594,0.3411,0.2340,0.0044,0.4264,0.5796,0.7600,0.0186,0.0269,0.1476
515.3283,0.8336,0.2433,0.0034,0.4470,0.5882,0.5344,0.0019,0.0894,0.0099
427.3028,0.3145,0.1728,0.0074,0.0016,0.5028,0.4341,0.0021,0.0066,0.0067
325.1605,0.3728,0.1783,0.0123,0.0495,0.3719,0.7634,0.0146,0.0133,0.0536
401.3176,0.3914,0.1595,0.0160,0.4884,0.4499,0.7933,0.0150,0.0119,0.1144
453.5130,0.3577,0.0987,0.0099,0.2761,0.1993,0.7926,0.0033,0.0493,0.0457
417.1759,0.5242,0.1768,0.0249,0.4682,0.5907,0.6386,0.0018,0.0168,0.0275
540.1186,0.4216,0.2219,0.0087,0.4636,0.5613,0.7741,0.0107,0.0270,0.2121
386.1780,0.3703,0.1383,0.0055,0.3878,0.4897,0.7749,0.0043,0.1801,0.0507
372.5485,0.4897,0.2783,0.0059,0.4766,0.5742,0.7984,0.0088,0.0446,0.0442
490.7018,0.8059,0.2089,0.0135,0.4777,0.5944,0.7330,0.0006,0.1299,0.0461
490.2615,0.3058,0.1714,0.0238,0.4006,0.4335,0.7485,0.0129,0.0138,0.1271
470.4489,0.3340,0.1255,0.0292,0.4899,0.4780,0.7616,0.0142,0.0545,0.0552
408.3381,0.3581,0.1421,0.0350,0.0135,0.3816,0.3660,0.0104,0.0097,0.0124
346.7759,0.3814,0.1366,0.0115,0.4643,0.5699,0.7345,0.0183,0.0922,0.0235
364.4635,0.4160,0.1209,0.0092,0.4280,0.3197,0.7406,0.0089,0.0012,0.0305
562.4542,0.3045,0.2416,0.0074,0.4312,0.5967,0.7848,0.0171,0.2264,0.0538
508.3723,0.5102,0.1459,0.0275,0.4978,0.5883,0.6869,0.0151,0.0360,0.0221
356.1407,0.3881,0.1840,0.0061,0.0034,0.2469,0.4538,0.0105,0.0215,0.0273
504.8536,0.3571,0.1631,0.0185,0.2535,0.5014,0.7371,0.0089,0.0398,0.0224
470.5985,0.3116,0.1778,0.0051,0.3927,0.5216,0.5644,0.0058,0.0170,0.0731
587.9760,0.3699,0.2394,0.0067,0.3617,0.5438,0.7151,0.0144,0.0862,0.0072
427.0585,0.3638,0.1282,0.0025,0.4681,0.4708,0.7491,0.0111,0.0693,0.1327
475.4590,0.3396,0.1155,0.0081,0.0382,0.5617,0.3791,0.0148,0.0350,0.0281
378.3000,0.4564,0.2026,0.0179,0.4061,0.5908,0.7745,0.0127,0.0468,0.0290
533.7821,0.3354,0.1653,0.0208,0.4458,0.5080,0.7754,0.0023,0.1984,0.0351
506.0882,0.3326,0.1168,0.0133,0.1265,0.5970,0.7424,0.0052,0.0865,0.0565
332.3782,0.4089,0.1026,0.0035,0.0181,0.4927,0.3305,0.0039,0.0337,0.0548
508.4973,0.4879,0.2196,0.0034,0.4004,0.5616,0.6381,0.0048,0.0735,0.0256
558.2762,0.4780,0.1603,0.0106,0.3271,0.5403,0.7801,0.0035,0.0388,0.0022
259.4984,0.4701,0.1003,0.0050,0.0758,0.1325,0.6544,0.0084,0.0048,0.0418
534.4810,0.3954,0.1320,0.0046,0.2899,0.4814,0.6880,0.0050,0.0199,0.0216
499.4137,0.3342,0.2059,0.0158,0.3519,0.3614,0.7096,0.0014,0.0142,0.0284
335.2626,0.3774,0.1523,0.0201,0.4034,0.3467,0.7861,0.0050,0.0563,0.0524
348.8539,0.3800,0.1125,0.0095,0.0349,0.1177,0.6366,0.0012,0.0070,0.0369
587.7530,0.4074,0.1893,0.0096,0.4963,0.5033,0.6094,0.0037,0.0181,0.1282
520.3978,0.6904,0.1775,0.0026,0.4399,0.5764,0.6844,0.0055,0.1123,0.0235
513.0601,0.3718,0.1908,0.0196,0.4863,0.5432,0.7605,0.0155,0.0446,0.1462
333.9432,0.3529,0.2329,0.0033,0.2901,0.5375,0.7578,0.0073,0.0859,0.0269
288.7524,0.4491,0.0959,0.0159,0.1795,0.2302,0.7443,0.0040,0.0078,0.0249
461.3112,0.3081,0.2206,0.0335,0.2576,0.5666,0.7224,0.0001,0.0485,0.0339
355.7667,0.3722,0.1631,0.0207,0.0404,0.4372,0.4201,0.0006,0.0354,0.0370
432.2754,0.3627,0.1436,0.0222,0.0852,0.3572,0.7807,0.0077,0.0438,0.0101
380.1040,0.3775,0.1296,0.0131,0.0544,0.1921,0.6680,0.0013,0.0791,0.0561
585.2499,0.3283,0.1240,0.0089,0.2597,0.4751,0.7713,0.0137,0.1027,0.0034
552.4311,0.3300,0.2798,0.0422,0.4486,0.5801,0.6943,0.0104,0.0003,0.0025
550.2024,0.4393,0.1832,0.0184,0.4540,0.5408,0.7300,0.0067,0.1140,0.0372
599.2781,0.7552,0.2012,0.0109,0.4720,0.5700,0.7750,0.0167,0.0287,0.1175
522.9421,0.3437,0.1973,0.0054,0.4659,0.5008,0.6312,0.0150,0.0846,0.0379
357.8516,0.4135,0.0877,0.0214,0.2459,0.4789,0.7600,0.0044,0.0168,0.0117
423.1462,0.3500,0.2589,0.0071,0.3100,0.5879,0.7890,0.0052,0.0178,0.0973
325.6579,0.3902,0.1691,0.0147,0.0241,0.3122,0.6096,0.0047,0.0082,0.0843
453.6715,0.3479,0.1789,0.0200,0.4365,0.5845,0.6849,0.0040,0.1133,0.0611
530.5504,0.3234,0.1254,0.0061,0.0516,0.4566,0.6022,0.0187,0.0161,0.0516
454.1095,0.3837,0.1359,0.0035,0.2606,0.2753,0.7210,0.0064,0.0303,0.0049
439.2441,0.3198,0.1863,0.0163,0.2884,0.4110,0.7988,0.0181,0.0874,0.0438
379.8878,0.3947,0.0795,0.0037,0.1812,0.1047,0.7815,0.0107,0.0063,0.0199
387.7534,0.5564,0.2130,0.0072,0.4262,0.5561,0.7951,0.0116,0.0086,0.0679
365.7103,0.4354,0.1040,0.0051,0.2445,0.3232,0.7366,0.0017,0.0279,0.0167
590.8961,0.3801,0.1844,0.0120,0.4340,0.5102,0.7215,0.0178,0.0650,0.0671
433.7145,0.4109,0.1474,0.0023,0.4803,0.5877,0.7187,0.0072,0.2178,0.0324
517.6935,0.3386,0.1392,0.0094,0.4856,0.4594,0.6545,0.0031,0.0033,0.1349
438.8422,0.3661,0.1141,0.0128,0.2022,0.2702,0.7850,0.0120,0.0269,0.0454
510.9023,0.3882,0.1975,0.0233,0.4236,0.5972,0.6171,0.0008,0.0352,0.0713
319.3101,0.4119,0.1241,0.0333,0.0208,0.3521,0.7061,0.0108,0.0226,0.0169
576.4841,0.3316,0.1809,0.0052,0.2870,0.4540,0.7643,0.0043,0.0343,0.1070
569.9131,0.4037,0.1226,0.0153,0.3489,0.5759,0.7896,0.0020,0.0019,0.1123
452.5417,0.3408,0.1262,0.0043,0.0846,0.1940,0.6792,0.0061,0.0712,0.0404
540.4209,0.3825,0.1679,0.0369,0.4973,0.5493,0.7064,0.0144,0.0176,0.0645
406.9934,0.3574,0.2411,0.0099,0.2427,0.5830,0.7172,0.0108,0.0002,0.0362
483.9135,0.4121,0.1852,0.0095,0.3242,0.4371,0.7776,0.0065,0.0336,0.0073
501.8627,0.6464,0.2166,0.0060,0.4632,0.5690,0.7467,0.0189,0.0078,0.1205
599.4070,0.4852,0.2258,0.0171,0.4605,0.5311,0.5834,0.0019,0.0560,0.0168
469.4329,0.4702,0.1808,0.0012,0.4554,0.4978,0.7043,0.0105,0.0640,0.0630
352.3308,0.3619,0.2106,0.0209,0.0876,0.3999,0.6703,0.0044,0.0027,0.0164
448.4282,0.3447,0.1220,0.0193,0.3934,0.3758,0.7255,0.0134,0.0496,0.0189
303.0722,0.5835,0.1383,0.0126,0.4948,0.5684,0.7992,0.0003,0.0285,0.0262
419.5596,0.3699,0.1264,0.0172,0.3197,0.3057,0.7602,0.0091,0.0100,0.0568
577.5531,0.4493,0.1447,0.0255,0.4653,0.5478,0.7530,0.0032,0.0848,0.0398
464.9124,0.8223,0.1922,0.0070,0.4504,0.5794,0.6196,0.0100,0.0392,0.0068
418.2384,0.3617,0.2040,0.0123,0.4878,0.4923,0.7865,0.0018,0.1333,0.0890
304.1817,0.4092,0.1441,0.0069,0.0832,0.2802,0.6175,0.0024,0.0262,0.0909
552.6108,0.5352,0.2247,0.0075,0.4955,0.5754,0.7127,0.0076,0.0773,0.1823
593.4949,0.7278,0.2042,0.0083,0.4093,0.5626,0.6644,0.0020,0.0382,0.0290
529.6043,0.4476,0.1924,0.0015,0.4037,0.5087,0.7379,0.0090,0.1314,0.0054
491.0429,0.3062,0.1769,0.0069,0.4848,0.2589,0.7370,0.0182,0.0745,0.0113
342.7017,0.3507,0.1661,0.0103,0.2551,0.4336,0.7816,0.0155,0.0043,0.0228
584.5203,0.8068,0.2445,0.0022,0.4766,0.5506,0.4681,0.0189,0.0315,0.0133
444.3717,0.3096,0.2413,0.0215,0.4778,0.4399,0.7924,0.0140,0.0614,0.0427
280.3777,0.4540,0.0975,0.0068,0.0468,0.3932,0.7647,0.0157,0.0622,0.0072
478.0102,0.3176,0.1605,0.0398,0.0418,0.1036,0.5365,0.0010,0.0113,0.0051
494.1162,0.3365,0.1301,0.0227,0.3169,0.5705,0.7009,0.0108,0.0829,0.0287
386.2534,0.3829,0.1022,0.0330,0.1055,0.1765,0.7380,0.0011,0.0311,0.0166
486.0863,0.3070,0.1951,0.0079,0.0859,0.5244,0.6293,0.0102,0.0019,0.0950
481.0181,0.3599,0.1560,0.0365,0.4241,0.5939,0.7976,0.0060,0.0864,0.0794
405.3816,0.3801,0.1559,0.0191,0.0002,0.3452,0.5201,0.0041,0.0328,0.0031
561.8931,0.9692,0.1753,0.0014,0.4723,0.5623,0.7477,0.0137,0.0108,0.1181
352.7051,0.4224,0.1427,0.0063,0.1129,0.3463,0.7030,0.0145,0.0165,0.0113
583.1851,0.5631,0.1935,0.0215,0.4533,0.5954,0.6949,0.0037,0.1324,0.0239
431.7111,0.6752,0.2235,0.0176,0.4751,0.5917,0.6650,0.0039,0.0193,0.0644
416.3176,0.3405,0.1611,0.0097,0.3991,0.3514,0.7834,0.0092,0.1079,0.0689
502.8997,0.3128,0.1537,0.0145,0.0936,0.4206,0.6953,0.0085,0.0057,0.1040
430.8944,0.3658,0.1734,0.0013,0.2511,0.5523,0.7005,0.0126,0.1384,0.0000
592.0437,0.3623,0.2840,0.0063,0.4181,0.4621,0.7930,0.0119,0.0053,0.0517
358.3559,0.4380,0.1372,0.0173,0.4295,0.4812,0.7172,0.0075,0.0288,0.0005
423.9259,0.3266,0.2160,0.0072,0.1108,0.5904,0.6834,0.0030,0.0304,0.0813
465.1453,0.3375,0.1759,0.0346,0.4624,0.4530,0.7700,0.0037,0.1177,0.0025
496.8851,0.3352,0.1457,0.0079,0.2520,0.3465,0.7606,0.0074,0.0661,0.0607
338.0107,0.3768,0.1956,0.0030,0.4916,0.3610,0.6799,0.0090,0.0050,0.0096
474.1457,0.3330,0.1665,0.0068,0.1617,0.5807,0.6058,0.0042,0.0076,0.1192
579.4508,0.3185,0.2495,0.0278,0.4066,0.5520,0.5989,0.0006,0.0110,0.0199
495.5662,0.3103,0.2237,0.0155,0.4278,0.5366,0.7869,0.0048,0.0764,0.1655
531.3062,0.4248,0.1728,0.0049,0.4908,0.3990,0.7654,0.0013,0.1101,0.0314
595.6543,0.3542,0.1539,0.0018,0.3262,0.5949,0.7450,0.0066,0.0570,0.1803
540.6009,0.3615,0.2289,0.0129,0.4013,0.5694,0.6655,0.0053,0.0551,0.0835
582.0544,0.3139,0.1496,0.0101,0.4607,0.4014,0.7251,0.0100,0.0313,0.1322
376.2563,0.3523,0.1742,0.0119,0.2280,0.3294,0.5901,0.0049,0.0170,0.0184
560.8300,0.4188,0.2157,0.0225,0.3976,0.5312,0.7037,0.0135,0.0075,0.0198
405.5390,0.4451,0.2329,0.0018,0.4891,0.5570,0.6167,0.0026,0.0550,0.0466
443.3186,0.3220,0.2120,0.0151,0.4933,0.4855,0.7209,0.0157,0.0089,0.1226
282.7200,0.4416,0.1346,0.0125,0.0622,0.5947,0.6873,0.0140,0.0081,0.0397
531.9814,0.3457,0.2016,0.0258,0.2648,0.4934,0.7453,0.0012,0.0105,0.0211
566.2510,0.6213,0.1948,0.0066,0.4968,0.5110,0.5664,0.0067,0.0361,0.0451
535.5026,0.4983,0.1854,0.0164,0.4854,0.5979,0.7957,0.0149,0.0652,0.1688
412.6172,0.3721,0.0816,0.0048,0.0106,0.5222,0.7405,0.0048,0.0091,0.0112
361.3441,0.3921,0.2561,0.0197,0.4495,0.5375,0.7694,0.0056,0.0078,0.0302
388.7159,0.3597,0.1313,0.0266,0.1215,0.2490,0.6977,0.0092,0.0485,0.0020
533.5056,0.3214,0.1471,0.0065,0.2291,0.5625,0.6484,0.0150,0.0759,0.0497
464.5245,0.4330,0.1497,0.0122,0.2815,0.5468,0.7901,0.0038,0.0580,0.0141
560.1830,0.3147,0.1870,0.0021,0.3668,0.5050,0.7912,0.0111,0.2248,0.0435
505.3359,0.3441,0.1083,0.0254,0.4507,0.5936,0.7308,0.0029,0.1114,0.0288
372.5879,0.3622,0.1475,0.0263,0.3475,0.2675,0.7827,0.0192,0.0363,0.0015
508.3411,0.7974,0.2036,0.0421,0.4819,0.5655,0.7859,0.0006,0.0090,0.0033
454.4230,0.5458,0.2412,0.0092,0.4506,0.5075,0.7539,0.0028,0.0555,0.0148
425.2478,0.3539,0.1358,0.0330,0.1881,0.5891,0.6899,0.0080,0.0191,0.0445
591.2303,0.7837,0.2697,0.0053,0.4953,0.5194,0.5980,0.0048,0.0936,0.0076
516.9275,0.3695,0.2813,0.0106,0.4428,0.5593,0.6793,0.0066,0.0368,0.0590
353.5249,0.6070,0.2272,0.0016,0.4924,0.5801,0.7057,0.0135,0.0544,0.0282
466.4671,0.3648,0.1723,0.0087,0.3519,0.4551,0.7752,0.0086,0.1286,0.0197
305.7173,0.3968,0.1414,0.0106,0.0263,0.1866,0.7690,0.0092,0.0258,0.0487
490.7326,0.4804,0.1417,0.0067,0.4940,0.5560,0.7443,0.0161,0.1404,0.0233
480.9475,0.3040,0.1620,0.0020,0.4863,0.5121,0.6931,0.0145,0.0843,0.1055
299.4246,0.4178,0.1337,0.0164,0.3195,0.5810,0.7095,0.0056,0.0484,0.0142
555.8299,0.3595,0.1584,0.0073,0.4872,0.2471,0.7686,0.0056,0.0114,0.0157
459.4965,0.3167,0.2154,0.0028,0.0237,0.4308,0.7884,0.0182,0.0024,0.0399
424.0997,0.3586,0.1707,0.0063,0.0835,0.4815,0.5983,0.0035,0.0652,0.0184
430.9702,0.4589,0.2695,0.0032,0.4173,0.5736,0.7279,0.0039,0.0358,0.0632
540.3344,0.3293,0.1502,0.0023,0.4365,0.4908,0.7530,0.0060,0.0015,0.2883
375.9684,0.3433,0.2205,0.0015,0.2007,0.2508,0.6915,0.0042,0.0385,0.0190
491.8094,0.4007,0.2168,0.0182,0.4985,0.3783,0.7706,0.0076,0.0346,0.0001
437.6078,0.5030,0.1222,0.0070,0.4286,0.5758,0.7016,0.0046,0.0579,0.0159
434.0867,0.3493,0.1359,0.0405,0.3211,0.4830,0.7149,0.0109,0.0166,0.0052
571.2674,0.9084,0.1763,0.0098,0.4914,0.5955,0.5198,0.0066,0.0036,0.1347
364.2348,0.3348,0.2044,0.0018,0.4551,0.2655,0.7781,0.0142,0.0274,0.0324
596.0238,0.3413,0.2334,0.0118,0.3536,0.4851,0.6734,0.0072,0.0361,0.0095
436.9593,0.3286,0.1630,0.0126,0.0248,0.2251,0.5826,0.0030,0.0743,0.0071
546.6134,0.7521,0.2747,0.0195,0.4607,0.5871,0.7274,0.0053,0.0398,0.0442
595.8006,0.4364,0.2888,0.0029,0.4729,0.5539,0.7801,0.0153,0.1034,0.0887
590.8238,0.3269,0.1982,0.0263,0.4998,0.5923,0.7379,0.0018,0.0671,0.2406
438.7485,0.3347,0.1435,0.0256,0.1374,0.3367,0.7056,0.0086,0.0290,0.0396
472.6480,0.5088,0.2428,0.0188,0.4703,0.5990,0.6324,0.0071,0.0767,0.0117
371.4387,0.3795,0.1225,0.0081,0.1586,0.2410,0.7952,0.0039,0.1413,0.0134
405.5728,0.4142,0.1544,0.0131,0.4540,0.5096,0.7978,0.0032,0.0008,0.1898
506.5112,0.3766,0.1757,0.0011,0.3823,0.5885,0.7986,0.0118,0.1665,0.1128
368.3610,0.3493,0.2001,0.0153,0.0220,0.5562,0.7669,0.0065,0.0022,0.0804
398.0264,0.3209,0.2128,0.0194,0.3909,0.3952,0.7566,0.0003,0.0333,0.0544
478.1972,0.4394,0.1669,0.0339,0.4943,0.4397,0.7832,0.0014,0.0246,0.0195
306.8751,0.4118,0.1083,0.0043,0.0104,0.2391,0.7292,0.0011,0.0446,0.0365
526.3866,0.3394,0.1171,0.0034,0.2438,0.5312,0.5438,0.0010,0.0256,0.0362
532.0747,0.3114,0.1803,0.0125,0.3248,0.5521,0.7140,0.0197,0.0078,0.1472
359.1276,0.3571,0.1618,0.0045,0.4314,0.1564,0.7896,0.0167,0.0686,0.0083
566.3357,0.5656,0.1849,0.0316,0.4370,0.5930,0.6742,0.0127,0.0195,0.0045
338.5604,0.4465,0.1572,0.0077,0.3255,0.5918,0.7985,0.0120,0.1115,0.0011
453.2617,0.5253,0.2117,0.0028,0.4660,0.4667,0.6824,0.0070,0.0336,0.0150
421.3987,0.3881,0.1309,0.0026,0.1987,0.3607,0.7882,0.0162,0.0782,0.0038
591.0587,0.3042,0.1362,0.0014,0.3989,0.5575,0.5719,0.0184,0.0295,0.0818
517.5394,0.3517,0.1857,0.0042,0.4582,0.3506,0.7562,0.0037,0.0522,0.0872
426.4073,0.3663,0.0987,0.0266,0.2041,0.3832,0.7609,0.0023,0.0419,0.0236
402.3927,0.3644,0.1154,0.0049,0.1624,0.1106,0.6869,0.0067,0.0153,0.0605
599.2470,0.5610,0.1493,0.0223,0.4878,0.5472,0.7022,0.0013,0.0019,0.1020
524.5214,0.3089,0.1425,0.0105,0.1615,0.4064,0.7391,0.0134,0.0789,0.0515
421.1823,0.3847,0.0789,0.0120,0.0675,0.4286,0.6498,0.0068,0.0051,0.0323
469.0652,0.3956,0.1323,0.0124,0.4906,0.5763,0.5853,0.0112,0.0291,0.0008
497.6686,0.3119,0.1563,0.0054,0.4812,0.4482,0.7710,0.0191,0.1920,0.0572
428.5867,0.4356,0.1814,0.0089,0.4327,0.4006,0.7702,0.0058,0.0533,0.0115
378.5236,0.3875,0.1231,0.0236,0.4957,0.5365,0.7524,0.0081,0.0582,0.0415
381.6009,0.3461,0.1996,0.0060,0.3277,0.3476,0.7788,0.0004,0.0854,0.0728
582.2005,0.3480,0.1710,0.0289,0.3946,0.4521,0.7655,0.0091,0.0245,0.0395
560.6881,0.4748,0.2292,0.0403,0.4575,0.5743,0.7869,0.0070,0.0097,0.0682
366.9532,0.3782,0.1695,0.0225,0.2228,0.4886,0.7279,0.0178,0.0073,0.0243
511.2686,0.3508,0.1470,0.0122,0.3644,0.5169,0.6972,0.0026,0.1616,0.0002
414.0102,0.4076,0.1839,0.0021,0.2839,0.5978,0.6961,0.0124,0.0085,0.0933
570.0708,0.3216,0.2578,0.0134,0.4522,0.5505,0.7623,0.0108,0.1233,0.0781
576.7386,0.7030,0.2434,0.0090,0.4966,0.5837,0.6821,0.0008,0.0199,0.2395
335.4675,0.3873,0.1624,0.0092,0.0794,0.3775,0.6186,0.0057,0.0775,0.0243
513.0912,0.9214,0.1587,0.0129,0.4699,0.5819,0.7162,0.0001,0.0739,0.0148
520.3736,0.6275,0.1730,0.0172,0.4557,0.5526,0.7884,0.0101,0.0830,0.0016
551.3541,0.3153,0.1855,0.0173,0.1924,0.5239,0.6754,0.0018,0.0291,0.0472
543.5686,0.8136,0.2671,0.0045,0.4665,0.5783,0.7771,0.0120,0.1027,0.0453
494.2633,0.4294,0.2502,0.0246,0.4826,0.5490,0.7284,0.0020,0.0544,0.0605
478.8243,0.3435,0.1919,0.0129,0.2535,0.5953,0.7945,0.0012,0.0751,0.1107
579.5305,0.3502,0.2555,0.0115,0.4726,0.4935,0.6418,0.0190,0.0083,0.0403
557.8632,0.3082,0.1296,0.0180,0.2942,0.4177,0.7747,0.0055,0.1092,0.0480
397.3166,0.3332,0.2380,0.0138,0.3751,0.5928,0.6797,0.0100,0.0557,0.0266
322.1508,0.4529,0.1006,0.0116,0.0690,0.4835,0.7135,0.0005,0.0550,0.0064
579.7469,0.4220,0.2035,0.0025,0.3571,0.5457,0.7455,0.0084,0.0773,0.0603
411.8520,0.3361,0.1982,0.0037,0.0612,0.3716,0.5946,0.0062,0.0310,0.0655
455.2143,0.3491,0.1028,0.0284,0.0052,0.3293,0.7345,0.0152,0.0017,0.0352
335.6839,0.3907,0.1089,0.0063,0.2178,0.4190,0.7566,0.0163,0.0056,0.0432
296.9201,0.4164,0.1493,0.0021,0.2512,0.3356,0.7829,0.0114,0.1030,0.0032
472.1504,0.3233,0.1228,0.0109,0.2289,0.3621,0.7026,0.0074,0.0069,0.0417
484.1225,0.3388,0.1407,0.0015,0.2966,0.3669,0.7411,0.0117,0.0129,0.1370
435.4872,0.3884,0.1914,0.0190,0.3586,0.5027,0.7820,0.0146,0.0259,0.0452
590.1335,0.6837,0.2023,0.0064,0.4920,0.5409,0.5002,0.0036,0.0218,0.0839
470.5363,0.3682,0.1315,0.0098,0.4278,0.5679,0.7291,0.0052,0.0384,0.1750
427.1191,0.3318,0.1766,0.0126,0.4955,0.3610,0.6615,0.0105,0.0251,0.0148
533.9696,0.3444,0.2138,0.0186,0.4809,0.5544,0.6430,0.0016,0.1583,0.0124
334.1299,0.4350,0.0868,0.0022,0.3782,0.4964,0.7931,0.0161,0.0398,0.0049
403.9957,0.6001,0.1968,0.0027,0.4782,0.5995,0.7697,0.0108,0.1855,0.0145
508.2231,0.5420,0.1711,0.0116,0.4356,0.5143,0.7724,0.0042,0.0199,0.0754
504.7139,0.3007,0.1573,0.0452,0.3126,0.5445,0.7534,0.0104,0.0559,0.0363
480.1189,0.3452,0.1392,0.0156,0.2302,0.2045,0.7885,0.0088,0.0333,0.0168
588.0495,0.4627,0.1428,0.0055,0.4611,0.5809,0.6801,0.0031,0.0389,0.1778
553.0789,0.3599,0.1939,0.0150,0.3992,0.4450,0.7170,0.0008,0.0726,0.0302
513.3283,0.3179,0.1140,0.0183,0.4590,0.5271,0.6578,0.0161,0.0097,0.0570
383.1361,0.6365,0.1598,0.0038,0.4532,0.5019,0.7547,0.0063,0.0200,0.0132
495.1803,0.3224,0.1494,0.0264,0.0293,0.2123,0.6938,0.0143,0.0223,0.0061
463.3307,0.3256,0.1820,0.0039,0.1938,0.5746,0.7120,0.0155,0.0926,0.0657
293.4393,0.4526,0.1499,0.0082,0.0019,0.2585,0.5473,0.0032,0.0426,0.0083
570.1381,0.5491,0.1878,0.0358,0.4992,0.5377,0.7809,0.0087,0.0475,0.0349
566.6288,0.3086,0.2031,0.0202,0.2510,0.5210,0.7687,0.0174,0.0278,0.0372
484.7877,0.6776,0.2505,0.0021,0.4560,0.5736,0.5875,0.0127,0.0480,0.0202
407.6326,0.3754,0.2085,0.0341,0.4914,0.5289,0.7306,0.0020,0.0290,0.0487
558.4236,0.5709,0.2825,0.0118,0.4733,0.5773,0.7448,0.0148,0.0862,0.0408
350.8064,0.3715,0.1556,0.0135,0.2831,0.4914,0.7782,0.0034,0.0107,0.1705
430.1639,0.3927,0.2057,0.0111,0.2259,0.5693,0.7473,0.0067,0.0098,0.0345
522.7821,0.3525,0.1196,0.0095,0.4933,0.5795,0.7795,0.0144,0.1201,0.1321
394.8972,0.3692,0.1405,0.0146,0.0610,0.5100,0.6914,0.0137,0.0735,0.0213
497.1215,0.5069,0.2906,0.0017,0.4430,0.5828,0.7143,0.0035,0.0174,0.1227
335.0651,0.4115,0.1576,0.0015,0.0761,0.5110,0.5316,0.0027,0.0523,0.0291
432.4492,0.3277,0.1891,0.0174,0.1125,0.4670,0.6336,0.0084,0.0130,0.0571
580.2397,0.3055,0.1459,0.0285,0.1956,0.5334,0.7919,0.0082,0.0583,0.0392
475.0461,0.3305,0.2621,0.0061,0.4507,0.4997,0.7969,0.0071,0.0737,0.1088
537.3725,0.3163,0.1211,0.0012,0.3444,0.3857,0.7044,0.0078,0.0894,0.0770
578.4205,0.3197,0.1264,0.0108,0.0914,0.5469,0.6222,0.0028,0.0260,0.0443
507.7130,0.4326,0.1917,0.0161,0.4741,0.5765,0.5470,0.0048,0.0518,0.0123
585.0632,0.4103,0.2583,0.0077,0.4098,0.5161,0.7519,0.0049,0.0739,0.0393
515.7022,0.3071,0.1936,0.0036,0.1343,0.5569,0.7927,0.0041,0.0114,0.1624
449.1808,0.3843,0.1204,0.0093,0.0024,0.2200,0.3590,0.0095,0.0175,0.0040
563.8759,0.7705,0.2193,0.0038,0.4989,0.5901,0.6582,0.0004,0.2174,0.0787
399.2042,0.3678,0.1562,0.0045,0.1172,0.2859,0.7667,0.0096,0.0751,0.0414
473.3420,0.3532,0.1020,0.0034,0.4124,0.3598,0.7689,0.0045,0.0225,0.1221
364.7646,0.3847,0.1263,0.0155,0.1002,0.5311,0.5186,0.0085,0.0347,0.0288
526.3671,0.6435,0.2594,0.0153,0.4832,0.5881,0.7011,0.0078,0.0748,0.0739
356.3899,0.3567,0.1905,0.0247,0.4566,0.5513,0.6766,0.0121,0.0173,0.0126
458.8736,0.3506,0.1458,0.0139,0.0244,0.5761,0.6217,0.0006,0.0454,0.0473
546.5961,0.4766,0.2462,0.0023,0.4718,0.5170,0.6612,0.0108,0.0266,0.0992
500.6220,0.4013,0.1510,0.0204,0.4554,0.5916,0.7609,0.0195,0.1025,0.0507
535.4719,0.7855,0.1651,0.0034,0.4706,0.5585,0.6810,0.0095,0.0548,0.0516
535.0300,0.3313,0.2171,0.0122,0.3934,0.4694,0.7905,0.0166,0.0887,0.0429
573.5579,0.3656,0.1690,0.0088,0.4683,0.5203,0.6001,0.0013,0.1477,0.0048
321.1248,0.4207,0.1243,0.0025,0.2604,0.4880,0.7642,0.0077,0.0658,0.0744
410.8215,0.4097,0.2134,0.0017,0.4970,0.4213,0.7417,0.0139,0.0871,0.0020
401.0658,0.3598,0.1660,0.0102,0.0361,0.1608,0.5244,0.0173,0.0264,0.0172
341.2559,0.3996,0.1166,0.0213,0.0854,0.1561,0.6986,0.0063,0.0054,0.0777
529.8723,0.3171,0.2230,0.0025,0.4514,0.5945,0.5013,0.0090,0.0342,0.0233
243.6564,0.4683,0.1148,0.0228,0.0083,0.4850,0.5321,0.0007,0.0331,0.0016
528.5753,0.3329,0.1603,0.0117,0.1202,0.4877,0.6910,0.0104,0.0168,0.0262
540.1543,0.3396,0.0958,0.0076,0.3603,0.5866,0.7466,0.0019,0.1497,0.0261
469.9616,0.3298,0.1739,0.0026,0.1024,0.4056,0.5401,0.0168,0.0357,0.0095
407.9470,0.3540,0.1573,0.0091,0.3912,0.5019,0.6584,0.0179,0.0665,0.0205
297.8518,0.4624,0.1245,0.0159,0.0268,0.4123,0.6830,0.0071,0.0145,0.0042
475.6426,0.3018,0.2366,0.0118,0.4666,0.4277,0.7176,0.0026,0.0153,0.1226
440.4523,0.4280,0.1626,0.0208,0.4037,0.5402,0.6805,0.0010,0.0208,0.0481
513.2067,0.3406,0.1887,0.0432,0.4241,0.5004,0.7301,0.0039,0.0473,0.0092
596.9661,0.3324,0.2880,0.0064,0.4102,0.5768,0.6680,0.0007,0.1127,0.0408
312.2757,0.4248,0.1162,0.0196,0.1278,0.5860,0.7969,0.0112,0.0449,0.0314
461.2170,0.3613,0.2224,0.0049,0.3169,0.4769,0.7682,0.0192,0.0459,0.0178
464.7356,0.5142,0.2076,0.0388,0.4320,0.5833,0.7813,0.0054,0.0286,0.0040
470.7404,0.3455,0.2033,0.0332,0.4547,0.5879,0.6450,0.0149,0.0009,0.0385
451.6313,0.3583,0.0951,0.0029,0.0177,0.2682,0.4047,0.0001,0.0715,0.0131
556.0600,0.8295,0.2654,0.0057,0.4965,0.5602,0.7173,0.0090,0.0015,0.1716
468.3094,0.3213,0.1485,0.0113,0.0509,0.5305,0.7512,0.0089,0.0854,0.0158
416.1381,0.3368,0.1539,0.0202,0.0829,0.3205,0.6374,0.0003,0.0542,0.0037
421.7175,0.6532,0.2883,0.0013,0.4887,0.5066,0.7998,0.0004,0.0580,0.0149
413.2689,0.3575,0.1141,0.0297,0.2552,0.5785,0.7539,0.0136,0.0367,0.0465
545.0255,0.3083,0.1393,0.0256,0.0580,0.1543,0.6229,0.0013,0.0134,0.0332
416.7874,0.5111,0.1284,0.0148,0.4955,0.4817,0.7720,0.0024,0.0376,0.0247
539.9379,0.4332,0.1454,0.0047,0.4987,0.5148,0.6404,0.0101,0.0672,0.0591
582.7226,0.3981,0.2252,0.0013,0.4258,0.4719,0.7003,0.0054,0.0152,0.1168
561.9239,0.3375,0.1742,0.0192,0.4877,0.5863,0.7295,0.0083,0.0189,0.2633
491.9745,0.3161,0.1335,0.0096,0.4629,0.3552,0.7960,0.0008,0.1480,0.0637
341.8790,0.3579,0.2088,0.0016,0.2963,0.3368,0.7153,0.0031,0.0778,0.0169
442.2284,0.3307,0.2419,0.0114,0.3664,0.5302,0.6996,0.0040,0.0151,0.0904
282.5194,0.4339,0.1039,0.0138,0.1734,0.5461,0.7322,0.0058,0.0160,0.0172
561.4836,0.3053,0.1744,0.0324,0.1123,0.5004,0.6928,0.0001,0.0044,0.0171
412.8286,0.3693,0.1144,0.0215,0.1297,0.4770,0.7895,0.0155,0.0149,0.0612
362.4237,0.3945,0.2245,0.0068,0.3149,0.5867,0.7596,0.0147,0.0162,0.0553
596.8472,0.7570,0.2524,0.0238,0.4842,0.5761,0.4813,0.0129,0.0099,0.0041
506.4428,0.3523,0.1380,0.0011,0.3161,0.5484,0.6897,0.0174,0.0990,0.0483
456.6538,0.3820,0.2491,0.0060,0.4830,0.4662,0.7822,0.0180,0.0455,0.0588
310.6892,0.4073,0.1593,0.0072,0.3970,0.5767,0.6507,0.0135,0.0215,0.0039
427.3518,0.3427,0.1266,0.0147,0.0287,0.4246,0.6768,0.0014,0.0452,0.0320
468.7498,0.3316,0.1482,0.0394,0.4274,0.5562,0.7766,0.0020,0.1067,0.0598
378.0024,0.3929,0.1772,0.0057,0.0917,0.5388,0.7218,0.0049,0.0683,0.0024
554.7546,0.3178,0.2108,0.0344,0.4016,0.4568,0.7886,0.0064,0.0823,0.0030
513.6453,0.3069,0.1890,0.0074,0.0506,0.5864,0.7038,0.0071,0.0700,0.0279
538.1940,0.5119,0.2448,0.0291,0.4795,0.5355,0.6628,0.0012,0.0319,0.0153
405.9557,0.3245,0.1961,0.0152,0.4889,0.5328,0.7763,0.0052,0.1166,0.1236
466.2846,0.3062,0.2015,0.0063,0.3949,0.3209,0.6625,0.0038,0.0066,0.0757
572.2205,0.9043,0.2145,0.0122,0.4524,0.5825,0.7815,0.0142,0.0499,0.0535
567.3557,0.3195,0.1311,0.0070,0.2258,0.5770,0.5930,0.0058,0.0423,0.0678
499.0548,0.3555,0.1768,0.0036,0.1664,0.4090,0.7780,0.0111,0.0205,0.0244
564.9484,0.4982,0.2324,0.0169,0.4968,0.5495,0.7250,0.0042,0.0976,0.1004
528.1384,0.3009,0.1601,0.0398,0.4947,0.5756,0.7274,0.0185,0.0348,0.0999
544.8243,0.4678,0.1576,0.0269,0.4915,0.5373,0.6427,0.0004,0.0619,0.0119
446.2869,0.3681,0.1263,0.0014,0.2623,0.5990,0.7557,0.0034,0.0220,0.2088
489.5804,0.5647,0.2088,0.0211,0.4664,0.5479,0.7657,0.0130,0.0236,0.0527
538.6110,0.9680,0.2221,0.0013,0.4825,0.5773,0.6777,0.0030,0.1287,0.0915
405.8402,0.3894,0.1151,0.0041,0.0003,0.2443,0.3651,0.0068,0.0956,0.0183
371.7464,0.4081,0.1042,0.0023,0.4066,0.4695,0.7785,0.0088,0.0678,0.0670
481.7701,0.3882,0.1886,0.0228,0.4585,0.5353,0.6833,0.0164,0.0424,0.0267
458.5262,0.3120,0.1755,0.0069,0.0315,0.4203,0.5422,0.0007,0.0511,0.0061
329.9752,0.4053,0.1439,0.0151,0.0302,0.4954,0.6130,0.0051,0.0143,0.0824
394.7726,0.3801,0.1940,0.0125,0.4612,0.5732,0.6468,0.0046,0.0157,0.0924
400.0769,0.4852,0.2208,0.0166,0.4255,0.5941,0.7829,0.0150,0.0258,0.0530
529.9652,0.3447,0.1314,0.0184,0.4911,0.4388,0.6745,0.0091,0.0192,0.0444
578.6276,0.3088,0.1765,0.0149,0.4333,0.4896,0.7318,0.0144,0.0443,0.1484
495.1182,0.4702,0.2053,0.0021,0.4281,0.5607,0.6294,0.0074,0.0149,0.1142
388.0437,0.3715,0.1210,0.0105,0.0484,0.3693,0.5551,0.0084,0.0852,0.0200
440.2148,0.3454,0.1184,0.0194,0.0796,0.1731,0.6924,0.0020,0.0545,0.0106
557.9297,0.3379,0.1866,0.0179,0.4784,0.4694,0.6980,0.0011,0.1586,0.0129
459.1059,0.3615,0.2198,0.0119,0.4988,0.5064,0.7322,0.0122,0.0248,0.1346
524.5264,0.6035,0.2703,0.0340,0.4818,0.5998,0.7433,0.0044,0.0798,0.0039
579.6486,0.3977,0.1199,0.0024,0.4154,0.5916,0.7313,0.0028,0.1823,0.0374
266.9327,0.4250,0.1424,0.0158,0.0551,0.5536,0.6996,0.0180,0.0238,0.0087
432.3229,0.3772,0.1556,0.0027,0.0742,0.5602,0.5234,0.0084,0.0074,0.0328
349.0617,0.4745,0.2640,0.0042,0.4488,0.5794,0.7895,0.0015,0.0235,0.0748
519.6603,0.5377,0.1776,0.0074,0.4910,0.5602,0.7825,0.0184,0.0435,0.1569
480.3091,0.4281,0.1575,0.0155,0.2890,0.5721,0.7691,0.0079,0.0420,0.0136
444.5827,0.3020,0.2085,0.0048,0.3510,0.4577,0.7516,0.0056,0.0739,0.0648
396.8262,0.3542,0.1599,0.0023,0.2912,0.5320,0.5608,0.0109,0.0125,0.0544
492.9985,0.3394,0.1005,0.0037,0.4476,0.5567,0.7186,0.0089,0.0911,0.0890
579.8010,0.3373,0.1461,0.0230,0.3221,0.5533,0.7553,0.0001,0.0401,0.1146
325.6125,0.4153,0.1224,0.0074,0.0043,0.1091,0.3523,0.0040,0.0423,0.1017
396.6030,0.4233,0.1123,0.0117,0.4106,0.5696,0.7050,0.0016,0.0895,0.0020
420.2241,0.3729,0.0968,0.0093,0.4466,0.3197,0.7698,0.0112,0.0047,0.0570
528.2605,0.3219,0.2367,0.0157,0.4035,0.5476,0.6474,0.0013,0.0724,0.0482
544.9739,0.4451,0.2079,0.0012,0.3915,0.4940,0.6837,0.0195,0.0243,0.0151
351.2484,0.3614,0.1559,0.0371,0.1567,0.5953,0.7495,0.0054,0.0314,0.0142
451.9163,0.3214,0.1687,0.0059,0.1393,0.4994,0.7141,0.0019,0.1440,0.0074
426.2049,0.6213,0.1895,0.0056,0.3994,0.5731,0.7653,0.0111,0.0433,0.0167
374.2123,0.4205,0.1294,0.0079,0.4219,0.5185,0.7363,0.0009,0.0119,0.1334
590.9854,0.4323,0.2510,0.0109,0.4560,0.5229,0.7865,0.0046,0.1566,0.0232
416.2810,0.3526,0.1199,0.0376,0.0113,0.2073,0.3605,0.0200,0.0040,0.0040
459.3786,0.5548,0.1971,0.0078,0.4315,0.5716,0.7255,0.0023,0.1168,0.0278
339.3848,0.3565,0.1931,0.0178,0.3527,0.5841,0.7730,0.0189,0.0713,0.0368
511.3677,0.3813,0.2315,0.0123,0.4236,0.4965,0.7757,0.0083,0.0980,0.0294
554.6026,0.7927,0.2276,0.0068,0.3902,0.5832,0.6304,0.0001,0.0037,0.0349
598.9729,0.6453,0.2013,0.0061,0.4609,0.5547,0.6768,0.0097,0.1152,0.0389
549.6209,0.9420,0.1831,0.0230,0.4731,0.5880,0.7687,0.0197,0.0323,0.0036
504.2719,0.3331,0.1571,0.0063,0.1891,0.5188,0.7899,0.0186,0.0707,0.0598
329.5807,0.3789,0.2010,0.0113,0.0517,0.1898,0.7131,0.0150,0.0005,0.0220
439.5102,0.3740,0.0815,0.0137,0.0636,0.2523,0.7439,0.0077,0.0346,0.0089
586.2782,0.4922,0.2940,0.0300,0.4496,0.5935,0.7162,0.0132,0.0039,0.0236
380.2260,0.4717,0.2273,0.0017,0.4687,0.5128,0.7583,0.0010,0.0967,0.0440
447.5538,0.7136,0.2313,0.0086,0.4704,0.5664,0.6439,0.0079,0.0033,0.0676
428.6415,0.3456,0.1689,0.0186,0.4056,0.3926,0.7956,0.0026,0.0922,0.0750
350.5639,0.3997,0.1373,0.0144,0.2323,0.1241,0.7979,0.0045,0.0640,0.0042
560.1949,0.3844,0.1211,0.0363,0.4853,0.5980,0.7771,0.0039,0.1265,0.0083
568.3663,0.4062,0.0929,0.0112,0.4800,0.5580,0.7408,0.0176,0.0128,0.0043
286.1539,0.5186,0.1616,0.0019,0.4592,0.5774,0.7612,0.0020,0.0703,0.0120
429.4579,0.5175,0.1847,0.0036,0.4616,0.5654,0.6274,0.0052,0.0339,0.0797
483.8464,0.3285,0.1580,0.0041,0.1600,0.2580,0.6170,0.0062,0.0156,0.0569
524.2660,0.4367,0.2297,0.0181,0.4662,0.5870,0.7853,0.0172,0.0066,0.1714
549.7409,0.3411,0.2127,0.0050,0.4538,0.5175,0.5770,0.0042,0.0526,0.0646
502.6021,0.3777,0.1636,0.0022,0.4042,0.4746,0.7676,0.0188,0.0299,0.1277
338.5265,0.4449,0.0732,0.0050,0.0148,0.1365,0.6748,0.0016,0.0449,0.0154
488.9969,0.3291,0.1709,0.0092,0.2542,0.5238,0.7162,0.0029,0.0601,0.1205
345.9532,0.3723,0.1875,0.0019,0.4855,0.1692,0.7927,0.0006,0.0180,0.0679
432.0611,0.3597,0.1110,0.0044,0.2120,0.4018,0.7633,0.0119,0.0541,0.0950
575.6349,0.5881,0.1367,0.0029,0.3462,0.5899,0.7500,0.0043,0.0030,0.0185
473.7876,0.3571,0.1527,0.0191,0.3512,0.5644,0.6624,0.0132,0.0326,0.0490
510.8902,0.3077,0.1632,0.0149,0.0875,0.1057,0.7778,0.0019,0.0187,0.0711
402.5821,0.4144,0.1669,0.0046,0.3539,0.4777,0.6987,0.0050,0.0594,0.0328
477.9460,0.3346,0.1153,0.0341,0.0527,0.3068,0.7948,0.0004,0.0501,0.0070
518.3848,0.5980,0.1805,0.0110,0.4283,0.5842,0.6724,0.0031,0.0340,0.0810
550.9121,0.3267,0.1856,0.0332,0.3179,0.5629,0.7117,0.0098,0.0132,0.0525
358.9453,0.4169,0.1196,0.0051,0.1151,0.5235,0.7700,0.0153,0.0061,0.0819
423.3433,0.3477,0.2263,0.0195,0.4251,0.5394,0.7401,0.0145,0.0050,0.0887
537.2218,0.3296,0.1930,0.0011,0.4106,0.3770,0.7839,0.0034,0.1761,0.0229
389.0456,0.4725,0.1674,0.0132,0.4881,0.4250,0.7811,0.0116,0.0288,0.0171
366.5164,0.3458,0.1692,0.0280,0.3492,0.5747,0.6943,0.0110,0.0256,0.0156
450.3408,0.3647,0.1442,0.0018,0.4559,0.4225,0.6783,0.0003,0.1122,0.0437
512.8320,0.3697,0.2859,0.0068,0.3749,0.5918,0.7704,0.0048,0.0532,0.0685
404.7363,0.3769,0.1062,0.0062,0.0123,0.3479,0.7361,0.0055,0.0151,0.1332
287.1921,0.4469,0.1275,0.0108,0.0566,0.2788,0.7855,0.0156,0.0162,0.0314
589.0938,0.3730,0.2065,0.0199,0.4964,0.5884,0.7055,0.0060,0.0785,0.1949
554.2335,0.6888,0.2247,0.0033,0.4529,0.5592,0.7386,0.0160,0.0694,0.0616
426.8476,0.3558,0.0985,0.0242,0.3296,0.4222,0.7980,0.0092,0.0566,0.0039
384.1888,0.3584,0.1506,0.0117,0.2341,0.5136,0.6325,0.0053,0.0066,0.1118
597.4757,0.3950,0.2409,0.0468,0.4764,0.5657,0.7266,0.0125,0.0421,0.0038
385.6180,0.4054,0.1005,0.0124,0.0600,0.4729,0.5436,0.0097,0.0256,0.0063
530.2878,0.5173,0.2097,0.0032,0.4231,0.5198,0.7485,0.0013,0.0775,0.0708
368.8013,0.3830,0.2003,0.0362,0.3984,0.5304,0.7960,0.0047,0.0213,0.0370
441.3854,0.3437,0.1868,0.0045,0.4308,0.5638,0.7059,0.0081,0.1337,0.1036
548.6053,0.3124,0.2382,0.0114,0.4385,0.4724,0.6251,0.0061,0.0365,0.0322
305.8980,0.3799,0.1524,0.0112,0.4598,0.5539,0.7886,0.0075,0.0495,0.0329
448.0597,0.3234,0.1357,0.0071,0.0790,0.3946,0.7939,0.0043,0.0655,0.0014
510.6084,0.3172,0.2436,0.0021,0.2479,0.4910,0.7014,0.0011,0.0812,0.0065
379.2779,0.3765,0.1799,0.0036,0.0289,0.5938,0.6092,0.0190,0.0027,0.0433
481.3682,0.8401,0.2094,0.0053,0.4701,0.5742,0.6244,0.0023,0.0228,0.1028
434.5287,0.3829,0.1363,0.0108,0.1966,0.5725,0.6879,0.0178,0.0350,0.0175
392.8143,0.3362,0.1854,0.0075,0.1290,0.4045,0.6206,0.0031,0.0474,0.0169
583.4351,0.8033,0.1934,0.0138,0.4731,0.5489,0.7882,0.0102,0.0120,0.0966
562.5297,0.4218,0.1755,0.0094,0.4600,0.5782,0.7197,0.0002,0.1359,0.1487
407.3446,0.3334,0.2666,0.0222,0.3073,0.5622,0.7699,0.0018,0.0346,0.0090
405.3345,0.3645,0.1434,0.0118,0.0283,0.1421,0.7784,0.0047,0.0739,0.0503
478.2634,0.3136,0.1881,0.0092,0.0798,0.3491,0.5936,0.0194,0.0125,0.0256
515.2018,0.3519,0.1981,0.0126,0.3589,0.3825,0.7286,0.0055,0.0358,0.0124
551.2020,0.3043,0.1178,0.0098,0.2840,0.5896,0.6628,0.0102,0.0506,0.0654
585.2239,0.3490,0.1898,0.0295,0.3892,0.5718,0.7971,0.0015,0.1542,0.0335
452.6517,0.3989,0.1491,0.0338,0.4621,0.5262,0.7999,0.0135,0.0155,0.0708
571.9654,0.4564,0.1815,0.0190,0.4960,0.5278,0.5904,0.0097,0.0350,0.0310
500.7882,0.3116,0.1987,0.0041,0.4904,0.5835,0.7395,0.0115,0.0617,0.2841
477.1472,0.4879,0.2290,0.0027,0.4983,0.4986,0.6971,0.0179,0.0054,0.0959
371.2436,0.3965,0.1741,0.0076,0.3577,0.3737,0.7839,0.0028,0.0834,0.0311
459.6164,0.3438,0.1233,0.0171,0.0322,0.5866,0.3679,0.0182,0.0180,0.0144
294.5430,0.3918,0.1688,0.0044,0.0815,0.5893,0.6053,0.0078,0.0343,0.0133
390.6406,0.4074,0.1948,0.0090,0.3985,0.5652,0.7848,0.0193,0.0624,0.0672
328.8062,0.3780,0.1506,0.0186,0.0924,0.5182,0.7568,0.0110,0.0612,0.0084
521.4555,0.3507,0.1731,0.0053,0.4528,0.4859,0.7876,0.0057,0.2202,0.0587
425.6863,0.3873,0.1355,0.0183,0.3136,0.5054,0.7167,0.0012,0.0043,0.0924
549.5056,0.3201,0.1527,0.0291,0.4288,0.4820,0.7509,0.0157,0.0150,0.0986
373.0282,0.3736,0.1472,0.0253,0.2211,0.2879,0.7490,0.0124,0.0154,0.0251
503.3750,0.3305,0.2412,0.0071,0.4157,0.5627,0.5973,0.0102,0.0056,0.0758
386.0798,0.3618,0.1759,0.0054,0.3221,0.5220,0.6982,0.0100,0.0795,0.0675
392.7539,0.3491,0.1391,0.0061,0.1563,0.4197,0.7860,0.0037,0.0073,0.1163
538.6353,0.3363,0.1274,0.0189,0.4988,0.5376,0.7995,0.0178,0.1368,0.0756
299.4086,0.4541,0.0949,0.0107,0.1459,0.3633,0.7356,0.0125,0.0083,0.0116
489.5492,0.7206,0.1417,0.0110,0.4505,0.5707,0.7075,0.0078,0.0153,0.0069
538.1977,0.3064,0.2030,0.0107,0.3231,0.2284,0.7633,0.0101,0.0159,0.0062
448.2508,0.3556,0.1813,0.0080,0.1142,0.4410,0.6127,0.0050,0.0301,0.0033
345.1836,0.4667,0.2139,0.0139,0.4991,0.5936,0.7130,0.0101,0.0533,0.0219
528.1146,0.9818,0.1904,0.0297,0.4788,0.5515,0.7454,0.0033,0.0054,0.0000
462.7741,0.3583,0.2543,0.0216,0.4476,0.5254,0.7779,0.0012,0.0520,0.0715
464.2658,0.3410,0.1314,0.0127,0.2306,0.1643,0.7704,0.0029,0.0173,0.0834
572.2517,0.4038,0.1350,0.0206,0.4687,0.5439,0.6913,0.0090,0.0605,0.0395
549.1281,0.3051,0.1384,0.0029,0.0413,0.4094,0.5195,0.0132,0.0705,0.0152
501.0460,0.3682,0.1219,0.0093,0.4552,0.5060,0.6710,0.0120,0.0315,0.0585
565.3644,0.3318,0.2017,0.0121,0.4057,0.4239,0.7360,0.0074,0.0554,0.0624
398.9889,0.5774,0.1677,0.0254,0.4609,0.5234,0.7416,0.0004,0.0043,0.0072
405.7221,0.3310,0.1887,0.0016,0.0556,0.1895,0.6283,0.0041,0.0203,0.0512
554.3400,0.4897,0.1800,0.0386,0.4931,0.5793,0.7941,0.0046,0.0682,0.0796
445.6335,0.3643,0.0967,0.0255,0.0030,0.5134,0.7389,0.0144,0.0121,0.0105
397.9010,0.4017,0.1148,0.0187,0.1177,0.3097,0.6731,0.0020,0.0159,0.0092
451.1138,0.3025,0.2609,0.0067,0.4753,0.5805,0.6572,0.0093,0.0779,0.0546
550.8273,0.3803,0.1953,0.0051,0.2566,0.4807,0.7477,0.0108,0.0064,0.0120
595.3917,0.9396,0.2890,0.0072,0.4540,0.5690,0.6869,0.0083,0.0410,0.0452
326.4646,0.4356,0.0911,0.0120,0.0634,0.2927,0.7638,0.0099,0.0443,0.0147
423.4856,0.3162,0.2164,0.0434,0.4853,0.5041,0.7194,0.0060,0.0118,0.0267
418.8846,0.3507,0.1305,0.0133,0.0208,0.5595,0.5518,0.0102,0.0775,0.0218
514.9198,0.6776,0.2607,0.0011,0.4285,0.5106,0.7793,0.0097,0.0225,0.0068
471.7986,0.3445,0.1329,0.0231,0.2895,0.4083,0.7592,0.0152,0.0285,0.0370
491.7700,0.3171,0.1263,0.0205,0.0218,0.3246,0.6246,0.0098,0.0145,0.0073
451.3300,0.4700,0.1991,0.0096,0.3524,0.5283,0.7922,0.0187,0.0054,0.0221
551.0435,0.3974,0.2644,0.0079,0.3834,0.5680,0.6434,0.0015,0.0792,0.0033
573.3620,0.3326,0.1622,0.0047,0.3118,0.5705,0.7953,0.0063,0.1620,0.0954
577.8512,0.6998,0.1945,0.0220,0.4845,0.5781,0.5115,0.0095,0.0001,0.0401
502.4611,0.3245,0.1540,0.0369,0.4671,0.3848,0.7231,0.0004,0.0272,0.0370
356.6184,0.3643,0.2829,0.0019,0.3415,0.5964,0.7294,0.0075,0.0067,0.0263
486.3753,0.3179,0.1393,0.0192,0.4236,0.5900,0.7090,0.0018,0.0592,0.1707
521.6326,0.3390,0.2216,0.0097,0.4802,0.5958,0.6229,0.0050,0.1754,0.0367
436.7517,0.4119,0.1976,0.0011,0.4857,0.4681,0.6876,0.0047,0.0547,0.0875
547.0434,0.3107,0.1940,0.0186,0.1902,0.3495,0.7979,0.0085,0.0234,0.0092
492.4390,0.4915,0.1633,0.0144,0.4315,0.4777,0.7905,0.0076,0.0027,0.0601
575.7813,0.5060,0.2435,0.0010,0.4455,0.5685,0.7697,0.0131,0.1245,0.0906
577.7667,0.3111,0.0968,0.0156,0.2068,0.5961,0.6749,0.0169,0.0344,0.0166
568.3974,0.9120,0.2575,0.0212,0.4958,0.5977,0.7364,0.0031,0.0234,0.1569
469.2455,0.3010,0.2225,0.0025,0.0298,0.1305,0.6843,0.0115,0.0107,0.0220
428.4101,0.3521,0.1461,0.0050,0.0813,0.2984,0.6252,0.0069,0.0710,0.0494
563.2982,0.3137,0.1678,0.0017,0.3565,0.3710,0.7596,0.0182,0.0477,0.0952
581.3443,0.6154,0.2112,0.0282,0.4567,0.5915,0.7483,0.0091,0.0131,0.0929
429.0592,0.5278,0.1362,0.0115,0.4968,0.5180,0.7910,0.0058,0.0593,0.0568
549.5972,0.3540,0.1664,0.0101,0.4889,0.5639,0.7084,0.0048,0.0031,0.2912
501.4010,0.3298,0.1479,0.0035,0.0126,0.4676,0.3560,0.0012,0.0426,0.0696
515.3496,0.3175,0.1843,0.0259,0.2932,0.4726,0.7620,0.0140,0.0198,0.0608
476.5786,0.3193,0.1549,0.0029,0.4919,0.3270,0.7843,0.0152,0.0901,0.1149
313.6497,0.4014,0.1168,0.0126,0.0280,0.3707,0.7040,0.0012,0.0361,0.0277
459.8447,0.3843,0.2288,0.0150,0.4629,0.4491,0.7356,0.0092,0.0371,0.0258
423.7480,0.3376,0.1495,0.0185,0.3977,0.5232,0.6706,0.0139,0.0492,0.0526
585.1524,0.3149,0.1917,0.0090,0.4503,0.5366,0.6936,0.0181,0.1663,0.0495
452.7378,0.4332,0.1704,0.0053,0.4009,0.5769,0.6908,0.0069,0.0041,0.1525
419.1176,0.3595,0.1263,0.0335,0.1942,0.2810,0.7871,0.0022,0.0322,0.0316
395.5648,0.3723,0.1096,0.0117,0.1722,0.4921,0.7130,0.0066,0.0630,0.0575
500.8656,0.3455,0.1810,0.0342,0.4273,0.5249,0.7199,0.0080,0.0690,0.0219
543.7710,0.7486,0.2256,0.0079,0.4642,0.5883,0.5290,0.0043,0.0575,0.0615
299.9931,0.4418,0.1240,0.0041,0.1299,0.5642,0.7778,0.0172,0.0620,0.0198
473.4997,0.3221,0.2302,0.0205,0.3160,0.5171,0.7482,0.0126,0.0628,0.0072
477.0217,0.5192,0.2155,0.0355,0.4351,0.5414,0.7936,0.0014,0.0127,0.0143
376.9270,0.3656,0.1467,0.0097,0.4333,0.5832,0.7999,0.0157,0.0799,0.1517
534.3871,0.4251,0.1841,0.0045,0.4805,0.5312,0.7969,0.0093,0.2373,0.0425
479.0285,0.3539,0.1076,0.0108,0.0995,0.1873,0.7395,0.0109,0.0270,0.0241
379.3584,0.3421,0.2015,0.0347,0.0919,0.5117,0.6314,0.0006,0.0141,0.0121
526.3242,0.3130,0.1667,0.0214,0.2240,0.4531,0.7855,0.0003,0.0643,0.0807
363.9445,0.3559,0.1754,0.0141,0.0159,0.2550,0.7098,0.0033,0.0128,0.0757
597.4399,0.3019,0.1414,0.0449,0.3258,0.5910,0.6993,0.0012,0.0883,0.0027
568.1445,0.3003,0.2975,0.0062,0.3899,0.5038,0.7783,0.0029,0.0337,0.0862
403.9201,0.4766,0.2552,0.0014,0.3820,0.5789,0.7349,0.0064,0.0522,0.0163
435.7157,0.3969,0.2855,0.0077,0.4698,0.5201,0.7645,0.0050,0.0344,0.0570
485.6827,0.3357,0.1099,0.0250,0.4078,0.3843,0.7898,0.0085,0.0018,0.0946
368.7170,0.3294,0.1827,0.0031,0.4573,0.5736,0.6946,0.0162,0.0334,0.0033
542.1648,0.5731,0.2672,0.0125,0.4775,0.5620,0.6899,0.0043,0.0532,0.0844
318.8732,0.4002,0.1237,0.0174,0.3953,0.4533,0.7318,0.0177,0.0007,0.0273
443.0309,0.3329,0.1535,0.0107,0.0304,0.5508,0.6407,0.0072,0.0615,0.0531
519.6841,0.7812,0.1729,0.0250,0.4746,0.5996,0.6942,0.0035,0.0704,0.0139
377.1432,0.4060,0.0932,0.0065,0.3027,0.5261,0.6537,0.0063,0.0033,0.0263
512.8942,0.4625,0.1589,0.0048,0.4585,0.5663,0.7507,0.0135,0.0818,0.1252
535.8561,0.3350,0.1744,0.0026,0.4304,0.3165,0.7241,0.0043,0.0122,0.0982
354.1371,0.3766,0.1831,0.0083,0.3261,0.3916,0.7697,0.0022,0.0636,0.0683
383.8014,0.3264,0.2291,0.0034,0.1990,0.5609,0.7818,0.0060,0.0514,0.0673
579.9579,0.4303,0.2966,0.0241,0.4722,0.5944,0.7982,0.0113,0.0873,0.0442
558.9406,0.8117,0.2826,0.0044,0.4532,0.5611,0.7065,0.0013,0.0601,0.0531
520.5880,0.3286,0.1527,0.0119,0.1224,0.2880,0.7822,0.0199,0.0064,0.0190
444.7513,0.3778,0.1632,0.0101,0.3158,0.3801,0.6668,0.0050,0.0203,0.0087
396.6525,0.3413,0.2074,0.0128,0.2638,0.5480,0.7247,0.0104,0.0433,0.0699
389.7814,0.3888,0.1068,0.0097,0.2344,0.5154,0.6024,0.0119,0.0162,0.0077
578.4862,0.3647,0.2060,0.0479,0.4923,0.5558,0.7589,0.0053,0.0510,0.0705
484.9202,0.5246,0.2506,0.0095,0.4749,0.5571,0.6143,0.0011,0.0981,0.0045
417.8549,0.4524,0.1466,0.0159,0.4600,0.4843,0.7768,0.0098,0.0212,0.0643
494.2427,0.3068,0.1835,0.0228,0.3756,0.5676,0.7796,0.0152,0.1837,0.0209
394.9459,0.3536,0.1589,0.0073,0.0339,0.4630,0.4487,0.0131,0.0348,0.0702
382.2251,0.3707,0.2206,0.0043,0.3980,0.3546,0.7434,0.0063,0.0173,0.0363
335.0193,0.3932,0.1417,0.0203,0.0793,0.4642,0.7742,0.0033,0.0184,0.1031
554.2029,0.6259,0.1258,0.0177,0.4679,0.5986,0.7342,0.0009,0.0400,0.0418
300.7218,0.4592,0.0751,0.0027,0.0233,0.4057,0.5109,0.0032,0.0335,0.0353
397.4058,0.3904,0.1797,0.0148,0.4829,0.5819,0.7623,0.0131,0.1844,0.0051
528.0112,0.3569,0.1580,0.0239,0.4308,0.5324,0.7632,0.0019,0.0234,0.1695
507.6519,0.4604,0.2090,0.0088,0.4938,0.4046,0.7887,0.0042,0.0177,0.0715
327.2444,0.4159,0.1338,0.0023,0.2627,0.2884,0.7128,0.0019,0.0598,0.0378
446.3584,0.3341,0.1282,0.0376,0.3272,0.5090,0.7349,0.0174,0.0334,0.0166
580.1809,0.3475,0.2256,0.0151,0.3572,0.5069,0.6553,0.0006,0.0146,0.0519
542.4778,0.3056,0.1448,0.0184,0.2818,0.4639,0.7206,0.0160,0.0677,0.0499
555.4148,0.8277,0.1842,0.0188,0.4852,0.5546,0.5389,0.0000,0.0207,0.0256
493.1833,0.4215,0.2193,0.0019,0.3438,0.5937,0.6755,0.0176,0.0435,0.0364
389.5582,0.3839,0.1647,0.0065,0.1233,0.5882,0.7066,0.0001,0.0881,0.0395
432.7140,0.3731,0.1433,0.0293,0.4597,0.4561,0.7470,0.0009,0.0641,0.0341
311.7516,0.4460,0.1415,0.0074,0.3134,0.5437,0.7285,0.0015,0.0703,0.0196
571.6145,0.3322,0.1505,0.0163,0.4895,0.2840,0.7475,0.0015,0.0317,0.0320
454.3527,0.3896,0.1463,0.0032,0.1941,0.4077,0.7329,0.0054,0.0449,0.0169
511.5054,0.3040,0.1518,0.0013,0.3963,0.5740,0.6426,0.0076,0.1475,0.0666
380.0701,0.3787,0.0925,0.0028,0.3650,0.4873,0.7935,0.0122,0.0690,0.0138
552.9033,0.3150,0.1151,0.0283,0.0598,0.4693,0.6038,0.0083,0.0004,0.0211
568.5410,0.3133,0.2269,0.0132,0.3136,0.5991,0.7837,0.0089,0.1152,0.0685
456.0032,0.3524,0.1046,0.0024,0.0199,0.5704,0.3221,0.0096,0.0635,0.0195
529.2370,0.6412,0.1784,0.0038,0.4710,0.5893,0.4928,0.0013,0.0553,0.0557
492.5432,0.7693,0.1959,0.0331,0.4792,0.5905,0.7727,0.0066,0.0247,0.0329
412.9069,0.3376,0.1436,0.0420,0.1948,0.5670,0.7012,0.0039,0.0035,0.0293
482.3198,0.3268,0.1645,0.0181,0.3589,0.4139,0.7874,0.0045,0.1493,0.0252
532.7148,0.3194,0.2734,0.0139,0.4402,0.5968,0.6924,0.0001,0.0162,0.1668
360.6858,0.3677,0.2377,0.0015,0.3789,0.4213,0.7751,0.0062,0.0852,0.0025
293.3764,0.4671,0.1336,0.0139,0.0285,0.2116,0.7899,0.0026,0.0085,0.0161
547.8046,0.3101,0.1582,0.0106,0.1650,0.3581,0.6839,0.0026,0.0466,0.0505
589.5261,0.3075,0.1063,0.0250,0.2718,0.5754,0.5816,0.0013,0.0214,0.0024
385.0480,0.3502,0.2458,0.0109,0.3827,0.5556,0.6919,0.0034,0.0718,0.0054
334.4194,0.4137,0.1084,0.0145,0.0639,0.5084,0.7247,0.0064,0.0707,0.0399
545.5226,0.3780,0.1374,0.0090,0.2919,0.4590,0.7878,0.0014,0.0933,0.0038
399.5699,0.3126,0.2444,0.0070,0.2798,0.3774,0.7743,0.0199,0.0270,0.0055
492.2264,0.3688,0.1790,0.0055,0.4981,0.4651,0.6145,0.0002,0.0938,0.0229
560.1149,0.3281,0.1349,0.0020,0.4251,0.5080,0.6822,0.0155,0.1191,0.0651
411.6682,0.5045,0.1687,0.0064,0.4329,0.5598,0.7570,0.0138,0.1003,0.0165
484.4360,0.3628,0.1150,0.0138,0.2320,0.3876,0.6845,0.0008,0.0274,0.0219
312.3261,0.4078,0.1595,0.0024,0.1544,0.3830,0.5386,0.0106,0.0062,0.0117
552.2611,0.8866,0.2062,0.0024,0.4558,0.5949,0.6493,0.0081,0.1635,0.0082
536.2166,0.5891,0.1651,0.0082,0.4585,0.5742,0.7703,0.0166,0.0990,0.0449
433.8752,0.3471,0.1063,0.0350,0.4442,0.5321,0.7052,0.0088,0.0062,0.0077
571.9412,0.8256,0.1690,0.0012,0.4797,0.5050,0.6329,0.0148,0.0056,0.0202
499.2089,0.3233,0.1286,0.0115,0.1391,0.4252,0.6287,0.0105,0.0747,0.0174
506.6005,0.4345,0.2423,0.0030,0.4785,0.5699,0.7093,0.0061,0.0713,0.1685
463.0404,0.3481,0.1998,0.0162,0.2542,0.5549,0.7842,0.0071,0.0969,0.0192
595.3833,0.3332,0.2633,0.0147,0.4729,0.5297,0.6208,0.0131,0.0253,0.0517
317.4905,0.4158,0.1536,0.0123,0.1904,0.5078,0.7497,0.0026,0.0983,0.0032
479.7603,0.3227,0.1176,0.0034,0.2910,0.1906,0.7358,0.0185,0.0021,0.0158
472.2207,0.6107,0.2800,0.0047,0.4706,0.4967,0.7919,0.0045,0.0151,0.0382
511.2735,0.3250,0.2138,0.0269,0.4868,0.5471,0.6836,0.0123,0.1099,0.0096
583.4594,0.4778,0.1571,0.0068,0.4886,0.5717,0.6890,0.0053,0.0224,0.2243
525.3475,0.3134,0.1856,0.0017,0.1399,0.2546,0.6808,0.0057,0.0030,0.0574
364.7017,0.3552,0.1728,0.0097,0.1196,0.4530,0.7603,0.0079,0.0735,0.0437
458.9326,0.3675,0.1299,0.0082,0.0041,0.4041,0.3643,0.0001,0.0068,0.0714
462.5640,0.9579,0.3000,0.0033,0.4986,0.5801,0.5940,0.0150,0.0317,0.0270
314.6826,0.4721,0.1081,0.0017,0.3288,0.3663,0.7703,0.0081,0.0094,0.0180
544.9003,0.3918,0.2370,0.0370,0.4564,0.5525,0.7757,0.0011,0.0311,0.0810
582.7896,0.3035,0.1355,0.0128,0.0897,0.2290,0.6012,0.0070,0.0340,0.0051
592.5369,0.6858,0.2513,0.0180,0.4954,0.5431,0.6933,0.0074,0.0027,0.1143
380.7748,0.3637,0.1255,0.0094,0.3495,0.4383,0.7201,0.0181,0.0107,0.0810
557.7881,0.3700,0.2655,0.0105,0.4461,0.5762,0.7501,0.0174,0.1447,0.0182
446.5629,0.3114,0.2058,0.0120,0.2897,0.4891,0.6548,0.0027,0.0710,0.0441
465.8595,0.4217,0.1747,0.0428,0.4980,0.4606,0.7954,0.0054,0.0090,0.0226
453.5485,0.3588,0.1241,0.0057,0.0867,0.5290,0.6689,0.0131,0.0976,0.0030
459.0277,0.3079,0.2257,0.0266,0.4350,0.5962,0.7585,0.0081,0.0321,0.1498
532.9008,0.3097,0.1292,0.0037,0.3505,0.2026,0.7723,0.0020,0.0837,0.0463
516.2766,0.3720,0.1881,0.0158,0.3235,0.5727,0.7243,0.0137,0.0235,0.0684
582.0347,0.9748,0.2154,0.0052,0.4645,0.5493,0.4937,0.0061,0.0383,0.0329
401.5666,0.3442,0.1970,0.0083,0.1369,0.5191,0.7456,0.0143,0.0901,0.0093
476.9391,0.5693,0.1455,0.0086,0.4009,0.5534,0.7338,0.0026,0.0220,0.0340
529.8215,0.3344,0.1779,0.0197,0.4559,0.3915,0.7439,0.0096,0.0728,0.0255
360.3900,0.3775,0.1651,0.0162,0.2888,0.3161,0.6948,0.0068,0.0024,0.0358
495.2903,0.3956,0.1268,0.0130,0.3930,0.5134,0.7772,0.0067,0.0410,0.0897
430.9908,0.3635,0.2111,0.0012,0.4432,0.5845,0.7800,0.0182,0.2020,0.0471
465.7619,0.3236,0.1661,0.0082,0.3051,0.5676,0.6701,0.0095,0.1327,0.0561
594.5635,0.3579,0.1026,0.0097,0.4610,0.5287,0.7655,0.0106,0.0636,0.0719
355.6670,0.3882,0.1354,0.0138,0.1753,0.4697,0.7041,0.0153,0.0815,0.0024
580.0402,0.3107,0.1069,0.0014,0.3142,0.4686,0.7144,0.0065,0.0334,0.1444
403.2372,0.3361,0.2177,0.0063,0.4810,0.5421,0.7478,0.0083,0.1299,0.0898
474.4078,0.3253,0.1763,0.0294,0.0668,0.4398,0.7095,0.0076,0.0227,0.0018
513.1239,0.3227,0.1474,0.0070,0.1562,0.3021,0.6962,0.0013,0.0929,0.0267
415.9490,0.4456,0.2458,0.0298,0.4912,0.5807,0.7702,0.0145,0.0186,0.0381
567.5022,0.5126,0.1797,0.0015,0.4733,0.5254,0.7044,0.0023,0.1112,0.1104
410.4429,0.3940,0.0975,0.0033,0.0183,0.5132,0.6260,0.0093,0.0844,0.0061
542.8349,0.4265,0.2139,0.0075,0.3776,0.5921,0.7931,0.0012,0.1303,0.0877
492.8263,0.3004,0.1551,0.0250,0.4396,0.4700,0.7598,0.0027,0.1359,0.0094
529.9162,0.3610,0.2424,0.0347,0.3996,0.5678,0.7561,0.0172,0.0167,0.0104
410.2196,0.3782,0.1749,0.0122,0.1533,0.5977,0.7610,0.0186,0.0012,0.0507
363.2749,0.4075,0.1874,0.0161,0.3382,0.4885,0.7958,0.0116,0.0005,0.0667
558.1860,0.3098,0.2570,0.0093,0.4703,0.5561,0.7823,0.0073,0.2169,0.0596
342.2884,0.3874,0.1275,0.0126,0.3783,0.5517,0.7077,0.0085,0.0639,0.0463
467.8987,0.3392,0.1385,0.0303,0.4197,0.5187,0.7426,0.0038,0.1015,0.0403
424.6881,0.3283,0.1598,0.0053,0.0051,0.4007,0.7189,0.0045,0.0506,0.0267
399.2314,0.3827,0.1761,0.0410,0.3337,0.5780,0.7845,0.0069,0.0458,0.0043
490.7995,0.3563,0.1067,0.0141,0.0786,0.5492,0.7954,0.0084,0.0472,0.0179
402.7405,0.4928,0.1916,0.0012,0.4176,0.4813,0.7412,0.0181,0.0285,0.0114
568.6235,0.4110,0.1631,0.0145,0.4717,0.4714,0.7307,0.0140,0.0618,0.0381
453.8332,0.3098,0.1668,0.0066,0.2041,0.3452,0.7454,0.0179,0.0116,0.0407
497.7820,0.4640,0.2073,0.0171,0.4202,0.5144,0.6716,0.0093,0.0013,0.0203
576.0189,0.3190,0.2371,0.0060,0.4097,0.5857,0.6976,0.0125,0.0474,0.1731
532.5741,0.3591,0.1567,0.0032,0.4832,0.3866,0.6303,0.0072,0.0349,0.0196
439.3081,0.3583,0.1673,0.0105,0.0716,0.1520,0.7345,0.0039,0.0420,0.0037
589.6049,0.3443,0.2220,0.0112,0.3068,0.4116,0.7725,0.0059,0.0028,0.0166
518.9828,0.3092,0.1465,0.0086,0.3666,0.5796,0.5877,0.0112,0.0656,0.0671
494.9266,0.3277,0.1103,0.0031,0.3945,0.2736,0.7499,0.0109,0.0735,0.0231
527.1775,0.3153,0.1268,0.0308,0.4714,0.4998,0.6990,0.0153,0.0189,0.0515
386.9137,0.3907,0.1066,0.0166,0.1640,0.4036,0.7352,0.0172,0.0046,0.0381
270.1673,0.4064,0.1784,0.0083,0.2052,0.5856,0.7651,0.0095,0.0352,0.0273
447.0840,0.3797,0.1596,0.0170,0.2700,0.4764,0.7996,0.0003,0.0368,0.0799
450.5931,0.4889,0.1456,0.0260,0.4792,0.5829,0.7492,0.0140,0.0376,0.0366
563.2890,0.8592,0.1913,0.0067,0.4961,0.5513,0.6170,0.0179,0.0856,0.0124
488.6188,0.5763,0.2029,0.0120,0.4431,0.5270,0.7862,0.0111,0.0301,0.0493
332.6949,0.3964,0.1420,0.0056,0.0066,0.5798,0.6571,0.0082,0.0018,0.1545
482.5669,0.4026,0.2258,0.0072,0.4508,0.5396,0.7114,0.0195,0.0487,0.0722
433.0970,0.7841,0.2075,0.0150,0.4982,0.5690,0.7955,0.0095,0.0941,0.0203
375.7882,0.3831,0.1191,0.0112,0.1092,0.2112,0.6489,0.0117,0.0699,0.0125
451.5597,0.3357,0.1950,0.0086,0.0338,0.2621,0.7065,0.0064,0.0164,0.0293
580.7621,0.3230,0.1403,0.0078,0.3300,0.5216,0.7991,0.0032,0.0557,0.1979
482.4453,0.4253,0.1716,0.0329,0.4161,0.5829,0.6626,0.0005,0.0111,0.0426
477.9067,0.3138,0.1651,0.0223,0.4682,0.5333,0.7130,0.0086,0.1779,0.0138
545.9347,0.4334,0.2060,0.0164,0.3836,0.5814,0.7120,0.0164,0.0298,0.0470
527.4643,0.3376,0.1762,0.0066,0.3799,0.5275,0.6267,0.0044,0.0563,0.0947
595.1876,0.3839,0.1320,0.0040,0.4456,0.4455,0.6866,0.0197,0.0067,0.0394
428.9267,0.4107,0.2074,0.0302,0.3740,0.5892,0.7403,0.0018,0.0259,0.0402
433.1188,0.3711,0.1301,0.0181,0.0819,0.5149,0.4972,0.0053,0.0139,0.0050
463.6162,0.6698,0.1764,0.0011,0.4584,0.5977,0.7469,0.0041,0.1140,0.0990
456.4415,0.3540,0.1943,0.0211,0.4755,0.5684,0.6982,0.0141,0.0288,0.1088
420.4205,0.4277,0.1881,0.0081,0.4797,0.4814,0.6720,0.0073,0.0585,0.0219
354.8644,0.3588,0.1731,0.0166,0.0445,0.5910,0.6431,0.0031,0.0569,0.0197
518.7512,0.3302,0.2193,0.0320,0.2665,0.5451,0.7851,0.0090,0.0281,0.0009
551.2596,0.6014,0.2084,0.0129,0.4719,0.5859,0.5895,0.0033,0.0021,0.1494
399.4358,0.3604,0.1267,0.0177,0.2989,0.5432,0.5873,0.0128,0.0083,0.0084
441.9729,0.3150,0.2027,0.0143,0.3743,0.3674,0.7720,0.0075,0.0594,0.0807
477.6443,0.4179,0.1281,0.0061,0.3123,0.5033,0.7506,0.0060,0.0544,0.0235
586.9964,0.3003,0.1324,0.0135,0.0119,0.1270,0.7340,0.0021,0.0225,0.0687
484.6247,0.3122,0.2484,0.0030,0.1894,0.5994,0.6224,0.0063,0.0085,0.0442
576.1954,0.3401,0.1594,0.0316,0.4416,0.5666,0.6137,0.0078,0.0098,0.0527
504.0099,0.4929,0.2320,0.0022,0.4395,0.5912,0.6200,0.0146,0.0827,0.0444
501.6072,0.3269,0.1317,0.0152,0.2124,0.5563,0.7615,0.0155,0.0585,0.0846
429.5474,0.3586,0.1202,0.0036,0.3821,0.4321,0.7593,0.0007,0.0786,0.1420
381.0768,0.4614,0.1863,0.0169,0.4451,0.5621,0.7926,0.0028,0.1123,0.0325
429.9895,0.7800,0.1995,0.0124,0.4886,0.5953,0.7124,0.0128,0.0447,0.0627
440.4712,0.3843,0.0794,0.0047,0.0869,0.3223,0.7802,0.0058,0.0189,0.0373
353.1728,0.3922,0.1510,0.0055,0.2402,0.2008,0.7540,0.0014,0.0694,0.0351
487.2282,0.3209,0.1464,0.0343,0.1778,0.3551,0.7487,0.0168,0.0243,0.0022
511.8868,0.3640,0.1321,0.0020,0.2792,0.2651,0.7835,0.0028,0.0463,0.0250
371.4937,0.4143,0.1587,0.0235,0.4142,0.5561,0.6941,0.0028,0.0088,0.0542
409.0302,0.3493,0.2024,0.0010,0.1080,0.5094,0.7220,0.0070,0.0082,0.0981
329.7758,0.4114,0.1048,0.0122,0.0220,0.4101,0.6076,0.0015,0.0592,0.0540
571.3090,0.3816,0.1385,0.0173,0.3721,0.5845,0.6707,0.0064,0.0769,0.0230
336.6659,0.3477,0.2186,0.0022,0.3604,0.4910,0.7466,0.0170,0.0579,0.0259
422.5804,0.3130,0.1941,0.0095,0.2413,0.4566,0.7422,0.0110,0.0525,0.0195
508.8130,0.3669,0.1828,0.0215,0.4159,0.5789,0.7474,0.0051,0.1104,0.0840
509.9286,0.3194,0.1262,0.0058,0.0642,0.2194,0.7419,0.0050,0.0028,0.0980
400.0281,0.4205,0.1219,0.0137,0.3616,0.5972,0.7272,0.0082,0.0738,0.0214
476.5062,0.3468,0.1352,0.0039,0.3746,0.5102,0.6419,0.0101,0.0264,0.1040
283.0367,0.4514,0.1100,0.0089,0.0420,0.4787,0.5484,0.0182,0.0324,0.0019
490.5238,0.3915,0.1440,0.0038,0.4968,0.5777,0.7810,0.0036,0.1585,0.1893
420.7895,0.3566,0.1851,0.0104,0.4174,0.5360,0.7840,0.0114,0.0116,0.2030
412.4118,0.3846,0.1239,0.0012,0.0296,0.5463,0.4737,0.0080,0.0311,0.0664
446.9949,0.6262,0.2154,0.0044,0.4506,0.5944,0.6841,0.0103,0.0659,0.0663
597.9746,0.7328,0.1849,0.0095,0.4951,0.5902,0.6522,0.0123,0.1040,0.0995
548.8340,0.3295,0.1989,0.0142,0.4458,0.5572,0.6033,0.0023,0.0392,0.1138
525.1178,0.4525,0.1809,0.0027,0.4427,0.4879,0.7666,0.0191,0.0094,0.1141
481.1828,0.3429,0.1286,0.0136,0.1836,0.3172,0.6532,0.0081,0.0011,0.0476
414.2803,0.3543,0.1298,0.0127,0.0651,0.4215,0.6846,0.0151,0.0892,0.0193
485.3412,0.3651,0.1704,0.0354,0.4788,0.5594,0.7688,0.0158,0.0582,0.0644
421.5712,0.3409,0.1518,0.0288,0.0177,0.4643,0.4203,0.0195,0.0273,0.0070
337.7305,0.4334,0.0908,0.0143,0.0225,0.1888,0.6310,0.0047,0.0514,0.0089
489.8489,0.3421,0.1182,0.0246,0.2778,0.5516,0.6819,0.0011,0.0737,0.0213
381.4307,0.3995,0.1140,0.0072,0.0465,0.1713,0.7903,0.0070,0.0044,0.1008
441.6005,0.3047,0.2572,0.0196,0.4232,0.4630,0.7745,0.0041,0.0894,0.0161
351.3304,0.4362,0.1737,0.0030,0.4157,0.2762,0.7957,0.0010,0.0352,0.0154
430.9582,0.3273,0.1885,0.0255,0.1085,0.2915,0.7611,0.0093,0.0368,0.0131
586.4301,0.3860,0.2046,0.0108,0.4730,0.4865,0.7239,0.0079,0.0930,0.0838
522.6066,0.8003,0.1930,0.0055,0.4630,0.5849,0.5573,0.0011,0.0374,0.0902
385.2499,0.5624,0.2230,0.0091,0.4809,0.5967,0.7752,0.0015,0.1493,0.0332
420.5499,0.8564,0.2097,0.0139,0.4687,0.5675,0.7304,0.0115,0.0078,0.0186
359.5375,0.3805,0.1244,0.0375,0.0316,0.1446,0.7977,0.0118,0.0431,0.0087
456.8021,0.3351,0.1377,0.0062,0.0143,0.1777,0.7003,0.0158,0.0807,0.0317
280.6896,0.4279,0.1662,0.0098,0.4743,0.5246,0.7801,0.0005,0.0269,0.0705
362.0403,0.5112,0.1340,0.0036,0.3785,0.5908,0.6881,0.0016,0.0460,0.0210
500.9604,0.3287,0.2376,0.0200,0.4984,0.4188,0.7302,0.0151,0.0128,0.0361
596.3947,0.5224,0.2467,0.0061,0.4701,0.5796,0.7394,0.0028,0.1977,0.0763
347.4204,0.3758,0.1440,0.0014,0.1775,0.1936,0.6161,0.0173,0.0037,0.0406
353.0209,0.4102,0.1018,0.0038,0.1007,0.2304,0.5327,0.0177,0.0227,0.0019
471.9909,0.4641,0.1927,0.0030,0.3851,0.5306,0.6754,0.0001,0.0922,0.0165
565.8984,0.3267,0.1677,0.0112,0.4667,0.5841,0.6782,0.0149,0.2251,0.0177
451.1376,0.3503,0.1423,0.0175,0.4480,0.4026,0.7203,0.0035,0.0966,0.0211
436.2850,0.3321,0.1770,0.0054,0.4761,0.2805,0.7997,0.0120,0.0013,0.1562
577.3286,0.3126,0.1865,0.0076,0.2824,0.5433,0.5488,0.0019,0.0609,0.0164
445.5051,0.3365,0.1534,0.0160,0.0711,0.4302,0.7580,0.0025,0.0683,0.0725
598.3693,0.3490,0.1727,0.0028,0.2715,0.5584,0.7631,0.0165,0.0852,0.0407
459.9857,0.3338,0.1111,0.0013,0.4907,0.5342,0.6726,0.0036,0.0184,0.0925
593.7420,0.3179,0.1804,0.0293,0.2380,0.5045,0.6658,0.0022,0.0007,0.0130
285.4354,0.3885,0.1955,0.0055,0.2733,0.5805,0.6786,0.0139,0.0199,0.0080
431.8091,0.3754,0.1499,0.0199,0.2045,0.5026,0.7063,0.0159,0.0193,0.0051
584.8381,0.3196,0.1615,0.0081,0.3903,0.3764,0.7207,0.0005,0.1155,0.0334
488.5821,0.6521,0.2242,0.0192,0.4858,0.5815,0.6023,0.0052,0.0550,0.0292
537.8241,0.3554,0.2072,0.0116,0.4404,0.5523,0.6551,0.0152,0.1021,0.0353
410.0092,0.3272,0.2725,0.0131,0.2838,0.5129,0.7493,0.0049,0.0189,0.0095
543.3305,0.3086,0.1368,0.0336,0.0384,0.4792,0.7444,0.0009,0.0364,0.0224
402.4082,0.4083,0.0965,0.0194,0.3458,0.3929,0.7709,0.0015,0.0152,0.0111
584.3961,0.8190,0.2187,0.0047,0.4967,0.5260,0.7676,0.0133,0.0089,0.1435
530.9619,0.3162,0.1639,0.0053,0.1744,0.5904,0.6683,0.0056,0.0667,0.0978
359.3605,0.3578,0.1786,0.0118,0.0702,0.1010,0.5925,0.0083,0.0056,0.0477
532.9524,0.5043,0.2037,0.0184,0.4151,0.5555,0.7746,0.0044,0.0932,0.0153
469.0566,0.3517,0.1058,0.0163,0.0489,0.2942,0.6223,0.0157,0.0296,0.0078
460.2019,0.4384,0.1612,0.0102,0.3673,0.5748,0.7768,0.0142,0.0860,0.0351
485.6036,0.3862,0.2265,0.0113,0.3886,0.5949,0.6027,0.0043,0.0206,0.0611
412.0568,0.3353,0.1496,0.0085,0.4381,0.3958,0.7877,0.0189,0.0424,0.1115
559.1845,0.9741,0.1980,0.0026,0.4333,0.5912,0.7608,0.0032,0.1326,0.0233
426.5924,0.3715,0.1531,0.0033,0.3369,0.5694,0.6824,0.0030,0.0164,0.1785
548.6536,0.3071,0.1350,0.0383,0.4211,0.5929,0.7693,0.0176,0.0017,0.1374
450.5531,0.3708,0.1050,0.0239,0.4635,0.5717,0.7933,0.0069,0.1144,0.0201
404.5386,0.3502,0.1454,0.0213,0.0047,0.1826,0.7423,0.0016,0.0595,0.0394
519.4926,0.4568,0.1495,0.0106,0.3039,0.5570,0.7276,0.0052,0.0186,0.0085
455.2057,0.3927,0.1393,0.0490,0.4386,0.5492,0.7560,0.0104,0.0007,0.0034
596.4136,0.3146,0.0932,0.0103,0.1293,0.4479,0.7920,0.0121,0.0227,0.0324
462.6556,0.3425,0.1976,0.0327,0.3766,0.4192,0.7969,0.0133,0.0331,0.0058
533.6306,0.7087,0.2263,0.0088,0.4664,0.5245,0.7230,0.0046,0.0759,0.0189
498.0687,0.3055,0.2123,0.0136,0.4825,0.4913,0.7836,0.0146,0.0668,0.1636
574.5202,0.4667,0.2304,0.0034,0.4724,0.5468,0.5543,0.0065,0.0193,0.1120
479.7019,0.4789,0.1841,0.0179,0.4747,0.5762,0.7333,0.0161,0.0108,0.1244
396.2191,0.6404,0.1982,0.0051,0.4803,0.5361,0.6291,0.0028,0.0379,0.0111
330.6762,0.4312,0.1969,0.0130,0.3736,0.4209,0.7992,0.0098,0.0128,0.0105
395.3625,0.3552,0.1488,0.0154,0.1798,0.4054,0.7654,0.0006,0.0136,0.1500
537.7834,0.3234,0.1607,0.0035,0.4755,0.5371,0.7553,0.0159,0.1423,0.1692
563.2583,0.4464,0.1592,0.0135,0.4797,0.5753,0.6057,0.0027,0.0938,0.0617
584.4300,0.7403,0.1725,0.0087,0.4616,0.5420,0.6508,0.0127,0.0491,0.0030
512.0022,0.5190,0.2378,0.0077,0.4633,0.5328,0.6916,0.0063,0.0208,0.1004
539.1044,0.3207,0.2089,0.0200,0.3310,0.3470,0.7915,0.0132,0.0002,0.0213
554.8401,0.9825,0.2497,0.0025,0.4728,0.5375,0.5866,0.0044,0.0767,0.0186
460.0555,0.3453,0.2836,0.0121,0.4555,0.5494,0.7418,0.0030,0.0398,0.0784
524.1286,0.3829,0.1738,0.0072,0.3743,0.4612,0.7127,0.0024,0.0977,0.0194
586.5008,0.3326,0.1754,0.0283,0.4139,0.5605,0.7668,0.0113,0.0763,0.0986
373.9890,0.3853,0.1414,0.0101,0.2446,0.2875,0.7751,0.0143,0.0008,0.0811
598.3105,0.4419,0.2719,0.0017,0.4339,0.5995,0.7903,0.0052,0.0376,0.2319
337.4050,0.4110,0.1259,0.0108,0.1477,0.5373,0.6997,0.0036,0.0927,0.0243
263.6241,0.4446,0.1247,0.0159,0.1075,0.1397,0.6684,0.0109,0.0047,0.0153
502.0376,0.3827,0.1979,0.0030,0.4682,0.5644,0.7717,0.0014,0.2885,0.0549
428.2087,0.3801,0.1069,0.0205,0.0891,0.1961,0.6033,0.0003,0.0034,0.0172
494.3238,0.3096,0.1596,0.0110,0.0141,0.2508,0.6451,0.0066,0.0021,0.0717
471.0018,0.3589,0.1545,0.0076,0.2972,0.4166,0.7951,0.0183,0.0257,0.0820
426.6520,0.3188,0.2299,0.0103,0.3721,0.4908,0.6110,0.0036,0.0378,0.0066
419.5751,0.4136,0.0843,0.0073,0.1282,0.5878,0.7308,0.0039,0.0110,0.0150
525.2089,0.3967,0.1986,0.0358,0.3818,0.5542,0.7240,0.0000,0.0073,0.0453
545.4058,0.4926,0.1978,0.0089,0.3644,0.5758,0.6545,0.0070,0.0193,0.0397
485.4135,0.3090,0.1490,0.0038,0.4159,0.4851,0.6905,0.0049,0.0748,0.0974
553.2320,0.4492,0.1899,0.0105,0.4983,0.5659,0.6875,0.0101,0.2080,0.0259
361.7230,0.4201,0.1173,0.0212,0.0332,0.3950,0.6527,0.0101,0.0129,0.0006
542.4203,0.5998,0.1811,0.0150,0.4702,0.4598,0.7895,0.0078,0.0225,0.0011
493.2360,0.4853,0.1223,0.0055,0.4081,0.5973,0.7643,0.0057,0.0186,0.1160
498.4373,0.3799,0.1667,0.0245,0.4473,0.5689,0.6348,0.0139,0.0273,0.0305
465.1176,0.3307,0.1567,0.0218,0.2385,0.1610,0.7497,0.0010,0.0040,0.0528
448.9244,0.3601,0.1782,0.0027,0.3910,0.5827,0.7362,0.0179,0.2069,0.0107
574.9155,0.3882,0.1526,0.0116,0.4451,0.5308,0.7351,0.0071,0.0729,0.1222
396.3800,0.5644,0.1187,0.0098,0.4530,0.5512,0.7777,0.0035,0.0164,0.0333
553.4910,0.3673,0.2169,0.0142,0.2802,0.5945,0.7759,0.0127,0.0104,0.0590
397.0492,0.3901,0.1714,0.0037,0.0941,0.2652,0.6312,0.0038,0.0002,0.0238
306.5588,0.4215,0.1284,0.0021,0.0293,0.3414,0.4929,0.0067,0.0694,0.0644
495.5936,0.3145,0.1401,0.0272,0.1520,0.3267,0.7682,0.0025,0.0447,0.0302
526.5107,0.3301,0.0962,0.0059,0.2315,0.5382,0.6860,0.0068,0.0100,0.0991
545.1896,0.6299,0.2610,0.0058,0.4954,0.5353,0.7993,0.0151,0.1015,0.0543
509.2187,0.5505,0.2126,0.0013,0.4475,0.4574,0.7450,0.0033,0.0401,0.0357
319.4793,0.4558,0.1106,0.0012,0.0647,0.3883,0.4278,0.0029,0.0003,0.0200
338.2453,0.3816,0.1485,0.0073,0.0090,0.4003,0.6397,0.0161,0.0680,0.0444
582.4339,0.3019,0.2209,0.0240,0.4580,0.5380,0.7358,0.0162,0.1505,0.0192
484.9496,0.3474,0.1211,0.0088,0.1163,0.4570,0.5006,0.0133,0.0016,0.0097
312.7427,0.3899,0.1694,0.0219,0.0044,0.4542,0.7224,0.0031,0.0228,0.0668
462.5095,0.3740,0.1838,0.0057,0.4396,0.3763,0.6937,0.0073,0.0212,0.0446
476.1093,0.3378,0.1814,0.0110,0.3394,0.5575,0.7763,0.0108,0.0659,0.1460
494.9081,0.6161,0.2752,0.0064,0.4666,0.5933,0.5877,0.0080,0.0925,0.0005
411.9240,0.3669,0.1673,0.0305,0.3781,0.4622,0.7029,0.0005,0.0498,0.0048
490.0125,0.3538,0.1950,0.0133,0.3051,0.5365,0.6115,0.0004,0.0195,0.0443
562.3374,0.3021,0.1191,0.0169,0.3644,0.4544,0.7957,0.0151,0.0434,0.1239
406.8252,0.7227,0.2433,0.0075,0.4801,0.5894,0.7448,0.0094,0.0544,0.0600
466.5258,0.3154,0.1894,0.0175,0.0062,0.1944,0.7108,0.0147,0.0053,0.0425
430.0202,0.5366,0.1499,0.0208,0.4732,0.5566,0.7647,0.0077,0.0739,0.0051
426.4990,0.3402,0.1669,0.0360,0.2761,0.5341,0.7770,0.0164,0.0003,0.0688
548.8010,0.3602,0.1214,0.0252,0.4810,0.5107,0.6901,0.0017,0.0178,0.0704
525.0563,0.4177,0.1357,0.0109,0.4700,0.5978,0.6478,0.0197,0.0449,0.0603
292.3919,0.4112,0.1617,0.0039,0.3372,0.3174,0.7882,0.0017,0.0560,0.0584
440.1925,0.3373,0.1586,0.0069,0.4957,0.4739,0.7086,0.0106,0.1843,0.0100
536.3767,0.3166,0.1932,0.0114,0.2700,0.5700,0.7320,0.0097,0.1483,0.0122
436.5666,0.4058,0.2522,0.0231,0.4934,0.5548,0.7908,0.0081,0.0199,0.1020
559.7293,0.5493,0.2989,0.0086,0.4970,0.5996,0.6216,0.0193,0.0114,0.1164
321.5920,0.3913,0.1648,0.0018,0.3876,0.3718,0.6975,0.0158,0.0153,0.0341
541.2589,0.5793,0.2692,0.0214,0.4855,0.5128,0.7082,0.0025,0.0384,0.0037
371.2710,0.3411,0.2314,0.0185,0.4496,0.5018,0.7308,0.0181,0.0209,0.0182
586.7910,0.3102,0.1281,0.0026,0.4379,0.5953,0.5616,0.0084,0.1138,0.0264
443.5536,0.3188,0.1828,0.0034,0.1749,0.3358,0.6329,0.0018,0.0757,0.0048
383.0054,0.3340,0.1840,0.0188,0.2070,0.5145,0.7378,0.0079,0.0449,0.0188
336.0021,0.4521,0.1692,0.0088,0.2708,0.5611,0.7726,0.0024,0.0460,0.0343
456.4108,0.9419,0.1562,0.0113,0.4904,0.5913,0.7786,0.0090,0.0019,0.0866
418.8412,0.3931,0.1175,0.0014,0.1439,0.3865,0.7828,0.0058,0.0687,0.0452
533.3013,0.3248,0.1137,0.0182,0.4068,0.2584,0.7057,0.0024,0.0091,0.0141
305.9777,0.4093,0.1031,0.0085,0.0140,0.1332,0.4434,0.0037,0.0102,0.0051
500.4464,0.3175,0.1702,0.0065,0.4264,0.4235,0.7998,0.0089,0.2578,0.0003
528.9886,0.3040,0.1217,0.0125,0.2473,0.3716,0.7649,0.0035,0.0697,0.0030
361.3356,0.3484,0.2360,0.0052,0.0079,0.3199,0.6893,0.0001,0.0086,0.0470
565.5898,0.3161,0.2409,0.0153,0.3976,0.5716,0.7423,0.0011,0.0200,0.1951
377.3400,0.3516,0.1896,0.0047,0.2731,0.3053,0.7920,0.0102,0.0572,0.0727
516.6391,0.3820,0.1820,0.0085,0.4549,0.5210,0.5409,0.0012,0.0026,0.0467
506.8000,0.4734,0.2032,0.0242,0.4702,0.4208,0.7623,0.0023,0.0030,0.0015
527.1043,0.3466,0.1287,0.0083,0.4073,0.5427,0.7916,0.0038,0.0356,0.2341
348.0361,0.3659,0.1710,0.0154,0.3690,0.5369,0.7885,0.0134,0.1324,0.0230
572.9770,0.5742,0.1961,0.0011,0.4988,0.5737,0.7071,0.0195,0.1884,0.0637
451.8366,0.3486,0.1182,0.0065,0.0064,0.3084,0.5753,0.0071,0.0378,0.0933
541.6260,0.3213,0.1429,0.0030,0.3053,0.3610,0.6784,0.0178,0.0614,0.0156
349.3567,0.3629,0.2141,0.0080,0.4511,0.3461,0.7543,0.0158,0.0097,0.0253
556.3764,0.8393,0.2292,0.0035,0.4773,0.5200,0.5126,0.0031,0.0328,0.0204
477.8311,0.3248,0.2521,0.0042,0.3961,0.5286,0.7700,0.0173,0.0830,0.0656
581.0329,0.3565,0.1885,0.0056,0.3651,0.5679,0.6193,0.0025,0.0021,0.1607
392.1671,0.3751,0.1236,0.0158,0.1000,0.4872,0.6880,0.0032,0.0828,0.0437
399.3710,0.3297,0.2055,0.0217,0.2715,0.5271,0.7061,0.0135,0.0485,0.0247
541.4038,0.6607,0.2518,0.0036,0.4433,0.5986,0.6500,0.0164,0.0277,0.0958
477.6078,0.4527,0.1766,0.0074,0.2772,0.5809,0.6638,0.0054,0.0002,0.0174
580.8096,0.4159,0.2400,0.0089,0.4958,0.4805,0.7562,0.0144,0.0834,0.0656
575.9315,0.3504,0.2079,0.0325,0.4690,0.5193,0.7930,0.0084,0.0447,0.1124
384.7790,0.3769,0.1913,0.0134,0.3903,0.4703,0.7797,0.0094,0.0040,0.1186
334.2232,0.4089,0.1476,0.0112,0.0713,0.3611,0.7459,0.0002,0.0025,0.1086
394.0391,0.3611,0.1295,0.0225,0.0572,0.3621,0.4772,0.0112,0.0188,0.0222
420.5737,0.4380,0.1408,0.0070,0.4523,0.5903,0.7424,0.0066,0.0372,0.1603
522.6307,0.5187,0.1565,0.0154,0.4482,0.5611,0.6699,0.0159,0.0081,0.0399
520.2300,0.3017,0.1797,0.0024,0.2045,0.5966,0.7745,0.0141,0.1331,0.0980
441.1894,0.4815,0.2899,0.0032,0.4556,0.5884,0.7770,0.0074,0.0566,0.0790
559.4403,0.3214,0.2135,0.0413,0.4500,0.5872,0.6714,0.0015,0.0844,0.0287
530.0512,0.3077,0.2637,0.0046,0.4635,0.4781,0.7345,0.0032,0.0005,0.1833
327.9568,0.3812,0.1426,0.0341,0.3374,0.4407,0.7320,0.0060,0.0222,0.0090
481.3581,0.3329,0.1234,0.0027,0.3668,0.4114,0.7669,0.0013,0.1346,0.1111
578.1066,0.7686,0.2599,0.0114,0.4735,0.5923,0.5594,0.0051,0.0947,0.0440
571.3730,0.4746,0.2417,0.0193,0.4603,0.5629,0.6357,0.0151,0.0481,0.0196
550.3584,0.3177,0.1289,0.0201,0.1727,0.4670,0.7102,0.0007,0.0493,0.0543
290.8216,0.4554,0.1550,0.0046,0.0050,0.1135,0.7614,0.0008,0.0128,0.0447
482.6797,0.3084,0.1992,0.0208,0.4411,0.2226,0.7953,0.0090,0.0136,0.0384
507.4912,0.3068,0.1693,0.0463,0.2736,0.5771,0.7510,0.0002,0.1026,0.0063
467.8130,0.3733,0.1171,0.0079,0.4825,0.5849,0.7168,0.0154,0.1042,0.0593
568.9506,0.3383,0.1368,0.0013,0.4815,0.2913,0.7760,0.0046,0.0266,0.1117
460.8414,0.3311,0.1915,0.0020,0.1547,0.5469,0.7300,0.0051,0.0647,0.0927
422.7533,0.3658,0.1146,0.0056,0.2062,0.3790,0.6722,0.0104,0.0030,0.0957
508.8417,0.3128,0.1343,0.0163,0.3886,0.5013,0.6633,0.0057,0.1318,0.0046
592.7930,0.6592,0.1967,0.0094,0.4875,0.4564,0.7772,0.0010,0.0704,0.0081
557.5586,0.3652,0.1795,0.0137,0.4382,0.4270,0.7283,0.0110,0.0818,0.0078
300.7716,0.4051,0.1557,0.0187,0.4389,0.4668,0.7834,0.0187,0.0333,0.0046
416.0758,0.3920,0.2596,0.0093,0.4265,0.5223,0.6892,0.0060,0.0019,0.0368
571.1497,0.3030,0.1858,0.0221,0.3369,0.4755,0.7399,0.0070,0.1311,0.0036
317.2855,0.4116,0.1207,0.0261,0.0092,0.2736,0.5679,0.0117,0.0084,0.0602
341.9106,0.3696,0.1720,0.0331,0.0294,0.4647,0.4368,0.0010,0.0076,0.0298
403.4247,0.3492,0.1692,0.0073,0.4458,0.5259,0.6627,0.0077,0.0757,0.0737
542.6637,0.3336,0.1058,0.0087,0.2900,0.5667,0.7578,0.0125,0.0089,0.1349
449.0290,0.3718,0.0850,0.0130,0.0222,0.1037,0.6268,0.0026,0.0231,0.0385
479.7331,0.8044,0.1654,0.0018,0.4910,0.5522,0.7435,0.0009,0.0189,0.1473
463.5060,0.3746,0.1639,0.0227,0.4145,0.3317,0.7765,0.0013,0.0449,0.0050
317.0265,0.3889,0.1827,0.0019,0.1083,0.2537,0.7417,0.0083,0.0460,0.0555
594.4223,0.3270,0.2731,0.0052,0.4962,0.5449,0.6489,0.0112,0.0282,0.1525
361.9222,0.3281,0.2391,0.0092,0.3164,0.3234,0.7869,0.0080,0.0205,0.0021
471.2599,0.6183,0.2586,0.0138,0.4940,0.5782,0.7634,0.0014,0.0015,0.1752
472.5635,0.3164,0.1624,0.0132,0.1055,0.4979,0.7535,0.0193,0.0571,0.0505
403.2015,0.4292,0.1021,0.0044,0.3192,0.5831,0.7753,0.0196,0.0076,0.0505
559.1539,0.3424,0.1525,0.0172,0.4174,0.5671,0.7163,0.0187,0.1219,0.0368
580.6517,0.7239,0.1694,0.0128,0.3993,0.5964,0.7887,0.0087,0.0208,0.0319
578.7253,0.3709,0.2449,0.0267,0.4848,0.4706,0.7215,0.0013,0.0256,0.0560
487.1555,0.3526,0.1716,0.0047,0.2399,0.4370,0.7107,0.0027,0.0316,0.0770
456.3090,0.3195,0.1886,0.0417,0.4115,0.4784,0.7925,0.0050,0.0267,0.0865
547.9868,0.3381,0.1037,0.0135,0.1568,0.5073,0.7876,0.0090,0.0304,0.0358
589.7684,0.3355,0.1454,0.0037,0.2795,0.4277,0.6381,0.0053,0.0517,0.0087
518.8312,0.3864,0.2252,0.0065,0.3315,0.5019,0.7055,0.0106,0.0302,0.0093
325.4260,0.4262,0.1397,0.0015,0.3307,0.5092,0.7442,0.0179,0.0750,0.0158
497.8452,0.4072,0.1601,0.0223,0.3851,0.5617,0.7430,0.0099,0.0555,0.0400
576.0536,0.3717,0.1576,0.0076,0.3824,0.4769,0.5957,0.0118,0.0072,0.0096
532.5411,0.3255,0.2345,0.0102,0.4480,0.4339,0.7801,0.0065,0.0604,0.0986
357.8362,0.3700,0.1242,0.0068,0.3121,0.2590,0.7307,0.0099,0.0183,0.0191
584.3655,0.4881,0.1318,0.0163,0.4809,0.5029,0.7095,0.0085,0.0358,0.0066
283.8836,0.4227,0.1411,0.0105,0.1089,0.4279,0.5668,0.0129,0.0309,0.0020
415.3574,0.4152,0.2225,0.0028,0.4110,0.4502,0.7627,0.0043,0.0591,0.0377
545.8070,0.3993,0.1766,0.0465,0.4487,0.5226,0.7474,0.0030,0.0271,0.0138
595.3212,0.3279,0.1260,0.0352,0.3867,0.4104,0.7728,0.0007,0.0140,0.0382
447.4689,0.3053,0.2078,0.0211,0.2974,0.5863,0.6188,0.0009,0.0576,0.0059
346.1629,0.4130,0.1751,0.0040,0.1830,0.4337,0.7069,0.0142,0.0070,0.0238
589.9821,0.6743,0.2844,0.0028,0.4721,0.5318,0.7375,0.0093,0.0186,0.0986
379.8689,0.3506,0.1626,0.0244,0.3728,0.3870,0.6780,0.0162,0.0053,0.0058
496.3772,0.3250,0.1334,0.0061,0.3544,0.5995,0.7200,0.0073,0.1769,0.0901
336.5459,0.4238,0.0857,0.0023,0.0438,0.3606,0.5921,0.0177,0.0359,0.0333
490.1753,0.3517,0.1209,0.0119,0.2887,0.2546,0.7990,0.0165,0.0137,0.0290
537.5465,0.6759,0.1846,0.0129,0.4065,0.5992,0.6807,0.0038,0.0131,0.0612
487.9799,0.3820,0.2018,0.0177,0.3943,0.5660,0.7648,0.0138,0.1346,0.0011
474.4099,0.4676,0.2441,0.0045,0.3731,0.5822,0.6975,0.0129,0.0335,0.0251
330.0331,0.3572,0.2219,0.0121,0.3236,0.5132,0.7616,0.0034,0.0348,0.0676
535.6414,0.3316,0.1008,0.0266,0.4460,0.4681,0.7670,0.0061,0.0178,0.0640
408.5247,0.7650,0.1806,0.0025,0.4512,0.5497,0.7294,0.0067,0.0126,0.0466
408.9616,0.3463,0.1391,0.0105,0.4347,0.4470,0.7450,0.0194,0.1311,0.0142
569.2459,0.9412,0.2168,0.0069,0.4434,0.5330,0.7719,0.0027,0.0691,0.0039
495.1667,0.3337,0.1274,0.0236,0.2225,0.5727,0.7467,0.0041,0.0341,0.1030
599.4100,0.3245,0.2425,0.0024,0.3843,0.3666,0.7546,0.0017,0.0648,0.0095
558.0298,0.5946,0.2362,0.0013,0.4623,0.5442,0.6062,0.0172,0.0529,0.0410
543.0750,0.5371,0.2064,0.0156,0.4577,0.5062,0.7558,0.0040,0.0051,0.0930
412.8813,0.4181,0.1923,0.0057,0.4546,0.5236,0.6565,0.0134,0.0341,0.0437
434.8673,0.3608,0.1900,0.0173,0.4656,0.5775,0.6812,0.0054,0.0613,0.1010
289.4410,0.4257,0.1712,0.0073,0.0255,0.4991,0.7121,0.0049,0.0623,0.0067
484.3389,0.6575,0.2043,0.0125,0.4836,0.5481,0.7614,0.0154,0.0909,0.0122
596.8088,0.3305,0.1560,0.0323,0.4985,0.5791,0.6289,0.0114,0.0430,0.0635
470.3519,0.4275,0.1248,0.0084,0.2555,0.5177,0.7654,0.0147,0.0032,0.0029
310.6475,0.3583,0.2374,0.0169,0.1907,0.5647,0.7992,0.0155,0.0044,0.0066
567.5520,0.3748,0.2129,0.0059,0.3303,0.5971,0.7684,0.0003,0.1641,0.0455
588.2742,0.3381,0.1134,0.0069,0.3552,0.4994,0.7833,0.0170,0.0039,0.1258
445.0368,0.3234,0.1837,0.0063,0.0242,0.2433,0.7237,0.0128,0.0408,0.0568
396.3736,0.3763,0.1380,0.0028,0.0835,0.1690,0.6640,0.0081,0.0275,0.0803
525.5323,0.3055,0.1403,0.0043,0.0102,0.5901,0.3011,0.0049,0.0184,0.0448
573.8056,0.3743,0.1276,0.0109,0.4864,0.4346,0.7004,0.0011,0.0485,0.0597
534.7838,0.3226,0.2040,0.0073,0.4369,0.4775,0.6432,0.0158,0.0337,0.0695
567.2891,0.4457,0.1781,0.0218,0.4244,0.5646,0.7260,0.0026,0.0630,0.0755
444.1797,0.4767,0.1723,0.0374,0.4541,0.5621,0.7667,0.0052,0.0152,0.0366
548.2696,0.3082,0.1229,0.0039,0.3066,0.4557,0.7408,0.0076,0.1896,0.0070
325.7380,0.4313,0.1254,0.0027,0.1614,0.3679,0.5585,0.0060,0.0087,0.0128
440.6705,0.3674,0.1561,0.0224,0.2958,0.5279,0.7829,0.0189,0.0606,0.0179
534.5797,0.3002,0.1303,0.0330,0.4618,0.5201,0.6843,0.0042,0.0713,0.0137
356.4037,0.3461,0.2113,0.0272,0.2946,0.1870,0.7647,0.0019,0.0010,0.0032
461.8717,0.3875,0.2213,0.0064,0.4922,0.5897,0.7264,0.0009,0.0063,0.2866
339.3276,0.4060,0.1151,0.0079,0.0591,0.5649,0.6715,0.0119,0.0531,0.0708
454.2566,0.3394,0.1469,0.0139,0.4291,0.4675,0.7010,0.0030,0.0299,0.1377
510.3028,0.5640,0.1751,0.0020,0.4999,0.4774,0.7690,0.0097,0.0626,0.0816
346.0871,0.3264,0.2626,0.0110,0.4401,0.5372,0.7952,0.0104,0.0053,0.0528
556.5463,0.8496,0.1869,0.0075,0.4391,0.5935,0.6333,0.0017,0.1193,0.0026
468.7301,0.3422,0.1012,0.0034,0.0096,0.4973,0.6007,0.0018,0.0521,0.0262
592.0553,0.5557,0.2048,0.0149,0.4865,0.5641,0.5611,0.0117,0.0329,0.0708
596.4944,0.3094,0.2093,0.0082,0.4002,0.5435,0.6816,0.0086,0.0055,0.2064
381.2762,0.4859,0.1871,0.0126,0.3924,0.5231,0.7554,0.0020,0.0615,0.0039
341.2695,0.3877,0.1582,0.0303,0.1653,0.5204,0.7399,0.0165,0.0125,0.0100
539.7059,0.3188,0.1733,0.0063,0.3254,0.5652,0.6040,0.0099,0.0319,0.1060
408.3530,0.3749,0.1100,0.0047,0.4192,0.5274,0.6915,0.0102,0.1080,0.0082
558.1552,0.5732,0.1605,0.0269,0.4364,0.5790,0.7839,0.0031,0.0153,0.0658
370.3044,0.3774,0.1209,0.0021,0.0130,0.1899,0.3583,0.0128,0.0614,0.0448
446.7375,0.3460,0.1482,0.0036,0.1123,0.1020,0.7190,0.0150,0.0176,0.0606
387.3697,0.4226,0.0943,0.0039,0.4380,0.2775,0.7836,0.0019,0.0229,0.0184
417.7587,0.3687,0.1471,0.0023,0.1628,0.5481,0.7472,0.0024,0.0536,0.1349
355.7631,0.3953,0.1908,0.0231,0.3438,0.5321,0.7788,0.0079,0.0524,0.0177
523.5027,0.3541,0.2613,0.0293,0.4096,0.5768,0.7404,0.0036,0.0409,0.0406
514.5107,0.3155,0.1662,0.0134,0.4926,0.4258,0.7445,0.0166,0.1116,0.0619
521.1229,0.4196,0.2329,0.0068,0.4306,0.5382,0.7776,0.0199,0.0795,0.0552
403.3333,0.3434,0.1564,0.0091,0.0616,0.3546,0.7346,0.0159,0.0093,0.0853
551.5257,0.3167,0.2526,0.0055,0.4646,0.5729,0.7962,0.0135,0.1756,0.1174
487.4460,0.3359,0.1540,0.0059,0.2522,0.5780,0.6544,0.0109,0.1097,0.0422
573.0992,0.3456,0.0903,0.0043,0.4710,0.4753,0.7504,0.0092,0.0312,0.0652
505.7810,0.9171,0.1949,0.0061,0.4693,0.5998,0.6072,0.0105,0.0405,0.0833
461.9891,0.3226,0.1675,0.0144,0.0030,0.3164,0.3172,0.0023,0.0653,0.0311
596.2942,0.9035,0.1857,0.0178,0.4817,0.5131,0.7549,0.0085,0.0140,0.0141
424.7294,0.3238,0.2288,0.0086,0.4598,0.5883,0.7642,0.0121,0.0773,0.1561
483.1591,0.3275,0.1865,0.0304,0.4334,0.4609,0.7817,0.0069,0.0569,0.0785
507.8890,0.3311,0.1529,0.0045,0.3440,0.3232,0.7647,0.0033,0.1272,0.0335
372.4621,0.4048,0.1278,0.0041,0.0753,0.1985,0.4650,0.0082,0.0146,0.0093
561.1863,0.3050,0.1515,0.0140,0.2507,0.5351,0.6275,0.0072,0.0121,0.1089
471.0804,0.3320,0.1711,0.0088,0.1951,0.5889,0.6022,0.0053,0.0967,0.0224
452.2834,0.8700,0.1822,0.0036,0.4841,0.5873,0.7887,0.0147,0.1080,0.0370
473.0692,0.4885,0.1963,0.0203,0.4651,0.5540,0.7163,0.0048,0.0444,0.0721
547.0895,0.7756,0.2282,0.0181,0.4786,0.5657,0.6239,0.0027,0.0814,0.0162
526.4203,0.4151,0.1661,0.0076,0.3954,0.3918,0.7540,0.0080,0.0106,0.0258
596.2318,0.4571,0.2103,0.0102,0.4625,0.5988,0.5710,0.0127,0.0711,0.0895
359.7360,0.3738,0.1113,0.0382,0.3357,0.4673,0.7925,0.0037,0.0086,0.0102
505.6902,0.3123,0.2324,0.0251,0.4574,0.5140,0.7989,0.0059,0.0256,0.1604
514.1052,0.5476,0.1820,0.0042,0.4371,0.5322,0.6628,0.0138,0.0158,0.0557
552.3038,0.5021,0.1339,0.0014,0.4872,0.4579,0.7278,0.0091,0.0666,0.0089
476.6020,0.4728,0.2868,0.0090,0.4968,0.5622,0.5489,0.0035,0.0082,0.0161
587.0410,0.5830,0.2001,0.0189,0.4242,0.5723,0.6986,0.0070,0.0422,0.0383
419.4861,0.3258,0.1697,0.0062,0.4951,0.3750,0.7712,0.0003,0.0104,0.1874
384.1447,0.4068,0.2285,0.0141,0.4321,0.4952,0.7499,0.0037,0.0237,0.0467
333.5718,0.3786,0.1179,0.0106,0.1219,0.5735,0.7835,0.0066,0.0249,0.0051
569.3492,0.3194,0.1238,0.0499,0.3959,0.5531,0.7858,0.0013,0.0535,0.0396
404.9078,0.3866,0.1643,0.0117,0.3470,0.5609,0.6969,0.0168,0.0408,0.0494
442.6876,0.3947,0.1551,0.0244,0.3580,0.4894,0.6723,0.0049,0.0137,0.0034
373.1027,0.3557,0.1699,0.0458,0.0007,0.4823,0.4499,0.0016,0.0377,0.0001
524.2192,0.3012,0.1518,0.0092,0.1336,0.5389,0.6523,0.0143,0.0237,0.0719
423.6280,0.3816,0.0920,0.0075,0.1022,0.5147,0.7525,0.0059,0.0975,0.0060
284.9280,0.4249,0.1767,0.0150,0.1097,0.2089,0.7543,0.0089,0.0017,0.0010
434.1001,0.3612,0.1623,0.0126,0.4286,0.1304,0.7869,0.0006,0.0001,0.0226
496.1387,0.3646,0.0978,0.0150,0.4216,0.5703,0.7271,0.0065,0.0141,0.0813
577.6467,0.3558,0.1449,0.0113,0.2933,0.5709,0.7490,0.0027,0.1177,0.0386
438.7621,0.3241,0.1645,0.0228,0.1119,0.4490,0.7425,0.0187,0.0265,0.0368
273.7041,0.4568,0.1201,0.0117,0.0010,0.4460,0.4807,0.0078,0.0053,0.0675
556.8847,0.4225,0.2092,0.0144,0.4897,0.5076,0.6917,0.0172,0.0967,0.0160
517.3481,0.3486,0.2340,0.0033,0.4929,0.5925,0.6694,0.0040,0.1453,0.1453
591.2515,0.3073,0.1581,0.0059,0.4277,0.3932,0.7367,0.0193,0.0918,0.0584
423.4047,0.3960,0.1479,0.0047,0.2256,0.5866,0.6385,0.0165,0.0256,0.0253
388.9834,0.3369,0.2142,0.0156,0.1626,0.4741,0.6639,0.0199,0.0105,0.0051
318.1396,0.3754,0.2078,0.0011,0.0889,0.2122,0.7725,0.0047,0.0567,0.0368
571.9084,0.3311,0.1346,0.0099,0.1703,0.4807,0.7232,0.0013,0.0144,0.0791
392.9951,0.3631,0.1883,0.0026,0.0365,0.1438,0.4147,0.0070,0.0130,0.0221
499.6134,0.6310,0.2080,0.0101,0.4297,0.5928,0.7425,0.0106,0.0965,0.0235
545.0928,0.3336,0.1485,0.0028,0.4763,0.5619,0.6932,0.0062,0.2775,0.0289
342.5828,0.3941,0.1384,0.0323,0.0429,0.5013,0.4675,0.0072,0.0201,0.0012
323.6529,0.4098,0.2016,0.0292,0.4050,0.5819,0.7900,0.0135,0.0027,0.0197
436.6555,0.3172,0.1972,0.0149,0.1260,0.4083,0.7191,0.0070,0.0205,0.0570
493.8697,0.4093,0.2027,0.0138,0.4570,0.5744,0.6210,0.0097,0.0879,0.0237
579.1102,0.3737,0.1777,0.0040,0.4670,0.5345,0.7100,0.0116,0.1166,0.1362
558.0381,0.6895,0.1910,0.0205,0.4822,0.5052,0.7978,0.0016,0.0308,0.0423
543.5487,0.3263,0.1282,0.0067,0.3940,0.4524,0.6501,0.0063,0.1009,0.0180
553.3552,0.4815,0.1006,0.0072,0.4714,0.5300,0.7701,0.0012,0.0130,0.0510
366.9668,0.3682,0.1288,0.0260,0.0256,0.1263,0.7809,0.0081,0.0095,0.0447
593.5237,0.3334,0.1880,0.0079,0.3199,0.4619,0.7600,0.0051,0.0864,0.0499
315.7280,0.4157,0.1097,0.0191,0.0950,0.4545,0.6311,0.0155,0.0185,0.0254
393.1155,0.3365,0.1591,0.0332,0.4024,0.3262,0.7706,0.0038,0.0254,0.0152
531.8603,0.4375,0.2009,0.0111,0.4991,0.5320,0.7494,0.0004,0.0432,0.2189
358.5184,0.3945,0.1570,0.0061,0.2600,0.1755,0.7048,0.0031,0.0292,0.0111
569.6666,0.3419,0.1790,0.0243,0.4872,0.5720,0.5886,0.0185,0.0160,0.0490
496.7386,0.3769,0.1348,0.0216,0.4371,0.4040,0.7708,0.0032,0.0656,0.0169
439.4833,0.6139,0.2277,0.0097,0.4912,0.5506,0.6992,0.0089,0.0245,0.0806
518.1594,0.3999,0.1956,0.0056,0.3503,0.4633,0.7305,0.0163,0.0175,0.0212
409.3841,0.3424,0.1919,0.0140,0.0833,0.3377,0.7470,0.0105,0.0606,0.0053
491.5165,0.3018,0.1990,0.0238,0.1436,0.4889,0.4960,0.0009,0.0016,0.0007
510.4348,0.3297,0.1372,0.0147,0.2873,0.5933,0.6974,0.0197,0.0213,0.1024
463.9863,0.3501,0.1514,0.0285,0.4532,0.5699,0.7863,0.0047,0.0343,0.1777
420.7209,0.3611,0.1254,0.0011,0.1181,0.4734,0.6986,0.0038,0.1134,0.0762
427.9264,0.3218,0.1998,0.0074,0.2584,0.4196,0.6854,0.0141,0.0176,0.0814
345.5269,0.3502,0.2126,0.0032,0.1394,0.5319,0.6821,0.0178,0.0218,0.0359
596.4122,0.4343,0.1551,0.0359,0.4357,0.5555,0.7410,0.0074,0.0336,0.0215
546.4448,0.3855,0.2140,0.0457,0.4987,0.4430,0.7821,0.0090,0.0005,0.0022
511.9057,0.4011,0.1717,0.0107,0.4440,0.5672,0.7975,0.0175,0.2011,0.0189
414.2666,0.3471,0.1974,0.0035,0.3918,0.4839,0.7983,0.0075,0.0436,0.1878
503.0254,0.3556,0.1427,0.0029,0.2210,0.2283,0.7077,0.0021,0.0056,0.0323
564.4447,0.5235,0.2312,0.0048,0.3996,0.5983,0.7168,0.0019,0.0246,0.1566
536.2806,0.3136,0.1340,0.0025,0.1944,0.3826,0.7511,0.0173,0.0277,0.1149
457.1553,0.3519,0.1274,0.0044,0.4933,0.3491,0.6356,0.0077,0.0041,0.0154
507.3243,0.8059,0.2311,0.0054,0.4980,0.5563,0.7045,0.0036,0.1713,0.0139
397.5133,0.3664,0.1140,0.0133,0.4002,0.5122,0.7407,0.0014,0.1188,0.0464
521.8689,0.3499,0.1383,0.0092,0.0925,0.5836,0.7307,0.0007,0.0722,0.0083
397.9529,0.3639,0.1930,0.0101,0.2947,0.3241,0.7748,0.0090,0.0329,0.0337
591.3230,0.3607,0.1599,0.0324,0.4905,0.4598,0.7539,0.0002,0.0751,0.0488
544.1254,0.3010,0.2687,0.0237,0.4192,0.5586,0.7581,0.0197,0.0724,0.0126
356.7870,0.3743,0.1604,0.0144,0.1312,0.4956,0.7319,0.0115,0.0970,0.0120
317.4213,0.4945,0.1223,0.0058,0.4536,0.4490,0.7688,0.0033,0.0188,0.0217
553.0690,0.5589,0.2712,0.0063,0.4441,0.5461,0.6366,0.0005,0.0438,0.0475
451.2840,0.3335,0.1208,0.0193,0.0599,0.4801,0.6440,0.0105,0.0247,0.0081
458.2507,0.3962,0.2567,0.0162,0.4408,0.5755,0.7760,0.0120,0.0705,0.0472
465.3157,0.8022,0.2387,0.0083,0.4853,0.5424,0.7310,0.0020,0.0819,0.0277
528.9475,0.3098,0.1889,0.0029,0.2958,0.5591,0.7175,0.0110,0.0965,0.1234
356.5639,0.4037,0.1108,0.0239,0.0078,0.5526,0.5964,0.0009,0.0236,0.0706
484.3632,0.6383,0.1462,0.0195,0.4999,0.5710,0.7119,0.0003,0.0990,0.0052
364.3948,0.3773,0.2168,0.0155,0.3590,0.4460,0.7650,0.0152,0.0272,0.0000
390.5445,0.3271,0.1964,0.0196,0.2282,0.5055,0.7548,0.0117,0.0124,0.0496
328.4903,0.4371,0.1502,0.0050,0.2960,0.5838,0.7864,0.0187,0.0140,0.0799
349.8261,0.3950,0.1617,0.0127,0.0028,0.2297,0.3135,0.0003,0.0187,0.0733
514.2457,0.5135,0.1995,0.0343,0.4962,0.5752,0.5779,0.0054,0.0038,0.0178
428.1801,0.7350,0.2623,0.0066,0.4548,0.5399,0.7596,0.0107,0.0032,0.0127
555.6768,0.3144,0.1380,0.0222,0.3276,0.4415,0.7790,0.0038,0.0115,0.1431
523.2160,0.9197,0.2771,0.0150,0.4571,0.5807,0.6529,0.0018,0.0328,0.0236
285.9206,0.4610,0.1029,0.0165,0.0665,0.2965,0.6121,0.0001,0.0338,0.0036
314.1038,0.4235,0.1584,0.0108,0.3467,0.3283,0.7707,0.0179,0.0036,0.0071
531.4969,0.4273,0.1234,0.0040,0.4640,0.5482,0.6650,0.0010,0.0124,0.1367
569.2765,0.3534,0.1337,0.0136,0.4598,0.4943,0.7049,0.0178,0.0420,0.0644
579.5462,0.6470,0.2578,0.0027,0.4528,0.5984,0.5456,0.0036,0.1667,0.0006
497.1305,0.3025,0.1823,0.0165,0.4019,0.4201,0.6398,0.0025,0.0261,0.0733
405.0347,0.3306,0.1546,0.0276,0.2822,0.4865,0.7937,0.0028,0.0523,0.0263
408.5559,0.5271,0.1699,0.0184,0.4676,0.5735,0.7473,0.0115,0.0233,0.0639
476.1504,0.3416,0.1142,0.0021,0.1329,0.3701,0.6909,0.0032,0.0951,0.0520
419.2303,0.3211,0.1814,0.0022,0.0000,0.4895,0.3253,0.0125,0.0282,0.0170
464.3641,0.3570,0.1324,0.0050,0.0755,0.4387,0.5153,0.0072,0.0536,0.0078
590.0828,0.3142,0.2254,0.0141,0.4837,0.5920,0.7217,0.0049,0.2023,0.1205
331.5849,0.3666,0.1675,0.0065,0.0499,0.3547,0.6225,0.0050,0.0267,0.0218
469.6958,0.3228,0.2004,0.0026,0.3456,0.5725,0.7904,0.0094,0.0245,0.2568
517.6714,0.8152,0.2580,0.0079,0.4374,0.5855,0.7736,0.0185,0.0039,0.0522
448.1833,0.4045,0.1343,0.0177,0.2825,0.4583,0.7610,0.0067,0.0096,0.0269
505.6042,0.3462,0.2108,0.0379,0.3983,0.5959,0.6918,0.0150,0.0323,0.0091
375.7947,0.5767,0.1389,0.0045,0.4898,0.5934,0.7931,0.0173,0.0409,0.0810
427.8323,0.3531,0.1821,0.0310,0.3234,0.3768,0.7740,0.0050,0.0015,0.0406
442.3741,0.3451,0.2061,0.0111,0.4162,0.5620,0.7212,0.0017,0.1831,0.0308
596.2699,0.4032,0.1648,0.0032,0.4976,0.4890,0.7183,0.0133,0.0221,0.1866
505.7568,0.3676,0.1546,0.0145,0.4847,0.5603,0.6195,0.0053,0.0698,0.0651
573.1299,0.9390,0.2592,0.0159,0.4869,0.5150,0.7228,0.0138,0.0042,0.0074
500.1674,0.8814,0.2459,0.0010,0.4994,0.5862,0.6395,0.0070,0.0503,0.1624
412.1422,0.3514,0.1603,0.0098,0.0539,0.5046,0.6096,0.0072,0.1164,0.0030
533.9401,0.3424,0.1006,0.0081,0.2103,0.5918,0.7011,0.0130,0.0426,0.0341
299.9260,0.4147,0.1250,0.0120,0.0355,0.2879,0.5074,0.0129,0.0276,0.0391
531.7322,0.4062,0.1796,0.0274,0.4342,0.5749,0.7100,0.0188,0.0499,0.0272
569.5394,0.3761,0.2006,0.0385,0.4233,0.5369,0.6209,0.0019,0.0046,0.0004
541.0188,0.3843,0.2762,0.0018,0.4132,0.5518,0.6830,0.0027,0.0886,0.0449
478.3216,0.3439,0.1656,0.0068,0.2598,0.4628,0.7794,0.0022,0.0670,0.1163
407.2605,0.3547,0.1404,0.0288,0.1591,0.5807,0.6781,0.0013,0.0805,0.0263
515.1564,0.3164,0.1561,0.0026,0.0509,0.2691,0.6601,0.0129,0.0528,0.0456
514.0411,0.4921,0.1345,0.0094,0.4020,0.5473,0.7479,0.0144,0.0413,0.0058
301.7927,0.4008,0.1348,0.0018,0.1178,0.1628,0.7808,0.0002,0.0762,0.0141
419.7500,0.3591,0.2172,0.0072,0.4677,0.4526,0.6392,0.0009,0.0453,0.0177
463.8394,0.3186,0.1691,0.0107,0.3943,0.5346,0.7043,0.0162,0.0223,0.1659
560.0021,0.4396,0.1942,0.0035,0.4415,0.5789,0.7035,0.0088,0.1847,0.0590
378.6709,0.3411,0.1731,0.0121,0.3184,0.2150,0.7951,0.0013,0.0584,0.0218
556.7385,0.3403,0.1087,0.0156,0.3429,0.4862,0.7348,0.0059,0.0682,0.0239
494.7451,0.3758,0.1866,0.0115,0.4738,0.5813,0.7872,0.0175,0.2566,0.0047
376.2426,0.3642,0.1337,0.0400,0.0231,0.4730,0.6626,0.0148,0.0008,0.0342
430.6727,0.4271,0.1454,0.0027,0.4244,0.5331,0.7861,0.0075,0.0988,0.1083
592.0795,0.7498,0.1457,0.0048,0.4716,0.5882,0.6661,0.0065,0.0059,0.1311
563.0303,0.3183,0.1010,0.0098,0.0029,0.1619,0.7984,0.0095,0.0077,0.0519
516.9503,0.3357,0.1572,0.0103,0.4656,0.4836,0.7411,0.0045,0.1005,0.1431
452.6773,0.3078,0.2175,0.0205,0.2024,0.5645,0.5579,0.0040,0.0221,0.0047
337.3363,0.4162,0.1857,0.0016,0.3172,0.4749,0.7832,0.0110,0.0448,0.0569
388.7297,0.3484,0.1689,0.0239,0.1274,0.3652,0.7507,0.0193,0.0460,0.0115
354.4399,0.3777,0.1569,0.0346,0.0840,0.3449,0.6216,0.0010,0.0135,0.0214
480.8608,0.3577,0.2880,0.0022,0.4767,0.5956,0.7585,0.0168,0.0154,0.1716
350.2144,0.3673,0.1838,0.0135,0.0398,0.4242,0.5288,0.0102,0.0043,0.0626
582.6998,0.5859,0.2397,0.0168,0.4824,0.5583,0.6538,0.0057,0.0239,0.1132
479.3899,0.4233,0.1912,0.0277,0.4879,0.5566,0.7985,0.0003,0.1267,0.0761
323.8017,0.4661,0.1803,0.0099,0.4663,0.5235,0.7006,0.0069,0.0141,0.0174
422.3448,0.7082,0.1623,0.0017,0.4821,0.5988,0.7299,0.0083,0.1449,0.0229
400.7019,0.3629,0.1592,0.0144,0.3199,0.3682,0.6935,0.0049,0.0473,0.0299
561.6195,0.3707,0.2982,0.0187,0.4792,0.5214,0.7846,0.0006,0.1066,0.0173
534.8754,0.3789,0.1785,0.0309,0.4970,0.5675,0.5975,0.0048,0.0217,0.0475
395.2457,0.8628,0.2413,0.0094,0.4543,0.5946,0.7947,0.0188,0.0223,0.0003
415.1825,0.3602,0.1052,0.0027,0.2433,0.5962,0.6081,0.0012,0.0347,0.0316
539.4171,0.3713,0.2218,0.0073,0.3527,0.5187,0.6893,0.0093,0.0626,0.0188
583.2450,0.3259,0.1722,0.0107,0.2856,0.4680,0.6240,0.0139,0.0010,0.0269
475.6179,0.3569,0.1106,0.0122,0.4414,0.3667,0.7809,0.0062,0.0841,0.0330
380.3520,0.3860,0.1515,0.0079,0.0257,0.2626,0.7547,0.0010,0.0245,0.0896
431.4390,0.5477,0.1756,0.0121,0.3449,0.5647,0.7631,0.0001,0.0062,0.0310
525.7709,0.3351,0.2067,0.0034,0.4850,0.4464,0.7944,0.0127,0.0368,0.2060
365.1560,0.3769,0.1353,0.0076,0.2557,0.2461,0.7149,0.0112,0.0415,0.0522
596.8862,0.3867,0.1620,0.0069,0.4354,0.5285,0.6117,0.0080,0.0504,0.0732
534.0920,0.3180,0.1455,0.0125,0.0680,0.3713,0.4602,0.0067,0.0143,0.0123
504.5877,0.3949,0.1556,0.0169,0.4219,0.5839,0.7575,0.0112,0.0041,0.1764
406.7256,0.3641,0.1813,0.0219,0.4763,0.5304,0.7603,0.0038,0.1654,0.0133
480.2130,0.3014,0.1589,0.0017,0.0843,0.5065,0.7390,0.0006,0.0329,0.0324
582.3272,0.5258,0.2428,0.0146,0.4197,0.5822,0.7932,0.0105,0.0521,0.0759
417.9069,0.3159,0.2246,0.0128,0.1277,0.5319,0.6594,0.0019,0.0041,0.0493
541.1376,0.9448,0.2100,0.0085,0.4971,0.5798,0.7240,0.0068,0.1542,0.0504
422.5355,0.3511,0.1232,0.0317,0.3506,0.5854,0.7655,0.0169,0.0886,0.0042
551.8340,0.3274,0.1637,0.0211,0.3918,0.5776,0.7333,0.0024,0.0807,0.1478
424.7760,0.4169,0.0908,0.0098,0.3716,0.5628,0.7915,0.0009,0.0500,0.0437
452.2596,0.4133,0.1673,0.0166,0.4991,0.5632,0.6846,0.0096,0.0811,0.0648
490.2476,0.3177,0.1346,0.0266,0.3478,0.2899,0.6916,0.0030,0.0069,0.0296
406.2379,0.3951,0.0831,0.0163,0.0325,0.2072,0.7259,0.0045,0.0259,0.0180
521.3089,0.3268,0.0868,0.0049,0.2682,0.5792,0.7426,0.0086,0.0507,0.0030
472.6596,0.3194,0.2261,0.0037,0.4371,0.4354,0.7140,0.0068,0.1053,0.0466
442.9348,0.9272,0.2645,0.0056,0.4845,0.5970,0.6958,0.0075,0.0988,0.0286
348.4992,0.3893,0.1185,0.0023,0.1254,0.2722,0.6478,0.0109,0.0240,0.0679
572.8207,0.3339,0.2931,0.0091,0.4436,0.5852,0.6639,0.0099,0.0619,0.0637
585.9102,0.4647,0.1323,0.0074,0.4321,0.5888,0.6840,0.0064,0.1381,0.0037
481.4542,0.3407,0.1871,0.0119,0.1604,0.5989,0.7157,0.0138,0.0328,0.0356
547.3485,0.3314,0.1169,0.0128,0.4602,0.3389,0.7908,0.0158,0.0685,0.0238
518.8913,0.5009,0.1921,0.0024,0.4744,0.5578,0.7677,0.0120,0.2382,0.0072
573.0282,0.3115,0.1041,0.0340,0.4082,0.5653,0.7089,0.0102,0.0244,0.0284
550.4271,0.3126,0.1981,0.0168,0.3470,0.5295,0.7566,0.0132,0.0787,0.0827
453.2639,0.3688,0.2576,0.0183,0.3781,0.5668,0.6635,0.0067,0.0050,0.0108
358.0351,0.3873,0.1061,0.0199,0.0706,0.5916,0.7343,0.0155,0.0518,0.0101
429.9177,0.3309,0.1293,0.0024,0.1102,0.5732,0.5736,0.0125,0.0052,0.0093
307.5422,0.3983,0.1600,0.0194,0.4954,0.4133,0.7989,0.0024,0.0571,0.0412
555.3366,0.5753,0.2739,0.0037,0.3818,0.5845,0.7492,0.0159,0.0345,0.0002
480.0734,0.7608,0.2032,0.0048,0.4958,0.5774,0.5374,0.0049,0.0840,0.0392
550.6503,0.4596,0.2617,0.0200,0.4815,0.5817,0.6187,0.0038,0.0069,0.1105
504.2126,0.3072,0.1639,0.0284,0.0345,0.3303,0.4635,0.0080,0.0204,0.0044
460.8825,0.3261,0.1357,0.0111,0.3261,0.3594,0.7529,0.0176,0.1102,0.0037
523.4184,0.3200,0.2436,0.0100,0.4695,0.5262,0.7190,0.0170,0.0523,0.1101
297.7373,0.4192,0.1677,0.0014,0.1630,0.3392,0.7351,0.0035,0.0141,0.0777
448.8110,0.4965,0.2777,0.0117,0.4774,0.5408,0.7938,0.0136,0.0335,0.0386
403.2070,0.3746,0.1621,0.0299,0.1217,0.4365,0.7560,0.0049,0.0114,0.0112
474.4737,0.3855,0.1361,0.0056,0.4574,0.5451,0.7328,0.0041,0.1362,0.0959
536.9632,0.3481,0.2471,0.0014,0.3686,0.4692,0.7628,0.0011,0.0077,0.1297
569.6428,0.9734,0.1705,0.0082,0.4708,0.5492,0.6387,0.0033,0.0243,0.0531
496.3274,0.5619,0.1665,0.0012,0.4651,0.5227,0.7841,0.0053,0.0797,0.1027
571.1636,0.3108,0.1245,0.0193,0.1353,0.4130,0.7277,0.0194,0.0079,0.0231
596.6272,0.3654,0.2348,0.0303,0.4633,0.5005,0.7777,0.0121,0.0128,0.0770
595.5425,0.3015,0.1175,0.0021,0.0624,0.5544,0.6179,0.0067,0.0783,0.0259
588.2393,0.4309,0.2668,0.0051,0.4394,0.5247,0.7402,0.0058,0.1266,0.0198
427.6952,0.3909,0.1281,0.0040,0.3563,0.3648,0.7063,0.0088,0.0297,0.0338
542.0254,0.3280,0.1239,0.0172,0.0929,0.2331,0.7541,0.0031,0.0422,0.0057
520.7904,0.6676,0.2553,0.0105,0.4997,0.5470,0.6669,0.0026,0.0695,0.0746
377.6865,0.3420,0.1786,0.0163,0.2933,0.4770,0.6889,0.0073,0.0065,0.0690
341.3414,0.4437,0.1603,0.0082,0.2295,0.5866,0.7195,0.0031,0.0058,0.0638
558.0619,0.6266,0.1585,0.0123,0.4975,0.5280,0.6755,0.0165,0.0039,0.0535
541.5849,0.3140,0.1987,0.0124,0.2297,0.5484,0.7883,0.0054,0.1093,0.0420
543.1338,0.5037,0.1609,0.0238,0.4850,0.5839,0.6546,0.0046,0.0494,0.0719
413.1719,0.4531,0.1129,0.0078,0.4897,0.5388,0.7579,0.0129,0.0602,0.0322
512.1361,0.3061,0.2162,0.0064,0.4090,0.4966,0.7607,0.0021,0.2224,0.0387
392.2084,0.3700,0.1869,0.0249,0.4277,0.4247,0.7950,0.0107,0.0559,0.0240
326.8214,0.3938,0.1745,0.0028,0.1126,0.4088,0.7624,0.0190,0.0549,0.0269
440.5767,0.3334,0.1619,0.0413,0.3569,0.5786,0.6765,0.0005,0.0726,0.0052
573.8721,0.3216,0.2051,0.0027,0.4591,0.3871,0.5850,0.0004,0.0084,0.0340
534.7258,0.3562,0.1243,0.0061,0.4017,0.5864,0.7751,0.0151,0.0592,0.1649
382.6790,0.3490,0.1790,0.0069,0.2267,0.3426,0.7314,0.0147,0.0223,0.0868
562.7214,0.3037,0.1390,0.0314,0.4726,0.5981,0.7614,0.0051,0.1567,0.0982
470.1817,0.3344,0.2555,0.0095,0.4217,0.4766,0.7850,0.0035,0.1244,0.0184
588.4626,0.3469,0.1919,0.0080,0.3279,0.5769,0.6350,0.0164,0.0528,0.0416
445.1763,0.3555,0.1372,0.0073,0.0593,0.3208,0.5580,0.0134,0.0147,0.0508
513.7414,0.4208,0.1905,0.0212,0.3149,0.5232,0.7339,0.0044,0.0052,0.0028
440.2340,0.7013,0.2113,0.0063,0.4648,0.5793,0.6612,0.0116,0.0540,0.0355
579.6449,0.4854,0.2739,0.0339,0.4904,0.5513,0.7334,0.0070,0.0558,0.0078
497.7216,0.3262,0.1605,0.0086,0.2461,0.5020,0.7729,0.0022,0.0194,0.1946
337.1203,0.3693,0.1811,0.0028,0.0143,0.2061,0.7286,0.0039,0.0523,0.0583
570.2068,0.9543,0.1953,0.0162,0.4669,0.5424,0.7513,0.0008,0.0649,0.0130
392.5295,0.3089,0.2475,0.0353,0.4983,0.5307,0.7837,0.0036,0.0371,0.0293
577.4806,0.6384,0.1813,0.0083,0.4821,0.5755,0.6909,0.0108,0.0921,0.0981
547.8907,0.3966,0.1041,0.0029,0.4543,0.5710,0.7556,0.0013,0.0448,0.1531
552.5458,0.3748,0.1324,0.0263,0.4479,0.5480,0.7936,0.0153,0.0835,0.0401
486.7998,0.3426,0.1204,0.0320,0.4470,0.3440,0.7266,0.0048,0.0111,0.0023
353.6265,0.4136,0.1260,0.0057,0.3851,0.5021,0.7212,0.0195,0.0457,0.0205
490.6444,0.3663,0.2116,0.0023,0.3863,0.5089,0.7910,0.0119,0.1492,0.0403
561.7052,0.3309,0.1669,0.0049,0.4442,0.4659,0.6005,0.0072,0.0878,0.0173
440.8940,0.3626,0.1013,0.0065,0.2877,0.3807,0.6945,0.0126,0.0163,0.0488
332.6421,0.3469,0.1888,0.0216,0.3315,0.5615,0.7898,0.0003,0.0189,0.0174
393.8583,0.4173,0.1724,0.0068,0.1463,0.5149,0.7592,0.0095,0.0204,0.0008
545.5870,0.7063,0.2879,0.0014,0.4989,0.5505,0.4511,0.0020,0.0255,0.0448
415.0416,0.3123,0.2229,0.0135,0.2084,0.3871,0.7923,0.0066,0.0161,0.0413
413.4536,0.3853,0.1003,0.0056,0.4874,0.3107,0.7853,0.0099,0.0553,0.0230
572.0644,0.7945,0.2426,0.0042,0.4920,0.5961,0.6061,0.0040,0.2234,0.0297
587.4231,0.3223,0.1740,0.0160,0.3629,0.5760,0.7412,0.0189,0.0175,0.1582
405.7294,0.6063,0.1929,0.0079,0.4088,0.5563,0.7508,0.0099,0.0096,0.0294
371.7514,0.3545,0.1602,0.0255,0.1505,0.5497,0.7664,0.0142,0.0634,0.0274
499.9639,0.3981,0.1594,0.0102,0.4765,0.4596,0.6402,0.0160,0.0160,0.0161
566.4382,0.4328,0.2348,0.0127,0.4167,0.5103,0.6995,0.0007,0.0657,0.0257
535.6898,0.3370,0.2098,0.0226,0.4136,0.5972,0.6617,0.0176,0.0204,0.0855
522.9775,0.3212,0.1461,0.0134,0.0179,0.4852,0.3431,0.0018,0.0024,0.0631
572.8997,0.3845,0.1608,0.0198,0.4787,0.3901,0.7289,0.0030,0.0431,0.0123
540.3556,0.5282,0.2045,0.0067,0.4498,0.5692,0.8000,0.0021,0.0115,0.2376
370.4166,0.4595,0.2449,0.0096,0.4861,0.5664,0.7735,0.0177,0.0666,0.0157
437.4219,0.3546,0.2231,0.0020,0.4420,0.4979,0.7174,0.0085,0.0679,0.0981
363.3379,0.3580,0.1404,0.0126,0.0156,0.5356,0.6472,0.0198,0.0211,0.0123
417.9859,0.3639,0.1080,0.0236,0.1707,0.4473,0.7254,0.0060,0.0230,0.0628
514.7104,0.3325,0.0961,0.0106,0.4844,0.5735,0.7348,0.0100,0.1142,0.0413
452.0124,0.3143,0.2363,0.0087,0.3410,0.4370,0.7683,0.0145,0.0232,0.0777
599.2129,0.3184,0.2034,0.0232,0.3769,0.5314,0.7179,0.0055,0.0106,0.1302
351.0268,0.3788,0.1483,0.0032,0.2699,0.3730,0.6573,0.0020,0.0983,0.0237
564.3841,0.4697,0.1426,0.0025,0.3368,0.5951,0.7855,0.0150,0.0750,0.0159
389.6361,0.3240,0.2180,0.0286,0.4828,0.4592,0.7298,0.0066,0.0520,0.0107
437.7083,0.3756,0.1738,0.0260,0.4093,0.5334,0.6725,0.0113,0.0305,0.0120
432.6684,0.3350,0.1817,0.0070,0.0690,0.5849,0.7548,0.0073,0.0959,0.0437
439.7636,0.3803,0.1308,0.0129,0.3037,0.5470,0.7407,0.0170,0.0728,0.0214
518.5600,0.3312,0.1207,0.0087,0.0086,0.1234,0.6370,0.0079,0.0495,0.0404
535.4308,0.3159,0.1556,0.0482,0.4383,0.5548,0.7104,0.0023,0.0579,0.0399
453.4048,0.3318,0.1410,0.0046,0.4212,0.3576,0.7293,0.0012,0.0236,0.1690
388.0024,0.3678,0.1905,0.0011,0.4708,0.5568,0.6621,0.0158,0.0393,0.0948
563.6577,0.3438,0.1703,0.0229,0.4301,0.5665,0.7011,0.0122,0.1574,0.0007
314.7594,0.3821,0.1459,0.0117,0.0405,0.5948,0.7319,0.0070,0.0112,0.0353
460.9650,0.4033,0.1921,0.0159,0.4842,0.4857,0.7000,0.0028,0.0105,0.1096
351.2430,0.3931,0.0929,0.0123,0.4004,0.4253,0.7923,0.0101,0.0247,0.0156
591.1484,0.5413,0.2068,0.0058,0.4785,0.5109,0.5875,0.0148,0.0208,0.0506
517.4513,0.5056,0.1617,0.0033,0.4133,0.4601,0.7719,0.0095,0.0423,0.0113
511.1545,0.5770,0.2356,0.0172,0.4764,0.5979,0.7502,0.0066,0.0666,0.1197
491.9333,0.3192,0.1934,0.0066,0.0094,0.5426,0.6871,0.0134,0.0274,0.0104
567.0639,0.4614,0.2639,0.0071,0.4325,0.4623,0.7515,0.0090,0.0140,0.0120
593.6853,0.8947,0.2267,0.0022,0.4896,0.5623,0.7970,0.0054,0.0075,0.2471
545.8913,0.3072,0.1277,0.0077,0.2163,0.5680,0.6105,0.0147,0.0105,0.1005
427.3381,0.3368,0.1840,0.0236,0.4521,0.4871,0.7906,0.0140,0.0934,0.0631
485.2682,0.3657,0.1113,0.0034,0.3641,0.5803,0.7312,0.0019,0.2056,0.0034
420.4775,0.3789,0.1412,0.0177,0.1861,0.5270,0.7735,0.0043,0.0380,0.0669
354.8021,0.4068,0.2201,0.0077,0.3674,0.5425,0.7448,0.0060,0.0388,0.0442
552.8598,0.3521,0.2022,0.0014,0.4190,0.5747,0.5963,0.0050,0.1209,0.0728
319.9729,0.3867,0.1573,0.0165,0.4073,0.4812,0.7040,0.0141,0.0281,0.0092
346.8130,0.3600,0.2181,0.0196,0.0197,0.5856,0.4913,0.0053,0.0054,0.0086
598.6326,0.6027,0.1595,0.0037,0.4634,0.5907,0.4766,0.0061,0.0631,0.0200
362.6332,0.3841,0.1073,0.0068,0.0309,0.4524,0.6016,0.0104,0.0399,0.0408
435.0522,0.3669,0.2604,0.0084,0.4578,0.4142,0.7962,0.0018,0.0118,0.0727
499.1235,0.3619,0.1189,0.0125,0.3691,0.5965,0.7052,0.0037,0.1414,0.0218
588.0018,0.5687,0.2137,0.0035,0.4163,0.5026,0.7269,0.0088,0.0488,0.0143
383.3487,0.3951,0.1836,0.0052,0.4086,0.5797,0.7702,0.0005,0.0300,0.2134
542.0683,0.3630,0.1462,0.0091,0.4902,0.5340,0.7714,0.0145,0.1772,0.0780
336.1257,0.3684,0.1707,0.0195,0.0986,0.5018,0.7396,0.0098,0.0292,0.0421
315.8974,0.3986,0.1486,0.0097,0.1027,0.5398,0.5905,0.0117,0.0581,0.0273
418.5254,0.3347,0.1169,0.0153,0.4715,0.4497,0.7528,0.0034,0.0062,0.0181
570.3111,0.3078,0.1648,0.0345,0.3879,0.5223,0.7652,0.0044,0.0375,0.1245
500.6920,0.3187,0.1432,0.0075,0.0369,0.3961,0.7273,0.0040,0.1096,0.0174
443.6483,0.4077,0.1335,0.0094,0.3659,0.5857,0.6282,0.0017,0.0070,0.0818
528.4134,0.3049,0.1565,0.0023,0.3558,0.4614,0.6968,0.0086,0.2215,0.0041
479.4846,0.3246,0.2002,0.0233,0.3030,0.4715,0.6733,0.0046,0.0315,0.0238
404.1117,0.3723,0.1233,0.0206,0.3706,0.5144,0.7329,0.0200,0.0557,0.0066
364.0927,0.4313,0.1555,0.0107,0.4509,0.5698,0.6852,0.0001,0.0771,0.0462
432.0659,0.3921,0.1691,0.0300,0.4721,0.4781,0.7826,0.0073,0.0397,0.0569
269.5134,0.4632,0.1027,0.0095,0.0195,0.1845,0.7292,0.0052,0.0221,0.0634
540.0536,0.5656,0.1345,0.0283,0.4800,0.5885,0.7323,0.0033,0.0209,0.0467
558.5218,0.3112,0.1379,0.0045,0.2740,0.5395,0.6461,0.0090,0.0092,0.1593
426.1672,0.3495,0.1157,0.0018,0.0377,0.1276,0.7924,0.0160,0.0231,0.0635
470.4046,0.4783,0.2178,0.0112,0.4418,0.5214,0.6823,0.0016,0.0472,0.0408
495.5329,0.3328,0.1178,0.0064,0.1184,0.5209,0.4383,0.0116,0.0130,0.0115
529.5253,0.7081,0.1965,0.0142,0.5000,0.5946,0.6885,0.0177,0.1145,0.0436
508.2998,0.3047,0.1795,0.0095,0.4497,0.5613,0.7569,0.0078,0.0286,0.3004
544.4799,0.7600,0.1834,0.0027,0.4865,0.5094,0.6502,0.0008,0.0853,0.0262
366.5180,0.4004,0.1101,0.0032,0.0936,0.4284,0.7137,0.0058,0.0306,0.1133
441.4266,0.3357,0.1236,0.0078,0.1042,0.3763,0.7767,0.0155,0.0319,0.0424
428.1501,0.3266,0.2388,0.0168,0.2509,0.5824,0.7852,0.0181,0.0579,0.0070
555.9788,0.4122,0.2032,0.0055,0.4818,0.5678,0.7337,0.0190,0.1115,0.1402
590.8374,0.8183,0.1889,0.0253,0.4676,0.5970,0.7708,0.0090,0.0456,0.0603
455.0316,0.3761,0.1171,0.0039,0.2374,0.5576,0.7031,0.0014,0.0575,0.0912
546.7095,0.3466,0.2998,0.0305,0.4910,0.5903,0.6983,0.0025,0.0728,0.0177
448.1559,0.3287,0.1912,0.0098,0.3784,0.5821,0.6889,0.0117,0.1111,0.0740
580.3284,0.8423,0.2776,0.0109,0.4982,0.5896,0.4784,0.0078,0.0047,0.1208
599.4651,0.9220,0.2256,0.0047,0.4269,0.5702,0.6590,0.0107,0.0730,0.0043
431.3807,0.3537,0.1251,0.0219,0.4207,0.1944,0.7684,0.0025,0.0161,0.0364
525.1799,0.3155,0.1341,0.0246,0.1416,0.5364,0.6183,0.0124,0.0300,0.0198
583.9459,0.3001,0.1862,0.0143,0.0665,0.5108,0.7887,0.0111,0.0071,0.0129
435.8585,0.3097,0.2147,0.0058,0.1493,0.4165,0.6750,0.0089,0.0338,0.0174
576.7799,0.4073,0.2686,0.0414,0.4664,0.5801,0.7113,0.0086,0.0177,0.0230
391.4808,0.3462,0.1695,0.0032,0.2086,0.4908,0.6178,0.0142,0.0486,0.0547
498.3377,0.3365,0.1060,0.0016,0.0526,0.5941,0.7714,0.0056,0.1295,0.0080
560.7569,0.6820,0.2204,0.0116,0.4899,0.5702,0.7541,0.0048,0.0280,0.1907
491.1509,0.3936,0.2085,0.0047,0.4491,0.5007,0.6491,0.0066,0.0836,0.0351
551.3881,0.3216,0.1046,0.0169,0.0831,0.2571,0.6655,0.0046,0.0101,0.0373
393.1296,0.3958,0.0961,0.0024,0.0070,0.4228,0.5271,0.0108,0.0668,0.0449
473.3083,0.5043,0.2511,0.0056,0.4573,0.4688,0.7533,0.0087,0.0325,0.0098
457.2542,0.3134,0.1627,0.0049,0.3604,0.5252,0.7750,0.0026,0.1045,0.1350
266.6063,0.4318,0.1318,0.0038,0.0036,0.2253,0.7695,0.0045,0.0388,0.0442
574.5722,0.3399,0.1521,0.0255,0.1782,0.5944,0.7027,0.0045,0.0023,0.0195
425.4316,0.3701,0.0862,0.0084,0.0537,0.2978,0.7213,0.0143,0.0378,0.0031
399.7966,0.3606,0.1341,0.0360,0.0628,0.5710,0.7955,0.0199,0.0171,0.0170
368.5801,0.3571,0.1917,0.0011,0.0350,0.4325,0.6383,0.0080,0.1068,0.0171
344.6209,0.3645,0.1988,0.0184,0.1471,0.5430,0.7161,0.0159,0.0364,0.0055
381.8863,0.4212,0.1547,0.0101,0.3283,0.5277,0.6845,0.0139,0.0357,0.0059
430.5354,0.3060,0.2136,0.0225,0.2663,0.4055,0.7136,0.0122,0.0031,0.0047
467.1270,0.3475,0.1650,0.0199,0.3417,0.5812,0.6467,0.0069,0.0645,0.0407
503.9322,0.3480,0.1446,0.0179,0.2445,0.3471,0.6870,0.0040,0.0106,0.0131
395.4861,0.4602,0.1483,0.0017,0.4469,0.4707,0.7973,0.0079,0.0613,0.0884
592.8337,0.3772,0.1400,0.0099,0.4565,0.5929,0.6076,0.0024,0.1679,0.0129
365.3858,0.4292,0.1395,0.0089,0.0779,0.4818,0.7852,0.0039,0.0491,0.0026
416.9303,0.3573,0.2149,0.0187,0.3839,0.5910,0.7565,0.0057,0.0476,0.1073
558.3140,0.3335,0.1970,0.0294,0.3741,0.5831,0.7263,0.0112,0.0468,0.0725
471.3128,0.3250,0.1423,0.0287,0.0121,0.3236,0.7798,0.0191,0.0075,0.0411
495.9418,0.3708,0.1523,0.0122,0.4138,0.4212,0.7523,0.0000,0.0629,0.0819
544.5643,0.3022,0.1709,0.0057,0.0935,0.5801,0.3820,0.0041,0.0227,0.0066
570.4637,0.3288,0.2316,0.0088,0.4795,0.5031,0.5600,0.0154,0.0000,0.0326
530.8987,0.4518,0.2107,0.0204,0.4758,0.5433,0.7698,0.0036,0.0486,0.1352
495.4997,0.7457,0.2280,0.0034,0.4577,0.5765,0.7368,0.0136,0.0946,0.0386
407.7464,0.5024,0.1959,0.0106,0.4716,0.5803,0.6426,0.0140,0.0565,0.0093
509.4730,0.3414,0.1509,0.0054,0.3106,0.4816,0.7334,0.0166,0.0370,0.1042
494.1254,0.3147,0.2127,0.0084,0.1359,0.5862,0.5242,0.0028,0.0152,0.0196
464.7825,0.3645,0.1377,0.0435,0.4455,0.5050,0.7656,0.0016,0.0198,0.0542
450.4331,0.3260,0.1658,0.0039,0.0366,0.5950,0.6252,0.0136,0.0289,0.0887
340.3655,0.3906,0.1351,0.0213,0.4205,0.4424,0.7178,0.0016,0.0521,0.0179
552.1080,0.5500,0.2652,0.0152,0.4674,0.5291,0.6648,0.0037,0.0478,0.0161
448.0291,0.3845,0.1894,0.0292,0.4382,0.5234,0.7704,0.0077,0.0944,0.0109
521.3596,0.5800,0.2404,0.0025,0.4564,0.5828,0.7051,0.0155,0.0020,0.1650
391.4503,0.3332,0.2177,0.0104,0.2359,0.5694,0.7966,0.0148,0.0085,0.1268
325.8266,0.4528,0.1365,0.0143,0.3039,0.4916,0.7679,0.0156,0.0073,0.0078
529.4151,0.3254,0.1474,0.0110,0.3779,0.3294,0.7099,0.0156,0.0454,0.0140
361.7861,0.3698,0.1953,0.0060,0.3669,0.3791,0.7854,0.0183,0.0312,0.0565
581.8336,0.3109,0.1569,0.0204,0.4708,0.5258,0.6039,0.0142,0.0755,0.0023
491.2920,0.4721,0.1632,0.0087,0.4842,0.5793,0.7652,0.0072,0.1231,0.1298
266.7706,0.4230,0.1773,0.0113,0.0387,0.3351,0.6371,0.0038,0.0180,0.0275
533.7260,0.3034,0.1554,0.0175,0.2180,0.4425,0.7696,0.0192,0.0305,0.0848
398.3094,0.3807,0.1746,0.0044,0.3769,0.5624,0.7825,0.0045,0.1230,0.1201
322.0427,0.4130,0.1430,0.0033,0.2376,0.3292,0.7772,0.0026,0.0197,0.1164
424.5056,0.4889,0.2517,0.0129,0.4350,0.5660,0.7187,0.0128,0.0004,0.0372
354.2332,0.3845,0.1273,0.0055,0.1547,0.5791,0.6979,0.0146,0.1118,0.0329
546.7900,0.3153,0.2707,0.0085,0.4271,0.5162,0.7924,0.0166,0.0568,0.0886
592.6915,0.3026,0.1882,0.0052,0.4917,0.4831,0.6778,0.0017,0.1887,0.0885
431.9327,0.4454,0.1514,0.0091,0.4071,0.5679,0.6767,0.0133,0.0559,0.0223
416.9779,0.3225,0.1684,0.0209,0.4190,0.4810,0.6541,0.0051,0.0080,0.0136
386.0198,0.4764,0.2092,0.0034,0.4994,0.5993,0.7594,0.0076,0.1702,0.0641
469.1768,0.3069,0.1671,0.0114,0.4511,0.3180,0.7981,0.0040,0.1126,0.0468
445.6287,0.3983,0.1518,0.0023,0.3061,0.3671,0.7894,0.0098,0.0066,0.0745
306.5438,0.4486,0.1353,0.0095,0.1869,0.5805,0.7929,0.0033,0.0284,0.0679
466.9763,0.3372,0.2103,0.0182,0.3691,0.5027,0.7640,0.0063,0.0296,0.1095
565.4550,0.7418,0.2213,0.0057,0.4697,0.5407,0.5457,0.0155,0.0349,0.0096
508.1580,0.3578,0.2009,0.0288,0.3904,0.4793,0.7337,0.0118,0.0261,0.0087
504.6420,0.5108,0.1862,0.0134,0.3613,0.5797,0.6902,0.0031,0.0486,0.0042
388.9045,0.3873,0.0828,0.0018,0.1348,0.5129,0.7288,0.0129,0.0294,0.0194
556.5277,0.3014,0.1479,0.0131,0.3353,0.3834,0.7446,0.0019,0.0053,0.1796
407.0281,0.3617,0.1740,0.0089,0.1029,0.3465,0.6409,0.0130,0.0192,0.0235
347.1076,0.4067,0.1247,0.0218,0.0263,0.3455,0.3322,0.0034,0.0026,0.0353
313.6360,0.4092,0.1780,0.0036,0.4524,0.5582,0.7787,0.0136,0.1406,0.0021
597.1636,0.5155,0.2636,0.0126,0.4868,0.5775,0.7855,0.0068,0.0831,0.1603
496.2246,0.3142,0.2311,0.0012,0.3786,0.4050,0.6660,0.0006,0.0327,0.0704
577.5118,0.6576,0.1682,0.0245,0.4975,0.5514,0.7820,0.0060,0.1026,0.0142
570.1825,0.3609,0.1551,0.0047,0.4521,0.5808,0.7255,0.0160,0.0543,0.2153
530.6460,0.4184,0.1645,0.0190,0.4407,0.5272,0.6369,0.0029,0.0084,0.0653
404.1827,0.3409,0.1332,0.0430,0.3055,0.5886,0.7577,0.0009,0.0389,0.0068
570.3905,0.3823,0.2103,0.0297,0.4153,0.5384,0.6493,0.0038,0.0167,0.0299
443.9277,0.4632,0.1791,0.0042,0.3308,0.4767,0.7784,0.0024,0.0472,0.0179
479.2283,0.3596,0.1208,0.0163,0.2678,0.3626,0.7452,0.0040,0.0617,0.0055
543.7374,0.3740,0.2624,0.0174,0.4366,0.5231,0.7112,0.0008,0.0823,0.0178
509.6216,0.3758,0.1686,0.0339,0.3727,0.5634,0.7572,0.0026,0.0209,0.0800
376.3031,0.3476,0.2399,0.0130,0.1176,0.5923,0.7679,0.0014,0.0363,0.0118
343.1438,0.4166,0.0980,0.0154,0.4363,0.4831,0.7966,0.0082,0.0370,0.0313
458.4632,0.4242,0.1864,0.0125,0.4483,0.4278,0.7033,0.0158,0.0029,0.0063
356.7934,0.4194,0.1500,0.0018,0.0005,0.4504,0.6339,0.0070,0.0498,0.0171
480.9276,0.3255,0.1810,0.0169,0.0612,0.5276,0.5319,0.0013,0.0161,0.0315
470.7853,0.5570,0.1696,0.0037,0.4692,0.5687,0.6111,0.0022,0.0071,0.1271
543.8725,0.3386,0.1826,0.0021,0.4114,0.4720,0.7213,0.0137,0.0042,0.1831
570.7023,0.3119,0.1184,0.0113,0.0157,0.3612,0.5355,0.0069,0.0199,0.0549
508.4754,0.3805,0.1330,0.0054,0.4770,0.5150,0.6535,0.0084,0.0635,0.0675
484.9889,0.3314,0.1279,0.0013,0.2093,0.2159,0.7847,0.0167,0.0399,0.0878
593.7159,0.3888,0.1238,0.0184,0.4743,0.5861,0.6763,0.0102,0.0367,0.0856
333.2077,0.4424,0.1033,0.0021,0.1198,0.3363,0.7483,0.0111,0.0106,0.0546
574.0369,0.9464,0.2767,0.0064,0.4792,0.5604,0.7041,0.0119,0.0166,0.0984
443.7115,0.3148,0.2486,0.0075,0.4657,0.5642,0.6712,0.0105,0.1297,0.0055
558.4493,0.3680,0.1832,0.0089,0.3092,0.5243,0.7644,0.0096,0.0488,0.0652
479.0112,0.6990,0.2627,0.0149,0.4838,0.5935,0.5832,0.0005,0.0274,0.0696
471.4543,0.3813,0.1128,0.0098,0.0780,0.2804,0.6796,0.0001,0.0095,0.0126
280.1801,0.4379,0.1149,0.0315,0.2126,0.1176,0.7959,0.0020,0.0063,0.0050
517.9121,0.3240,0.1319,0.0196,0.4420,0.5916,0.7830,0.0014,0.1032,0.1938
386.0111,0.3559,0.1200,0.0085,0.1508,0.4595,0.7690,0.0174,0.0503,0.0054
455.3961,0.3194,0.1959,0.0110,0.2101,0.5102,0.5863,0.0021,0.0367,0.0501
292.2206,0.4179,0.1115,0.0076,0.0534,0.5890,0.7640,0.0104,0.0023,0.0501
483.4695,0.3460,0.2509,0.0178,0.4844,0.4798,0.7929,0.0199,0.0006,0.0920
487.7643,0.5197,0.2715,0.0161,0.4923,0.5883,0.7181,0.0107,0.0571,0.0738
585.3088,0.5990,0.2964,0.0016,0.4901,0.5168,0.6198,0.0076,0.0302,0.0578
516.5961,0.3214,0.1752,0.0038,0.3599,0.2760,0.7488,0.0088,0.0391,0.0622
373.5628,0.3632,0.1664,0.0073,0.3807,0.4155,0.6996,0.0073,0.0345,0.0835
576.9282,0.4412,0.2392,0.0222,0.4044,0.5294,0.7481,0.0121,0.0017,0.0266
512.3359,0.4189,0.1804,0.0017,0.4618,0.5945,0.5427,0.0119,0.0215,0.0975
351.6737,0.3859,0.1741,0.0138,0.2109,0.3414,0.7632,0.0087,0.0396,0.0247
377.1487,0.3512,0.1553,0.0305,0.0152,0.3523,0.6423,0.0117,0.0153,0.0164
428.0089,0.4195,0.1434,0.0179,0.4167,0.5415,0.7658,0.0094,0.1054,0.0105
588.7773,0.9652,0.2275,0.0090,0.4707,0.5954,0.5105,0.0149,0.0146,0.1031
379.4459,0.3730,0.1379,0.0235,0.0024,0.3120,0.7968,0.0029,0.0296,0.0839
536.7526,0.3870,0.1925,0.0227,0.3604,0.5564,0.7098,0.0074,0.0665,0.0081
356.4253,0.3779,0.1705,0.0094,0.0281,0.5668,0.5487,0.0040,0.0808,0.0271
501.9230,0.4079,0.1303,0.0015,0.4142,0.4907,0.7934,0.0131,0.0166,0.1426
409.2794,0.3512,0.2301,0.0127,0.4996,0.5447,0.7945,0.0019,0.1506,0.0854
523.1612,0.3248,0.2047,0.0190,0.4773,0.3785,0.7604,0.0108,0.0222,0.0745
250.3383,0.4391,0.1566,0.0087,0.0450,0.4568,0.7891,0.0188,0.0229,0.0062
380.7610,0.3593,0.1849,0.0060,0.1782,0.5009,0.7626,0.0055,0.1126,0.0421
389.2445,0.3390,0.2058,0.0032,0.1125,0.5573,0.4459,0.0042,0.0336,0.0008
538.3299,0.4361,0.2259,0.0019,0.3923,0.5884,0.7454,0.0098,0.1517,0.0410
410.8672,0.3879,0.1319,0.0171,0.0504,0.4370,0.4830,0.0019,0.0006,0.0246
590.8612,0.4874,0.1606,0.0075,0.4512,0.5573,0.7060,0.0142,0.0749,0.0766
555.9482,0.8689,0.1473,0.0154,0.4976,0.5906,0.7391,0.0042,0.0823,0.0414
324.9997,0.4042,0.1608,0.0036,0.0440,0.1918,0.7311,0.0011,0.1099,0.0184
564.2290,0.3769,0.2377,0.0036,0.4869,0.5540,0.7659,0.0037,0.1023,0.2259
439.9023,0.3046,0.1780,0.0020,0.2685,0.5308,0.6698,0.0164,0.0192,0.0125
401.4979,0.3513,0.1299,0.0055,0.3435,0.4567,0.7373,0.0018,0.0445,0.1113
566.5847,0.3986,0.2093,0.0255,0.4775,0.5922,0.7912,0.0197,0.0637,0.1334
506.7480,0.3356,0.1251,0.0031,0.1760,0.4708,0.6139,0.0093,0.0224,0.0773
486.7292,0.3740,0.1342,0.0065,0.3848,0.2620,0.7641,0.0158,0.0084,0.0025
529.5559,0.5959,0.1530,0.0060,0.4835,0.5559,0.7848,0.0029,0.1414,0.0668
487.6936,0.3102,0.1523,0.0417,0.3713,0.2854,0.7338,0.0011,0.0097,0.0250
403.6283,0.4068,0.0812,0.0068,0.0561,0.1179,0.6995,0.0014,0.0325,0.0161
449.7047,0.4223,0.1184,0.0012,0.4758,0.5119,0.7110,0.0064,0.0851,0.0533
473.0176,0.3378,0.1376,0.0102,0.2692,0.2050,0.7217,0.0023,0.0527,0.0344
534.4860,0.7380,0.2480,0.0193,0.4689,0.5887,0.7814,0.0050,0.1239,0.0118
329.2035,0.5558,0.1768,0.0024,0.4833,0.5801,0.7159,0.0056,0.0387,0.0632
498.9789,0.4440,0.2613,0.0113,0.4567,0.5594,0.7246,0.0150,0.0188,0.0820
477.5482,0.3157,0.1297,0.0167,0.0766,0.5684,0.7812,0.0037,0.0208,0.0288
392.4499,0.3652,0.2571,0.0040,0.4351,0.5738,0.6756,0.0170,0.0210,0.0332
355.1803,0.4636,0.1746,0.0059,0.3401,0.5273,0.6736,0.0054,0.0180,0.0086
552.6851,0.3431,0.1227,0.0120,0.3839,0.4970,0.6970,0.0043,0.0861,0.0438
358.4601,0.5945,0.2081,0.0160,0.4430,0.5904,0.7015,0.0007,0.0188,0.0188
461.7343,0.3336,0.1532,0.0204,0.3338,0.4655,0.7717,0.0157,0.0980,0.0353
547.9316,0.4740,0.2754,0.0107,0.4894,0.4934,0.6549,0.0019,0.0099,0.0568
337.9365,0.4910,0.1571,0.0043,0.3800,0.4702,0.7269,0.0029,0.0150,0.0229
446.0925,0.4807,0.2601,0.0206,0.4853,0.5345,0.7577,0.0105,0.0202,0.0318
300.3468,0.4268,0.1189,0.0170,0.1863,0.2361,0.6914,0.0004,0.0019,0.0532
431.1643,0.6474,0.2470,0.0094,0.4973,0.5744,0.6125,0.0087,0.0660,0.0096
440.3108,0.6884,0.1639,0.0073,0.5000,0.5007,0.7455,0.0122,0.0004,0.0442
475.3807,0.3726,0.1498,0.0151,0.4497,0.5300,0.6966,0.0022,0.1425,0.0264
405.8165,0.3834,0.1250,0.0390,0.0982,0.3882,0.7998,0.0018,0.0048,0.0115
400.6594,0.4081,0.1679,0.0018,0.4392,0.5701,0.6723,0.0192,0.0948,0.0275
568.4999,0.3169,0.1616,0.0037,0.1433,0.4116,0.6992,0.0163,0.0134,0.0377
433.6540,0.3753,0.0983,0.0023,0.1121,0.4348,0.6119,0.0035,0.0895,0.0102
490.9196,0.3136,0.1641,0.0129,0.4215,0.5552,0.6273,0.0113,0.0950,0.0490
400.8756,0.3691,0.1046,0.0111,0.3280,0.5335,0.7771,0.0085,0.0258,0.1242
547.7085,0.3037,0.2155,0.0018,0.3706,0.5457,0.7987,0.0100,0.0921,0.2015
422.6395,0.3286,0.1854,0.0363,0.0213,0.1412,0.4465,0.0005,0.0023,0.0191
304.8226,0.4044,0.1269,0.0105,0.4718,0.4118,0.7569,0.0043,0.0716,0.0101
428.9561,0.3397,0.1586,0.0176,0.1025,0.5014,0.6018,0.0107,0.0115,0.0716
370.5988,0.3666,0.1373,0.0084,0.3395,0.5919,0.7462,0.0090,0.0943,0.1032
492.9191,0.3445,0.0864,0.0019,0.0603,0.4467,0.6464,0.0169,0.0127,0.0199
566.2979,0.4211,0.1561,0.0022,0.3894,0.5577,0.5821,0.0000,0.0262,0.0863
535.5228,0.3473,0.1614,0.0155,0.3784,0.4882,0.7490,0.0182,0.0740,0.0381
514.5382,0.4146,0.2236,0.0118,0.3382,0.5520,0.6920,0.0013,0.0114,0.0502
442.4577,0.3479,0.1509,0.0227,0.0360,0.2540,0.5862,0.0103,0.0014,0.0348
521.0955,0.3207,0.1726,0.0208,0.2762,0.4163,0.7369,0.0048,0.0247,0.0684
369.2833,0.3637,0.1853,0.0151,0.4839,0.2766,0.7824,0.0013,0.0483,0.0402
472.8453,0.3255,0.2809,0.0249,0.4296,0.5982,0.7664,0.0003,0.1215,0.0013
465.8616,0.3683,0.1049,0.0186,0.1948,0.5444,0.7522,0.0100,0.0099,0.0455
599.2917,0.3497,0.1781,0.0396,0.4397,0.5741,0.7414,0.0140,0.0086,0.1016
375.0778,0.3290,0.2353,0.0013,0.3012,0.5976,0.7092,0.0092,0.0095,0.1195
552.5271,0.8213,0.2870,0.0098,0.4788,0.5838,0.7237,0.0176,0.0370,0.0631
348.9281,0.3853,0.1776,0.0093,0.1741,0.3510,0.7205,0.0027,0.0253,0.0592
587.2777,0.4152,0.2689,0.0141,0.4627,0.5506,0.7843,0.0077,0.1199,0.0568
480.4536,0.3390,0.1043,0.0226,0.0920,0.3592,0.7336,0.0066,0.0401,0.0162
389.5445,0.3775,0.2240,0.0097,0.4198,0.4007,0.7608,0.0126,0.0399,0.0002
327.7274,0.4082,0.1139,0.0180,0.1049,0.4161,0.7886,0.0172,0.0415,0.0368
437.7948,0.3416,0.1446,0.0132,0.4693,0.5765,0.5681,0.0079,0.0278,0.0027
387.3243,0.3605,0.1632,0.0066,0.0243,0.4170,0.4344,0.0068,0.0580,0.0602
410.5629,0.4374,0.1735,0.0229,0.4818,0.5363,0.7940,0.0110,0.0736,0.0522
514.8556,0.3219,0.1947,0.0159,0.4326,0.5781,0.7951,0.0040,0.2067,0.1039
373.0315,0.3917,0.1357,0.0022,0.0393,0.2384,0.5496,0.0030,0.1217,0.0058
398.1888,0.3242,0.2829,0.0163,0.4459,0.5776,0.6701,0.0035,0.0226,0.0002
319.4934,0.4397,0.0785,0.0121,0.0137,0.4998,0.6373,0.0068,0.0213,0.0415
500.0275,0.6209,0.2683,0.0062,0.4507,0.5445,0.7426,0.0139,0.0117,0.0466
483.8263,0.3379,0.1944,0.0285,0.4677,0.4992,0.7320,0.0018,0.1069,0.0393
326.3694,0.3779,0.1810,0.0091,0.4846,0.5951,0.7669,0.0058,0.0693,0.1235
574.9550,0.3193,0.0898,0.0061,0.2140,0.5320,0.7231,0.0028,0.0986,0.0040
412.7242,0.3268,0.2309,0.0011,0.1153,0.3574,0.7566,0.0023,0.0454,0.0481
526.6876,0.4252,0.1579,0.0111,0.4863,0.5410,0.6824,0.0032,0.1156,0.0758
456.7615,0.3368,0.1000,0.0228,0.2776,0.5878,0.7487,0.0047,0.0150,0.0168
471.2917,0.3342,0.1480,0.0130,0.1591,0.3792,0.6458,0.0010,0.0670,0.0393
347.5739,0.4008,0.1183,0.0182,0.2901,0.5313,0.6797,0.0140,0.0164,0.0144
419.1785,0.3403,0.1466,0.0035,0.4061,0.5852,0.7276,0.0060,0.1163,0.1461
547.1115,0.4259,0.1119,0.0148,0.3617,0.5377,0.7933,0.0070,0.0155,0.0230
512.4354,0.3493,0.1657,0.0154,0.1885,0.4667,0.7328,0.0101,0.0208,0.0127
345.7375,0.3960,0.1114,0.0336,0.0024,0.3864,0.6941,0.0157,0.0374,0.0085
405.6283,0.3669,0.1569,0.0074,0.2563,0.4112,0.7385,0.0120,0.0861,0.0292
451.2071,0.3540,0.1013,0.0131,0.2112,0.2340,0.7970,0.0171,0.0309,0.0336
389.5748,0.5357,0.2569,0.0077,0.4095,0.5887,0.7915,0.0169,0.0139,0.0151
498.7205,0.3131,0.1683,0.0206,0.0867,0.5316,0.7530,0.0067,0.0698,0.0338
366.5365,0.3641,0.1821,0.0046,0.0241,0.3179,0.6565,0.0167,0.0793,0.0097
423.8257,0.3712,0.1002,0.0110,0.0132,0.4144,0.6984,0.0004,0.0663,0.0618
344.8940,0.3897,0.1978,0.0038,0.1148,0.5680,0.5684,0.0061,0.0141,0.0187
271.5115,0.4412,0.1180,0.0064,0.0555,0.3609,0.7607,0.0108,0.0676,0.0266
446.1723,0.3231,0.2286,0.0212,0.4985,0.4706,0.7884,0.0188,0.0665,0.0521
307.0868,0.3814,0.1847,0.0139,0.1175,0.4809,0.7937,0.0131,0.0439,0.0293
571.3599,0.3541,0.1915,0.0027,0.4779,0.5073,0.7620,0.0077,0.2001,0.1053
466.4075,0.4040,0.1698,0.0115,0.4365,0.5906,0.7631,0.0173,0.0423,0.1524
586.3383,0.7887,0.2241,0.0019,0.4992,0.5786,0.4567,0.0139,0.0263,0.1226
543.1171,0.3167,0.1827,0.0282,0.3925,0.5191,0.7765,0.0178,0.0346,0.0969
577.6384,0.7146,0.2775,0.0080,0.4259,0.5988,0.6686,0.0070,0.0518,0.0428
431.5822,0.3839,0.2311,0.0142,0.3514,0.5268,0.6759,0.0028,0.0222,0.0131
398.1138,0.3892,0.1060,0.0051,0.0589,0.2894,0.5187,0.0045,0.0395,0.0503
582.8397,0.8508,0.2585,0.0151,0.4686,0.5723,0.7891,0.0127,0.0616,0.0419
404.5068,0.4023,0.1863,0.0355,0.4998,0.5046,0.7586,0.0105,0.0333,0.0150
561.3399,0.5568,0.2452,0.0072,0.4808,0.5392,0.7170,0.0027,0.0907,0.0999
531.1750,0.3023,0.2176,0.0104,0.2541,0.5681,0.6377,0.0132,0.0685,0.0148
414.2397,0.3506,0.1079,0.0175,0.3284,0.3401,0.7642,0.0044,0.0049,0.0295
387.2609,0.4913,0.1376,0.0053,0.4617,0.5239,0.7344,0.0162,0.0255,0.0401
399.7626,0.3532,0.1555,0.0058,0.2333,0.1267,0.6614,0.0005,0.0584,0.0211
441.6409,0.3003,0.2363,0.0032,0.1598,0.3025,0.7292,0.0152,0.0053,0.0016
591.9448,0.3150,0.1660,0.0039,0.4539,0.5425,0.7768,0.0144,0.0445,0.2961
383.5082,0.3591,0.1827,0.0135,0.3138,0.5860,0.6373,0.0103,0.0124,0.0679
507.9171,0.3223,0.2423,0.0151,0.4074,0.4989,0.7990,0.0099,0.0908,0.0598
465.2324,0.4110,0.1997,0.0033,0.3248,0.5146,0.7239,0.0083,0.0421,0.0398
516.9129,0.3827,0.1550,0.0308,0.4943,0.4102,0.7953,0.0100,0.0567,0.0026
591.6819,0.3360,0.2309,0.0273,0.4291,0.5783,0.6109,0.0053,0.0070,0.0764
444.2509,0.3443,0.1384,0.0254,0.3962,0.5803,0.7774,0.0115,0.0247,0.1523
594.4085,0.4038,0.2227,0.0133,0.4396,0.5341,0.7804,0.0035,0.1825,0.0256
478.8786,0.4704,0.1973,0.0073,0.4582,0.4505,0.7443,0.0149,0.0115,0.0433
544.9355,0.3317,0.1716,0.0070,0.3775,0.3985,0.7432,0.0001,0.1587,0.0124
531.3829,0.3233,0.1478,0.0361,0.3472,0.5880,0.6905,0.0066,0.0309,0.0647
557.9192,0.4402,0.1349,0.0144,0.4957,0.5615,0.7636,0.0193,0.0246,0.1274
579.6926,0.3797,0.2010,0.0058,0.4327,0.4337,0.7888,0.0172,0.0096,0.1056
542.9645,0.3391,0.1207,0.0033,0.4906,0.4767,0.5987,0.0025,0.0721,0.0104
434.9778,0.5154,0.1507,0.0046,0.4983,0.5909,0.6491,0.0081,0.0161,0.1335
436.0595,0.3397,0.1410,0.0104,0.0799,0.2421,0.7681,0.0092,0.0042,0.1122
593.4075,0.3325,0.1957,0.0113,0.2839,0.5021,0.6754,0.0012,0.0399,0.0444
577.9933,0.3044,0.1330,0.0021,0.1480,0.5811,0.5170,0.0194,0.0580,0.0038
458.1176,0.6578,0.2420,0.0172,0.4856,0.5532,0.6691,0.0090,0.0338,0.0120
368.5925,0.4071,0.0929,0.0058,0.0982,0.3141,0.6915,0.0196,0.0032,0.0434
553.1539,0.9981,0.2895,0.0011,0.4889,0.5982,0.7435,0.0185,0.0065,0.1772
509.7152,0.3060,0.1933,0.0130,0.4912,0.1811,0.7732,0.0163,0.0010,0.0112
494.3646,0.3230,0.1311,0.0038,0.0647,0.1356,0.4825,0.0031,0.0231,0.0321
476.7324,0.3551,0.1828,0.0088,0.1965,0.4880,0.6738,0.0086,0.0246,0.0217
531.5767,0.6923,0.1400,0.0049,0.4778,0.5961,0.7798,0.0180,0.0497,0.0781
315.9863,0.3911,0.1429,0.0262,0.1949,0.1579,0.7065,0.0086,0.0174,0.0002
496.6071,0.3764,0.1269,0.0251,0.4636,0.5669,0.7272,0.0080,0.0980,0.0230
359.5161,0.4155,0.2122,0.0200,0.4643,0.5760,0.7813,0.0003,0.0118,0.1289
421.4559,0.3480,0.1334,0.0053,0.0291,0.4977,0.7524,0.0099,0.0134,0.1145
428.3132,0.4720,0.2514,0.0023,0.4725,0.5889,0.6203,0.0077,0.0401,0.0680
448.5421,0.3107,0.2539,0.0154,0.4826,0.5196,0.7095,0.0109,0.0132,0.0923
517.8130,0.3809,0.2397,0.0132,0.3885,0.5452,0.6696,0.0006,0.0417,0.0507
344.3817,0.3727,0.1574,0.0230,0.0933,0.1156,0.7896,0.0162,0.0004,0.0661
430.7330,0.3416,0.1309,0.0179,0.4625,0.3319,0.7929,0.0119,0.0350,0.1001
414.0678,0.3626,0.1892,0.0062,0.4884,0.4442,0.7152,0.0036,0.0921,0.0695
502.2746,0.3353,0.1873,0.0220,0.3586,0.5943,0.7926,0.0033,0.0603,0.1641
568.3511,0.9138,0.2147,0.0112,0.4999,0.5552,0.4371,0.0159,0.0092,0.0211
504.4725,0.3108,0.1432,0.0014,0.4640,0.2811,0.7663,0.0057,0.0870,0.0999
434.3581,0.6193,0.1439,0.0024,0.4356,0.5514,0.7905,0.0128,0.0629,0.0103
564.5539,0.3254,0.1299,0.0170,0.4335,0.5691,0.6223,0.0046,0.0526,0.0744
585.3384,0.4070,0.2039,0.0035,0.4954,0.4567,0.6513,0.0018,0.0565,0.1013
537.3220,0.4430,0.1275,0.0068,0.4278,0.5310,0.7088,0.0165,0.0066,0.0567
569.5562,0.5398,0.1558,0.0130,0.4533,0.5971,0.7417,0.0151,0.0613,0.0868
286.8592,0.4712,0.1026,0.0041,0.4818,0.5383,0.7682,0.0045,0.0063,0.0295
439.5938,0.4154,0.1415,0.0213,0.4589,0.5562,0.6707,0.0075,0.0528,0.0119
474.7708,0.3118,0.1925,0.0112,0.3960,0.4418,0.6337,0.0089,0.0584,0.0260
502.5101,0.3957,0.2155,0.0056,0.3902,0.5662,0.6944,0.0008,0.1627,0.0181
472.6050,0.3385,0.1283,0.0020,0.0315,0.3904,0.3116,0.0104,0.0407,0.0450
408.8187,0.3635,0.1156,0.0086,0.4612,0.4848,0.6914,0.0142,0.0053,0.0824
587.0282,0.4508,0.2360,0.0310,0.4913,0.5544,0.7190,0.0106,0.0726,0.0399
497.9630,0.3126,0.1796,0.0040,0.0497,0.1764,0.7327,0.0019,0.0185,0.0993
599.5958,0.3414,0.2661,0.0043,0.4811,0.5938,0.6817,0.0071,0.1089,0.1762
484.1831,0.4738,0.1393,0.0064,0.4932,0.4872,0.7991,0.0030,0.0787,0.1016
553.6942,0.3282,0.2231,0.0079,0.4206,0.5647,0.7963,0.0120,0.2409,0.0312
355.7345,0.3919,0.1101,0.0087,0.4077,0.2938,0.7525,0.0039,0.0160,0.0806
342.1415,0.3891,0.1543,0.0208,0.0310,0.1400,0.6497,0.0003,0.0660,0.0283
493.7592,0.6473,0.1634,0.0020,0.4854,0.5957,0.7176,0.0063,0.1349,0.0963
309.6086,0.3810,0.1636,0.0092,0.0176,0.2112,0.6880,0.0183,0.0201,0.0162
581.4293,0.3365,0.1782,0.0019,0.2259,0.4818,0.7687,0.0155,0.0528,0.0270
513.6030,0.7897,0.2606,0.0140,0.4981,0.5660,0.7288,0.0059,0.1154,0.0209
349.6301,0.5152,0.2030,0.0063,0.4852,0.5403,0.7864,0.0040,0.0500,0.0847
520.7124,0.4082,0.2424,0.0092,0.4507,0.5992,0.7777,0.0159,0.0325,0.1864
426.9519,0.3134,0.2468,0.0047,0.4098,0.5497,0.7641,0.0136,0.0309,0.1515
518.5260,0.3388,0.1617,0.0267,0.1625,0.5833,0.7535,0.0122,0.0251,0.0054
283.8977,0.4067,0.1735,0.0031,0.0349,0.5862,0.4980,0.0167,0.0095,0.0562
456.2298,0.3615,0.1252,0.0161,0.0784,0.5911,0.7290,0.0071,0.0305,0.0517
367.4079,0.3711,0.1447,0.0146,0.0450,0.5150,0.3331,0.0049,0.0392,0.0138
574.4439,0.3793,0.1351,0.0082,0.3977,0.5373,0.7506,0.0053,0.0782,0.1055
398.7823,0.3524,0.1922,0.0226,0.1296,0.5811,0.5567,0.0059,0.0066,0.0034
320.2525,0.4118,0.1466,0.0020,0.3146,0.5031,0.5866,0.0039,0.0058,0.0177
453.6200,0.3182,0.2148,0.0123,0.3499,0.3055,0.7775,0.0008,0.0134,0.0929
499.5457,0.4138,0.1809,0.0466,0.4973,0.5476,0.7845,0.0067,0.0887,0.0000
582.4468,0.4221,0.2958,0.0099,0.4795,0.5332,0.5974,0.0084,0.0044,0.0456
372.4277,0.5377,0.1602,0.0036,0.4014,0.4304,0.7832,0.0063,0.0088,0.0017
490.1484,0.3484,0.2739,0.0201,0.4754,0.5713,0.7647,0.0104,0.0501,0.0838
517.2376,0.5002,0.1322,0.0156,0.4631,0.5746,0.6998,0.0025,0.0775,0.0299
371.7862,0.3620,0.1232,0.0098,0.0513,0.1522,0.6329,0.0060,0.0109,0.0228
454.9368,0.3265,0.1705,0.0173,0.4554,0.4917,0.7511,0.0082,0.1338,0.0736
597.2415,0.3127,0.2331,0.0109,0.4970,0.3964,0.7547,0.0025,0.1302,0.0347
547.3981,0.4169,0.1664,0.0219,0.4341,0.5085,0.7996,0.0011,0.1357,0.0157
334.2065,0.4209,0.1133,0.0040,0.0052,0.5272,0.3186,0.0089,0.0192,0.1023
394.0250,0.3812,0.1616,0.0152,0.1161,0.5241,0.6584,0.0198,0.0029,0.0101
539.9889,0.3029,0.1497,0.0036,0.2892,0.4018,0.6439,0.0038,0.1319,0.0199
582.6632,0.3503,0.2266,0.0070,0.3490,0.5698,0.7114,0.0191,0.0810,0.0335
514.2143,0.3067,0.1588,0.0177,0.4036,0.5109,0.6910,0.0123,0.0617,0.1037
552.1929,0.3467,0.2352,0.0143,0.4532,0.4602,0.6332,0.0070,0.0015,0.0371
521.4445,0.4205,0.2094,0.0026,0.4667,0.3909,0.7359,0.0138,0.0472,0.0017
587.1502,0.4736,0.1613,0.0062,0.3912,0.5980,0.6701,0.0091,0.0350,0.1021
460.4806,0.3732,0.1300,0.0316,0.3549,0.5344,0.7916,0.0071,0.0702,0.0195
500.6830,0.3566,0.1447,0.0247,0.2549,0.4542,0.7733,0.0058,0.0360,0.0210
548.4119,0.4825,0.2006,0.0051,0.4757,0.5821,0.5195,0.0005,0.0926,0.0607
534.9807,0.4608,0.2186,0.0081,0.3169,0.5761,0.7478,0.0079,0.0029,0.0413
475.0607,0.3329,0.1422,0.0353,0.4871,0.4620,0.6786,0.0111,0.0209,0.0013
572.9537,0.7747,0.2842,0.0104,0.4887,0.5435,0.7787,0.0117,0.0236,0.0779
410.8708,0.3701,0.2071,0.0066,0.2914,0.5578,0.7931,0.0001,0.0042,0.1749
363.0615,0.3941,0.1316,0.0211,0.2314,0.5107,0.7641,0.0096,0.0034,0.0849
564.8129,0.3029,0.2046,0.0419,0.4652,0.5500,0.7062,0.0155,0.0151,0.0722
477.9176,0.8691,0.2670,0.0205,0.4860,0.5766,0.6340,0.0009,0.0157,0.0373
492.1623,0.3274,0.1509,0.0112,0.1880,0.1165,0.7563,0.0137,0.0095,0.0316
341.6375,0.3733,0.1910,0.0062,0.0526,0.5764,0.6766,0.0102,0.0610,0.0339
473.1796,0.3767,0.1726,0.0078,0.4987,0.5519,0.6217,0.0014,0.0328,0.1449
586.9269,0.3047,0.1112,0.0094,0.2801,0.5136,0.7832,0.0184,0.1067,0.0502
417.3833,0.3877,0.1011,0.0075,0.0759,0.4682,0.5610,0.0158,0.0006,0.0279
596.1213,0.5667,0.1246,0.0239,0.4955,0.5693,0.7909,0.0112,0.0062,0.0531
375.8016,0.3589,0.1491,0.0040,0.0347,0.3031,0.4863,0.0180,0.0490,0.0281
556.6262,0.5870,0.2015,0.0123,0.4878,0.5528,0.7491,0.0198,0.0810,0.0633
323.0144,0.3985,0.1350,0.0152,0.0781,0.2961,0.7407,0.0082,0.0701,0.0436
518.6172,0.3730,0.1558,0.0123,0.2245,0.5247,0.7372,0.0081,0.0319,0.0190
543.8105,0.5214,0.2924,0.0361,0.4766,0.5759,0.7689,0.0035,0.0424,0.0017
454.5571,0.3588,0.2170,0.0221,0.4906,0.5702,0.6634,0.0076,0.1083,0.0049
574.3171,0.3229,0.1215,0.0302,0.4576,0.5726,0.7088,0.0143,0.0897,0.0125
533.1938,0.3340,0.1475,0.0056,0.1215,0.4718,0.7485,0.0147,0.0575,0.0135
490.5367,0.3366,0.1014,0.0180,0.4402,0.4928,0.6459,0.0111,0.0058,0.0000
325.2145,0.4179,0.1798,0.0082,0.2227,0.4864,0.7748,0.0008,0.0780,0.0128
401.2585,0.3460,0.1668,0.0164,0.2839,0.5961,0.7430,0.0088,0.0796,0.1011
433.1614,0.3494,0.1606,0.0201,0.0308,0.3722,0.5680,0.0038,0.0300,0.0319
332.2913,0.4606,0.1288,0.0019,0.3950,0.5243,0.7890,0.0111,0.0530,0.0597
244.7131,0.4920,0.1028,0.0070,0.0460,0.4615,0.7707,0.0026,0.0023,0.0420
523.3897,0.3112,0.1554,0.0236,0.2829,0.2959,0.6830,0.0112,0.0161,0.0032
367.5915,0.3569,0.2032,0.0186,0.4580,0.4121,0.7634,0.0128,0.0581,0.0095
475.7634,0.3523,0.0876,0.0095,0.4074,0.5925,0.7327,0.0001,0.0520,0.0872
581.3838,0.6709,0.2833,0.0069,0.4697,0.5727,0.4888,0.0086,0.0352,0.0239
346.8304,0.4216,0.1430,0.0087,0.2635,0.4720,0.6754,0.0071,0.0087,0.0403
445.7096,0.5065,0.1979,0.0016,0.4040,0.5970,0.7939,0.0122,0.0806,0.0995
364.5178,0.3760,0.1272,0.0110,0.3446,0.2219,0.7995,0.0151,0.0854,0.0172
597.0728,0.3667,0.1543,0.0027,0.4619,0.4436,0.6518,0.0031,0.0766,0.0610
495.2133,0.3542,0.0999,0.0053,0.0066,0.3270,0.6337,0.0084,0.0216,0.0506
566.1278,0.3740,0.1472,0.0168,0.3571,0.5513,0.6987,0.0104,0.0062,0.0830
420.3156,0.3359,0.1685,0.0141,0.0816,0.1161,0.5523,0.0047,0.0204,0.0282
317.6911,0.4032,0.1367,0.0077,0.4613,0.2760,0.7733,0.0104,0.0442,0.0278
440.4277,0.3581,0.1097,0.0090,0.0208,0.1913,0.3471,0.0045,0.0027,0.0900
552.4732,0.3378,0.1555,0.0253,0.4884,0.3503,0.7813,0.0064,0.0556,0.0321
586.8949,0.3976,0.2066,0.0074,0.4263,0.4881,0.7403,0.0097,0.0605,0.0819
383.9543,0.5713,0.1898,0.0118,0.4341,0.5946,0.6969,0.0009,0.0042,0.0832
460.4389,0.3165,0.1753,0.0325,0.3275,0.5496,0.6269,0.0064,0.0254,0.0292
560.2438,0.3154,0.1478,0.0065,0.1658,0.2761,0.7216,0.0078,0.0232,0.0476
424.4289,0.3538,0.1740,0.0030,0.3984,0.4537,0.6026,0.0173,0.0093,0.0186
521.4817,0.3386,0.1104,0.0015,0.3667,0.3539,0.6929,0.0026,0.0761,0.0324
473.2281,0.3021,0.2182,0.0056,0.4636,0.5357,0.7849,0.0020,0.0589,0.2776
505.8677,0.4758,0.1783,0.0012,0.4557,0.5465,0.7103,0.0086,0.0029,0.1988
295.8005,0.4252,0.1291,0.0135,0.1306,0.3501,0.7139,0.0144,0.0293,0.0259
361.6811,0.6117,0.1554,0.0071,0.4565,0.5846,0.7976,0.0010,0.1075,0.0248
487.9355,0.3402,0.2035,0.0493,0.4269,0.4518,0.7721,0.0008,0.0270,0.0009
537.1746,0.3898,0.1296,0.0322,0.4899,0.5740,0.7505,0.0031,0.0138,0.1276
415.6471,0.3721,0.1192,0.0128,0.1370,0.5411,0.6082,0.0046,0.0820,0.0091
528.0476,0.3374,0.2416,0.0020,0.4620,0.5659,0.4897,0.0038,0.0206,0.0051
564.7217,0.3590,0.1754,0.0211,0.4061,0.4915,0.7845,0.0039,0.0031,0.1544
459.9994,0.3883,0.1537,0.0177,0.4458,0.5450,0.7875,0.0111,0.1641,0.0196
325.3859,0.4300,0.0981,0.0210,0.0628,0.1294,0.6950,0.0015,0.0096,0.0488
533.6918,0.8298,0.1511,0.0139,0.4591,0.5958,0.5176,0.0034,0.0011,0.0004
502.1961,0.3441,0.1410,0.0177,0.3235,0.4853,0.6140,0.0027,0.0342,0.0176
514.1365,0.3627,0.1607,0.0459,0.4677,0.5931,0.7997,0.0082,0.0689,0.0745
343.9233,0.4092,0.1058,0.0030,0.2788,0.5162,0.7601,0.0026,0.0616,0.1031
460.6160,0.3392,0.1280,0.0076,0.2899,0.5697,0.6991,0.0136,0.0629,0.1106
357.5797,0.4066,0.1577,0.0143,0.1594,0.4171,0.6734,0.0013,0.0017,0.0439
487.3924,0.3112,0.1888,0.0046,0.1542,0.4980,0.4942,0.0070,0.0454,0.0052
496.5827,0.9206,0.2236,0.0073,0.4477,0.5910,0.7461,0.0125,0.0875,0.0065
531.6079,0.6239,0.2096,0.0148,0.4941,0.5577,0.6974,0.0025,0.0603,0.1149
569.3874,0.5064,0.2355,0.0021,0.4884,0.4883,0.6728,0.0157,0.0305,0.0757
571.8155,0.3113,0.1323,0.0151,0.2341,0.5159,0.7713,0.0142,0.1282,0.0056
598.5726,0.3089,0.1499,0.0222,0.4125,0.5892,0.7388,0.0181,0.1663,0.0341
439.1933,0.4504,0.1868,0.0166,0.4863,0.5099,0.7399,0.0069,0.0038,0.1170
511.2670,0.3399,0.1384,0.0057,0.1399,0.3351,0.6653,0.0153,0.0138,0.0242
475.1532,0.3673,0.1128,0.0037,0.4233,0.3955,0.7808,0.0096,0.0371,0.1041
408.4450,0.3327,0.1931,0.0065,0.4963,0.5946,0.5902,0.0149,0.0495,0.0178
587.9155,0.4099,0.2438,0.0016,0.4109,0.4396,0.6961,0.0006,0.0004,0.0616
427.0031,0.4064,0.1355,0.0058,0.2597,0.5750,0.7916,0.0049,0.1347,0.0179
525.3265,0.3091,0.1668,0.0309,0.4864,0.5134,0.6703,0.0013,0.0996,0.0400
484.2522,0.3964,0.1856,0.0085,0.4659,0.5962,0.6193,0.0036,0.1282,0.0617
327.4862,0.4025,0.1507,0.0069,0.0219,0.5585,0.6888,0.0148,0.0814,0.0209
402.1148,0.3378,0.1847,0.0060,0.0707,0.1930,0.4583,0.0105,0.0048,0.0251
541.4126,0.3080,0.1752,0.0097,0.1387,0.3836,0.7096,0.0009,0.0643,0.0394
348.6901,0.3498,0.1665,0.0017,0.1204,0.3084,0.7861,0.0030,0.0127,0.0338
557.8880,0.8531,0.2155,0.0062,0.4798,0.5845,0.7131,0.0038,0.0163,0.2061
574.1679,0.3006,0.1816,0.0069,0.4250,0.5525,0.6638,0.0059,0.1272,0.1360
534.4320,0.3529,0.1325,0.0034,0.4985,0.3766,0.7237,0.0112,0.1045,0.0171
259.6622,0.4348,0.1704,0.0123,0.0209,0.3247,0.7411,0.0053,0.0131,0.0276
521.3373,0.3288,0.1828,0.0162,0.4568,0.2468,0.7688,0.0045,0.0121,0.0302
369.0410,0.3719,0.1741,0.0196,0.2877,0.4452,0.7245,0.0016,0.0638,0.0276
470.4360,0.3308,0.2474,0.0122,0.4481,0.4525,0.7139,0.0077,0.0020,0.0770
310.1240,0.4327,0.1060,0.0162,0.0120,0.3741,0.6793,0.0019,0.0009,0.1075
520.8955,0.3153,0.1397,0.0073,0.3514,0.5582,0.7424,0.0071,0.1349,0.1382
385.4445,0.3688,0.1277,0.0207,0.0558,0.4305,0.7491,0.0119,0.0022,0.1062
333.9954,0.3955,0.2344,0.0046,0.4997,0.3834,0.7770,0.0186,0.0007,0.0040
397.2030,0.3864,0.1378,0.0175,0.4970,0.4274,0.6949,0.0075,0.0176,0.0283
404.6392,0.4366,0.1962,0.0028,0.4341,0.5399,0.7320,0.0089,0.0213,0.1325
507.5522,0.3115,0.1749,0.0115,0.4803,0.4956,0.7309,0.0160,0.1834,0.0374
386.0863,0.3469,0.1728,0.0272,0.0517,0.2339,0.6526,0.0030,0.0253,0.0319
567.1507,0.6103,0.2324,0.0041,0.4262,0.5272,0.7834,0.0004,0.0400,0.0887
577.4918,0.3196,0.1511,0.0314,0.2605,0.4352,0.7876,0.0119,0.0018,0.0325
357.0699,0.3793,0.1530,0.0163,0.2221,0.4714,0.7816,0.0172,0.0673,0.0313
359.3729,0.3842,0.2068,0.0015,0.0114,0.2866,0.5344,0.0020,0.0266,0.0125
592.9968,0.3634,0.1170,0.0038,0.2566,0.5798,0.6062,0.0006,0.0145,0.0378
529.6535,0.3116,0.1968,0.0064,0.3242,0.4118,0.7970,0.0153,0.0679,0.0827
342.7609,0.3962,0.1608,0.0099,0.4566,0.5457,0.7547,0.0092,0.0873,0.0681
466.5541,0.4383,0.1482,0.0277,0.4974,0.5164,0.7276,0.0032,0.0496,0.0366
377.1286,0.3653,0.1298,0.0110,0.1574,0.3455,0.7602,0.0086,0.0589,0.0499
543.2447,0.3506,0.2002,0.0103,0.4554,0.5855,0.6828,0.0018,0.0232,0.2522
435.0203,0.5244,0.2284,0.0090,0.4632,0.4811,0.7654,0.0076,0.0422,0.0139
495.9659,0.8197,0.2769,0.0416,0.4945,0.5959,0.7979,0.0053,0.0129,0.0064
495.9991,0.3223,0.1252,0.0089,0.3229,0.3323,0.5906,0.0009,0.0055,0.0054
297.1137,0.4302,0.1484,0.0245,0.0069,0.4013,0.5013,0.0050,0.0030,0.0300
421.2959,0.3363,0.1799,0.0098,0.0565,0.5762,0.6659,0.0093,0.0436,0.0757
428.5015,0.3934,0.0811,0.0128,0.4452,0.4790,0.7862,0.0083,0.0141,0.0094
555.4487,0.3071,0.1148,0.0241,0.2914,0.5267,0.7347,0.0099,0.1154,0.0001
345.6660,0.4518,0.0822,0.0055,0.0642,0.4686,0.7966,0.0048,0.0207,0.0180
556.7669,0.3370,0.1922,0.0054,0.4046,0.3418,0.6985,0.0022,0.0319,0.0391
582.0673,0.3061,0.2714,0.0268,0.4775,0.5681,0.7494,0.0066,0.0628,0.1069
474.3629,0.4961,0.2223,0.0193,0.4908,0.5625,0.6359,0.0020,0.0913,0.0128
476.7621,0.3244,0.1375,0.0048,0.2316,0.5979,0.7445,0.0080,0.0688,0.1522
576.4322,0.4591,0.1765,0.0032,0.4878,0.5919,0.7763,0.0106,0.0991,0.2520
569.5319,0.7777,0.1937,0.0198,0.4385,0.5586,0.7315,0.0006,0.0531,0.0007
569.9706,0.3556,0.1260,0.0171,0.4257,0.4697,0.7473,0.0133,0.0847,0.0042
576.6484,0.3136,0.2520,0.0121,0.3723,0.5192,0.6614,0.0025,0.0216,0.0733
483.9655,0.3691,0.1886,0.0107,0.4036,0.5424,0.7586,0.0177,0.1002,0.0628
464.1656,0.3520,0.1245,0.0015,0.0394,0.5254,0.4366,0.0017,0.0821,0.0404
544.9329,0.8835,0.2887,0.0101,0.4688,0.5649,0.5317,0.0019,0.0184,0.0281
426.2865,0.3316,0.2146,0.0288,0.1680,0.4963,0.7459,0.0048,0.0033,0.0273
526.9472,0.4340,0.2367,0.0040,0.4589,0.5249,0.6109,0.0025,0.0901,0.0281
596.1519,0.7171,0.2249,0.0093,0.4802,0.5455,0.6858,0.0057,0.0332,0.1249
547.1762,0.3329,0.2079,0.0137,0.4612,0.5787,0.7582,0.0157,0.1191,0.1411
509.9401,0.3355,0.1582,0.0079,0.0136,0.2917,0.3312,0.0060,0.0190,0.0042
471.6553,0.3457,0.2275,0.0021,0.1318,0.4568,0.7648,0.0004,0.0274,0.0016
555.4577,0.4422,0.2399,0.0408,0.4411,0.5403,0.7988,0.0021,0.0054,0.0402
311.0677,0.4189,0.1188,0.0225,0.3128,0.3785,0.7925,0.0100,0.0259,0.0200
544.0968,0.3084,0.1617,0.0097,0.3556,0.2653,0.7846,0.0134,0.0338,0.0697
412.4501,0.3577,0.1522,0.0125,0.0802,0.4663,0.6539,0.0016,0.0105,0.1151
462.8218,0.3333,0.1707,0.0058,0.4164,0.5574,0.5356,0.0030,0.0542,0.0055
478.1100,0.3653,0.1575,0.0026,0.3586,0.5005,0.7351,0.0067,0.0968,0.0987
376.0892,0.3777,0.1046,0.0054,0.1733,0.1447,0.6755,0.0018,0.0020,0.0395
316.0600,0.4471,0.1137,0.0130,0.1291,0.2011,0.7529,0.0120,0.0007,0.0144
526.7241,0.3431,0.2848,0.0130,0.3395,0.5781,0.7177,0.0144,0.0118,0.0037
352.7664,0.3806,0.1374,0.0020,0.1611,0.1956,0.7063,0.0008,0.0841,0.0500
579.6151,0.3266,0.1794,0.0324,0.4928,0.3594,0.7018,0.0037,0.0075,0.0078
330.4636,0.4170,0.1216,0.0059,0.1955,0.4455,0.7686,0.0115,0.0098,0.1041
459.3898,0.3593,0.0969,0.0067,0.0984,0.5741,0.7732,0.0157,0.0416,0.0581
596.7775,0.4949,0.2013,0.0181,0.4055,0.5150,0.7649,0.0059,0.0224,0.0333
492.4831,0.5609,0.2675,0.0111,0.4628,0.5737,0.5327,0.0058,0.0002,0.0156
381.5493,0.3213,0.2272,0.0133,0.3977,0.5687,0.6834,0.0047,0.0412,0.0232
538.8767,0.3073,0.1726,0.0141,0.2229,0.3087,0.7606,0.0055,0.0031,0.0891
430.8438,0.4139,0.1690,0.0070,0.4606,0.4309,0.7127,0.0013,0.0750,0.0381
591.9914,0.4079,0.2767,0.0020,0.3697,0.5834,0.7418,0.0032,0.0906,0.0494
461.5740,0.5740,0.1970,0.0196,0.4854,0.5020,0.7828,0.0036,0.0222,0.0583
388.4085,0.3612,0.1455,0.0196,0.2259,0.5754,0.7005,0.0144,0.0901,0.0138
510.0443,0.4004,0.2316,0.0243,0.4932,0.5812,0.7326,0.0070,0.0407,0.1419
516.8212,0.3297,0.1649,0.0084,0.4313,0.4453,0.6953,0.0091,0.0728,0.0872
373.3381,0.3713,0.1776,0.0027,0.3250,0.2471,0.7437,0.0070,0.0026,0.0795
591.7683,0.3703,0.2135,0.0110,0.4891,0.5273,0.6297,0.0138,0.0138,0.1357
455.1993,0.3275,0.1447,0.0064,0.0294,0.2110,0.6696,0.0024,0.0001,0.0982
531.2483,0.3769,0.1694,0.0029,0.2814,0.5218,0.7689,0.0125,0.0236,0.0881
542.2412,0.7654,0.2103,0.0029,0.4725,0.5941,0.7432,0.0071,0.1799,0.0619
428.4215,0.3681,0.1138,0.0101,0.0308,0.2145,0.4479,0.0028,0.0551,0.0413
552.9691,0.5076,0.1629,0.0143,0.3905,0.5924,0.7495,0.0015,0.1111,0.0183
551.4161,0.3128,0.2008,0.0029,0.1450,0.5649,0.6315,0.0086,0.0489,0.0181
579.4965,0.3530,0.2400,0.0213,0.4252,0.5970,0.6896,0.0107,0.0638,0.0812
397.3918,0.3359,0.2535,0.0068,0.4536,0.4970,0.6357,0.0004,0.0362,0.0028
494.4720,0.3456,0.1939,0.0054,0.2978,0.5994,0.7848,0.0195,0.1053,0.0718
479.1442,0.4315,0.2521,0.0171,0.4661,0.5528,0.7342,0.0186,0.0651,0.0076
470.8827,0.3182,0.1844,0.0011,0.0144,0.1323,0.6537,0.0056,0.0911,0.0336
488.5265,0.3213,0.1550,0.0277,0.2083,0.5258,0.6407,0.0043,0.0208,0.0561
443.5716,0.7500,0.2652,0.0122,0.4832,0.5822,0.7714,0.0086,0.0918,0.0104
411.8723,0.3330,0.1820,0.0165,0.1076,0.4673,0.7987,0.0042,0.0505,0.0698
573.9518,0.5121,0.2991,0.0024,0.4615,0.5702,0.5533,0.0090,0.0549,0.0213
531.1268,0.3185,0.1088,0.0386,0.3555,0.4384,0.7899,0.0006,0.0424,0.0446
389.9749,0.3942,0.1237,0.0038,0.0456,0.5895,0.7536,0.0019,0.0653,0.0809
505.9192,0.3259,0.1273,0.0174,0.2786,0.2117,0.7077,0.0062,0.0124,0.0295
499.2307,0.6079,0.2703,0.0153,0.4584,0.5304,0.7766,0.0121,0.0090,0.0142
544.2245,0.3575,0.1262,0.0088,0.4727,0.5738,0.6144,0.0183,0.0826,0.0018
529.2965,0.4095,0.1287,0.0203,0.4784,0.5337,0.7167,0.0001,0.1301,0.0005
350.2383,0.3905,0.1711,0.0026,0.2980,0.5435,0.7160,0.0121,0.0004,0.1296
472.1987,0.3266,0.1384,0.0223,0.1824,0.4461,0.6274,0.0029,0.0616,0.0171
489.3700,0.3112,0.2402,0.0102,0.1588,0.4266,0.7663,0.0139,0.0026,0.0030
405.3577,0.3893,0.2273,0.0450,0.4765,0.5705,0.7928,0.0136,0.0208,0.0036
368.1367,0.3749,0.1191,0.0286,0.0325,0.4922,0.7639,0.0166,0.0196,0.0345
398.2369,0.3405,0.1690,0.0367,0.4135,0.4563,0.7596,0.0102,0.0154,0.0604
374.0828,0.3329,0.2364,0.0037,0.4423,0.5636,0.6669,0.0021,0.1038,0.0239
392.8233,0.6832,0.2415,0.0012,0.4530,0.5797,0.6881,0.0198,0.0106,0.0217
576.5694,0.3615,0.1196,0.0229,0.3295,0.4642,0.7234,0.0054,0.0028,0.0068
468.8399,0.3379,0.1450,0.0046,0.3188,0.5204,0.7029,0.0167,0.1689,0.0002
384.5943,0.3658,0.1655,0.0297,0.3113,0.5087,0.7087,0.0069,0.0459,0.0124
591.0378,0.3020,0.1211,0.0192,0.4462,0.5321,0.7428,0.0113,0.0473,0.1506
511.0440,0.4687,0.1343,0.0047,0.4426,0.5724,0.5951,0.0095,0.0014,0.0559
523.3314,0.5110,0.2136,0.0073,0.4827,0.4632,0.6884,0.0137,0.0063,0.0418
338.0346,0.3928,0.1251,0.0350,0.0161,0.1172,0.4533,0.0182,0.0112,0.0099
568.7503,0.3603,0.2209,0.0179,0.4858,0.5673,0.7885,0.0058,0.1958,0.0944
448.7263,0.3374,0.1838,0.0117,0.4749,0.3548,0.7620,0.0169,0.0626,0.0435
378.6132,0.3841,0.1381,0.0092,0.4171,0.5541,0.5776,0.0022,0.0009,0.0203
540.5624,0.3105,0.2316,0.0432,0.3845,0.5556,0.7481,0.0159,0.0189,0.0115
366.8908,0.3812,0.1542,0.0096,0.1763,0.5726,0.6488,0.0124,0.0648,0.0277
434.3007,0.3750,0.1822,0.0050,0.3750,0.5478,0.7197,0.0009,0.0367,0.1720
457.5667,0.3470,0.1190,0.0081,0.1980,0.5355,0.5378,0.0196,0.0143,0.0045
540.2450,0.3316,0.1657,0.0183,0.4829,0.5982,0.5782,0.0044,0.0565,0.0795
463.2706,0.3090,0.1776,0.0087,0.4259,0.5847,0.7889,0.0076,0.1781,0.1359
560.4741,0.4491,0.1525,0.0055,0.4724,0.5132,0.7917,0.0174,0.0297,0.1462
436.4144,0.3119,0.2227,0.0039,0.2480,0.5194,0.7604,0.0049,0.1400,0.0405
524.2943,0.3142,0.1302,0.0264,0.0376,0.1552,0.7702,0.0061,0.0509,0.0076
595.9621,0.3386,0.2171,0.0202,0.3072,0.5730,0.7193,0.0031,0.0559,0.0392
436.8558,0.3308,0.1468,0.0195,0.0722,0.3325,0.7867,0.0073,0.0167,0.0577
521.4995,0.8458,0.2588,0.0065,0.4702,0.5615,0.5503,0.0035,0.0390,0.0362
378.7387,0.3617,0.1962,0.0340,0.4499,0.5964,0.7476,0.0175,0.0384,0.0225
384.4143,0.3447,0.2314,0.0041,0.3374,0.4888,0.6637,0.0134,0.0084,0.0361
505.1976,0.3381,0.2951,0.0058,0.4307,0.5764,0.7568,0.0067,0.0752,0.0782
456.9861,0.3088,0.1545,0.0015,0.2697,0.4381,0.7229,0.0087,0.0592,0.0198
510.8636,0.4473,0.2002,0.0295,0.4087,0.5522,0.7924,0.0104,0.0388,0.0219
521.9284,0.3109,0.1734,0.0118,0.1754,0.1723,0.6435,0.0004,0.0147,0.0146
368.3412,0.3525,0.1841,0.0053,0.0693,0.5348,0.5628,0.0031,0.0571,0.0382
443.3998,0.3601,0.1483,0.0098,0.3883,0.4949,0.7432,0.0146,0.0289,0.1280
595.3702,0.3881,0.1894,0.0044,0.4631,0.5405,0.7441,0.0004,0.1759,0.1445
391.1465,0.4147,0.0942,0.0096,0.0614,0.3850,0.6826,0.0077,0.0050,0.0295
556.3886,0.4022,0.2714,0.0077,0.3986,0.5702,0.7336,0.0155,0.0087,0.0817
428.1232,0.3300,0.1564,0.0028,0.4390,0.2435,0.7589,0.0138,0.0191,0.0971
515.6240,0.3160,0.1488,0.0127,0.2576,0.5841,0.5076,0.0048,0.0406,0.0080
345.2885,0.3857,0.1320,0.0078,0.0700,0.2090,0.7614,0.0181,0.0163,0.0980
516.4798,0.3233,0.1970,0.0091,0.4952,0.5429,0.7151,0.0116,0.2453,0.0179
299.5142,0.4153,0.1177,0.0034,0.2732,0.4775,0.6597,0.0047,0.0283,0.0138
495.6460,0.3826,0.1600,0.0095,0.4400,0.5077,0.6987,0.0061,0.1102,0.0511
570.3174,0.8024,0.1716,0.0027,0.4969,0.5636,0.5941,0.0031,0.0173,0.1627
577.3701,0.3964,0.1576,0.0197,0.4525,0.5929,0.6624,0.0131,0.1400,0.0021
525.7956,0.4931,0.2392,0.0017,0.4981,0.5113,0.7638,0.0166,0.0641,0.1144
358.7190,0.4299,0.1984,0.0107,0.4407,0.4994,0.7393,0.0034,0.0090,0.0811
424.0108,0.3555,0.1548,0.0146,0.0058,0.5772,0.7712,0.0067,0.0079,0.0844
547.7815,0.6381,0.2679,0.0160,0.4881,0.5962,0.5985,0.0048,0.0373,0.1026
510.2365,0.3245,0.1742,0.0012,0.3391,0.4593,0.7811,0.0121,0.1362,0.0888
445.9326,0.3169,0.2832,0.0061,0.4903,0.5553,0.6890,0.0128,0.0077,0.0888
588.0093,0.8883,0.2206,0.0337,0.4647,0.5912,0.6169,0.0087,0.0083,0.0113
551.5656,0.3355,0.1338,0.0286,0.2381,0.5850,0.6804,0.0114,0.0114,0.0191
566.8397,0.3281,0.1161,0.0375,0.3029,0.5820,0.7639,0.0070,0.0078,0.0547
407.8569,0.3519,0.1723,0.0237,0.4376,0.5898,0.7355,0.0124,0.0115,0.1399
400.5728,0.6678,0.1590,0.0069,0.4879,0.5605,0.7725,0.0024,0.1314,0.0036
381.7723,0.5035,0.2493,0.0181,0.4967,0.5855,0.7993,0.0004,0.1142,0.0234
513.1038,0.3435,0.2052,0.0256,0.4715,0.5922,0.6549,0.0057,0.0296,0.1232
596.9871,0.3298,0.2720,0.0134,0.4888,0.4811,0.7178,0.0090,0.0953,0.0257
526.1052,0.7469,0.2838,0.0202,0.4480,0.5972,0.5799,0.0020,0.0023,0.0190
451.6237,0.3559,0.1113,0.0173,0.0651,0.2897,0.4799,0.0096,0.0145,0.0104
353.4150,0.4268,0.1337,0.0037,0.4838,0.4619,0.7924,0.0141,0.0906,0.0452
467.2362,0.5013,0.2043,0.0081,0.3740,0.5869,0.6768,0.0092,0.0175,0.0467
416.1452,0.3336,0.1697,0.0119,0.0043,0.2404,0.6852,0.0094,0.0367,0.0431
504.9383,0.3251,0.2244,0.0125,0.3663,0.4804,0.7583,0.0002,0.0737,0.0874
484.3503,0.3201,0.1785,0.0424,0.2739,0.4319,0.7440,0.0014,0.0323,0.0110
501.8636,0.3169,0.1451,0.0170,0.4404,0.2942,0.7846,0.0076,0.0839,0.0553
592.9446,0.4881,0.2262,0.0211,0.4858,0.5752,0.7611,0.0040,0.2141,0.0159
435.2618,0.4127,0.1280,0.0269,0.3360,0.5675,0.7771,0.0047,0.0086,0.0586
539.9858,0.4355,0.1606,0.0163,0.4201,0.5442,0.6903,0.0197,0.0096,0.0419
490.4030,0.3873,0.2346,0.0042,0.4831,0.4241,0.7079,0.0168,0.0245,0.0286
561.9452,0.3342,0.1592,0.0014,0.4101,0.5062,0.6484,0.0015,0.0390,0.1763
375.8726,0.4293,0.1078,0.0067,0.4951,0.4113,0.7612,0.0134,0.0131,0.0290
424.2333,0.3031,0.2916,0.0138,0.4332,0.5257,0.7907,0.0105,0.0281,0.0553
364.6885,0.3869,0.1427,0.0055,0.0529,0.5604,0.3126,0.0018,0.0525,0.0021
458.8936,0.3527,0.1622,0.0070,0.0707,0.4843,0.7008,0.0090,0.0277,0.0440
566.2129,0.6876,0.1708,0.0066,0.4342,0.5710,0.7360,0.0184,0.0640,0.0085
573.5919,0.3690,0.1526,0.0232,0.3897,0.5378,0.7691,0.0084,0.0931,0.0363
445.2336,0.3151,0.1725,0.0109,0.2049,0.4194,0.7829,0.0131,0.0722,0.0332
500.4131,0.3737,0.1055,0.0026,0.2622,0.5413,0.7050,0.0020,0.0387,0.0725
438.1572,0.3552,0.2152,0.0046,0.4080,0.4733,0.7961,0.0028,0.0965,0.1114
395.1112,0.3441,0.1787,0.0312,0.0090,0.5702,0.6963,0.0032,0.0561,0.0131
486.7371,0.4594,0.1491,0.0159,0.4699,0.5874,0.7553,0.0012,0.0920,0.1215
581.5535,0.4963,0.1326,0.0059,0.4736,0.5661,0.6574,0.0113,0.1029,0.0145
449.4938,0.3381,0.1646,0.0167,0.3867,0.3375,0.7198,0.0117,0.0014,0.0663
341.1807,0.4020,0.1329,0.0115,0.0077,0.1854,0.6234,0.0034,0.0633,0.0711
587.4176,0.6825,0.2914,0.0194,0.4804,0.5956,0.6608,0.0108,0.0828,0.0201
514.0181,0.3334,0.1040,0.0079,0.3957,0.3632,0.7786,0.0161,0.0127,0.0923
552.3940,0.3857,0.2741,0.0115,0.4614,0.5625,0.5962,0.0008,0.0743,0.0245
347.0752,0.5063,0.2089,0.0152,0.4775,0.5350,0.7680,0.0021,0.0457,0.0274
289.6417,0.3902,0.1843,0.0027,0.2061,0.1752,0.7948,0.0046,0.0497,0.0113
464.2563,0.9736,0.2441,0.0031,0.4826,0.5586,0.7518,0.0016,0.1124,0.0287
457.5866,0.5704,0.2574,0.0198,0.4665,0.5919,0.6912,0.0116,0.0447,0.0106
350.7447,0.3742,0.1719,0.0067,0.3608,0.5988,0.6073,0.0068,0.0660,0.0089
446.9390,0.3816,0.1917,0.0082,0.1817,0.5606,0.7866,0.0153,0.0191,0.0184
599.7963,0.3038,0.1803,0.0198,0.4735,0.4290,0.7967,0.0007,0.1157,0.1294
389.4796,0.3413,0.2262,0.0267,0.3860,0.4814,0.7839,0.0022,0.0843,0.0055
420.6294,0.3649,0.1119,0.0275,0.0237,0.3236,0.5733,0.0122,0.0392,0.0051
394.9857,0.3669,0.1245,0.0063,0.1084,0.5510,0.6162,0.0166,0.0186,0.1003
432.3605,0.3304,0.2048,0.0028,0.0349,0.3752,0.6815,0.0013,0.0685,0.0358
300.6777,0.4364,0.1071,0.0109,0.0895,0.4819,0.5622,0.0072,0.0176,0.0371
475.0123,0.3275,0.2470,0.0145,0.4033,0.5915,0.5967,0.0026,0.0182,0.0485
365.1016,0.4397,0.1087,0.0011,0.3501,0.4537,0.7644,0.0022,0.0992,0.0087
483.3173,0.5321,0.2886,0.0093,0.4912,0.5787,0.7087,0.0171,0.0272,0.0707
263.2182,0.4549,0.1495,0.0069,0.1804,0.3165,0.7750,0.0069,0.0090,0.0220
454.4709,0.3094,0.1971,0.0216,0.3734,0.2698,0.7431,0.0027,0.0079,0.0666
487.5937,0.3558,0.2640,0.0106,0.4989,0.5036,0.7911,0.0135,0.0458,0.1089
549.7999,0.3030,0.1563,0.0150,0.3173,0.5947,0.7309,0.0005,0.2341,0.0368
585.1665,0.4132,0.2431,0.0255,0.4875,0.5414,0.5790,0.0053,0.0169,0.0322
396.3534,0.3840,0.1439,0.0330,0.2453,0.5371,0.7980,0.0125,0.0472,0.0001
515.6534,0.3099,0.1788,0.0166,0.2128,0.5354,0.5925,0.0057,0.0666,0.0091
374.3950,0.3531,0.1641,0.0254,0.0436,0.1731,0.6690,0.0079,0.0058,0.0461
276.8230,0.4268,0.1540,0.0106,0.0326,0.1194,0.6931,0.0109,0.0533,0.0136
590.9480,0.9274,0.1496,0.0120,0.4962,0.5714,0.5511,0.0074,0.0363,0.0230
454.0308,0.3340,0.1176,0.0019,0.4477,0.5830,0.7695,0.0050,0.1495,0.1033
502.0071,0.3073,0.2578,0.0069,0.3509,0.4314,0.6770,0.0095,0.0154,0.0140
499.0571,0.7084,0.2525,0.0097,0.4702,0.5692,0.5933,0.0066,0.0574,0.0168
413.4804,0.3776,0.2051,0.0157,0.2993,0.5173,0.7588,0.0032,0.0167,0.0721
362.2097,0.4085,0.1570,0.0120,0.2391,0.5639,0.7907,0.0065,0.0179,0.1037
435.4662,0.3914,0.1753,0.0012,0.3122,0.5867,0.6111,0.0150,0.0460,0.0270
566.9064,0.4664,0.2408,0.0029,0.4685,0.5020,0.6996,0.0048,0.1128,0.0465
573.7499,0.7604,0.2549,0.0195,0.4807,0.5314,0.7444,0.0148,0.0299,0.0017
391.8714,0.4367,0.1307,0.0048,0.3622,0.3876,0.7960,0.0003,0.0221,0.0818
562.1493,0.3132,0.2066,0.0263,0.4417,0.5251,0.7247,0.0186,0.0015,0.1196
470.5152,0.3705,0.1160,0.0230,0.4752,0.5230,0.6480,0.0045,0.0207,0.0030
310.0380,0.3930,0.2227,0.0024,0.0314,0.5390,0.6203,0.0053,0.0198,0.0006
427.1404,0.3291,0.1919,0.0195,0.4178,0.4489,0.7074,0.0198,0.0423,0.0222
378.2166,0.4005,0.1408,0.0131,0.4798,0.5767,0.6897,0.0163,0.0666,0.0179
493.0681,0.3431,0.1372,0.0203,0.2116,0.2089,0.7981,0.0106,0.0065,0.0174
506.2314,0.3604,0.1800,0.0086,0.2393,0.5711,0.7218,0.0038,0.1019,0.0159
410.4060,0.3533,0.1253,0.0078,0.3813,0.3267,0.7852,0.0059,0.1400,0.0213
593.4566,0.5743,0.1618,0.0083,0.4720,0.5053,0.7645,0.0131,0.0105,0.0863
552.9888,0.3570,0.1786,0.0048,0.4455,0.3649,0.6672,0.0088,0.0147,0.0310
513.4182,0.3211,0.1296,0.0023,0.3803,0.5642,0.7349,0.0141,0.0670,0.1952
464.9636,0.4948,0.1731,0.0071,0.3881,0.5183,0.7785,0.0152,0.0106,0.0510
558.8643,0.6144,0.1949,0.0072,0.4636,0.5951,0.7793,0.0098,0.1590,0.0810
566.6902,0.3058,0.1869,0.0118,0.3297,0.5386,0.5626,0.0129,0.0453,0.0081
367.9404,0.3384,0.2638,0.0296,0.4055,0.5481,0.7522,0.0003,0.0018,0.0210
499.7222,0.3477,0.1427,0.0090,0.2782,0.3707,0.7468,0.0076,0.0223,0.0764
374.5757,0.3913,0.1144,0.0266,0.0947,0.5155,0.6206,0.0019,0.0477,0.0101
342.3283,0.4281,0.0997,0.0049,0.0232,0.2266,0.5778,0.0063,0.0070,0.0908
543.4613,0.5602,0.2691,0.0089,0.4316,0.5687,0.7998,0.0037,0.0956,0.0394
525.9986,0.3051,0.1339,0.0080,0.3062,0.2788,0.7112,0.0130,0.0001,0.0648
364.9271,0.3467,0.2092,0.0030,0.4501,0.4127,0.7919,0.0109,0.0706,0.0980
432.3095,0.3651,0.1273,0.0106,0.0075,0.4529,0.6118,0.0019,0.0237,0.0976
588.9227,0.5145,0.1626,0.0029,0.4920,0.5348,0.5353,0.0072,0.0033,0.0936
380.5496,0.3506,0.1930,0.0033,0.2064,0.4625,0.6895,0.0007,0.0137,0.1375
501.7535,0.7218,0.1952,0.0076,0.4357,0.5594,0.7670,0.0053,0.0007,0.0992
522.9223,0.3404,0.1809,0.0155,0.3883,0.5887,0.6751,0.0153,0.1422,0.0069
374.3138,0.3427,0.2114,0.0142,0.0085,0.1571,0.7377,0.0086,0.0501,0.0072
518.0231,0.5193,0.2332,0.0084,0.4750,0.5776,0.5634,0.0049,0.1148,0.0073
325.5691,0.3924,0.1526,0.0063,0.0705,0.2790,0.7825,0.0051,0.0637,0.0901
549.9309,0.3357,0.2608,0.0116,0.2637,0.5920,0.7986,0.0142,0.0267,0.0118
453.7600,0.3457,0.1954,0.0132,0.4829,0.5044,0.6370,0.0057,0.0959,0.0070
458.8007,0.3215,0.1562,0.0320,0.0115,0.5583,0.7898,0.0106,0.0304,0.0110
388.0823,0.8064,0.1993,0.0062,0.4533,0.5738,0.7808,0.0026,0.0018,0.0840
402.2203,0.3576,0.1220,0.0013,0.3072,0.4793,0.7772,0.0069,0.0918,0.1017
470.6743,0.3137,0.1928,0.0151,0.4400,0.5392,0.7665,0.0039,0.0749,0.1980
449.3842,0.6979,0.1756,0.0073,0.4855,0.5723,0.6785,0.0139,0.0822,0.0142
448.9422,0.4187,0.1422,0.0054,0.3770,0.4248,0.7878,0.0022,0.0413,0.0808
559.4467,0.3011,0.1381,0.0158,0.1737,0.2992,0.6775,0.0059,0.0356,0.0440
416.2918,0.3679,0.1483,0.0266,0.0702,0.3070,0.7741,0.0110,0.0200,0.0023
456.1441,0.3110,0.2429,0.0022,0.1212,0.3961,0.6640,0.0000,0.0119,0.0401
508.5863,0.4902,0.2348,0.0165,0.4478,0.5284,0.6839,0.0055,0.0186,0.0428
593.8269,0.6296,0.2100,0.0066,0.4446,0.5840,0.6462,0.0137,0.0453,0.0968
296.7615,0.4095,0.1583,0.0042,0.1539,0.4745,0.6857,0.0125,0.0242,0.0623
539.8942,0.4014,0.1588,0.0474,0.4819,0.5014,0.7692,0.0012,0.0076,0.0455
519.9563,0.7353,0.2930,0.0041,0.4961,0.5884,0.7111,0.0105,0.1711,0.0051
566.9798,0.3843,0.1414,0.0017,0.3648,0.5235,0.7268,0.0135,0.0104,0.1263
499.4206,0.3375,0.1899,0.0043,0.3055,0.4492,0.6598,0.0082,0.0718,0.0185
587.7467,0.4051,0.2045,0.0224,0.4186,0.5873,0.7842,0.0066,0.0727,0.1184
490.5867,0.3471,0.1136,0.0036,0.0198,0.5655,0.3887,0.0058,0.0048,0.0898
553.3798,0.3221,0.1301,0.0101,0.4807,0.4749,0.7394,0.0095,0.0408,0.1757
353.2677,0.3337,0.2485,0.0018,0.3176,0.4364,0.7571,0.0028,0.0445,0.0284
513.2845,0.3524,0.1275,0.0370,0.4441,0.4822,0.7556,0.0051,0.0650,0.0025
360.2434,0.3964,0.1284,0.0049,0.1827,0.4078,0.6314,0.0044,0.0150,0.0829
461.5220,0.3317,0.1611,0.0230,0.2978,0.5057,0.7274,0.0105,0.0656,0.0542
569.2057,0.3051,0.1537,0.0057,0.2418,0.5592,0.7528,0.0124,0.1134,0.0974
433.3454,0.3775,0.0901,0.0042,0.0234,0.5370,0.6516,0.0078,0.0466,0.0538
570.2935,0.5153,0.1788,0.0171,0.4805,0.5864,0.6286,0.0176,0.0278,0.0885
530.7569,0.6164,0.2038,0.0059,0.4705,0.5172,0.7334,0.0006,0.0736,0.0805
523.1894,0.3283,0.1007,0.0023,0.2909,0.1956,0.7867,0.0173,0.0608,0.0122
414.9025,0.3912,0.1042,0.0189,0.0255,0.5753,0.6783,0.0109,0.0173,0.0114
297.9349,0.4055,0.1878,0.0091,0.1093,0.3826,0.7716,0.0032,0.0226,0.0475
476.0041,0.3803,0.1734,0.0193,0.4154,0.4291,0.7390,0.0065,0.0213,0.0503
597.7756,0.3191,0.1363,0.0131,0.4360,0.4861,0.7809,0.0150,0.1504,0.0547
440.0992,0.4401,0.2239,0.0012,0.4784,0.5650,0.7836,0.0100,0.0175,0.2304
413.5732,0.3246,0.1759,0.0472,0.3611,0.5916,0.7318,0.0173,0.0005,0.0434
582.6358,0.4700,0.1615,0.0205,0.4448,0.4460,0.7874,0.0043,0.0232,0.0112
562.0023,0.3445,0.2360,0.0120,0.3828,0.5838,0.7660,0.0020,0.0176,0.2020
462.6084,0.4027,0.1322,0.0023,0.4535,0.5298,0.7669,0.0130,0.1520,0.0505
316.4802,0.4378,0.1236,0.0173,0.0300,0.1434,0.4358,0.0045,0.0265,0.0001
481.6557,0.3107,0.1691,0.0043,0.1066,0.1422,0.7912,0.0141,0.0055,0.0804
504.7508,0.3599,0.1468,0.0024,0.3311,0.5893,0.6561,0.0008,0.0195,0.1844
500.2710,0.4558,0.2123,0.0015,0.4130,0.5785,0.7247,0.0108,0.0848,0.1005
439.4721,0.3388,0.1330,0.0296,0.2660,0.4719,0.7959,0.0075,0.1078,0.0264
487.6657,0.3026,0.2424,0.0284,0.4349,0.5385,0.6995,0.0070,0.0485,0.0387
262.3808,0.4437,0.1177,0.0216,0.0130,0.2499,0.7830,0.0084,0.0076,0.0338
520.3765,0.3417,0.2278,0.0069,0.4491,0.3283,0.7504,0.0014,0.0093,0.0561
369.8381,0.3862,0.1135,0.0104,0.3113,0.3802,0.7058,0.0047,0.0702,0.0257
396.4262,0.3277,0.1731,0.0060,0.1803,0.5722,0.6926,0.0084,0.0451,0.0180
451.8767,0.3899,0.1050,0.0110,0.3929,0.5007,0.7109,0.0081,0.0197,0.0403
521.6916,0.3010,0.1496,0.0227,0.3750,0.5167,0.7768,0.0090,0.1485,0.0629
573.6432,0.3299,0.1548,0.0073,0.2803,0.3380,0.6718,0.0001,0.0286,0.0232
382.8899,0.3790,0.1609,0.0115,0.0324,0.3949,0.7755,0.0150,0.0144,0.0458
334.7922,0.4071,0.1777,0.0139,0.4762,0.4415,0.7427,0.0155,0.0155,0.0202
375.6893,0.3363,0.2120,0.0055,0.3294,0.3703,0.7887,0.0047,0.1166,0.0256
552.2169,0.3098,0.1009,0.0037,0.4965,0.5151,0.6971,0.0002,0.0201,0.1166
447.0250,0.3254,0.1898,0.0302,0.2438,0.4863,0.7040,0.0038,0.0352,0.0341
382.6735,0.3934,0.1113,0.0025,0.1713,0.4667,0.6625,0.0031,0.0875,0.0422
410.2964,0.6912,0.2306,0.0168,0.4956,0.5928,0.7675,0.0087,0.0568,0.0614
560.4979,0.8674,0.1981,0.0154,0.4877,0.4903,0.6850,0.0019,0.0003,0.0180
540.2689,0.9632,0.1838,0.0023,0.4987,0.5595,0.6451,0.0189,0.0483,0.0723
526.9897,0.3042,0.2143,0.0159,0.3319,0.4134,0.7549,0.0184,0.0614,0.0076
464.2255,0.3420,0.1064,0.0178,0.4989,0.5971,0.7249,0.0164,0.0831,0.0358
335.4478,0.4935,0.1102,0.0079,0.2950,0.5845,0.7734,0.0048,0.0300,0.0049
340.0965,0.4065,0.1276,0.0255,0.4489,0.5295,0.7967,0.0073,0.0842,0.0121
540.6360,0.3636,0.2139,0.0196,0.4477,0.4894,0.7114,0.0049,0.0356,0.0799
491.0642,0.6603,0.2272,0.0026,0.4941,0.5186,0.7952,0.0149,0.1215,0.0184
581.5774,0.8217,0.2179,0.0143,0.4885,0.5899,0.5659,0.0068,0.0924,0.0632
560.8366,0.4157,0.2309,0.0096,0.4451,0.5605,0.6266,0.0168,0.0645,0.0376
436.1658,0.3672,0.1451,0.0110,0.2128,0.5667,0.6579,0.0044,0.1045,0.0080
486.7614,0.8340,0.2004,0.0043,0.4862,0.5646,0.7214,0.0157,0.1027,0.0232
437.6839,0.5400,0.1835,0.0240,0.4398,0.5938,0.7860,0.0057,0.0543,0.0510
569.9222,0.3499,0.2634,0.0318,0.4650,0.5995,0.6492,0.0004,0.1009,0.0103
471.8684,0.3490,0.1106,0.0058,0.0572,0.2321,0.6795,0.0041,0.0943,0.0285
398.1647,0.3720,0.1515,0.0025,0.4735,0.3977,0.7311,0.0093,0.0039,0.1465
319.5243,0.3919,0.1953,0.0229,0.0337,0.4130,0.7012,0.0011,0.0025,0.0222
443.2423,0.3253,0.2270,0.0051,0.4156,0.5734,0.6711,0.0140,0.0644,0.0850
566.1891,0.6192,0.1797,0.0136,0.4183,0.5481,0.7412,0.0035,0.0559,0.0139
412.6383,0.3748,0.0976,0.0150,0.0883,0.5671,0.5657,0.0055,0.0640,0.0080
354.3503,0.3690,0.1354,0.0013,0.2454,0.3537,0.7376,0.0191,0.0619,0.0215
384.4551,0.3344,0.1520,0.0093,0.3726,0.5988,0.7507,0.0127,0.0485,0.0381
469.8964,0.3146,0.1590,0.0072,0.4148,0.1531,0.7155,0.0097,0.0137,0.0169
494.3311,0.3115,0.1881,0.0338,0.3626,0.5096,0.7059,0.0011,0.1027,0.0077
563.9639,0.3006,0.2137,0.0080,0.2146,0.4088,0.7905,0.0005,0.0494,0.0587
540.0096,0.8484,0.1889,0.0046,0.4364,0.5828,0.7865,0.0048,0.0201,0.1178
483.4432,0.3536,0.1438,0.0034,0.2982,0.3422,0.7664,0.0132,0.0394,0.0656
502.9744,0.3153,0.1699,0.0061,0.0150,0.3874,0.6201,0.0017,0.0630,0.0577
510.2712,0.4175,0.2706,0.0031,0.4858,0.4183,0.7380,0.0008,0.0335,0.0314
425.3257,0.3391,0.1971,0.0379,0.1759,0.5788,0.7743,0.0017,0.0180,0.0332
445.7604,0.3988,0.1595,0.0042,0.3402,0.5924,0.7085,0.0040,0.1292,0.0549
516.5675,0.3126,0.0945,0.0174,0.4237,0.5461,0.7832,0.0031,0.0003,0.0314
376.5123,0.3880,0.1387,0.0315,0.2389,0.4510,0.7488,0.0044,0.0231,0.0241
358.3496,0.4403,0.1219,0.0029,0.4759,0.5769,0.6674,0.0029,0.0492,0.0447
294.5590,0.4159,0.1385,0.0093,0.0304,0.4234,0.5218,0.0019,0.0179,0.0920
381.3628,0.3261,0.2821,0.0108,0.4055,0.4659,0.7872,0.0087,0.0345,0.0074
556.3557,0.3200,0.1714,0.0089,0.2993,0.5486,0.6908,0.0068,0.1311,0.0459
515.1225,0.3092,0.1347,0.0328,0.1509,0.4322,0.7941,0.0073,0.0215,0.0475
431.0555,0.4092,0.0832,0.0217,0.4686,0.5957,0.7657,0.0052,0.0019,0.0022
474.1532,0.3360,0.1513,0.0137,0.2393,0.4773,0.7786,0.0061,0.0645,0.1040
475.2697,0.4817,0.1892,0.0037,0.4829,0.5121,0.6645,0.0038,0.0755,0.0721
495.5864,0.3082,0.2073,0.0054,0.4752,0.5542,0.5829,0.0055,0.1316,0.0076
570.8224,0.3480,0.1631,0.0021,0.4178,0.3549,0.7734,0.0102,0.0820,0.0455
530.8190,0.7114,0.2254,0.0252,0.4581,0.5873,0.6745,0.0155,0.0112,0.0182
570.3838,0.7688,0.2191,0.0109,0.4618,0.5163,0.6953,0.0037,0.0386,0.0230
478.9611,0.3495,0.1282,0.0182,0.3663,0.5743,0.6913,0.0098,0.1116,0.0127
542.9886,0.3786,0.2394,0.0139,0.4631,0.4363,0.7868,0.0054,0.0534,0.0512
495.7939,0.3292,0.1580,0.0288,0.3761,0.5978,0.7919,0.0146,0.0940,0.0865
464.0542,0.3322,0.1871,0.0061,0.3385,0.2023,0.7388,0.0159,0.0144,0.0031
457.7545,0.4169,0.1944,0.0091,0.4201,0.5130,0.7476,0.0104,0.1240,0.0061
580.0103,0.3861,0.1687,0.0052,0.4937,0.5861,0.7466,0.0046,0.2712,0.1092
304.2019,0.4061,0.1601,0.0140,0.0055,0.3095,0.6966,0.0080,0.0457,0.0488
319.1576,0.3759,0.1576,0.0037,0.0082,0.2404,0.6724,0.0110,0.0170,0.0381
551.4919,0.3667,0.1242,0.0107,0.1723,0.5186,0.7791,0.0079,0.0093,0.0181
544.6216,0.3268,0.2059,0.0048,0.4376,0.4962,0.7922,0.0176,0.1221,0.1167
593.4323,0.7301,0.1877,0.0245,0.4879,0.5294,0.7123,0.0076,0.0211,0.0278
508.1651,0.7382,0.1941,0.0116,0.4984,0.5830,0.6257,0.0107,0.0662,0.0726
485.7249,0.3347,0.1356,0.0055,0.1752,0.2562,0.7133,0.0122,0.0864,0.0068
556.3095,0.4360,0.2967,0.0313,0.4644,0.5348,0.7570,0.0039,0.0108,0.0063
427.6078,0.5003,0.2227,0.0030,0.4453,0.5713,0.7186,0.0118,0.1032,0.0315
308.5137,0.4278,0.1678,0.0075,0.3364,0.4464,0.7585,0.0068,0.0325,0.0356
411.4891,0.3461,0.1345,0.0214,0.0725,0.3583,0.6197,0.0048,0.0063,0.0444
546.8165,0.3187,0.1245,0.0247,0.3633,0.3098,0.7659,0.0103,0.0205,0.0303
385.8536,0.3537,0.1436,0.0103,0.2495,0.4997,0.7289,0.0113,0.0765,0.0530
460.7781,0.5678,0.2147,0.0105,0.4777,0.5729,0.7408,0.0005,0.0367,0.1611
306.0749,0.4587,0.0901,0.0057,0.1974,0.5566,0.7928,0.0024,0.0755,0.0019
590.9722,0.3778,0.1999,0.0205,0.4814,0.5474,0.6717,0.0119,0.0071,0.1515
409.9142,0.3987,0.1280,0.0096,0.1429,0.2498,0.7463,0.0009,0.0175,0.0383
555.8373,0.6744,0.1866,0.0035,0.4683,0.5766,0.5839,0.0020,0.1498,0.0231
511.0050,0.3916,0.1827,0.0088,0.4699,0.4937,0.6982,0.0089,0.0556,0.1016
352.0759,0.4053,0.0892,0.0205,0.0503,0.1674,0.5744,0.0145,0.0146,0.0078
373.6926,0.3460,0.1587,0.0114,0.4697,0.5163,0.7515,0.0015,0.1392,0.0226
443.5326,0.3038,0.1698,0.0292,0.4513,0.5457,0.7161,0.0062,0.0269,0.0123
532.2094,0.3707,0.1165,0.0186,0.3048,0.5535,0.7503,0.0107,0.0299,0.0277
452.4797,0.3433,0.1427,0.0159,0.0060,0.1139,0.6352,0.0043,0.0160,0.0909
535.7280,0.4802,0.1338,0.0275,0.4436,0.5370,0.7986,0.0044,0.0454,0.0106
496.4147,0.4524,0.1832,0.0019,0.3678,0.4411,0.7718,0.0129,0.0063,0.0316
582.2789,0.3342,0.2322,0.0480,0.4693,0.4652,0.7280,0.0006,0.0138,0.0021
503.1720,0.6045,0.2539,0.0013,0.4729,0.5879,0.7729,0.0038,0.2350,0.0177
560.6013,0.3932,0.1660,0.0337,0.4063,0.5953,0.6989,0.0033,0.0271,0.0729
393.4065,0.3569,0.1789,0.0128,0.2722,0.4575,0.7544,0.0151,0.0055,0.0996
599.3870,0.4818,0.2111,0.0027,0.3819,0.5604,0.7856,0.0078,0.0360,0.1240
537.9706,0.3203,0.1160,0.0050,0.2465,0.2662,0.7947,0.0086,0.0176,0.1160
448.4633,0.3475,0.1373,0.0017,0.4398,0.4637,0.6445,0.0163,0.0318,0.0675
599.0817,0.4059,0.1620,0.0190,0.4893,0.5531,0.6467,0.0068,0.1074,0.0503
503.2675,0.3758,0.1557,0.0041,0.4929,0.4973,0.6844,0.0150,0.1346,0.0307
351.5683,0.4662,0.1857,0.0076,0.3444,0.4455,0.7110,0.0007,0.0016,0.0043
468.9000,0.5494,0.1157,0.0028,0.4852,0.5706,0.7661,0.0156,0.0784,0.0124
431.1872,0.3192,0.1675,0.0178,0.1621,0.3671,0.6823,0.0090,0.0002,0.0210
590.3583,0.3186,0.1070,0.0075,0.1867,0.3336,0.7382,0.0031,0.0138,0.0651
471.1005,0.3331,0.1762,0.0361,0.4326,0.3008,0.7489,0.0021,0.0058,0.0087
438.2832,0.3100,0.2867,0.0084,0.4495,0.5741,0.7058,0.0065,0.0495,0.0580
488.7443,0.3368,0.1473,0.0126,0.3451,0.4366,0.7974,0.0084,0.1042,0.0812
575.6946,0.9417,0.2542,0.0063,0.4942,0.5778,0.6735,0.0060,0.0877,0.1265
366.0385,0.4149,0.1795,0.0038,0.4932,0.5216,0.7534,0.0173,0.0509,0.0968
416.7188,0.3486,0.1670,0.0246,0.0622,0.5687,0.7879,0.0131,0.0493,0.0131
532.4562,0.4836,0.2660,0.0132,0.4417,0.4930,0.7484,0.0029,0.0310,0.0127
563.8183,0.3899,0.2982,0.0070,0.4087,0.5592,0.7198,0.0043,0.0512,0.0412
570.6889,0.3429,0.1488,0.0039,0.0901,0.5274,0.5916,0.0034,0.0030,0.0058
415.3874,0.5634,0.2544,0.0022,0.4164,0.5074,0.7936,0.0051,0.0324,0.0002
565.1827,0.3679,0.2034,0.0291,0.4316,0.5988,0.6809,0.0178,0.0875,0.0115
459.4895,0.3159,0.1739,0.0202,0.4015,0.5968,0.6287,0.0040,0.1058,0.0390
315.5635,0.4131,0.1650,0.0279,0.4299,0.5450,0.7683,0.0105,0.0224,0.0142
536.9828,0.3356,0.1849,0.0053,0.4388,0.5871,0.7306,0.0080,0.2972,0.0224
589.9039,0.8323,0.1924,0.0022,0.4824,0.4727,0.7056,0.0001,0.0446,0.0308
471.4145,0.3611,0.1471,0.0054,0.0036,0.1067,0.3930,0.0089,0.0308,0.0049
407.3181,0.3424,0.1597,0.0113,0.4960,0.2617,0.7415,0.0051,0.0710,0.0307
489.3718,0.4323,0.1802,0.0334,0.3993,0.5925,0.7784,0.0091,0.0164,0.0621
555.2381,0.6631,0.2224,0.0072,0.4903,0.5368,0.4702,0.0029,0.0071,0.0470
436.5105,0.3183,0.1668,0.0131,0.2953,0.4569,0.7072,0.0123,0.0355,0.0489
390.8273,0.3598,0.2115,0.0095,0.3469,0.5311,0.6491,0.0070,0.0515,0.0138
464.5907,0.3478,0.0962,0.0189,0.0093,0.4258,0.6725,0.0097,0.0019,0.0368
528.1496,0.5214,0.1354,0.0032,0.4373,0.5571,0.6756,0.0048,0.0051,0.0995
384.5962,0.4216,0.0987,0.0042,0.0046,0.3702,0.6966,0.0115,0.0479,0.0006
450.0605,0.3450,0.1672,0.0045,0.4295,0.5093,0.7571,0.0058,0.0614,0.2076
573.6856,0.4031,0.1929,0.0097,0.4691,0.5886,0.7601,0.0192,0.2189,0.0452
417.7019,0.6159,0.1389,0.0107,0.4551,0.5759,0.7248,0.0069,0.0067,0.0457
455.4751,0.3622,0.1325,0.0345,0.2833,0.5545,0.6538,0.0001,0.0229,0.0075
505.2937,0.3411,0.1102,0.0089,0.1041,0.3890,0.7104,0.0193,0.0481,0.0012
484.7354,0.3185,0.2045,0.0048,0.3889,0.5444,0.7739,0.0113,0.2193,0.0428
280.9181,0.3979,0.1783,0.0021,0.2937,0.2010,0.7266,0.0002,0.0113,0.0161
554.0331,0.4395,0.1637,0.0094,0.4628,0.4910,0.7750,0.0037,0.0627,0.1206
512.8160,0.7226,0.1675,0.0039,0.4762,0.5799,0.6311,0.0055,0.1186,0.0261
400.4503,0.3522,0.1839,0.0287,0.4912,0.5483,0.7645,0.0013,0.0142,0.1632
542.0849,0.8308,0.2466,0.0073,0.4640,0.5842,0.5672,0.0173,0.0159,0.0569
491.5787,0.3705,0.0990,0.0021,0.2375,0.5781,0.7538,0.0028,0.0038,0.1347
286.1471,0.4731,0.1254,0.0058,0.0001,0.3172,0.4547,0.0026,0.0574,0.0050
578.7486,0.5286,0.2124,0.0274,0.4989,0.5337,0.6898,0.0080,0.0705,0.0252
441.2143,0.3223,0.1949,0.0018,0.4649,0.4005,0.7461,0.0032,0.0301,0.1969
547.9447,0.3535,0.2242,0.0203,0.4484,0.5783,0.7744,0.0147,0.1638,0.0340
298.6138,0.3807,0.2174,0.0099,0.0880,0.5520,0.7427,0.0099,0.0048,0.0343
476.6660,0.4048,0.1361,0.0185,0.4028,0.5361,0.7755,0.0003,0.0063,0.1454
330.4130,0.3997,0.1286,0.0281,0.0419,0.1379,0.4378,0.0020,0.0438,0.0062
353.9710,0.4197,0.0845,0.0064,0.0902,0.3637,0.5121,0.0064,0.0140,0.0094
575.0040,0.3108,0.1674,0.0435,0.3510,0.5997,0.6542,0.0033,0.0415,0.0281
435.8827,0.3565,0.1381,0.0057,0.2349,0.4854,0.5211,0.0008,0.0385,0.0069
455.6826,0.3845,0.2023,0.0088,0.3180,0.5978,0.7338,0.0198,0.0604,0.0341
359.5715,0.3661,0.1654,0.0042,0.1394,0.5577,0.6641,0.0086,0.0323,0.1171
503.4531,0.7671,0.2580,0.0019,0.4019,0.5835,0.7208,0.0082,0.0424,0.0052
512.1696,0.4101,0.1527,0.0376,0.4874,0.4525,0.7894,0.0018,0.0377,0.0192
519.9495,0.3174,0.2115,0.0439,0.4254,0.5744,0.7640,0.0046,0.0714,0.0555
524.5152,0.3015,0.1839,0.0187,0.2874,0.4982,0.6487,0.0089,0.0317,0.0665
421.1758,0.3797,0.2474,0.0172,0.4436,0.5985,0.7402,0.0110,0.1080,0.0057
386.3827,0.6763,0.2615,0.0127,0.4900,0.5652,0.7029,0.0010,0.0443,0.0071
516.2137,0.5642,0.2959,0.0011,0.4413,0.5535,0.6726,0.0014,0.0813,0.0039
592.8230,0.8501,0.2922,0.0079,0.4977,0.5174,0.7454,0.0096,0.0257,0.0544
448.8225,0.3417,0.1278,0.0029,0.0525,0.5423,0.7206,0.0095,0.1081,0.0357
347.3316,0.3845,0.1382,0.0340,0.0264,0.5129,0.7482,0.0029,0.0708,0.0147
461.9362,0.3837,0.1616,0.0014,0.4741,0.4356,0.7937,0.0190,0.1769,0.0053
583.7179,0.3143,0.1323,0.0199,0.4870,0.4885,0.7576,0.0077,0.0053,0.2065
394.6638,0.4906,0.1703,0.0246,0.4949,0.5950,0.6750,0.0017,0.0618,0.0219
452.3680,0.7187,0.2101,0.0276,0.4522,0.5864,0.7616,0.0062,0.0041,0.0283
335.4747,0.3772,0.2108,0.0147,0.4554,0.5240,0.7714,0.0115,0.0309,0.0622
418.3128,0.3262,0.2021,0.0219,0.0824,0.4275,0.7838,0.0153,0.0091,0.0396
595.5265,0.4971,0.2722,0.0124,0.4715,0.5598,0.5683,0.0102,0.0024,0.0704
357.4132,0.4377,0.1525,0.0057,0.3933,0.4116,0.7502,0.0148,0.0079,0.0358
472.3737,0.4465,0.2554,0.0224,0.4757,0.5931,0.7194,0.0022,0.0320,0.1040
515.0579,0.3579,0.1904,0.0092,0.2604,0.5454,0.7703,0.0007,0.1373,0.0024
477.3039,0.9823,0.1612,0.0089,0.4766,0.5671,0.7237,0.0005,0.0119,0.0667
478.8319,0.3334,0.1192,0.0169,0.1255,0.4332,0.6426,0.0166,0.0285,0.0365
370.9615,0.4001,0.1510,0.0110,0.2612,0.5857,0.7298,0.0083,0.0522,0.0677
501.3431,0.3107,0.1753,0.0022,0.3936,0.3563,0.6959,0.0172,0.1113,0.0102
565.0572,0.3452,0.1306,0.0049,0.4671,0.5555,0.6281,0.0019,0.1250,0.0714
557.8570,0.3032,0.1816,0.0112,0.1701,0.5798,0.6150,0.0122,0.0063,0.0719
494.4859,0.3499,0.1320,0.0085,0.2221,0.4118,0.6827,0.0069,0.0571,0.0226
407.0670,0.3804,0.1416,0.0047,0.0363,0.1649,0.4314,0.0167,0.0025,0.0234
285.0820,0.4444,0.0920,0.0124,0.0161,0.1085,0.4964,0.0071,0.0036,0.0397
508.0720,0.3123,0.1395,0.0032,0.1199,0.5856,0.7873,0.0110,0.0316,0.1330
549.3050,0.3015,0.1608,0.0264,0.4553,0.4579,0.7012,0.0106,0.1212,0.0024
425.4997,0.3663,0.1281,0.0156,0.2852,0.4657,0.7979,0.0050,0.1219,0.0361
475.8791,0.5141,0.2269,0.0077,0.4452,0.5856,0.5440,0.0010,0.0675,0.0035
586.0473,0.3626,0.2669,0.0175,0.3840,0.5489,0.7054,0.0095,0.0312,0.0188
486.5657,0.4825,0.1463,0.0079,0.4289,0.5014,0.7923,0.0040,0.0444,0.0806
492.5851,0.3060,0.1261,0.0123,0.4367,0.5806,0.7185,0.0054,0.0256,0.0843
511.4536,0.3231,0.1869,0.0030,0.0099,0.5018,0.5371,0.0141,0.0077,0.0117
559.7594,0.3475,0.2054,0.0087,0.4867,0.4047,0.6534,0.0101,0.0378,0.0237
424.9261,0.3200,0.1808,0.0129,0.1995,0.3249,0.7880,0.0049,0.0614,0.0229
541.2890,0.4212,0.1767,0.0204,0.4997,0.4449,0.6776,0.0082,0.0108,0.0299
348.5926,0.4408,0.2114,0.0079,0.4364,0.5584,0.7894,0.0030,0.0895,0.0541
340.7719,0.3818,0.1526,0.0246,0.4985,0.4362,0.7640,0.0009,0.0944,0.0070
320.8639,0.4185,0.0954,0.0087,0.0448,0.2786,0.5632,0.0126,0.0502,0.0040
506.2452,0.3573,0.1149,0.0053,0.2876,0.3837,0.7614,0.0113,0.0748,0.0115
546.1047,0.3208,0.1913,0.0019,0.3552,0.5906,0.5783,0.0066,0.0122,0.1519
410.4473,0.3481,0.1852,0.0045,0.0840,0.1393,0.6822,0.0183,0.0355,0.0067
554.6101,0.3037,0.2344,0.0363,0.4981,0.4790,0.7094,0.0024,0.0534,0.0360
474.6325,0.3115,0.1641,0.0371,0.1381,0.2390,0.7961,0.0079,0.0142,0.0182
423.7716,0.4800,0.1943,0.0319,0.4903,0.5873,0.7918,0.0082,0.0348,0.0855
527.8506,0.3118,0.2389,0.0241,0.4769,0.5901,0.6472,0.0029,0.1194,0.0321
355.4670,0.3934,0.1604,0.0020,0.2017,0.5808,0.7762,0.0127,0.0417,0.1146
506.4588,0.6960,0.2568,0.0043,0.4647,0.5607,0.6103,0.0129,0.0330,0.0364
418.0556,0.3628,0.1298,0.0070,0.4338,0.3183,0.7699,0.0145,0.1074,0.0081
572.0742,0.5674,0.1583,0.0060,0.4620,0.5143,0.7477,0.0068,0.0424,0.0789
566.6214,0.3026,0.1237,0.0028,0.1270,0.3511,0.6705,0.0004,0.0932,0.0052
398.8300,0.3909,0.1141,0.0016,0.4541,0.5681,0.7052,0.0026,0.0234,0.1590
514.6423,0.3281,0.1182,0.0180,0.2216,0.1861,0.7843,0.0093,0.0485,0.0059
406.5546,0.3414,0.1885,0.0186,0.3921,0.4305,0.7227,0.0010,0.0104,0.1121
375.8778,0.3745,0.1717,0.0307,0.1890,0.4837,0.7805,0.0086,0.0058,0.0373
557.6533,0.8042,0.2488,0.0092,0.4951,0.5544,0.6305,0.0042,0.1072,0.0427
592.6786,0.4227,0.2621,0.0140,0.4467,0.5876,0.5621,0.0142,0.0407,0.0209
509.1958,0.3490,0.2451,0.0038,0.4421,0.5164,0.7756,0.0072,0.0138,0.2011
433.7752,0.3189,0.1850,0.0177,0.3166,0.2510,0.7572,0.0165,0.0493,0.0110
599.8649,0.3097,0.1146,0.0171,0.0540,0.4915,0.6859,0.0133,0.0136,0.0070
462.4843,0.5226,0.2774,0.0055,0.4499,0.5662,0.7254,0.0034,0.0703,0.0390
494.7152,0.3196,0.2454,0.0077,0.3409,0.4478,0.6945,0.0106,0.0398,0.0072
432.4567,0.3272,0.1378,0.0118,0.4846,0.5627,0.7855,0.0139,0.0977,0.1025
270.4100,0.4200,0.1661,0.0037,0.0266,0.1358,0.6783,0.0098,0.0015,0.0861
562.6385,0.6184,0.1518,0.0217,0.4902,0.5921,0.6271,0.0037,0.0868,0.0123
538.8938,0.5009,0.1659,0.0074,0.4924,0.5207,0.7119,0.0155,0.1165,0.0235
353.8919,0.3626,0.1520,0.0140,0.0224,0.2227,0.6518,0.0116,0.0471,0.0086
371.9865,0.3884,0.0960,0.0042,0.4428,0.4936,0.7362,0.0049,0.0967,0.0111
578.4144,0.3134,0.2004,0.0190,0.4673,0.4512,0.7819,0.0195,0.0919,0.0625
571.4722,0.4162,0.1337,0.0012,0.4043,0.5790,0.7407,0.0166,0.0970,0.0723
439.5367,0.3666,0.1882,0.0059,0.1253,0.5697,0.7723,0.0042,0.0710,0.0133
541.2143,0.3111,0.1345,0.0132,0.0110,0.1721,0.3388,0.0097,0.0701,0.0023
558.9017,0.3507,0.1033,0.0280,0.3804,0.5399,0.7772,0.0006,0.0606,0.0241
372.2095,0.3837,0.1441,0.0075,0.3234,0.5468,0.5923,0.0130,0.0241,0.0077
582.1144,0.5385,0.2360,0.0039,0.4781,0.5950,0.3869,0.0130,0.0004,0.0147
380.6941,0.4384,0.2490,0.0117,0.4166,0.4996,0.7584,0.0045,0.0119,0.0124
454.0720,0.3399,0.1770,0.0112,0.0253,0.3954,0.6977,0.0176,0.0266,0.0046
387.3367,0.3819,0.1289,0.0086,0.0827,0.5947,0.6302,0.0029,0.0411,0.0969
442.2019,0.3231,0.1533,0.0220,0.4281,0.2919,0.7337,0.0078,0.0539,0.0039
484.8502,0.3259,0.1110,0.0077,0.0087,0.1420,0.5709,0.0067,0.0282,0.0098
459.3166,0.7684,0.1547,0.0057,0.4775,0.5749,0.7042,0.0099,0.0323,0.0529
550.4375,0.4748,0.2100,0.0092,0.4152,0.5942,0.5262,0.0013,0.0492,0.0322
410.6058,0.3575,0.1122,0.0193,0.2360,0.5351,0.7894,0.0191,0.0995,0.0012
542.3422,0.4089,0.2761,0.0146,0.4843,0.5296,0.7589,0.0014,0.0689,0.0906
445.2748,0.3203,0.2318,0.0014,0.2523,0.4819,0.6995,0.0005,0.0993,0.0330
559.0273,0.3734,0.2933,0.0031,0.4709,0.5832,0.6112,0.0196,0.0231,0.0728
377.9761,0.3949,0.0964,0.0140,0.1529,0.2852,0.6855,0.0082,0.0319,0.0205
493.3223,0.3266,0.0928,0.0057,0.4214,0.4074,0.7959,0.0049,0.0447,0.0156
567.9983,0.4864,0.2419,0.0208,0.3845,0.5880,0.7248,0.0000,0.0130,0.0640
438.0885,0.3623,0.1579,0.0077,0.1115,0.5357,0.6863,0.0102,0.0697,0.0157
358.2480,0.3718,0.1149,0.0093,0.0121,0.5690,0.3285,0.0180,0.0001,0.0089
556.9816,0.3296,0.2639,0.0306,0.4827,0.4308,0.7887,0.0079,0.0357,0.0012
594.0674,0.3785,0.1648,0.0148,0.4270,0.5913,0.7861,0.0121,0.1169,0.1301
497.5090,0.3347,0.2200,0.0010,0.3255,0.5246,0.7421,0.0190,0.0211,0.1152
477.1876,0.3550,0.1911,0.0394,0.4331,0.5168,0.7098,0.0041,0.0345,0.0192
554.3233,0.3246,0.1626,0.0129,0.4000,0.5148,0.6644,0.0177,0.0159,0.1042
447.5766,0.3566,0.0973,0.0115,0.3690,0.5389,0.7556,0.0024,0.0874,0.0725
483.4839,0.4662,0.1995,0.0013,0.4512,0.6000,0.6653,0.0072,0.1538,0.0725
512.0874,0.3723,0.2078,0.0096,0.4579,0.4717,0.7222,0.0030,0.0659,0.0978
518.2739,0.4423,0.1573,0.0231,0.3949,0.5858,0.7047,0.0008,0.0432,0.0570
409.2729,0.3849,0.1531,0.0087,0.1637,0.2161,0.7839,0.0073,0.0302,0.0176
447.7928,0.4161,0.1743,0.0025,0.4917,0.5023,0.6196,0.0105,0.0146,0.0747
477.5084,0.3391,0.1619,0.0211,0.0022,0.4454,0.3539,0.0072,0.0045,0.0163
429.3492,0.3642,0.1454,0.0152,0.4944,0.5402,0.7181,0.0087,0.0434,0.1311
546.3363,0.3432,0.1430,0.0260,0.2622,0.5637,0.7483,0.0131,0.0498,0.0105
549.8497,0.5405,0.1270,0.0169,0.4866,0.5276,0.7927,0.0019,0.0249,0.0675
518.1488,0.3714,0.1206,0.0022,0.3640,0.5597,0.7901,0.0033,0.1843,0.0544
568.6774,0.7263,0.2818,0.0052,0.4974,0.4940,0.7728,0.0002,0.0051,0.1056
542.2520,0.3426,0.0976,0.0066,0.0265,0.2553,0.4103,0.0006,0.0096,0.0184
409.6974,0.9000,0.2395,0.0034,0.4895,0.5731,0.7224,0.0092,0.0614,0.0433
369.9342,0.3803,0.1812,0.0012,0.2316,0.5677,0.7767,0.0123,0.0972,0.0619
519.7933,0.9755,0.1961,0.0123,0.4423,0.5705,0.6599,0.0000,0.0069,0.0477
282.4699,0.4298,0.1234,0.0078,0.0829,0.2921,0.5874,0.0018,0.0033,0.0694
589.2364,0.5584,0.2001,0.0068,0.4949,0.5012,0.7433,0.0082,0.1000,0.0730
545.1130,0.3460,0.0882,0.0066,0.3433,0.4283,0.7879,0.0031,0.0279,0.0648
382.8213,0.3822,0.2286,0.0024,0.4870,0.5824,0.6920,0.0024,0.1188,0.0645
375.7305,0.3427,0.1462,0.0083,0.1277,0.5579,0.6788,0.0121,0.0125,0.0015
541.8408,0.3294,0.2165,0.0076,0.4860,0.3174,0.7656,0.0175,0.0505,0.0025
349.1424,0.3712,0.1414,0.0034,0.2548,0.3907,0.6891,0.0161,0.0270,0.0456
389.3305,0.3694,0.1565,0.0031,0.0268,0.3761,0.7912,0.0061,0.0382,0.1085
403.8109,0.3668,0.1070,0.0144,0.4120,0.5885,0.6423,0.0100,0.0251,0.0165
542.2775,0.3160,0.1685,0.0158,0.3180,0.5043,0.7940,0.0102,0.0966,0.0926
593.5541,0.3455,0.2517,0.0117,0.4997,0.5944,0.7278,0.0032,0.2094,0.1198
554.6824,0.3596,0.2091,0.0020,0.4352,0.5611,0.7500,0.0184,0.0420,0.2097
474.7263,0.3456,0.1544,0.0014,0.2020,0.3055,0.6945,0.0113,0.0028,0.0756
500.0810,0.3222,0.1325,0.0395,0.0556,0.2977,0.7893,0.0068,0.0154,0.0166
546.1932,0.4252,0.2393,0.0272,0.4122,0.5852,0.7758,0.0044,0.0783,0.0327
423.6375,0.5332,0.1883,0.0064,0.4275,0.5211,0.6988,0.0122,0.0233,0.0163
569.1645,0.3083,0.2194,0.0089,0.2852,0.3718,0.7298,0.0049,0.0116,0.0389
497.2390,0.3448,0.1747,0.0123,0.3528,0.5398,0.6724,0.0196,0.0707,0.0239
461.0699,0.3175,0.1491,0.0097,0.0854,0.1274,0.7757,0.0054,0.0474,0.0067
526.4949,0.3003,0.2276,0.0259,0.4425,0.5572,0.7865,0.0083,0.1745,0.0357
369.2567,0.3887,0.1444,0.0295,0.0201,0.4731,0.7966,0.0102,0.0092,0.0223
482.9039,0.3386,0.1568,0.0162,0.2604,0.5142,0.7106,0.0094,0.0244,0.0929
374.9522,0.3269,0.2607,0.0117,0.3745,0.4592,0.7433,0.0167,0.0107,0.0069
492.6715,0.3620,0.1318,0.0270,0.4967,0.5220,0.7409,0.0138,0.0324,0.0744
576.9699,0.3095,0.1172,0.0017,0.3790,0.5338,0.7976,0.0039,0.2023,0.1212
447.6388,0.4496,0.2205,0.0126,0.4566,0.5799,0.7987,0.0111,0.0401,0.1444
468.4920,0.3680,0.1465,0.0201,0.3936,0.4499,0.7537,0.0128,0.0737,0.0101
353.1202,0.4326,0.1157,0.0019,0.0243,0.5395,0.6031,0.0023,0.0120,0.0847
360.4186,0.3850,0.2613,0.0049,0.4755,0.5079,0.7230,0.0001,0.0412,0.0326
523.9863,0.6232,0.1769,0.0082,0.4644,0.5028,0.7163,0.0195,0.0211,0.0020
547.4942,0.3120,0.1659,0.0079,0.2010,0.5698,0.7671,0.0087,0.0892,0.0954
454.8371,0.3706,0.1023,0.0096,0.0446,0.4836,0.6691,0.0114,0.0130,0.0432
599.1128,0.9117,0.1885,0.0012,0.4745,0.5760,0.5806,0.0113,0.0782,0.0858
425.9654,0.5512,0.1578,0.0084,0.3202,0.5863,0.7848,0.0034,0.0235,0.0117
506.0807,0.3225,0.1944,0.0096,0.2525,0.4310,0.6453,0.0119,0.0206,0.0218
295.3755,0.4039,0.1695,0.0161,0.4942,0.3470,0.7614,0.0072,0.0056,0.0121
486.2648,0.5583,0.2250,0.0057,0.3938,0.5800,0.6145,0.0047,0.0136,0.0364
414.9075,0.3578,0.1595,0.0431,0.2816,0.4287,0.7288,0.0062,0.0018,0.0019
559.7933,0.3371,0.1267,0.0047,0.4594,0.4209,0.7531,0.0106,0.0164,0.1599
424.8571,0.3755,0.1323,0.0020,0.2269,0.2472,0.6226,0.0043,0.0306,0.0070
457.4643,0.3607,0.1521,0.0232,0.4388,0.4935,0.7972,0.0021,0.1834,0.0099
581.3057,0.3983,0.1778,0.0156,0.3974,0.5431,0.7983,0.0129,0.0221,0.1293
572.1424,0.6419,0.2368,0.0074,0.4972,0.5618,0.6629,0.0074,0.0123,0.1949
442.3091,0.4282,0.1154,0.0091,0.4300,0.4709,0.7711,0.0186,0.0186,0.0254
468.9568,0.3295,0.1275,0.0143,0.0761,0.4766,0.4427,0.0044,0.0004,0.0188
477.3350,0.3014,0.1893,0.0236,0.4929,0.5912,0.7496,0.0151,0.0225,0.2142
554.4509,0.3810,0.1569,0.0261,0.4630,0.5888,0.5762,0.0018,0.0045,0.0691
463.7350,0.3609,0.1762,0.0181,0.3451,0.4053,0.7304,0.0016,0.0669,0.0096
415.5832,0.4099,0.1974,0.0160,0.4628,0.5848,0.7098,0.0063,0.0989,0.0549
571.6425,0.3234,0.2485,0.0031,0.3011,0.5381,0.7838,0.0054,0.0681,0.0729
398.9683,0.3596,0.1193,0.0198,0.0019,0.2320,0.4270,0.0047,0.0102,0.0610
346.4017,0.3992,0.1648,0.0086,0.1118,0.2251,0.7999,0.0138,0.0313,0.0219
538.5261,0.5344,0.2131,0.0062,0.4650,0.5671,0.5777,0.0162,0.0904,0.0048
489.6585,0.8283,0.2274,0.0231,0.4841,0.5964,0.6149,0.0061,0.0620,0.0092
522.9360,0.3333,0.1138,0.0244,0.0919,0.4012,0.7918,0.0079,0.0193,0.0236
453.6639,0.3501,0.1317,0.0037,0.0605,0.4419,0.5956,0.0183,0.0667,0.0227
337.0012,0.4612,0.1615,0.0212,0.4278,0.5945,0.7457,0.0069,0.0143,0.0480
363.3262,0.3843,0.1747,0.0022,0.0661,0.3501,0.4798,0.0111,0.0042,0.0303
532.7417,0.3119,0.1217,0.0056,0.2538,0.2253,0.7267,0.0068,0.0525,0.0267
357.6352,0.3563,0.2359,0.0114,0.4907,0.4667,0.7750,0.0096,0.0198,0.0754
506.9951,0.3326,0.1070,0.0273,0.3647,0.5147,0.7696,0.0024,0.0028,0.1235
530.5438,0.3308,0.2010,0.0239,0.4294,0.5406,0.6925,0.0042,0.1002,0.0505
494.5432,0.4016,0.1348,0.0088,0.4915,0.4262,0.7373,0.0019,0.0860,0.0441
432.4915,0.4203,0.2445,0.0107,0.3383,0.5881,0.7659,0.0026,0.0703,0.0098
487.1077,0.8790,0.1603,0.0023,0.4966,0.5965,0.4509,0.0198,0.0000,0.0037
385.7849,0.3473,0.1990,0.0012,0.2939,0.4372,0.7381,0.0038,0.0474,0.1223
525.9179,0.4376,0.1724,0.0045,0.4716,0.5379,0.7291,0.0071,0.1652,0.0683
400.3771,0.3206,0.1975,0.0097,0.4270,0.4976,0.7260,0.0179,0.0028,0.0994
517.2479,0.3080,0.1428,0.0089,0.1936,0.2537,0.7799,0.0124,0.0420,0.0632
373.7888,0.3496,0.2141,0.0024,0.0502,0.4539,0.7315,0.0140,0.0375,0.0336
476.8286,0.4600,0.1844,0.0194,0.4302,0.5513,0.6429,0.0010,0.0506,0.0158
578.8835,0.4942,0.2301,0.0111,0.4349,0.5690,0.7696,0.0114,0.0590,0.1062
489.2930,0.4011,0.2018,0.0049,0.4643,0.5106,0.6810,0.0100,0.0044,0.1474
421.9248,0.3471,0.1605,0.0094,0.3875,0.5875,0.6799,0.0050,0.1654,0.0380
539.3017,0.3290,0.1351,0.0154,0.4022,0.3903,0.7141,0.0135,0.0368,0.0390
583.3502,0.3710,0.1808,0.0182,0.4596,0.5974,0.6569,0.0082,0.0501,0.1575
436.3837,0.3497,0.1532,0.0262,0.3573,0.3981,0.7523,0.0083,0.0189,0.0620
481.5013,0.5747,0.2258,0.0035,0.4565,0.5565,0.7558,0.0193,0.0604,0.0630
330.9141,0.3956,0.1476,0.0053,0.4293,0.2535,0.7066,0.0095,0.0254,0.0015
313.2389,0.4129,0.1067,0.0026,0.1034,0.3917,0.7039,0.0045,0.0827,0.0043
449.9732,0.3134,0.1498,0.0345,0.4887,0.5992,0.7336,0.0149,0.0682,0.0238
352.3378,0.3583,0.1631,0.0031,0.4635,0.5034,0.7685,0.0177,0.1055,0.0702
372.6887,0.3984,0.1015,0.0182,0.0090,0.2130,0.5589,0.0057,0.0379,0.0522
301.9903,0.4183,0.1477,0.0067,0.3458,0.4339,0.7420,0.0130,0.0649,0.0005
500.8731,0.7532,0.1897,0.0032,0.4415,0.5627,0.6404,0.0095,0.0238,0.0453
565.0971,0.3337,0.1781,0.0102,0.4944,0.5092,0.7784,0.0013,0.0807,0.2579
457.7958,0.4103,0.1326,0.0063,0.1227,0.4506,0.7355,0.0029,0.0011,0.0037
568.1714,0.3091,0.1290,0.0133,0.3265,0.3203,0.7501,0.0089,0.0723,0.0324
465.3560,0.3170,0.1993,0.0141,0.0597,0.5803,0.6944,0.0007,0.0330,0.0647
418.2316,0.3584,0.1224,0.0175,0.1098,0.4123,0.6347,0.0160,0.0487,0.0175
392.9348,0.3736,0.1057,0.0392,0.0067,0.1225,0.5525,0.0104,0.0084,0.0265
514.9013,0.3270,0.1422,0.0044,0.2956,0.5302,0.6364,0.0000,0.1072,0.0780
544.5254,0.3305,0.1369,0.0076,0.0191,0.4337,0.6901,0.0050,0.0013,0.0544
503.1961,0.3415,0.1614,0.0342,0.4331,0.5482,0.7750,0.0059,0.1460,0.0178
560.5705,0.4816,0.2571,0.0022,0.4993,0.5398,0.7005,0.0063,0.1910,0.0393
451.0463,0.6585,0.1419,0.0035,0.3738,0.5853,0.7682,0.0010,0.0119,0.0281
522.2929,0.3691,0.2663,0.0255,0.4692,0.4586,0.7722,0.0142,0.0015,0.0064
340.5120,0.3827,0.1620,0.0107,0.0490,0.2806,0.6561,0.0098,0.0406,0.0622
311.5214,0.3965,0.1556,0.0254,0.0625,0.3205,0.6828,0.0116,0.0139,0.0352
476.9184,0.3513,0.1425,0.0122,0.0746,0.3256,0.5442,0.0020,0.0302,0.0054
437.0593,0.4292,0.1899,0.0053,0.3949,0.4923,0.7644,0.0091,0.0809,0.0366
564.8738,0.4382,0.2497,0.0069,0.3633,0.5926,0.6712,0.0107,0.0024,0.0718
517.8719,0.3257,0.1059,0.0033,0.2094,0.1740,0.7338,0.0179,0.0189,0.0341
409.6732,0.3942,0.1099,0.0164,0.4742,0.5501,0.7504,0.0140,0.0533,0.0341
563.8678,0.3077,0.1445,0.0051,0.2580,0.5962,0.6767,0.0131,0.0786,0.1157
411.7103,0.3721,0.1421,0.0434,0.4982,0.5728,0.7754,0.0075,0.0896,0.0053
416.3106,0.3356,0.2126,0.0133,0.0270,0.5214,0.6227,0.0137,0.0051,0.0135
315.9409,0.4310,0.1186,0.0055,0.0366,0.4714,0.5373,0.0180,0.0421,0.0214
598.6932,0.4598,0.2092,0.0206,0.4541,0.5369,0.7640,0.0074,0.1381,0.0077
358.5865,0.3421,0.2392,0.0028,0.1822,0.4622,0.7009,0.0023,0.0073,0.0719
549.8808,0.7784,0.2235,0.0041,0.4712,0.5037,0.6801,0.0174,0.0143,0.0152
524.4058,0.7046,0.2211,0.0137,0.4837,0.5417,0.6578,0.0043,0.0437,0.0546
429.3798,0.9521,0.2051,0.0054,0.4791,0.5789,0.7548,0.0133,0.0704,0.0244
586.1179,0.3068,0.2377,0.0460,0.4478,0.4981,0.7853,0.0110,0.0245,0.0298
307.2104,0.4405,0.1832,0.0032,0.2597,0.5427,0.7612,0.0154,0.0313,0.0075
466.7509,0.3237,0.1703,0.0251,0.2024,0.5268,0.7960,0.0150,0.0325,0.0765
523.7424,0.3653,0.1111,0.0143,0.2677,0.3988,0.6864,0.0002,0.0078,0.0053
511.6158,0.5448,0.1750,0.0144,0.4289,0.5954,0.7354,0.0060,0.0799,0.0623
325.5314,0.4924,0.2111,0.0025,0.4907,0.4276,0.7476,0.0002,0.0016,0.0287
438.4679,0.3920,0.1562,0.0096,0.3497,0.5525,0.7255,0.0152,0.0784,0.0388
462.7474,0.3604,0.1717,0.0103,0.2610,0.3025,0.7497,0.0070,0.0156,0.0238
366.5046,0.4294,0.0799,0.0104,0.0192,0.5825,0.4212,0.0046,0.0099,0.0108
449.7657,0.3349,0.2157,0.0089,0.3943,0.5566,0.6573,0.0052,0.0306,0.1129
311.1205,0.3686,0.1972,0.0017,0.0214,0.3959,0.6442,0.0017,0.0089,0.0287
583.5856,0.3482,0.1226,0.0438,0.4230,0.5551,0.7330,0.0117,0.0127,0.0038
567.5870,0.3213,0.2736,0.0036,0.4786,0.4634,0.7362,0.0084,0.1396,0.0108
391.2251,0.3248,0.1642,0.0054,0.3195,0.5472,0.7652,0.0065,0.0067,0.0742
361.1204,0.3786,0.1241,0.0128,0.1885,0.4013,0.7551,0.0004,0.0283,0.1018
450.5478,0.3628,0.1238,0.0273,0.0416,0.3744,0.5436,0.0034,0.0054,0.0123
427.5477,0.3865,0.1934,0.0043,0.3737,0.5199,0.7816,0.0107,0.1628,0.0095
498.5969,0.4159,0.1677,0.0099,0.2901,0.5948,0.7825,0.0043,0.0051,0.1174
247.4508,0.4744,0.1199,0.0019,0.1710,0.3576,0.7722,0.0075,0.0305,0.0125
533.5126,0.3110,0.2266,0.0228,0.3530,0.4668,0.7377,0.0021,0.0288,0.0633
354.4464,0.3761,0.1908,0.0103,0.2898,0.5412,0.7293,0.0066,0.1101,0.0070
455.7768,0.3286,0.1807,0.0296,0.2559,0.5082,0.7569,0.0007,0.0724,0.0468
459.2860,0.5250,0.1947,0.0141,0.4924,0.5521,0.7690,0.0145,0.0030,0.1437
384.5512,0.3396,0.2211,0.0061,0.1708,0.4112,0.7317,0.0002,0.0753,0.0312
554.0936,0.4307,0.2119,0.0042,0.4979,0.5695,0.6433,0.0031,0.0325,0.2441
397.6585,0.3647,0.1626,0.0181,0.1283,0.2755,0.7804,0.0141,0.0225,0.0280
588.7901,0.3045,0.1531,0.0163,0.4350,0.4574,0.6611,0.0009,0.0083,0.1484
519.8030,0.3513,0.2329,0.0189,0.4845,0.5316,0.7266,0.0162,0.0595,0.0776
405.4105,0.3514,0.1494,0.0298,0.1741,0.5551,0.6443,0.0154,0.0004,0.0383
562.9125,0.4014,0.2377,0.0161,0.4320,0.5157,0.6758,0.0024,0.0446,0.0455
539.1679,0.3658,0.2675,0.0016,0.4293,0.5850,0.6550,0.0192,0.0181,0.1075
406.9618,0.3154,0.2039,0.0033,0.3359,0.4998,0.7494,0.0009,0.0849,0.0517
519.3621,0.3501,0.0807,0.0108,0.0026,0.4828,0.3525,0.0001,0.0329,0.0046
299.9426,0.3932,0.1593,0.0016,0.1017,0.2235,0.5655,0.0168,0.0069,0.0127
511.1011,0.3433,0.1813,0.0195,0.1411,0.5536,0.7278,0.0016,0.0196,0.0174
323.6864,0.3849,0.1608,0.0160,0.0995,0.1384,0.7733,0.0049,0.0523,0.0433
504.1187,0.3833,0.1302,0.0136,0.4696,0.5779,0.7108,0.0119,0.1494,0.0151
598.1758,0.3970,0.1249,0.0034,0.4816,0.5223,0.6279,0.0099,0.1008,0.0040
469.0831,0.3482,0.1951,0.0050,0.2377,0.5317,0.6585,0.0124,0.0658,0.0089
471.5134,0.3185,0.1561,0.0273,0.2723,0.5857,0.7410,0.0063,0.1313,0.0379
489.2122,0.3210,0.1890,0.0015,0.4505,0.1980,0.7897,0.0026,0.0516,0.0629
345.7393,0.3640,0.1685,0.0095,0.3047,0.4940,0.7139,0.0010,0.0189,0.1099
489.6501,0.3238,0.1415,0.0219,0.3685,0.3883,0.7536,0.0053,0.0999,0.0366
493.6092,0.9410,0.1932,0.0276,0.4887,0.5757,0.6945,0.0074,0.0177,0.0122
277.9980,0.4686,0.1116,0.0015,0.0184,0.5792,0.6917,0.0000,0.0453,0.0697
441.0026,0.3175,0.2495,0.0238,0.4575,0.5013,0.7245,0.0096,0.0468,0.0179
387.2009,0.3522,0.1708,0.0036,0.3578,0.5974,0.7974,0.0164,0.2335,0.0216
529.9016,0.4939,0.2719,0.0221,0.4652,0.5824,0.7748,0.0011,0.0279,0.1167
483.6046,0.3202,0.2014,0.0118,0.1043,0.4637,0.5771,0.0059,0.0212,0.0047
366.9454,0.4306,0.2321,0.0193,0.4699,0.5532,0.7971,0.0192,0.0455,0.0052
414.0541,0.3549,0.1220,0.0092,0.0386,0.5067,0.7674,0.0112,0.0466,0.0647
457.8781,0.3112,0.1929,0.0199,0.2183,0.5743,0.7802,0.0180,0.1008,0.0330
456.3326,0.5058,0.1707,0.0099,0.4415,0.5393,0.6638,0.0120,0.0392,0.0151
537.7315,0.3042,0.1957,0.0025,0.1184,0.5391,0.4233,0.0020,0.0026,0.0121
586.2159,0.3674,0.1811,0.0081,0.3762,0.4466,0.7740,0.0033,0.0433,0.0944
442.9718,0.3814,0.1264,0.0075,0.2366,0.2022,0.7320,0.0063,0.0064,0.0176
551.3684,0.4497,0.1227,0.0244,0.4393,0.5841,0.7486,0.0006,0.0658,0.0295
323.4415,0.4233,0.1169,0.0356,0.0395,0.5422,0.7581,0.0053,0.0009,0.0254
346.8810,0.3948,0.1041,0.0082,0.0926,0.3305,0.6760,0.0009,0.0544,0.0241
403.0590,0.3624,0.2289,0.0380,0.4832,0.5263,0.7907,0.0045,0.0020,0.0717
581.0960,0.6017,0.2956,0.0174,0.4974,0.5799,0.6846,0.0123,0.0944,0.0240
486.0685,0.3542,0.2479,0.0013,0.4927,0.5426,0.6029,0.0002,0.0865,0.0643
572.5749,0.3394,0.1844,0.0028,0.2743,0.5185,0.6921,0.0199,0.0173,0.0602
383.9633,0.3668,0.1939,0.0071,0.0379,0.2122,0.5615,0.0050,0.0315,0.0095
370.7474,0.4172,0.1118,0.0147,0.2530,0.4361,0.7399,0.0045,0.0221,0.0343
485.8452,0.4233,0.1807,0.0102,0.3660,0.5060,0.7101,0.0121,0.0178,0.0365
452.7207,0.3252,0.1831,0.0192,0.1284,0.4491,0.5066,0.0051,0.0007,0.0132
328.9694,0.4198,0.1516,0.0026,0.1852,0.5284,0.6546,0.0006,0.0459,0.0574
523.8434,0.3356,0.1677,0.0277,0.3378,0.5419,0.7045,0.0129,0.0641,0.0129
545.8238,0.5850,0.1672,0.0054,0.4162,0.5870,0.6193,0.0197,0.0381,0.0053
593.3114,0.3247,0.1305,0.0018,0.2355,0.4397,0.7921,0.0136,0.0881,0.0382
527.3533,0.5331,0.1530,0.0184,0.4140,0.5176,0.7196,0.0017,0.0117,0.0068
472.1356,0.4636,0.1851,0.0065,0.4838,0.4297,0.7600,0.0062,0.0434,0.0612
451.0215,0.3593,0.1185,0.0140,0.4218,0.5653,0.7934,0.0077,0.0677,0.1498
523.5534,0.3146,0.2287,0.0035,0.3109,0.5767,0.6205,0.0070,0.0267,0.0959
545.5098,0.5636,0.2302,0.0288,0.4507,0.5668,0.6915,0.0000,0.0006,0.0696
460.1972,0.7852,0.2922,0.0074,0.4691,0.5949,0.6388,0.0161,0.0012,0.0333
554.9268,0.5418,0.2641,0.0065,0.4590,0.5912,0.7327,0.0165,0.1143,0.0538
425.2296,0.3900,0.1975,0.0271,0.4430,0.5151,0.7419,0.0093,0.0571,0.0135
377.6108,0.4015,0.0869,0.0090,0.0060,0.3409,0.5013,0.0157,0.0158,0.0546
590.1592,0.8603,0.2472,0.0235,0.4742,0.5579,0.7739,0.0065,0.0284,0.0473
446.1037,0.3288,0.1610,0.0179,0.0448,0.5331,0.6785,0.0064,0.0960,0.0055
584.5150,0.3027,0.1539,0.0108,0.4791,0.5866,0.7938,0.0058,0.0108,0.4064
563.6206,0.4275,0.2122,0.0218,0.4160,0.4745,0.7605,0.0079,0.0257,0.0098
448.3011,0.3153,0.2086,0.0117,0.1503,0.3423,0.7127,0.0040,0.0476,0.0381
550.6641,0.3610,0.1872,0.0112,0.4561,0.4968,0.7462,0.0116,0.1575,0.0354
474.0571,0.3972,0.1498,0.0030,0.3795,0.5386,0.7490,0.0034,0.0103,0.1990
279.1610,0.4480,0.1371,0.0072,0.0025,0.4090,0.7437,0.0096,0.0250,0.0529
438.5504,0.3381,0.2165,0.0174,0.4416,0.4244,0.7746,0.0001,0.0235,0.1195
531.1612,0.3061,0.1562,0.0011,0.2106,0.3807,0.5952,0.0008,0.0976,0.0332
416.5063,0.3863,0.0968,0.0026,0.0545,0.4659,0.6847,0.0191,0.0237,0.0447
358.6654,0.3818,0.1205,0.0135,0.1474,0.5172,0.6378,0.0055,0.0260,0.0585
522.6140,0.3099,0.2019,0.0350,0.4177,0.5007,0.7903,0.0014,0.0578,0.1060
349.8121,0.4126,0.1295,0.0025,0.0767,0.1575,0.7593,0.0088,0.0347,0.0688
412.7655,0.3307,0.1735,0.0105,0.4117,0.5448,0.7102,0.0147,0.0932,0.0853
505.4631,0.3035,0.1491,0.0182,0.0966,0.4893,0.7670,0.0129,0.0274,0.0333
369.4075,0.3418,0.1717,0.0041,0.4882,0.5158,0.7988,0.0076,0.1788,0.0360
443.5580,0.3609,0.0891,0.0016,0.2211,0.2860,0.7816,0.0034,0.0639,0.0219
588.6010,0.3523,0.2688,0.0025,0.3917,0.5260,0.7240,0.0064,0.0270,0.1064
540.4156,0.7581,0.2588,0.0283,0.4999,0.5875,0.5399,0.0000,0.0339,0.0355
419.2746,0.3337,0.2117,0.0126,0.0745,0.3976,0.7399,0.0184,0.0122,0.0080
332.9199,0.3710,0.2011,0.0053,0.4477,0.5509,0.7531,0.0146,0.0279,0.1081
507.6769,0.6086,0.2405,0.0085,0.4914,0.5848,0.7578,0.0053,0.0455,0.1929
508.8241,0.4991,0.2065,0.0337,0.4811,0.5615,0.7992,0.0113,0.0842,0.0139
405.5596,0.3727,0.2162,0.0042,0.2089,0.5987,0.7283,0.0044,0.0379,0.0581
368.4068,0.3912,0.1374,0.0205,0.2688,0.4896,0.6957,0.0052,0.0388,0.0293
478.0349,0.3273,0.1682,0.0015,0.1491,0.3917,0.6632,0.0197,0.0257,0.0592
515.4123,0.3873,0.1459,0.0050,0.4127,0.3392,0.7783,0.0052,0.0021,0.0785
567.6110,0.3581,0.1560,0.0142,0.4438,0.5199,0.6723,0.0038,0.1208,0.0437
533.3203,0.4102,0.1614,0.0027,0.4489,0.5890,0.6969,0.0170,0.0919,0.1312
557.1639,0.3125,0.1777,0.0458,0.4748,0.5957,0.6887,0.0043,0.0378,0.0974
356.4286,0.4092,0.1272,0.0172,0.2096,0.4944,0.7479,0.0109,0.0542,0.0115
545.4699,0.4658,0.2706,0.0202,0.4978,0.5565,0.7121,0.0178,0.0764,0.0148
594.3357,0.7596,0.2876,0.0035,0.4514,0.5857,0.7959,0.0078,0.0668,0.0973
437.8734,0.3670,0.1031,0.0164,0.1195,0.3729,0.7863,0.0163,0.0060,0.0493
479.5931,0.3699,0.1448,0.0069,0.4423,0.5941,0.6364,0.0175,0.0572,0.0744
403.9997,0.3298,0.2256,0.0036,0.3845,0.3948,0.7042,0.0028,0.0064,0.1000
396.1104,0.3999,0.1745,0.0169,0.4464,0.5070,0.7256,0.0007,0.0301,0.0991
321.1616,0.3856,0.1875,0.0085,0.0152,0.5537,0.6911,0.0090,0.0291,0.0577
520.5492,0.5179,0.2144,0.0011,0.4897,0.5794,0.6099,0.0061,0.1684,0.0593
504.2509,0.3254,0.1356,0.0358,0.1084,0.1838,0.6720,0.0017,0.0036,0.0023
485.7146,0.4955,0.1404,0.0229,0.4210,0.5732,0.7582,0.0021,0.0474,0.0303
580.5171,0.4613,0.1568,0.0084,0.4168,0.5480,0.6544,0.0104,0.0577,0.0312
493.4911,0.3218,0.1632,0.0216,0.4131,0.4941,0.6767,0.0085,0.0285,0.0917
341.2395,0.3635,0.1798,0.0143,0.3304,0.1984,0.7561,0.0051,0.0427,0.0209
424.5169,0.3370,0.1517,0.0010,0.0941,0.5635,0.7956,0.0091,0.0756,0.0878
521.5645,0.3444,0.0921,0.0027,0.1251,0.5252,0.6400,0.0107,0.0088,0.0482
484.5984,0.3197,0.1503,0.0166,0.0006,0.2286,0.6584,0.0005,0.0449,0.0520
528.5402,0.4732,0.2221,0.0057,0.3732,0.5539,0.7643,0.0117,0.0546,0.0362
545.2535,0.3064,0.2206,0.0174,0.3632,0.4847,0.5971,0.0097,0.0092,0.0053
576.7199,0.8791,0.1946,0.0133,0.4832,0.5930,0.4713,0.0091,0.0306,0.0595
507.0961,0.3470,0.1715,0.0148,0.3112,0.4417,0.7896,0.0144,0.0592,0.0357
355.7365,0.3599,0.1692,0.0345,0.1514,0.2097,0.7953,0.0193,0.0028,0.0124
575.7496,0.3031,0.2140,0.0040,0.4440,0.3737,0.7378,0.0163,0.0794,0.0447
440.0029,0.3506,0.1442,0.0086,0.0434,0.3149,0.7801,0.0099,0.0849,0.0304
590.2852,0.3653,0.2145,0.0078,0.3428,0.5593,0.7264,0.0004,0.1242,0.0456
429.1377,0.3690,0.1062,0.0119,0.4866,0.4550,0.7594,0.0047,0.0320,0.1050
312.3227,0.3847,0.1780,0.0160,0.3827,0.5184,0.7296,0.0124,0.0078,0.0511
339.5545,0.3984,0.2038,0.0017,0.3849,0.5896,0.6405,0.0093,0.0560,0.0056
386.4858,0.3662,0.1582,0.0236,0.0747,0.4799,0.6741,0.0010,0.0547,0.0335
511.8603,0.3552,0.2938,0.0194,0.4654,0.5589,0.7475,0.0091,0.0075,0.0798
378.4319,0.3847,0.1151,0.0398,0.2123,0.5917,0.7386,0.0055,0.0109,0.0244
597.1453,0.3172,0.1713,0.0015,0.0463,0.5839,0.7123,0.0101,0.0073,0.0056
388.6974,0.5889,0.2456,0.0031,0.4622,0.5959,0.6652,0.0183,0.0365,0.0128
432.8144,0.3087,0.2259,0.0023,0.3399,0.3239,0.7933,0.0196,0.0466,0.0650
433.2528,0.3334,0.1513,0.0211,0.4766,0.5125,0.7650,0.0120,0.1113,0.0819
555.9065,0.3644,0.1143,0.0028,0.4992,0.4713,0.7854,0.0009,0.2397,0.0052
539.9202,0.3107,0.2077,0.0126,0.2457,0.5893,0.5731,0.0113,0.0301,0.0122
488.4733,0.8913,0.1380,0.0059,0.4567,0.5876,0.7596,0.0086,0.0270,0.0100
272.9640,0.4262,0.1212,0.0193,0.0030,0.1889,0.7203,0.0067,0.0152,0.0100
316.9602,0.4315,0.0891,0.0031,0.0622,0.3055,0.6726,0.0068,0.0951,0.0013
435.5345,0.3520,0.1285,0.0230,0.1036,0.5391,0.7128,0.0134,0.0643,0.0151
375.2059,0.3702,0.1426,0.0077,0.0107,0.2491,0.5990,0.0169,0.0938,0.0347
406.3386,0.3038,0.2589,0.0100,0.4003,0.5953,0.7479,0.0075,0.0639,0.0514
442.8466,0.4223,0.2081,0.0083,0.4949,0.5685,0.7684,0.0010,0.2633,0.0146
595.0292,0.3697,0.1238,0.0059,0.4193,0.4833,0.7654,0.0140,0.1290,0.0015
588.0626,0.3242,0.2061,0.0119,0.2158,0.5235,0.7512,0.0043,0.0021,0.0636
444.8108,0.3375,0.1358,0.0125,0.4204,0.2835,0.6918,0.0059,0.0379,0.0331
522.4977,0.9508,0.1693,0.0163,0.4930,0.5832,0.7730,0.0026,0.0445,0.0904
371.5650,0.3768,0.1146,0.0304,0.3757,0.3127,0.7897,0.0013,0.0756,0.0002
446.9742,0.3217,0.1966,0.0034,0.0267,0.2997,0.5026,0.0146,0.0600,0.0113
561.2333,0.3432,0.2196,0.0070,0.3954,0.5810,0.7822,0.0082,0.2640,0.0010
534.1303,0.3368,0.1150,0.0023,0.0097,0.5178,0.6745,0.0030,0.0355,0.0628
459.3443,0.3751,0.1362,0.0042,0.3045,0.2148,0.7745,0.0119,0.0122,0.0197
533.0184,0.3714,0.2323,0.0307,0.4808,0.5693,0.7562,0.0182,0.1013,0.0177
436.8364,0.5696,0.2911,0.0040,0.4998,0.5369,0.7183,0.0061,0.0086,0.0744
541.5453,0.3932,0.2625,0.0053,0.4920,0.5458,0.7929,0.0045,0.0649,0.2074
371.1219,0.5056,0.1752,0.0086,0.4478,0.5899,0.7725,0.0152,0.0076,0.1130
480.2270,0.3317,0.1249,0.0120,0.0255,0.3794,0.3254,0.0091,0.0169,0.0370
430.2011,0.3513,0.1435,0.0063,0.4711,0.5349,0.6761,0.0056,0.0477,0.1435
467.4509,0.3050,0.1881,0.0027,0.4210,0.4528,0.6167,0.0103,0.0340,0.0503
548.9428,0.5247,0.1601,0.0015,0.4790,0.5476,0.7587,0.0038,0.0288,0.2238
571.2315,0.7324,0.2565,0.0140,0.4741,0.5814,0.7465,0.0033,0.0117,0.1621
578.2413,0.3291,0.2393,0.0097,0.4599,0.5521,0.6975,0.0133,0.1315,0.0705
529.9095,0.7462,0.2511,0.0029,0.4773,0.5275,0.5837,0.0153,0.0381,0.0005
580.2580,0.4385,0.2091,0.0317,0.4507,0.5747,0.7345,0.0095,0.0202,0.0923
482.1564,0.4144,0.2508,0.0050,0.4305,0.5977,0.7115,0.0162,0.1334,0.0133
494.9552,0.3257,0.1907,0.0167,0.3334,0.5505,0.7781,0.0172,0.0371,0.1229
479.9071,0.3488,0.2205,0.0303,0.4095,0.5584,0.6892,0.0022,0.0198,0.0609
515.7199,0.4362,0.1318,0.0075,0.3870,0.4888,0.7251,0.0027,0.0484,0.0259
557.0418,0.3349,0.1255,0.0224,0.3765,0.5601,0.6360,0.0159,0.0002,0.0343
455.1911,0.6097,0.1718,0.0123,0.3793,0.5932,0.7764,0.0067,0.0298,0.0204
348.2354,0.3870,0.1472,0.0188,0.2781,0.4342,0.7095,0.0180,0.0312,0.0056
389.8000,0.3539,0.1759,0.0111,0.1790,0.1374,0.7992,0.0004,0.0990,0.0122
463.5330,0.3657,0.2620,0.0091,0.3526,0.4924,0.7402,0.0056,0.0086,0.0274
594.8907,0.3156,0.2005,0.0076,0.3842,0.5923,0.6490,0.0146,0.0754,0.1207
435.3426,0.3432,0.1768,0.0151,0.0762,0.5231,0.5806,0.0127,0.0288,0.0109
391.9950,0.3783,0.1311,0.0185,0.0032,0.4488,0.7631,0.0080,0.0530,0.0382
327.4725,0.4078,0.2065,0.0100,0.4432,0.3710,0.7937,0.0022,0.0519,0.0078
556.0653,0.6282,0.1612,0.0097,0.4989,0.5770,0.5489,0.0159,0.0219,0.0525
541.3715,0.3003,0.1198,0.0065,0.3413,0.5711,0.7579,0.0133,0.1122,0.0495
477.0693,0.3404,0.2595,0.0023,0.4851,0.4435,0.7279,0.0115,0.0532,0.0533
574.0993,0.3078,0.1144,0.0100,0.0944,0.3650,0.5530,0.0183,0.0066,0.0182
576.0607,0.7795,0.1508,0.0264,0.4903,0.5797,0.7684,0.0107,0.0475,0.0024
382.4664,0.3569,0.1390,0.0120,0.3424,0.3041,0.6997,0.0066,0.0205,0.0427
406.3073,0.3968,0.1233,0.0081,0.3004,0.5542,0.7752,0.0162,0.1103,0.0110
551.3377,0.8681,0.2269,0.0084,0.4542,0.5447,0.7286,0.0151,0.0389,0.0107
587.7951,0.3550,0.1266,0.0017,0.2432,0.5387,0.6671,0.0048,0.0558,0.0295
586.6818,0.5495,0.2138,0.0163,0.4713,0.5741,0.7773,0.0051,0.1042,0.1144
370.2919,0.3649,0.1551,0.0131,0.0636,0.3208,0.7689,0.0168,0.0447,0.0649
361.6314,0.4069,0.1222,0.0018,0.3494,0.5366,0.7338,0.0015,0.1608,0.0186
385.5408,0.3760,0.1835,0.0176,0.4790,0.4930,0.7339,0.0043,0.1228,0.0076
463.7492,0.4060,0.1968,0.0062,0.4758,0.5486,0.6350,0.0175,0.0770,0.0302
357.7469,0.4383,0.0983,0.0069,0.0099,0.3411,0.3558,0.0048,0.0332,0.0107
530.3175,0.3137,0.2401,0.0019,0.4373,0.4539,0.7800,0.0080,0.1264,0.0841
482.1077,0.3324,0.1313,0.0069,0.2681,0.5606,0.6841,0.0075,0.0299,0.1592
493.6334,0.3531,0.1572,0.0420,0.4734,0.5529,0.7827,0.0119,0.0258,0.0915
430.1294,0.3395,0.1888,0.0073,0.4438,0.5510,0.6055,0.0062,0.0081,0.1024
467.5313,0.3796,0.1407,0.0107,0.3859,0.3752,0.7977,0.0109,0.0601,0.0380
512.4062,0.9111,0.2516,0.0287,0.4802,0.5775,0.7872,0.0102,0.0087,0.0249
490.7914,0.3303,0.1184,0.0079,0.1768,0.2949,0.6516,0.0042,0.0462,0.0363
467.9697,0.7593,0.1771,0.0019,0.4923,0.5286,0.6884,0.0030,0.1012,0.0198
577.8768,0.3184,0.1700,0.0169,0.4024,0.5411,0.7538,0.0020,0.1889,0.0693
550.2139,0.3045,0.1209,0.0235,0.2089,0.5049,0.7877,0.0056,0.0770,0.0358
548.6918,0.5160,0.2076,0.0121,0.4517,0.5325,0.6558,0.0044,0.0643,0.0397
515.9967,0.4231,0.1773,0.0059,0.4143,0.5986,0.5604,0.0033,0.0083,0.1093
557.2920,0.3439,0.2033,0.0172,0.4117,0.5138,0.7707,0.0153,0.0544,0.0955
480.4755,0.4034,0.1659,0.0215,0.4865,0.5853,0.7715,0.0097,0.1885,0.0279
417.4604,0.3239,0.2086,0.0309,0.3317,0.5372,0.6818,0.0003,0.0387,0.0362
393.5419,0.3192,0.2546,0.0037,0.2862,0.2479,0.7559,0.0060,0.0183,0.0112
460.6571,0.3347,0.1833,0.0047,0.2454,0.3822,0.7835,0.0012,0.1085,0.0600
578.0573,0.4112,0.1430,0.0086,0.3718,0.5736,0.7328,0.0045,0.0289,0.1270
571.8293,0.3186,0.1940,0.0240,0.3087,0.4533,0.6956,0.0018,0.0050,0.0500
328.1789,0.4228,0.2438,0.0034,0.4587,0.5411,0.7207,0.0081,0.0372,0.0033
498.3281,0.4908,0.2060,0.0128,0.4775,0.5985,0.7277,0.0124,0.0547,0.1533
479.9987,0.3144,0.2226,0.0080,0.4696,0.4842,0.7701,0.0182,0.0358,0.1594
543.8547,0.4327,0.1388,0.0063,0.4290,0.5669,0.7710,0.0068,0.1690,0.0377
468.1599,0.3410,0.1608,0.0048,0.0838,0.5981,0.4867,0.0025,0.0164,0.0694
552.9244,0.3004,0.1679,0.0073,0.1441,0.2281,0.7359,0.0114,0.0739,0.0001
515.7926,0.4020,0.1261,0.0315,0.4531,0.5552,0.7655,0.0168,0.0457,0.0005
528.3939,0.3803,0.0957,0.0046,0.4575,0.5950,0.7915,0.0004,0.0821,0.1351
528.6101,0.3973,0.1453,0.0079,0.3380,0.5066,0.6462,0.0123,0.0011,0.0248
545.2952,0.3836,0.1741,0.0221,0.3359,0.5935,0.6846,0.0091,0.0488,0.0238
384.8053,0.3857,0.1097,0.0064,0.3269,0.1077,0.7513,0.0037,0.0404,0.0268
415.8683,0.3461,0.1262,0.0275,0.3051,0.3959,0.7006,0.0081,0.0150,0.0214
458.3154,0.3546,0.1346,0.0075,0.4623,0.5818,0.7533,0.0040,0.1709,0.1219
580.3440,0.4045,0.2343,0.0067,0.3895,0.5318,0.7561,0.0110,0.0369,0.0867
558.9965,0.3227,0.1599,0.0138,0.4514,0.4038,0.7973,0.0125,0.0043,0.1774
589.9122,0.3305,0.1690,0.0056,0.3701,0.5128,0.5630,0.0010,0.0841,0.0153
468.2239,0.3619,0.1075,0.0042,0.4018,0.5522,0.7169,0.0188,0.0008,0.1206
530.0230,0.3044,0.1666,0.0151,0.2773,0.3499,0.7002,0.0099,0.0391,0.0502
360.1898,0.3474,0.1755,0.0208,0.4830,0.3587,0.7487,0.0065,0.0344,0.0262
339.7207,0.4728,0.1244,0.0119,0.4201,0.4807,0.7740,0.0100,0.0019,0.0321
533.0976,0.3397,0.2107,0.0083,0.4218,0.5343,0.7343,0.0023,0.1033,0.1402
357.9944,0.3829,0.1316,0.0026,0.3386,0.1738,0.7828,0.0038,0.1172,0.0253
257.4523,0.4219,0.1864,0.0042,0.0674,0.1644,0.7517,0.0164,0.0119,0.0024
325.1458,0.4147,0.1161,0.0049,0.3042,0.4239,0.6923,0.0134,0.0511,0.0051
482.4820,0.6623,0.2109,0.0123,0.4995,0.5891,0.6085,0.0013,0.0111,0.1570
565.4121,0.5337,0.2733,0.0277,0.4554,0.5532,0.7861,0.0172,0.0105,0.0044
343.7372,0.3916,0.1238,0.0236,0.1039,0.3495,0.7559,0.0120,0.0271,0.0555
563.1490,0.5994,0.1823,0.0023,0.4471,0.5931,0.7631,0.0012,0.1242,0.1460
396.4144,0.3439,0.1683,0.0109,0.0252,0.3429,0.4711,0.0016,0.0059,0.0779
584.5393,0.9836,0.1957,0.0224,0.4945,0.5638,0.6790,0.0112,0.0190,0.0622
379.6838,0.3583,0.1547,0.0218,0.2743,0.5499,0.7575,0.0101,0.1303,0.0093
590.1284,0.4475,0.1033,0.0089,0.4896,0.5964,0.6990,0.0116,0.0016,0.0826
525.5447,0.3272,0.1743,0.0094,0.0685,0.4242,0.7635,0.0060,0.0350,0.0094
364.5040,0.3688,0.1832,0.0021,0.1753,0.2844,0.6829,0.0075,0.0398,0.0444
595.1226,0.3380,0.1336,0.0325,0.4832,0.5578,0.7253,0.0055,0.1129,0.0409
584.2563,0.3771,0.2336,0.0026,0.4517,0.4777,0.6128,0.0051,0.0462,0.0522
538.3958,0.3420,0.1528,0.0061,0.3787,0.4348,0.6800,0.0104,0.0220,0.0866
537.9572,0.7970,0.2295,0.0096,0.4852,0.5941,0.7895,0.0032,0.1405,0.1027
488.4421,0.3908,0.2116,0.0143,0.4407,0.5648,0.7171,0.0131,0.0165,0.1320
393.6242,0.5536,0.1951,0.0043,0.4439,0.5901,0.5704,0.0043,0.0273,0.0086
523.9290,0.3701,0.1502,0.0114,0.2758,0.4992,0.7861,0.0064,0.0668,0.0397
527.4467,0.4795,0.1665,0.0453,0.4729,0.5919,0.7398,0.0176,0.0091,0.0096
434.3662,0.3426,0.1715,0.0071,0.0355,0.1693,0.6551,0.0187,0.0526,0.0065
423.9146,0.4611,0.1543,0.0040,0.3635,0.5179,0.7411,0.0041,0.0669,0.0381
452.9044,0.3216,0.1635,0.0136,0.3687,0.5871,0.5900,0.0173,0.0192,0.0546
338.0027,0.4293,0.1338,0.0081,0.2367,0.4345,0.7514,0.0077,0.0430,0.0326
388.5045,0.3562,0.2126,0.0164,0.3016,0.3879,0.7820,0.0020,0.0442,0.0321
553.9827,0.3268,0.0918,0.0120,0.0015,0.1951,0.4259,0.0077,0.0275,0.0179
550.4860,0.3287,0.1416,0.0037,0.4913,0.5754,0.6604,0.0121,0.1971,0.0556
409.4890,0.4208,0.1489,0.0078,0.4823,0.4492,0.7290,0.0175,0.0225,0.0507
323.5739,0.4573,0.1382,0.0028,0.1052,0.4993,0.7325,0.0143,0.0170,0.0075
513.0961,0.5485,0.2396,0.0027,0.4724,0.5554,0.5497,0.0144,0.0527,0.0132
572.6464,0.3738,0.1980,0.0356,0.3392,0.5851,0.7985,0.0008,0.0006,0.0876
481.0739,0.3443,0.0935,0.0074,0.0924,0.5552,0.7896,0.0044,0.0183,0.0731
576.7442,0.4169,0.1550,0.0065,0.4981,0.5535,0.5058,0.0139,0.0036,0.0255
294.3754,0.4321,0.1414,0.0015,0.1860,0.1783,0.7669,0.0082,0.0519,0.0295
412.8943,0.3195,0.2428,0.0161,0.4839,0.5481,0.7724,0.0012,0.1858,0.0155
308.9677,0.4054,0.1303,0.0098,0.0389,0.2547,0.7168,0.0147,0.0076,0.0854
436.0986,0.4175,0.2232,0.0147,0.3870,0.5826,0.7910,0.0073,0.0852,0.0448
599.2522,0.9311,0.2461,0.0183,0.4854,0.5910,0.5015,0.0132,0.0216,0.0689
485.2965,0.3126,0.1721,0.0057,0.4500,0.4467,0.7614,0.0088,0.0990,0.1656
502.6716,0.3163,0.2062,0.0292,0.2727,0.3403,0.7828,0.0001,0.0099,0.0252
533.2746,0.3281,0.2814,0.0016,0.3457,0.5676,0.7319,0.0058,0.0455,0.0753
444.8292,0.6173,0.1875,0.0092,0.4763,0.5876,0.6702,0.0130,0.0938,0.0200
567.7616,0.3261,0.2347,0.0252,0.4711,0.5662,0.7422,0.0044,0.0859,0.1269
574.6602,0.7294,0.2214,0.0054,0.4550,0.5995,0.7013,0.0144,0.0569,0.1237
575.1021,0.4092,0.1608,0.0073,0.4091,0.4284,0.7794,0.0017,0.1003,0.0130
337.3595,0.3801,0.1446,0.0438,0.1873,0.2768,0.7997,0.0024,0.0104,0.0346
419.0828,0.3454,0.1633,0.0025,0.1018,0.4128,0.6707,0.0179,0.0424,0.0741
526.8203,0.3360,0.1039,0.0039,0.1330,0.3906,0.7650,0.0020,0.1162,0.0152
464.5051,0.3108,0.2129,0.0050,0.0362,0.4948,0.7364,0.0026,0.0205,0.0827
366.3051,0.3904,0.1189,0.0137,0.0272,0.4197,0.3062,0.0083,0.0636,0.0025
565.5616,0.3180,0.1582,0.0044,0.3344,0.2543,0.7705,0.0070,0.0563,0.0358
512.2917,0.3332,0.1442,0.0133,0.3033,0.5444,0.6646,0.0031,0.1018,0.0483
566.5350,0.8713,0.2775,0.0047,0.4632,0.5798,0.5468,0.0180,0.0415,0.0197
462.2815,0.3786,0.1920,0.0038,0.4131,0.5880,0.7417,0.0015,0.1426,0.1364
555.4626,0.3013,0.1800,0.0151,0.2439,0.4642,0.7478,0.0174,0.0133,0.0887
406.7863,0.3696,0.1244,0.0103,0.3632,0.5783,0.6650,0.0002,0.1198,0.0332
371.7764,0.6008,0.1347,0.0028,0.4207,0.5354,0.7465,0.0005,0.0189,0.0257
460.0835,0.3543,0.1150,0.0196,0.2686,0.2727,0.7700,0.0089,0.0010,0.0519
496.4796,0.3159,0.1362,0.0239,0.0441,0.4579,0.6702,0.0162,0.0243,0.0184
563.0708,0.3194,0.1426,0.0142,0.2656,0.4787,0.7189,0.0112,0.0921,0.0183
458.2258,0.3550,0.1063,0.0291,0.0552,0.1431,0.7903,0.0009,0.0222,0.0321
413.7567,0.3240,0.1988,0.0044,0.0034,0.5540,0.6509,0.0106,0.0117,0.0466
412.6713,0.3866,0.1440,0.0278,0.4748,0.5020,0.7492,0.0056,0.0772,0.0235
338.6936,0.4005,0.1008,0.0025,0.2209,0.4754,0.6999,0.0019,0.0273,0.0486
525.2026,0.7108,0.1918,0.0048,0.4916,0.5335,0.6158,0.0025,0.0480,0.0823
548.9190,0.7682,0.1903,0.0191,0.4948,0.5716,0.7141,0.0192,0.0018,0.0852
597.8964,0.4742,0.2034,0.0115,0.4464,0.5384,0.7904,0.0092,0.1410,0.0436
446.8620,0.8870,0.2359,0.0031,0.4995,0.5500,0.5732,0.0082,0.0290,0.0419
469.4697,0.3367,0.1176,0.0101,0.2104,0.5479,0.7597,0.0118,0.0263,0.1367
588.7275,0.3212,0.2982,0.0367,0.4557,0.5766,0.7666,0.0129,0.0296,0.0194
551.6147,0.3063,0.1252,0.0062,0.0167,0.2794,0.5107,0.0021,0.0428,0.0295
322.1751,0.4058,0.1574,0.0045,0.4783,0.5991,0.7379,0.0104,0.1203,0.0366
311.3082,0.4232,0.1008,0.0034,0.0542,0.1708,0.7976,0.0156,0.0627,0.0387
536.0666,0.3048,0.1855,0.0072,0.3610,0.3578,0.7815,0.0039,0.0248,0.1639
353.9253,0.3466,0.1729,0.0037,0.3798,0.3493,0.7372,0.0025,0.0481,0.0077
456.7323,0.5394,0.2162,0.0052,0.4688,0.5233,0.7506,0.0113,0.0178,0.1049
523.9168,0.4287,0.2750,0.0257,0.4878,0.5830,0.7239,0.0042,0.1103,0.0167
418.2853,0.4035,0.1413,0.0049,0.2405,0.5493,0.7307,0.0006,0.0952,0.0421
522.5215,0.3629,0.1802,0.0034,0.4766,0.5437,0.7003,0.0180,0.0739,0.1538
515.3027,0.6596,0.1984,0.0205,0.4644,0.5731,0.7451,0.0080,0.0831,0.0175
586.0713,0.3121,0.1355,0.0068,0.4114,0.3680,0.6404,0.0027,0.0126,0.0721
398.6203,0.3503,0.1255,0.0025,0.1518,0.2994,0.7442,0.0122,0.0358,0.0356
551.5397,0.4150,0.2021,0.0134,0.4744,0.5056,0.6620,0.0012,0.0263,0.1183
598.9566,0.3072,0.1710,0.0322,0.2975,0.4438,0.7714,0.0083,0.0531,0.0061
478.0602,0.4784,0.1242,0.0047,0.4625,0.5585,0.7963,0.0059,0.1505,0.0315
365.5987,0.4164,0.0820,0.0195,0.0112,0.4923,0.3792,0.0014,0.0067,0.0328
529.6124,0.3182,0.1291,0.0098,0.1488,0.5993,0.6861,0.0077,0.0947,0.0615
425.1427,0.4434,0.1839,0.0112,0.3810,0.5894,0.7175,0.0102,0.0738,0.0334
500.1498,0.3046,0.1471,0.0030,0.4546,0.5086,0.7147,0.0048,0.2066,0.0225
308.4557,0.3788,0.2147,0.0167,0.0134,0.4295,0.6254,0.0048,0.0119,0.0168
273.6632,0.4387,0.1486,0.0035,0.0755,0.5651,0.6472,0.0013,0.0269,0.0736
584.4367,0.3558,0.1638,0.0282,0.4153,0.5203,0.6968,0.0148,0.0087,0.0526
411.5564,0.3949,0.1816,0.0059,0.2808,0.4079,0.7682,0.0069,0.0243,0.0482
363.7301,0.3697,0.1652,0.0217,0.2121,0.4233,0.7969,0.0036,0.0254,0.0939
527.0916,0.3108,0.1771,0.0075,0.0771,0.4932,0.7616,0.0147,0.0076,0.0727
302.7152,0.4291,0.1094,0.0039,0.2586,0.3052,0.7455,0.0058,0.0455,0.0500
341.3142,0.3998,0.1488,0.0041,0.2095,0.4493,0.7901,0.0009,0.1382,0.0390
583.0094,0.3472,0.2135,0.0258,0.3747,0.5410,0.7430,0.0078,0.0958,0.0036
581.0455,0.3174,0.1430,0.0064,0.1504,0.4837,0.6527,0.0135,0.0303,0.0304
573.7317,0.4127,0.2418,0.0034,0.3479,0.5800,0.7828,0.0138,0.0572,0.0616
413.6406,0.7294,0.1861,0.0072,0.4317,0.5937,0.7968,0.0028,0.0462,0.0675
399.3859,0.3660,0.1258,0.0210,0.2440,0.5714,0.7220,0.0025,0.0580,0.0837
443.5745,0.9972,0.2144,0.0011,0.4651,0.5353,0.7007,0.0043,0.0266,0.0274
296.2956,0.4355,0.1080,0.0133,0.1999,0.5145,0.7996,0.0137,0.0567,0.0123
573.9547,0.3655,0.1858,0.0127,0.4789,0.5238,0.6708,0.0032,0.1385,0.0704
534.6450,0.3126,0.1377,0.0101,0.4132,0.4495,0.7363,0.0185,0.0791,0.0897
534.2030,0.8208,0.1820,0.0059,0.4572,0.5481,0.7520,0.0051,0.0452,0.0597
499.2344,0.4176,0.1960,0.0226,0.4762,0.5773,0.6916,0.0151,0.1117,0.0109
355.1302,0.3747,0.1722,0.0221,0.4750,0.5548,0.7467,0.0128,0.0081,0.0989
520.2160,0.3502,0.1343,0.0016,0.3111,0.5175,0.7474,0.0044,0.1239,0.0861
564.0556,0.3063,0.1885,0.0154,0.4439,0.5827,0.7992,0.0063,0.0282,0.3222
585.3906,0.7123,0.2057,0.0076,0.4893,0.5495,0.7073,0.0163,0.1146,0.0362
536.8227,0.4730,0.1939,0.0023,0.4485,0.5291,0.5699,0.0144,0.0580,0.0006
573.4933,0.7779,0.2964,0.0346,0.4830,0.5734,0.6857,0.0002,0.0009,0.0188
501.9971,0.3216,0.1287,0.0234,0.2680,0.5884,0.6269,0.0051,0.0089,0.0911
438.3470,0.3415,0.2105,0.0023,0.3203,0.5945,0.7129,0.0018,0.1879,0.0306
317.6133,0.3886,0.1680,0.0084,0.0935,0.1442,0.4651,0.0089,0.0020,0.0153
342.3949,0.3700,0.1788,0.0266,0.0461,0.5426,0.7700,0.0017,0.0385,0.0498
387.8927,0.4000,0.1407,0.0157,0.3714,0.5448,0.6719,0.0028,0.0076,0.0765
460.8562,0.3700,0.1149,0.0013,0.3609,0.5046,0.6980,0.0161,0.0551,0.0564
422.7402,0.3300,0.1913,0.0048,0.3094,0.4226,0.6310,0.0007,0.0313,0.0830
514.3357,0.3032,0.1719,0.0396,0.3825,0.4812,0.7849,0.0008,0.0380,0.1181
343.6963,0.4318,0.1015,0.0089,0.3172,0.5576,0.7611,0.0052,0.0541,0.0348
510.8239,0.5436,0.1565,0.0056,0.3688,0.5778,0.7405,0.0146,0.0366,0.0103
598.8126,0.3574,0.1554,0.0158,0.4991,0.4851,0.7516,0.0109,0.1773,0.0206
439.8732,0.3909,0.1767,0.0229,0.4147,0.5659,0.7505,0.0041,0.0304,0.1191
553.4982,0.6324,0.2790,0.0022,0.4750,0.5765,0.4676,0.0051,0.0690,0.0105
424.4463,0.3614,0.1427,0.0039,0.0160,0.5876,0.4175,0.0033,0.0421,0.0896
474.5006,0.3420,0.1261,0.0098,0.4767,0.4283,0.7721,0.0020,0.0061,0.2187
330.1514,0.4065,0.1078,0.0021,0.4663,0.3763,0.7188,0.0118,0.0048,0.0440
570.0534,0.5536,0.2222,0.0083,0.4194,0.5875,0.6619,0.0133,0.0007,0.1104
408.9169,0.3557,0.1288,0.0365,0.4403,0.5146,0.7845,0.0026,0.0194,0.1072
566.3273,0.3350,0.1577,0.0227,0.3017,0.5224,0.6975,0.0180,0.0374,0.0033
569.8493,0.5322,0.1748,0.0317,0.4480,0.5683,0.7107,0.0067,0.0383,0.0150
465.7188,0.3182,0.1651,0.0062,0.2378,0.5938,0.7816,0.0199,0.0834,0.1392
464.6007,0.5022,0.2024,0.0176,0.4767,0.5667,0.6614,0.0101,0.0566,0.0342
599.4753,0.3341,0.2519,0.0285,0.4905,0.5641,0.7748,0.0160,0.0844,0.0884
514.5981,0.3260,0.2252,0.0162,0.4688,0.5170,0.5877,0.0193,0.0006,0.0043
551.8072,0.3713,0.1453,0.0188,0.4192,0.4739,0.7726,0.0039,0.0631,0.0743
587.5332,0.4435,0.2199,0.0014,0.4822,0.5881,0.7510,0.0025,0.0481,0.3363
329.5220,0.4447,0.0720,0.0078,0.0034,0.5972,0.5328,0.0002,0.0688,0.0005
505.2013,0.5394,0.1896,0.0077,0.3867,0.5293,0.7172,0.0011,0.0291,0.0355
584.0622,0.5178,0.2480,0.0161,0.4504,0.5946,0.4498,0.0012,0.0139,0.0113
472.5761,0.3630,0.2077,0.0125,0.3788,0.5380,0.7997,0.0096,0.0479,0.1269
309.7399,0.4225,0.1308,0.0160,0.0677,0.5227,0.7649,0.0000,0.0487,0.0695
546.0330,0.3127,0.1497,0.0047,0.1028,0.1046,0.7575,0.0166,0.0414,0.0072
410.4923,0.3510,0.1719,0.0021,0.3350,0.5638,0.6263,0.0083,0.0650,0.0809
460.3295,0.3315,0.1592,0.0085,0.1713,0.4687,0.5080,0.0070,0.0208,0.0261
535.8028,0.3413,0.1124,0.0035,0.4292,0.5250,0.7781,0.0118,0.1318,0.0935
487.1699,0.3049,0.2200,0.0055,0.2756,0.3646,0.6860,0.0137,0.0033,0.0530
395.0687,0.4077,0.0998,0.0033,0.0486,0.2617,0.6525,0.0086,0.0108,0.0550
454.3306,0.3075,0.2134,0.0159,0.4209,0.5054,0.6703,0.0003,0.0829,0.0636
427.6845,0.3211,0.2638,0.0282,0.4310,0.5833,0.7332,0.0045,0.0172,0.0562
401.9396,0.3220,0.2159,0.0064,0.4531,0.2936,0.7841,0.0089,0.0376,0.0836
481.3819,0.5050,0.1720,0.0084,0.4975,0.5749,0.7452,0.0027,0.2451,0.0151
518.8164,0.3367,0.1456,0.0057,0.1841,0.5497,0.7224,0.0009,0.0019,0.1667
336.7909,0.4012,0.1332,0.0143,0.1416,0.2172,0.7306,0.0174,0.0133,0.0383
451.6456,0.3312,0.1367,0.0314,0.3894,0.2702,0.7688,0.0033,0.0286,0.0474
426.9260,0.3819,0.1055,0.0097,0.0000,0.3867,0.3459,0.0063,0.0188,0.0676
433.8134,0.3160,0.1717,0.0133,0.0691,0.4520,0.5787,0.0065,0.0038,0.0037
332.5315,0.4243,0.1409,0.0085,0.4503,0.5494,0.7957,0.0185,0.0655,0.0583
268.5210,0.4432,0.1262,0.0021,0.0521,0.4588,0.3944,0.0174,0.0201,0.0043
525.7987,0.3787,0.2275,0.0120,0.4501,0.5896,0.7082,0.0112,0.1293,0.0731
505.0011,0.6726,0.2132,0.0165,0.4994,0.5602,0.7962,0.0012,0.0276,0.1671
520.1454,0.4006,0.2595,0.0355,0.4604,0.5664,0.6847,0.0072,0.0180,0.0082
353.7379,0.3597,0.2051,0.0172,0.2696,0.4901,0.7075,0.0016,0.0012,0.0764
381.8503,0.9720,0.1975,0.0018,0.4948,0.5936,0.6163,0.0114,0.0174,0.0553
429.0126,0.4261,0.1570,0.0073,0.2057,0.5992,0.6778,0.0087,0.0006,0.0264
395.3778,0.3186,0.2294,0.0162,0.3357,0.4586,0.7876,0.0109,0.0231,0.0719
365.7161,0.3530,0.1834,0.0205,0.2050,0.4928,0.7988,0.0172,0.0165,0.0795
417.0412,0.4112,0.1710,0.0041,0.2727,0.5708,0.7662,0.0130,0.0181,0.0926
473.7414,0.3566,0.0991,0.0046,0.1604,0.4336,0.7055,0.0099,0.0233,0.0685
558.6451,0.4316,0.1178,0.0425,0.4702,0.5943,0.7320,0.0076,0.0001,0.0034
378.6986,0.3850,0.1552,0.0033,0.3696,0.3209,0.7089,0.0048,0.0760,0.0112
344.2898,0.4197,0.1236,0.0052,0.0086,0.5542,0.7102,0.0029,0.0668,0.0592
368.2735,0.3997,0.1051,0.0270,0.1235,0.3440,0.7846,0.0086,0.0262,0.0170
467.0161,0.4231,0.2128,0.0099,0.4410,0.5926,0.6563,0.0142,0.0199,0.1034
548.0676,0.8359,0.1808,0.0048,0.4902,0.5886,0.6877,0.0132,0.1318,0.0541
596.9900,0.5202,0.1978,0.0245,0.4438,0.5593,0.7562,0.0032,0.0114,0.1142
367.0320,0.3779,0.1392,0.0030,0.0996,0.3042,0.7646,0.0149,0.1398,0.0065
324.1604,0.3976,0.1157,0.0232,0.3331,0.1988,0.7760,0.0018,0.0050,0.0311
517.0342,0.3796,0.1672,0.0020,0.4695,0.3805,0.7022,0.0019,0.0430,0.0781
374.0042,0.3378,0.1898,0.0093,0.2711,0.3266,0.7466,0.0046,0.0288,0.0394
579.7221,0.3115,0.1545,0.0086,0.0241,0.5339,0.3008,0.0029,0.0029,0.0056
591.5551,0.3395,0.2168,0.0056,0.4195,0.5484,0.6423,0.0165,0.0201,0.1325
461.3752,0.6171,0.2015,0.0139,0.4144,0.5737,0.7700,0.0060,0.0098,0.0628
530.5689,0.3325,0.1668,0.0090,0.3685,0.5544,0.7834,0.0153,0.0171,0.2180
443.6908,0.3531,0.1213,0.0441,0.3900,0.5466,0.6829,0.0004,0.0023,0.0173
471.0171,0.3204,0.2301,0.0083,0.2184,0.3693,0.7578,0.0080,0.0161,0.0273
311.2940,0.4661,0.1234,0.0170,0.2745,0.4472,0.7916,0.0022,0.0149,0.0145
595.9117,0.6918,0.2362,0.0026,0.4247,0.5283,0.6791,0.0033,0.0081,0.0688
544.3099,0.3570,0.1749,0.0037,0.3022,0.3109,0.7991,0.0157,0.0076,0.0104
546.1617,0.3303,0.2440,0.0081,0.4840,0.5778,0.5854,0.0014,0.1506,0.0216
581.7737,0.3969,0.1592,0.0045,0.3362,0.5607,0.6758,0.0065,0.0865,0.0329
478.3502,0.3003,0.1473,0.0093,0.3031,0.5732,0.7245,0.0042,0.0846,0.0034
491.0366,0.3892,0.1106,0.0222,0.4647,0.5575,0.7984,0.0027,0.0448,0.1048
553.4770,0.3284,0.1675,0.0134,0.2354,0.5196,0.7459,0.0036,0.0199,0.1094
340.0691,0.6653,0.2414,0.0058,0.4781,0.5522,0.7941,0.0151,0.0073,0.0086
435.2144,0.3486,0.1421,0.0072,0.2248,0.4670,0.7742,0.0147,0.1530,0.0124
301.7646,0.4444,0.1155,0.0105,0.0672,0.3106,0.7258,0.0037,0.0563,0.0294
448.1753,0.3020,0.2408,0.0419,0.4891,0.4899,0.7410,0.0022,0.0373,0.0199
521.6153,0.6287,0.1897,0.0135,0.4759,0.5540,0.7345,0.0144,0.0925,0.0168
514.4511,0.9472,0.2040,0.0087,0.4578,0.5871,0.7715,0.0044,0.0646,0.0765
463.8112,0.3625,0.1557,0.0024,0.4217,0.3919,0.7436,0.0177,0.1149,0.0083
532.2662,0.3499,0.1086,0.0096,0.1794,0.5691,0.5449,0.0035,0.0044,0.0063
390.2776,0.3804,0.1025,0.0059,0.1109,0.2538,0.7958,0.0127,0.0576,0.0617
420.8891,0.3514,0.1192,0.0270,0.0070,0.5274,0.7215,0.0183,0.0369,0.0102
379.2966,0.3753,0.2669,0.0135,0.4670,0.4667,0.7540,0.0029,0.0123,0.0199
462.5217,0.3271,0.1394,0.0065,0.0447,0.4253,0.7345,0.0164,0.0119,0.0843
577.0704,0.4256,0.1869,0.0088,0.4162,0.4839,0.7775,0.0179,0.0917,0.0022
447.5126,0.3662,0.1500,0.0055,0.4976,0.5671,0.7803,0.0071,0.2257,0.0969
531.9663,0.6623,0.1751,0.0033,0.3949,0.5865,0.6414,0.0111,0.0358,0.0087
299.1565,0.4009,0.2134,0.0143,0.3621,0.5874,0.7801,0.0099,0.0392,0.0091
476.1232,0.3852,0.1321,0.0102,0.1762,0.4784,0.7453,0.0004,0.0376,0.0266
576.8474,0.3525,0.2408,0.0059,0.2856,0.5566,0.6722,0.0098,0.0104,0.0261
500.4006,0.6227,0.2493,0.0266,0.4605,0.5744,0.7120,0.0030,0.0362,0.0190
483.3135,0.3397,0.1754,0.0043,0.4414,0.5320,0.7634,0.0101,0.0936,0.1925
537.0509,0.8976,0.2351,0.0196,0.4996,0.5837,0.7533,0.0093,0.0072,0.1383
518.0856,0.3618,0.0795,0.0086,0.4849,0.5472,0.7499,0.0085,0.0273,0.0193
345.2023,0.3834,0.1458,0.0021,0.1472,0.4411,0.6502,0.0155,0.0913,0.0280
566.9103,0.5809,0.2291,0.0109,0.4817,0.5491,0.7706,0.0080,0.0665,0.1255
443.9777,0.3744,0.1814,0.0208,0.4774,0.5746,0.6419,0.0194,0.0398,0.0177
404.4402,0.4045,0.1985,0.0092,0.4738,0.5344,0.7271,0.0014,0.0100,0.1732
506.9132,0.3545,0.1616,0.0050,0.4244,0.5800,0.7281,0.0136,0.1572,0.0976
371.2841,0.3820,0.1549,0.0193,0.0347,0.5498,0.6974,0.0084,0.0117,0.0584
441.1377,0.3090,0.2192,0.0295,0.1810,0.3322,0.7606,0.0067,0.0194,0.0081
591.4061,0.3168,0.1489,0.0289,0.4475,0.5761,0.6834,0.0037,0.0575,0.1227
383.0193,0.3836,0.1397,0.0181,0.3086,0.5995,0.7840,0.0181,0.0731,0.0492
418.8556,0.4339,0.1980,0.0022,0.3716,0.4620,0.7391,0.0154,0.0407,0.0052
271.8852,0.4340,0.1342,0.0260,0.0334,0.3908,0.7291,0.0023,0.0531,0.0103
304.6682,0.4731,0.0864,0.0047,0.0826,0.1014,0.7719,0.0067,0.0046,0.0221
343.0011,0.4448,0.1718,0.0036,0.3855,0.5287,0.7675,0.0017,0.0947,0.0497
467.2201,0.4021,0.1528,0.0332,0.4103,0.5578,0.7326,0.0058,0.0574,0.0102
338.1007,0.4078,0.1452,0.0253,0.0178,0.1748,0.5042,0.0068,0.0197,0.0098
391.0097,0.3625,0.1320,0.0123,0.0955,0.1739,0.7189,0.0171,0.0033,0.0896
593.6767,0.3025,0.1215,0.0097,0.3437,0.4964,0.6034,0.0079,0.0269,0.0621
435.2469,0.4909,0.2327,0.0030,0.3780,0.5928,0.7567,0.0003,0.0672,0.0726
598.4010,0.6771,0.2399,0.0055,0.4983,0.5692,0.5299,0.0192,0.1167,0.0158
516.6243,0.3411,0.1336,0.0077,0.0607,0.5931,0.5123,0.0102,0.0305,0.0070
543.4575,0.3144,0.1949,0.0047,0.3857,0.4902,0.6820,0.0091,0.0110,0.1709
496.8196,0.3334,0.1155,0.0190,0.3788,0.5070,0.7320,0.0004,0.0856,0.0801
581.6847,0.3252,0.1113,0.0313,0.3962,0.5546,0.6701,0.0050,0.0017,0.0422
407.1061,0.3453,0.1354,0.0060,0.2160,0.3890,0.7263,0.0157,0.0703,0.0216
476.4918,0.3106,0.1805,0.0032,0.1410,0.5882,0.6612,0.0011,0.0168,0.1462
559.3041,0.5092,0.2280,0.0064,0.4938,0.5784,0.4979,0.0123,0.0593,0.0442
443.4567,0.3832,0.0780,0.0180,0.0023,0.5105,0.5365,0.0025,0.0034,0.0147
550.1511,0.5890,0.2811,0.0125,0.4245,0.5973,0.5693,0.0093,0.0104,0.0094
495.5010,0.3087,0.1915,0.0105,0.3047,0.3225,0.7056,0.0081,0.0566,0.0293
518.0259,0.3282,0.2527,0.0065,0.4576,0.5311,0.6645,0.0079,0.0668,0.0787
427.8975,0.3653,0.1874,0.0049,0.3016,0.5538,0.7560,0.0120,0.1477,0.0152
555.8331,0.4513,0.2541,0.0166,0.4622,0.5690,0.7044,0.0111,0.0193,0.1106
591.0107,0.7481,0.2411,0.0117,0.4793,0.5398,0.7377,0.0011,0.1239,0.0280
453.7640,0.5047,0.2696,0.0021,0.4654,0.5516,0.5830,0.0015,0.0108,0.0435
595.9977,0.7261,0.2068,0.0358,0.4857,0.5791,0.7802,0.0174,0.0102,0.0418
292.7714,0.4055,0.1607,0.0103,0.1433,0.3441,0.6494,0.0114,0.0301,0.0199
483.3647,0.3500,0.1301,0.0091,0.4688,0.5480,0.6471,0.0108,0.1144,0.0154
564.0317,0.9871,0.1620,0.0056,0.4593,0.5443,0.6774,0.0118,0.0013,0.0224
517.1117,0.3260,0.1498,0.0362,0.4097,0.4155,0.7884,0.0178,0.0503,0.0053
458.1326,0.3470,0.1366,0.0226,0.3333,0.4389,0.6937,0.0029,0.0440,0.0436
529.2691,0.6812,0.2647,0.0017,0.4492,0.5421,0.7219,0.0123,0.0550,0.0250
508.5834,0.3873,0.2466,0.0214,0.4927,0.5755,0.7862,0.0023,0.1021,0.1267
499.2037,0.8796,0.1544,0.0095,0.4917,0.5379,0.7817,0.0006,0.0824,0.0032
455.7043,0.3254,0.1627,0.0260,0.0048,0.1812,0.5761,0.0107,0.0245,0.0421
534.2268,0.4955,0.1676,0.0143,0.4424,0.5712,0.7252,0.0106,0.0744,0.0600
566.7596,0.6349,0.1504,0.0026,0.4465,0.5329,0.6362,0.0087,0.0269,0.0180
443.5987,0.3217,0.1351,0.0187,0.4501,0.4959,0.7765,0.0188,0.0185,0.0862
330.8306,0.4138,0.1387,0.0270,0.2059,0.4158,0.7365,0.0004,0.0335,0.0118
354.7079,0.4044,0.0908,0.0053,0.1606,0.2050,0.7797,0.0060,0.0587,0.0328
589.0764,0.5974,0.1759,0.0038,0.4851,0.5680,0.6530,0.0141,0.1802,0.0083
287.5650,0.4247,0.1596,0.0027,0.3693,0.5649,0.7598,0.0011,0.1137,0.0250
466.1337,0.3472,0.2229,0.0182,0.4896,0.5857,0.7597,0.0033,0.1512,0.1008
558.5577,0.3998,0.1392,0.0205,0.4090,0.5123,0.7586,0.0117,0.0168,0.0569
377.5063,0.3791,0.1885,0.0096,0.2153,0.3396,0.6457,0.0005,0.0078,0.0153
579.0268,0.3298,0.1975,0.0122,0.4710,0.3920,0.7958,0.0144,0.0217,0.1230
591.7972,0.3017,0.1347,0.0031,0.0854,0.4402,0.4620,0.0062,0.0022,0.0572
543.6304,0.3698,0.1182,0.0087,0.4209,0.5991,0.6113,0.0097,0.0459,0.0391
436.3002,0.3691,0.1287,0.0046,0.0084,0.3335,0.7536,0.0018,0.0295,0.0967
508.3670,0.3907,0.1809,0.0186,0.3654,0.5339,0.6478,0.0104,0.0209,0.0116
593.6067,0.3770,0.1990,0.0052,0.3710,0.5740,0.6899,0.0085,0.0664,0.1149
529.0554,0.3418,0.1226,0.0019,0.3033,0.3983,0.6224,0.0132,0.0153,0.0186
304.5264,0.4199,0.1077,0.0344,0.0227,0.1912,0.6874,0.0126,0.0161,0.0175
351.7192,0.3695,0.1346,0.0228,0.1058,0.3937,0.6006,0.0001,0.0122,0.0027
571.6001,0.3111,0.2036,0.0092,0.4219,0.5685,0.7591,0.0001,0.2064,0.1327
467.0877,0.4361,0.1663,0.0050,0.4762,0.4838,0.7580,0.0149,0.0735,0.0751
598.3571,0.3084,0.2211,0.0036,0.2440,0.4775,0.7901,0.0074,0.0945,0.0134
504.9701,0.6097,0.1363,0.0033,0.4841,0.5999,0.6765,0.0157,0.0170,0.1054
285.4481,0.4384,0.1199,0.0047,0.2424,0.5335,0.7184,0.0048,0.0107,0.0824
431.8221,0.3258,0.2266,0.0207,0.3111,0.5489,0.6905,0.0056,0.0098,0.0658
530.7530,0.4143,0.2780,0.0079,0.4563,0.5954,0.7406,0.0066,0.1197,0.0806
367.8516,0.4776,0.2226,0.0046,0.4829,0.5440,0.7610,0.0134,0.1022,0.0091
400.8670,0.8272,0.2475,0.0068,0.4740,0.5917,0.5839,0.0060,0.0078,0.0309
409.9960,0.3740,0.0982,0.0124,0.2006,0.5855,0.7724,0.0139,0.0094,0.1028
491.3440,0.3552,0.1052,0.0040,0.0110,0.2368,0.5214,0.0050,0.0690,0.0158
543.3166,0.3489,0.1851,0.0343,0.4460,0.5568,0.7774,0.0101,0.0084,0.1472
385.9330,0.3505,0.1576,0.0053,0.0450,0.2675,0.5596,0.0138,0.0015,0.0765
536.4557,0.3013,0.1419,0.0284,0.1805,0.5791,0.7945,0.0004,0.1230,0.0191
570.5136,0.4151,0.2303,0.0192,0.3288,0.5931,0.7353,0.0027,0.0114,0.0486
417.0898,0.3291,0.2737,0.0061,0.4346,0.5454,0.7857,0.0042,0.1216,0.0398
577.6202,0.3123,0.1642,0.0010,0.2658,0.4651,0.6941,0.0012,0.0251,0.1602
306.2161,0.4637,0.0744,0.0129,0.0267,0.3200,0.6187,0.0049,0.0005,0.0096
404.2936,0.4386,0.1811,0.0300,0.4127,0.5697,0.7636,0.0179,0.0080,0.0181
562.0061,0.5028,0.2477,0.0017,0.4268,0.5366,0.7120,0.0051,0.1031,0.0358
507.0487,0.3203,0.1558,0.0332,0.4856,0.5294,0.7625,0.0071,0.1599,0.0286
517.3196,0.3050,0.2157,0.0129,0.4421,0.4591,0.5832,0.0025,0.0129,0.0274
258.4047,0.4589,0.1388,0.0155,0.0023,0.3812,0.5516,0.0079,0.0135,0.0200
591.2784,0.3512,0.1705,0.0095,0.3843,0.5333,0.7760,0.0171,0.0742,0.1107
432.5484,0.4080,0.1918,0.0047,0.4669,0.5814,0.7729,0.0079,0.2086,0.0633
452.3942,0.3384,0.1585,0.0215,0.2102,0.4095,0.7783,0.0018,0.0910,0.0356
485.5905,0.3369,0.1499,0.0106,0.0957,0.5192,0.5752,0.0146,0.0114,0.0386
361.4571,0.4035,0.1202,0.0176,0.4784,0.3593,0.7991,0.0004,0.0719,0.0343
592.5047,0.6356,0.1970,0.0173,0.4559,0.5887,0.5425,0.0165,0.0042,0.0384
491.1837,0.3073,0.2071,0.0202,0.3609,0.5984,0.7556,0.0139,0.0925,0.0955
494.2567,0.3374,0.1623,0.0031,0.4430,0.2846,0.7917,0.0163,0.0652,0.0554
340.6935,0.3806,0.1790,0.0081,0.2977,0.4225,0.7120,0.0198,0.0135,0.0349
426.6054,0.3241,0.2327,0.0041,0.1786,0.5290,0.7143,0.0133,0.0259,0.0518
411.6294,0.3466,0.1511,0.0157,0.1517,0.1569,0.7938,0.0022,0.0813,0.0392
457.4004,0.3730,0.1110,0.0168,0.3175,0.4885,0.7418,0.0074,0.0263,0.0531
546.6753,0.3191,0.1728,0.0183,0.4115,0.5728,0.6476,0.0127,0.0955,0.0516
512.6343,0.3158,0.1703,0.0211,0.1487,0.3589,0.7259,0.0177,0.0130,0.0094
539.2840,0.3927,0.1659,0.0022,0.3574,0.5877,0.4918,0.0044,0.0055,0.0173
419.4052,0.3697,0.1588,0.0100,0.4439,0.4891,0.7324,0.0036,0.1429,0.0457
384.6652,0.6883,0.1730,0.0147,0.4893,0.5184,0.7735,0.0136,0.0002,0.0030
464.6314,0.7839,0.1471,0.0030,0.4930,0.5895,0.5654,0.0056,0.0484,0.0235
437.3207,0.3513,0.1034,0.0103,0.0242,0.1566,0.6821,0.0085,0.0501,0.0052
389.3479,0.4803,0.2671,0.0012,0.4942,0.4855,0.7927,0.0141,0.0202,0.0382
576.9363,0.4571,0.1926,0.0297,0.4781,0.5582,0.6819,0.0013,0.0755,0.0575
357.2012,0.4249,0.1281,0.0111,0.1760,0.2849,0.7340,0.0043,0.0022,0.0379
404.9901,0.3430,0.1445,0.0014,0.3430,0.4125,0.7513,0.0196,0.0982,0.0461
581.9476,0.3038,0.2856,0.0056,0.4864,0.5979,0.7189,0.0153,0.0392,0.2020
476.2020,0.3320,0.1224,0.0281,0.2420,0.5680,0.7140,0.0189,0.0543,0.0128
460.7075,0.3356,0.1402,0.0370,0.2990,0.5399,0.7926,0.0045,0.0390,0.0901
514.4269,0.3593,0.1465,0.0234,0.4414,0.5633,0.7057,0.0199,0.0542,0.0460
521.6464,0.6533,0.1598,0.0067,0.4917,0.5927,0.7388,0.0099,0.1031,0.1044
368.9527,0.4179,0.1374,0.0021,0.3612,0.2567,0.7726,0.0199,0.0173,0.0042
587.3902,0.4114,0.1714,0.0120,0.4471,0.4782,0.6635,0.0018,0.0085,0.0966
540.6389,0.5109,0.2569,0.0184,0.4927,0.5675,0.7666,0.0079,0.0827,0.0919
500.0031,0.3094,0.1568,0.0179,0.3415,0.3696,0.7801,0.0033,0.0047,0.1801
535.6334,0.4233,0.2073,0.0024,0.2785,0.4996,0.7430,0.0006,0.0291,0.0015
403.4746,0.3904,0.1031,0.0100,0.1379,0.5471,0.6599,0.0099,0.0564,0.0127
560.6174,0.5158,0.1770,0.0086,0.3702,0.5663,0.7095,0.0017,0.0481,0.0426
389.8730,0.3876,0.1449,0.0198,0.3003,0.3884,0.7629,0.0062,0.0069,0.0653
506.0160,0.3301,0.1491,0.0122,0.0004,0.2564,0.7150,0.0019,0.0664,0.0161
327.8366,0.3760,0.1930,0.0049,0.2394,0.4351,0.7945,0.0042,0.0054,0.1386
410.2318,0.3393,0.2194,0.0130,0.3623,0.5164,0.7920,0.0077,0.0295,0.1314
363.2884,0.4468,0.1420,0.0154,0.1774,0.5631,0.7574,0.0019,0.0284,0.0066
375.4081,0.4498,0.1581,0.0158,0.4162,0.5777,0.7190,0.0122,0.0561,0.0140
535.9473,0.3082,0.1798,0.0229,0.4976,0.5359,0.7201,0.0028,0.1892,0.0604
424.7021,0.3674,0.2091,0.0045,0.4792,0.4477,0.6781,0.0143,0.0598,0.0154
348.8198,0.3969,0.1297,0.0208,0.0430,0.3699,0.7068,0.0160,0.0591,0.0011
472.9534,0.3323,0.1595,0.0011,0.4140,0.5220,0.6186,0.0090,0.0078,0.1519
408.4159,0.3517,0.1468,0.0076,0.0933,0.3690,0.5162,0.0051,0.0380,0.0524
587.6066,0.3614,0.0999,0.0026,0.3199,0.5628,0.7706,0.0112,0.0770,0.0250
583.0857,0.4624,0.2902,0.0036,0.4242,0.5426,0.6122,0.0012,0.0298,0.0347
490.8148,0.3176,0.2771,0.0133,0.4371,0.5024,0.7580,0.0180,0.0564,0.0105
440.6420,0.3238,0.1686,0.0183,0.2682,0.3831,0.7280,0.0175,0.0781,0.0151
453.8463,0.3476,0.2112,0.0058,0.3116,0.2688,0.7764,0.0082,0.0208,0.0078
594.9302,0.3829,0.2188,0.0097,0.4935,0.5551,0.5252,0.0178,0.0412,0.0279
481.2498,0.4938,0.2452,0.0181,0.4292,0.5796,0.6754,0.0114,0.0001,0.0402
454.2846,0.3833,0.1662,0.0237,0.3858,0.5841,0.7403,0.0009,0.1225,0.0358
452.0372,0.3381,0.1548,0.0021,0.0191,0.1213,0.5006,0.0058,0.0475,0.0879
589.5914,0.3076,0.1462,0.0104,0.2088,0.4525,0.7493,0.0156,0.0310,0.0702
421.9683,0.3813,0.0883,0.0029,0.2584,0.5805,0.7339,0.0096,0.0083,0.0982
597.0142,0.7635,0.1517,0.0083,0.4597,0.5990,0.7205,0.0186,0.0195,0.0750
548.0366,0.4669,0.1696,0.0162,0.4738,0.5658,0.7851,0.0087,0.1235,0.0904
270.1808,0.4424,0.1300,0.0075,0.3103,0.5129,0.7883,0.0192,0.0073,0.0320
447.0963,0.3434,0.2088,0.0178,0.2455,0.5596,0.7535,0.0112,0.0085,0.0715
469.0348,0.3922,0.1583,0.0027,0.1835,0.4396,0.7984,0.0127,0.0323,0.0049
558.6757,0.8499,0.2317,0.0264,0.4860,0.5558,0.7451,0.0131,0.0293,0.0127
570.3799,0.9592,0.2621,0.0029,0.4787,0.5944,0.7806,0.0091,0.1407,0.0894
577.3351,0.5777,0.2488,0.0195,0.4626,0.5612,0.7238,0.0191,0.0021,0.0641
484.8632,0.4102,0.1347,0.0132,0.4065,0.5865,0.7845,0.0055,0.1049,0.0866
434.7859,0.3169,0.2010,0.0195,0.4695,0.4740,0.7669,0.0082,0.0813,0.1023
427.3877,0.4255,0.1863,0.0014,0.3639,0.5769,0.6141,0.0067,0.0821,0.0042
520.0739,0.4322,0.2460,0.0027,0.3953,0.4765,0.7746,0.0132,0.0013,0.0508
544.6185,0.5288,0.2801,0.0090,0.4872,0.5431,0.6760,0.0146,0.0572,0.0343
427.6041,0.3524,0.2422,0.0103,0.4951,0.5246,0.7574,0.0160,0.0012,0.1415
348.0859,0.4119,0.1043,0.0142,0.0589,0.5400,0.7920,0.0143,0.0018,0.0798
520.2903,0.3398,0.1827,0.0118,0.2759,0.5640,0.6630,0.0038,0.0843,0.0360
441.9865,0.3643,0.1269,0.0135,0.1413,0.4185,0.7498,0.0185,0.0499,0.0085
405.9371,0.4163,0.1285,0.0034,0.1537,0.3804,0.5889,0.0005,0.0046,0.0077
573.7775,0.3307,0.1386,0.0022,0.4516,0.5389,0.7397,0.0025,0.1036,0.2260
413.0154,0.3161,0.2485,0.0064,0.3470,0.4718,0.7068,0.0020,0.0501,0.0564
534.3734,0.7449,0.1345,0.0077,0.4845,0.5319,0.6665,0.0057,0.0103,0.0024
501.5949,0.3743,0.1762,0.0160,0.3031,0.4796,0.7916,0.0057,0.0490,0.0397
599.1669,0.4042,0.2059,0.0017,0.3083,0.5664,0.5774,0.0125,0.0008,0.0126
460.7809,0.4629,0.2654,0.0032,0.4647,0.5261,0.7332,0.0073,0.0839,0.0298
505.1076,0.4834,0.1914,0.0316,0.4456,0.5801,0.7422,0.0195,0.0265,0.0149
414.6001,0.3828,0.1215,0.0153,0.0675,0.2396,0.7145,0.0040,0.0098,0.0563
343.6505,0.3499,0.2164,0.0078,0.4830,0.5985,0.7884,0.0165,0.0826,0.0972
472.7179,0.3098,0.2372,0.0268,0.4378,0.5030,0.6910,0.0112,0.0453,0.0047
513.9578,0.3210,0.1276,0.0168,0.0264,0.4103,0.5167,0.0084,0.0194,0.0592
488.0072,0.3380,0.1893,0.0199,0.4217,0.4231,0.6786,0.0123,0.0046,0.0347
537.0816,0.3972,0.1154,0.0128,0.4837,0.5453,0.7194,0.0138,0.0366,0.0676
388.1844,0.3610,0.2147,0.0015,0.4306,0.4913,0.7205,0.0012,0.1706,0.0035
589.5863,0.5372,0.1827,0.0063,0.4228,0.5762,0.7944,0.0094,0.1894,0.0021
434.1590,0.5707,0.1569,0.0080,0.4759,0.5228,0.7932,0.0156,0.0551,0.0349
511.8737,0.3153,0.1814,0.0012,0.2364,0.3490,0.7383,0.0137,0.0742,0.0411
401.6088,0.4274,0.1778,0.0185,0.4394,0.4687,0.7237,0.0194,0.0024,0.0026
301.1478,0.4104,0.1584,0.0200,0.0103,0.4291,0.6683,0.0084,0.0493,0.0163
424.4031,0.3293,0.1899,0.0110,0.0511,0.4788,0.4891,0.0027,0.0161,0.0603
360.1580,0.3955,0.1454,0.0107,0.1040,0.1097,0.7821,0.0020,0.0900,0.0053
566.2562,0.3665,0.1595,0.0402,0.3665,0.5812,0.7931,0.0015,0.0207,0.0841
569.1272,0.3006,0.1397,0.0131,0.0381,0.3232,0.6607,0.0150,0.0384,0.0279
460.9973,0.3145,0.1944,0.0121,0.3335,0.5832,0.5953,0.0155,0.0015,0.0795
422.5939,0.3608,0.1136,0.0088,0.2742,0.4075,0.7795,0.0001,0.0620,0.1298
478.1863,0.6054,0.1798,0.0118,0.4918,0.5690,0.7779,0.0124,0.1158,0.0535
396.6664,0.3817,0.1630,0.0121,0.2205,0.5035,0.7035,0.0006,0.0713,0.0371
320.6055,0.4044,0.1760,0.0156,0.2885,0.5818,0.7360,0.0089,0.0722,0.0007
500.0306,0.4291,0.2176,0.0074,0.4996,0.4978,0.7354,0.0182,0.0972,0.0442
565.9397,0.6683,0.2137,0.0021,0.4392,0.5809,0.5585,0.0101,0.0027,0.1077
572.9939,0.3498,0.2268,0.0218,0.4866,0.5516,0.6346,0.0001,0.1448,0.0173
365.2958,0.3569,0.1779,0.0041,0.0737,0.5622,0.4817,0.0097,0.0283,0.0466
501.9364,0.3054,0.2445,0.0255,0.3727,0.4611,0.7715,0.0186,0.0302,0.0045
356.0921,0.3835,0.1156,0.0132,0.4983,0.5201,0.7730,0.0109,0.0132,0.1229
452.0755,0.4507,0.1027,0.0055,0.4484,0.5736,0.7179,0.0004,0.0122,0.0875
521.0120,0.3646,0.1519,0.0168,0.2878,0.5571,0.7757,0.0013,0.1173,0.0271
289.1433,0.4202,0.1335,0.0041,0.1702,0.1656,0.6246,0.0063,0.0358,0.0158
452.2919,0.3271,0.1698,0.0084,0.3177,0.5359,0.6107,0.0123,0.0897,0.0195
552.0043,0.3556,0.1062,0.0098,0.4113,0.5606,0.6999,0.0076,0.0135,0.1057
580.1945,0.3098,0.1451,0.0159,0.1271,0.5915,0.6165,0.0104,0.0238,0.0337
582.1573,0.5099,0.1834,0.0014,0.4001,0.5561,0.7641,0.0197,0.1162,0.0057
378.1248,0.3590,0.1707,0.0186,0.4337,0.1401,0.7671,0.0045,0.0005,0.0195
389.5708,0.3336,0.2140,0.0057,0.3922,0.5103,0.6903,0.0110,0.0974,0.0274
524.5999,0.8260,0.2673,0.0020,0.4814,0.5345,0.4790,0.0095,0.0115,0.0028
566.5980,0.3070,0.1028,0.0015,0.3092,0.3752,0.7818,0.0142,0.0395,0.0661
394.6112,0.3743,0.1435,0.0265,0.1134,0.5837,0.5843,0.0053,0.0319,0.0048
476.2419,0.7393,0.2450,0.0038,0.4824,0.5974,0.6126,0.0031,0.1720,0.0067
421.8342,0.3415,0.2206,0.0137,0.2861,0.4026,0.6749,0.0026,0.0270,0.0005
461.7620,0.3776,0.1715,0.0165,0.3532,0.5705,0.7323,0.0179,0.0406,0.0625
338.9986,0.3728,0.1923,0.0210,0.1589,0.5459,0.6616,0.0092,0.0125,0.0203
387.0416,0.3912,0.1466,0.0066,0.3480,0.5306,0.6300,0.0010,0.0139,0.0853
554.8817,0.3024,0.1516,0.0054,0.0541,0.4502,0.7262,0.0033,0.0942,0.0503
537.4041,0.3310,0.0988,0.0028,0.4777,0.3042,0.6844,0.0084,0.0040,0.0159
513.4839,0.3135,0.1154,0.0301,0.4059,0.5939,0.7665,0.0027,0.0537,0.0959
374.4817,0.3936,0.1306,0.0062,0.1210,0.4866,0.5897,0.0112,0.0706,0.0017
298.1754,0.4349,0.1757,0.0029,0.0534,0.4437,0.7824,0.0059,0.0116,0.0397
427.1658,0.3539,0.1447,0.0191,0.0083,0.4875,0.3834,0.0002,0.0543,0.0481
475.3516,0.3290,0.1633,0.0248,0.4844,0.3965,0.7515,0.0039,0.0101,0.1264
598.0158,0.3471,0.1340,0.0065,0.4757,0.5900,0.7720,0.0127,0.1816,0.1382
440.7793,0.4011,0.2372,0.0077,0.4224,0.5087,0.7692,0.0023,0.0238,0.1134
531.3952,0.5747,0.1915,0.0121,0.4303,0.5586,0.7267,0.0084,0.0427,0.0575
567.4415,0.3034,0.2059,0.0328,0.3237,0.5724,0.6557,0.0039,0.0589,0.0135
367.1819,0.3364,0.2467,0.0031,0.3807,0.5769,0.7217,0.0116,0.0251,0.0913
490.5650,0.7759,0.2374,0.0129,0.4697,0.5794,0.6510,0.0013,0.0810,0.0310
561.3359,0.3206,0.2256,0.0061,0.4674,0.4924,0.7551,0.0095,0.0254,0.2176
416.4347,0.4942,0.2030,0.0017,0.4597,0.5754,0.6814,0.0012,0.0440,0.1399
504.5519,0.3059,0.1579,0.0080,0.2601,0.4864,0.6472,0.0082,0.0120,0.1182
377.8754,0.4083,0.1267,0.0319,0.4861,0.5478,0.7842,0.0056,0.0518,0.0345
408.4611,0.4098,0.1102,0.0102,0.3819,0.3210,0.7336,0.0012,0.0030,0.0277
415.6392,0.3412,0.1526,0.0328,0.0298,0.2693,0.7792,0.0187,0.0137,0.0314
504.3989,0.3286,0.2073,0.0321,0.3574,0.5132,0.7273,0.0117,0.0495,0.0005
470.0221,0.3513,0.2059,0.0214,0.4022,0.5366,0.7556,0.0064,0.0437,0.1028
310.5362,0.4123,0.1563,0.0071,0.0912,0.5524,0.7855,0.0032,0.0425,0.0915
400.9854,0.4027,0.1132,0.0055,0.0344,0.4919,0.4011,0.0060,0.0368,0.0068
539.6678,0.4390,0.1465,0.0411,0.4266,0.5730,0.7837,0.0085,0.0338,0.0044
492.2408,0.3323,0.1347,0.0048,0.0175,0.3834,0.6572,0.0111,0.0845,0.0327
490.6891,0.3785,0.2205,0.0282,0.4886,0.4530,0.7390,0.0051,0.0000,0.0585
473.1002,0.3817,0.1247,0.0021,0.2967,0.3466,0.7918,0.0038,0.1078,0.0009
484.4512,0.3110,0.1906,0.0145,0.2523,0.4608,0.7126,0.0105,0.0181,0.0993
435.1980,0.4159,0.1402,0.0059,0.3154,0.5964,0.6831,0.0134,0.0230,0.0645
545.0712,0.3038,0.1360,0.0136,0.1105,0.2203,0.7934,0.0197,0.0551,0.0142
408.0110,0.3482,0.1581,0.0456,0.4639,0.5601,0.7660,0.0008,0.0343,0.0833
274.4627,0.4496,0.1088,0.0068,0.0387,0.1894,0.6592,0.0200,0.0085,0.0488
417.4662,0.3850,0.1231,0.0114,0.0185,0.1169,0.5817,0.0088,0.0075,0.0459
567.1790,0.3248,0.1282,0.0071,0.2937,0.5522,0.7318,0.0161,0.0214,0.1362
547.3821,0.3091,0.1925,0.0041,0.1504,0.5302,0.5231,0.0045,0.0014,0.0415
383.7275,0.6096,0.2342,0.0153,0.4980,0.5954,0.7262,0.0050,0.0241,0.0852
465.4525,0.5084,0.2083,0.0024,0.4846,0.5087,0.6430,0.0132,0.0726,0.0103
588.3852,0.4359,0.1945,0.0170,0.4901,0.4871,0.7697,0.0043,0.0430,0.1315
552.7141,0.3870,0.1435,0.0034,0.4272,0.3514,0.7519,0.0021,0.0662,0.0158
513.6914,0.3348,0.1882,0.0067,0.4924,0.5584,0.5614,0.0174,0.0162,0.0639
536.7794,0.3431,0.1791,0.0141,0.3256,0.4170,0.7959,0.0090,0.0865,0.0123
394.3796,0.3533,0.1909,0.0017,0.0192,0.5413,0.7893,0.0150,0.0694,0.0218
550.3942,0.3985,0.1957,0.0082,0.4619,0.5570,0.6480,0.0061,0.0874,0.1122
584.5711,0.3341,0.1089,0.0046,0.3582,0.5819,0.7384,0.0009,0.1537,0.0709
599.9644,0.7828,0.1824,0.0157,0.4790,0.5862,0.6069,0.0161,0.0601,0.0327
502.3924,0.6870,0.1994,0.0013,0.4759,0.5149,0.7542,0.0030,0.0308,0.1199
351.1283,0.3440,0.2070,0.0020,0.2619,0.5853,0.6872,0.0048,0.0148,0.0775
469.7821,0.8606,0.2282,0.0057,0.4837,0.5685,0.6804,0.0063,0.0492,0.0812
446.5494,0.3624,0.1253,0.0128,0.1946,0.5625,0.6169,0.0137,0.0430,0.0112
453.5338,0.3204,0.1997,0.0064,0.4289,0.5695,0.6340,0.0034,0.0884,0.0986
575.3651,0.8560,0.2696,0.0014,0.4477,0.5925,0.4083,0.0174,0.0207,0.0028
459.0407,0.3440,0.1451,0.0259,0.0806,0.5179,0.7949,0.0179,0.0039,0.0362
516.2627,0.3237,0.1437,0.0150,0.1608,0.5257,0.7040,0.0027,0.0143,0.1208
564.2550,0.3329,0.2589,0.0118,0.4521,0.4195,0.6801,0.0002,0.0449,0.0045
371.9197,0.3642,0.1701,0.0026,0.2245,0.3575,0.7786,0.0085,0.0859,0.0750
339.5104,0.3896,0.1546,0.0050,0.1337,0.1074,0.6963,0.0193,0.0081,0.0476
590.7592,0.3320,0.1953,0.0145,0.4274,0.5265,0.6630,0.0197,0.0336,0.0827
517.8304,0.3680,0.1184,0.0172,0.4931,0.4444,0.7285,0.0050,0.0481,0.0440
582.3865,0.3053,0.1331,0.0236,0.0006,0.5413,0.3449,0.0010,0.0186,0.0280
510.7646,0.4497,0.1850,0.0032,0.4301,0.5820,0.6994,0.0015,0.0631,0.1769
531.0896,0.3028,0.2008,0.0056,0.4583,0.3321,0.7758,0.0108,0.1435,0.0206
460.5790,0.6232,0.2113,0.0046,0.4223,0.5010,0.7497,0.0079,0.0070,0.0189
531.5297,0.3386,0.1218,0.0241,0.3450,0.5207,0.7397,0.0184,0.0037,0.0597
287.8335,0.4138,0.1455,0.0094,0.0439,0.2168,0.3366,0.0169,0.0060,0.0017
429.0908,0.3594,0.1589,0.0058,0.3656,0.4639,0.7836,0.0095,0.1704,0.0330
442.8939,0.3620,0.1663,0.0348,0.3979,0.5285,0.7114,0.0035,0.0145,0.0588
366.6228,0.3619,0.2284,0.0110,0.1971,0.5823,0.7570,0.0191,0.0044,0.0241
414.3767,0.4242,0.1184,0.0136,0.2650,0.5038,0.7847,0.0111,0.0032,0.0360
434.5782,0.3448,0.1393,0.0033,0.2526,0.5421,0.5764,0.0081,0.0513,0.0645
541.0530,0.3241,0.1496,0.0387,0.4889,0.5655,0.6711,0.0125,0.0431,0.0363
561.2537,0.4473,0.1705,0.0273,0.4935,0.4804,0.6978,0.0057,0.0161,0.0373
538.1838,0.3456,0.1264,0.0115,0.1613,0.3075,0.7899,0.0011,0.0254,0.0293
521.1267,0.8380,0.2437,0.0260,0.4957,0.5942,0.6443,0.0146,0.0629,0.0017
397.9762,0.3862,0.1203,0.0015,0.0971,0.5157,0.5391,0.0100,0.0460,0.0407
379.1116,0.3596,0.1810,0.0106,0.4593,0.5675,0.7165,0.0093,0.0611,0.1151
599.5998,0.5331,0.2153,0.0092,0.4671,0.5159,0.7981,0.0001,0.0048,0.1992
501.0608,0.3275,0.2014,0.0101,0.0603,0.5456,0.6322,0.0018,0.0032,0.0186
479.2011,0.3160,0.1415,0.0244,0.2952,0.5015,0.7058,0.0023,0.0816,0.0270
477.8808,0.3295,0.1890,0.0051,0.4007,0.3114,0.7322,0.0098,0.0713,0.0236
445.6213,0.3149,0.2973,0.0263,0.4814,0.5850,0.7831,0.0041,0.0217,0.0732
520.7093,0.6444,0.2229,0.0042,0.4995,0.5211,0.6924,0.0113,0.0789,0.0599
553.2420,0.4777,0.2215,0.0188,0.4871,0.5907,0.6697,0.0095,0.1245,0.0595
550.8125,0.3428,0.1187,0.0043,0.2277,0.5553,0.7742,0.0005,0.0344,0.1457
458.4346,0.4681,0.2047,0.0029,0.4916,0.5613,0.7427,0.0181,0.1353,0.0707
338.3422,0.4126,0.1060,0.0036,0.0256,0.3244,0.4674,0.0004,0.0546,0.0932
465.1592,0.7648,0.1876,0.0195,0.4423,0.5944,0.7018,0.0081,0.0126,0.0207
425.8423,0.3488,0.1327,0.0203,0.1356,0.5300,0.6092,0.0108,0.0630,0.0164
471.8130,0.3074,0.1813,0.0239,0.1949,0.4558,0.7941,0.0061,0.0005,0.1137
308.7402,0.4572,0.1644,0.0014,0.2511,0.3774,0.7632,0.0041,0.0013,0.0388
543.9552,0.3822,0.1926,0.0103,0.3997,0.5796,0.7914,0.0102,0.1343,0.0984
593.1923,0.6788,0.1757,0.0181,0.4168,0.5463,0.7150,0.0002,0.0133,0.0129
428.2705,0.3263,0.1745,0.0299,0.4642,0.2723,0.7269,0.0031,0.0054,0.0273
455.6098,0.3535,0.1022,0.0156,0.0773,0.2624,0.5648,0.0036,0.0433,0.0118
431.5742,0.7368,0.2189,0.0090,0.4840,0.5764,0.7156,0.0032,0.0700,0.0700
292.9254,0.4327,0.1252,0.0112,0.0259,0.5273,0.7571,0.0165,0.0785,0.0013
480.5948,0.3308,0.2358,0.0134,0.4650,0.5431,0.7919,0.0132,0.0779,0.1322
469.2577,0.3509,0.1459,0.0017,0.4859,0.1711,0.7124,0.0025,0.0200,0.0015
582.4439,0.6247,0.1903,0.0049,0.4629,0.5804,0.6208,0.0044,0.1069,0.0874
489.0641,0.3125,0.1681,0.0052,0.2028,0.4971,0.6086,0.0126,0.0061,0.1166
402.5320,0.3687,0.1084,0.0066,0.0467,0.5993,0.7020,0.0072,0.0775,0.0411
349.7274,0.3937,0.1520,0.0298,0.2928,0.5734,0.7465,0.0010,0.0243,0.0626
483.6695,0.3119,0.1571,0.0100,0.3518,0.2315,0.7558,0.0159,0.0694,0.0245
564.9903,0.3314,0.1480,0.0063,0.4204,0.5956,0.5068,0.0055,0.0115,0.0517
382.0152,0.3828,0.2688,0.0042,0.4434,0.3579,0.7978,0.0010,0.0092,0.0063
556.5549,0.3453,0.1613,0.0031,0.3547,0.5275,0.7053,0.0042,0.1377,0.0743
459.8578,0.3333,0.1492,0.0157,0.0526,0.3993,0.6924,0.0195,0.0088,0.0623
419.1320,0.3198,0.2029,0.0342,0.2901,0.3331,0.7659,0.0113,0.0039,0.0225
570.1567,0.3173,0.1734,0.0084,0.4868,0.4708,0.7804,0.0177,0.1117,0.1450
524.7667,0.3380,0.0887,0.0119,0.0437,0.2994,0.7591,0.0127,0.0145,0.0192
421.5353,0.3448,0.1483,0.0102,0.1999,0.2621,0.6611,0.0074,0.0884,0.0054
577.9773,0.4099,0.2240,0.0242,0.4239,0.5907,0.7432,0.0160,0.0792,0.0404
300.0075,0.3906,0.1997,0.0049,0.3544,0.4874,0.7439,0.0068,0.0525,0.0283
473.5145,0.3736,0.1536,0.0197,0.1682,0.5970,0.7738,0.0035,0.0535,0.0132
579.1484,0.3444,0.2541,0.0479,0.4155,0.5673,0.7826,0.0025,0.0406,0.0099
347.2786,0.3856,0.1892,0.0016,0.4555,0.4167,0.7665,0.0015,0.0770,0.0872
596.3406,0.3141,0.1664,0.0249,0.3201,0.5789,0.5770,0.0060,0.0321,0.0174
406.4061,0.3380,0.1788,0.0039,0.2789,0.5727,0.7882,0.0020,0.2209,0.0525
390.1028,0.3524,0.1574,0.0214,0.1191,0.1510,0.6767,0.0189,0.0181,0.0165
337.3045,0.3948,0.1432,0.0101,0.0101,0.1498,0.5463,0.0099,0.0344,0.0873
551.2458,0.9161,0.1730,0.0036,0.4991,0.5866,0.7097,0.0016,0.2292,0.0168
435.9252,0.3419,0.1562,0.0055,0.1256,0.5095,0.6454,0.0066,0.0792,0.0703
434.4017,0.3662,0.1954,0.0274,0.3487,0.5767,0.7503,0.0122,0.0137,0.0666
239.6772,0.4621,0.1371,0.0116,0.0835,0.4753,0.6845,0.0030,0.0067,0.0201
540.8486,0.3015,0.2165,0.0138,0.3937,0.5844,0.7161,0.0072,0.0056,0.2263
491.2661,0.4282,0.1498,0.0067,0.4567,0.4723,0.6791,0.0089,0.0282,0.0539
565.9485,0.5720,0.1842,0.0198,0.4894,0.5260,0.7501,0.0061,0.0622,0.0614
535.2008,0.5582,0.1983,0.0101,0.4930,0.5819,0.5888,0.0131,0.0333,0.1104
405.2372,0.3983,0.2121,0.0246,0.4971,0.5408,0.6989,0.0045,0.0061,0.0733
516.2839,0.6373,0.2504,0.0040,0.4256,0.5939,0.5487,0.0059,0.0447,0.0229
368.7293,0.3663,0.1333,0.0039,0.0583,0.5248,0.7334,0.0053,0.0051,0.1146
398.3912,0.3371,0.1538,0.0079,0.4351,0.4266,0.7280,0.0016,0.0304,0.0930
590.4453,0.3106,0.1392,0.0378,0.4552,0.4985,0.7118,0.0006,0.0712,0.0473
426.4645,0.3721,0.0993,0.0147,0.1510,0.4580,0.6553,0.0188,0.0073,0.0129
519.2332,0.3217,0.1611,0.0162,0.1200,0.3571,0.7497,0.0010,0.0764,0.0076
387.3253,0.4844,0.1634,0.0426,0.4629,0.5834,0.7856,0.0088,0.0147,0.0022
383.8162,0.3747,0.1494,0.0027,0.2853,0.4751,0.7401,0.0150,0.0607,0.0913
556.6293,0.4384,0.2835,0.0012,0.4389,0.5061,0.7249,0.0130,0.0349,0.0372
422.0271,0.6119,0.2379,0.0060,0.4467,0.5773,0.7763,0.0164,0.0538,0.0326
413.8284,0.3328,0.1582,0.0023,0.2514,0.1333,0.7201,0.0006,0.0385,0.0153
395.5151,0.4163,0.1608,0.0114,0.4901,0.5809,0.7112,0.0057,0.0812,0.0982
577.8334,0.3280,0.0938,0.0230,0.2738,0.5654,0.7785,0.0072,0.0507,0.0089
428.3639,0.3800,0.1450,0.0091,0.3992,0.3308,0.7637,0.0165,0.0128,0.0481
439.0316,0.3616,0.1053,0.0111,0.0689,0.4397,0.7758,0.0113,0.1052,0.0055
495.8588,0.3272,0.1721,0.0040,0.4021,0.5679,0.6979,0.0035,0.0805,0.2022
597.9919,0.9350,0.2165,0.0133,0.4922,0.5662,0.7052,0.0079,0.1547,0.0150
409.8258,0.3582,0.1530,0.0149,0.1924,0.4364,0.7001,0.0176,0.0637,0.0066
444.4177,0.3756,0.0838,0.0028,0.0258,0.5648,0.5178,0.0043,0.0180,0.0701
525.5830,0.5225,0.2493,0.0072,0.4134,0.5644,0.7588,0.0144,0.0516,0.0363
358.9592,0.4539,0.1962,0.0043,0.4004,0.5749,0.7521,0.0062,0.0341,0.0978
515.2347,0.5298,0.2067,0.0046,0.4739,0.5940,0.7210,0.0092,0.2220,0.0334
486.7101,0.6135,0.1994,0.0132,0.4997,0.4698,0.6529,0.0011,0.0075,0.0192
581.7462,0.3414,0.2151,0.0215,0.4945,0.4326,0.7596,0.0113,0.0365,0.0780
342.8944,0.3954,0.1131,0.0027,0.2529,0.3447,0.6588,0.0066,0.0123,0.0580
463.4698,0.3561,0.1898,0.0032,0.4817,0.4896,0.7956,0.0002,0.1656,0.1521
561.1124,0.3910,0.1489,0.0110,0.4325,0.5626,0.7928,0.0148,0.0046,0.2073
375.4636,0.5445,0.1848,0.0191,0.3553,0.5823,0.7911,0.0040,0.0060,0.0088
526.5008,0.3289,0.1636,0.0173,0.2954,0.4271,0.6507,0.0100,0.0008,0.0361
376.7710,0.4120,0.0963,0.0078,0.2481,0.4937,0.7961,0.0166,0.0617,0.0036
473.2252,0.5478,0.2611,0.0076,0.4769,0.5827,0.6833,0.0052,0.1251,0.0270
510.6374,0.3933,0.1949,0.0360,0.4959,0.5236,0.7913,0.0180,0.0697,0.0222
546.9160,0.7912,0.2955,0.0070,0.4669,0.5711,0.6531,0.0072,0.0120,0.0728
354.0733,0.3497,0.1862,0.0058,0.1309,0.3636,0.6661,0.0125,0.0002,0.0379
457.2265,0.3573,0.1503,0.0074,0.3256,0.3857,0.7357,0.0010,0.0470,0.0979
442.7478,0.3060,0.1527,0.0037,0.4578,0.5794,0.7480,0.0169,0.0024,0.1085
576.7682,0.3048,0.1232,0.0166,0.2578,0.3601,0.7363,0.0031,0.0290,0.0867
531.8280,0.3514,0.1986,0.0138,0.3177,0.5672,0.6709,0.0178,0.0532,0.0100
569.6067,0.4308,0.1816,0.0038,0.3208,0.4822,0.6911,0.0009,0.0048,0.0291
328.7312,0.4045,0.1463,0.0014,0.0680,0.3062,0.3869,0.0016,0.0363,0.0265
594.1688,0.9953,0.2337,0.0063,0.4586,0.5906,0.3154,0.0002,0.0303,0.0274
388.5419,0.3648,0.1283,0.0147,0.0529,0.3071,0.5860,0.0120,0.0151,0.0674
400.0021,0.3394,0.1871,0.0019,0.0269,0.4370,0.6643,0.0037,0.1120,0.0089
255.7400,0.4746,0.1486,0.0060,0.0257,0.4441,0.5935,0.0061,0.0072,0.0070
482.7485,0.3351,0.1472,0.0067,0.3814,0.3796,0.7758,0.0076,0.1881,0.0029
455.0581,0.3322,0.1291,0.0123,0.2025,0.4158,0.7419,0.0050,0.0750,0.0430
383.9421,0.3432,0.1710,0.0358,0.3512,0.5650,0.7193,0.0041,0.0721,0.0241
312.8937,0.3832,0.1575,0.0041,0.3216,0.5356,0.7464,0.0082,0.1097,0.0078
469.8063,0.4423,0.1213,0.0142,0.4996,0.5916,0.7924,0.0118,0.0599,0.1166
352.6801,0.3784,0.1521,0.0078,0.1137,0.4312,0.5803,0.0032,0.0091,0.1085
448.0737,0.3722,0.1802,0.0063,0.4365,0.4694,0.7590,0.0147,0.0560,0.1059
443.2719,0.3442,0.1170,0.0094,0.0100,0.3628,0.4331,0.0060,0.0711,0.0096
599.9881,0.5011,0.1681,0.0041,0.4945,0.5622,0.6203,0.0006,0.0496,0.1980
365.1322,0.4892,0.1895,0.0139,0.4905,0.5307,0.7895,0.0103,0.1061,0.0008
496.5796,0.8047,0.2432,0.0062,0.4928,0.5129,0.7221,0.0197,0.0214,0.0131
434.5409,0.3346,0.1855,0.0116,0.2878,0.5260,0.7091,0.0087,0.0070,0.1433
576.5460,0.6653,0.2642,0.0176,0.4896,0.6000,0.6392,0.0015,0.0694,0.1201
474.7091,0.9784,0.2792,0.0014,0.4849,0.5549,0.7733,0.0109,0.0404,0.0543
560.9906,0.4123,0.2168,0.0351,0.4662,0.5893,0.5956,0.0051,0.0422,0.0120
513.6676,0.9719,0.1614,0.0138,0.4775,0.5979,0.6654,0.0019,0.0243,0.0748
593.8176,0.3503,0.2382,0.0204,0.3629,0.4244,0.7895,0.0050,0.0081,0.0047
419.0455,0.3537,0.1776,0.0042,0.3542,0.2744,0.7248,0.0079,0.0153,0.0614
500.7730,0.3622,0.1229,0.0048,0.0252,0.5305,0.7822,0.0024,0.0522,0.0080
391.9568,0.4864,0.2691,0.0164,0.4709,0.5896,0.7583,0.0122,0.0339,0.0159
494.0156,0.4577,0.2548,0.0018,0.4766,0.5643,0.6541,0.0002,0.0066,0.1894
321.6330,0.3871,0.1455,0.0242,0.1886,0.5404,0.7829,0.0104,0.0795,0.0120
579.2838,0.3127,0.2523,0.0151,0.4787,0.4772,0.6768,0.0184,0.0525,0.0178
364.0667,0.3878,0.1689,0.0024,0.4861,0.4661,0.7553,0.0035,0.0572,0.1441
486.4426,0.3239,0.1362,0.0194,0.1193,0.5557,0.6017,0.0115,0.0048,0.0801
328.8210,0.3396,0.2274,0.0179,0.4231,0.5959,0.7961,0.0001,0.0517,0.0123
493.7926,0.3203,0.2053,0.0112,0.3532,0.4769,0.7993,0.0121,0.0788,0.0984
425.6986,0.3358,0.1800,0.0191,0.1707,0.5462,0.6804,0.0102,0.0323,0.0601
376.1710,0.3969,0.1215,0.0012,0.2327,0.4183,0.7172,0.0137,0.0086,0.0979
508.3263,0.3483,0.1920,0.0059,0.4844,0.4277,0.6864,0.0062,0.1236,0.0211
412.5363,0.3568,0.1373,0.0066,0.1284,0.1682,0.7576,0.0041,0.0855,0.0647
561.4696,0.3522,0.2199,0.0331,0.4034,0.5512,0.7355,0.0111,0.0327,0.0382
412.8417,0.3319,0.1940,0.0223,0.3547,0.5589,0.7639,0.0058,0.0241,0.1489
362.4364,0.4324,0.1439,0.0061,0.1695,0.5118,0.7935,0.0038,0.0257,0.0634
392.5377,0.4032,0.1430,0.0103,0.2926,0.4367,0.7890,0.0081,0.0097,0.0956
326.9298,0.3822,0.2184,0.0144,0.2314,0.3896,0.7603,0.0023,0.0108,0.0145
506.4306,0.3051,0.1833,0.0019,0.1682,0.5032,0.7070,0.0064,0.0894,0.0956
593.2161,0.6160,0.1749,0.0021,0.4317,0.5704,0.7577,0.0153,0.0215,0.1253
470.2887,0.3384,0.1264,0.0165,0.4373,0.5527,0.6549,0.0071,0.0129,0.1054
533.2285,0.3185,0.2326,0.0077,0.4743,0.5394,0.6779,0.0009,0.2025,0.0347
334.4831,0.3695,0.1669,0.0149,0.2547,0.5685,0.7229,0.0061,0.0900,0.0166
461.6691,0.3239,0.1460,0.0465,0.2911,0.5355,0.7583,0.0014,0.0526,0.0483
465.1902,0.5215,0.1629,0.0126,0.4572,0.5560,0.7754,0.0126,0.0231,0.1021
588.3512,0.4243,0.1147,0.0210,0.4550,0.5969,0.6370,0.0049,0.0128,0.0266
403.7705,0.3576,0.1954,0.0074,0.1713,0.2716,0.7819,0.0135,0.0024,0.0407
552.7763,0.3085,0.1888,0.0117,0.3920,0.4612,0.6664,0.0014,0.0260,0.1309
513.6309,0.3450,0.1407,0.0082,0.4650,0.5121,0.7241,0.0167,0.0417,0.1478
578.9715,0.9164,0.2706,0.0098,0.4677,0.5633,0.6179,0.0029,0.0322,0.0709
543.2487,0.4993,0.2822,0.0030,0.4694,0.5076,0.7853,0.0060,0.0881,0.0405
440.9074,0.4323,0.2078,0.0313,0.4875,0.5988,0.6902,0.0181,0.0305,0.0216
466.2723,0.3458,0.1218,0.0071,0.1208,0.2775,0.6408,0.0147,0.0346,0.0357
294.0706,0.3908,0.1702,0.0183,0.0079,0.2748,0.3323,0.0039,0.0183,0.0043
330.1200,0.3772,0.1492,0.0055,0.0058,0.3303,0.4975,0.0169,0.0456,0.0249
435.0231,0.3230,0.2402,0.0048,0.4773,0.5593,0.7106,0.0046,0.1442,0.0703
484.1556,0.7291,0.2532,0.0245,0.4641,0.5886,0.7944,0.0146,0.0033,0.0372
499.0421,0.3183,0.1313,0.0029,0.3179,0.4551,0.7440,0.0002,0.0113,0.2074
550.7560,0.4552,0.1170,0.0069,0.4971,0.5096,0.7663,0.0055,0.1181,0.0190
523.5232,0.3158,0.1379,0.0170,0.4851,0.5945,0.6035,0.0137,0.0911,0.0102
307.6506,0.3867,0.2098,0.0096,0.3491,0.4325,0.7853,0.0188,0.0273,0.0007
428.4978,0.6289,0.1554,0.0025,0.4894,0.5575,0.6839,0.0039,0.0996,0.0311
381.0479,0.3696,0.1266,0.0050,0.1699,0.4721,0.6047,0.0078,0.0742,0.0229
446.3001,0.3276,0.2031,0.0022,0.2219,0.5151,0.7975,0.0131,0.0128,0.1595
408.7910,0.7932,0.2456,0.0135,0.4942,0.5871,0.6960,0.0034,0.0816,0.0142
401.3965,0.3898,0.2639,0.0087,0.4469,0.5540,0.7489,0.0134,0.0707,0.0058
585.5821,0.3011,0.1821,0.0219,0.2853,0.5689,0.6822,0.0149,0.0963,0.0033
356.2757,0.3447,0.2367,0.0076,0.0046,0.4060,0.3305,0.0019,0.0325,0.0031
324.2119,0.5914,0.1899,0.0073,0.4013,0.5671,0.7716,0.0043,0.0149,0.0088
488.2599,0.3100,0.2595,0.0044,0.4138,0.5723,0.7940,0.0161,0.0723,0.1387
535.4577,0.3595,0.1691,0.0384,0.4968,0.4186,0.7961,0.0038,0.0754,0.0071
262.5797,0.4295,0.1518,0.0127,0.2203,0.2593,0.7778,0.0046,0.0341,0.0139
453.3788,0.3757,0.1212,0.0085,0.3937,0.4908,0.7843,0.0028,0.1186,0.0767
572.7093,0.3615,0.2390,0.0296,0.4678,0.5840,0.7446,0.0062,0.1623,0.0168
526.9443,0.5937,0.2484,0.0113,0.4756,0.5721,0.6190,0.0097,0.0235,0.0854
459.1203,0.3124,0.1743,0.0126,0.0167,0.5920,0.6958,0.0013,0.0153,0.0466
596.1479,0.8330,0.2444,0.0043,0.4622,0.4987,0.7882,0.0015,0.0804,0.0070
424.8852,0.3626,0.2949,0.0196,0.4715,0.5505,0.7935,0.0179,0.0156,0.0111
408.6593,0.3783,0.1076,0.0166,0.0859,0.5318,0.4632,0.0014,0.0354,0.0064
520.7543,0.3117,0.1536,0.0022,0.4284,0.3265,0.6711,0.0096,0.0599,0.0522
444.5954,0.3500,0.1602,0.0041,0.1333,0.4063,0.7704,0.0154,0.0459,0.0627
572.9258,0.3409,0.1483,0.0178,0.4593,0.5365,0.7839,0.0006,0.1006,0.1817
385.1421,0.4044,0.0980,0.0226,0.0997,0.1568,0.7696,0.0036,0.0082,0.0202
500.2137,0.3361,0.1022,0.0093,0.3338,0.5348,0.6925,0.0095,0.0684,0.0503
437.5045,0.3108,0.2107,0.0104,0.4931,0.3506,0.7875,0.0051,0.0855,0.0961
432.8773,0.3562,0.1405,0.0340,0.0286,0.4240,0.6434,0.0112,0.0010,0.0103
419.1278,0.4971,0.2447,0.0033,0.3839,0.5533,0.6642,0.0024,0.0257,0.0032
435.3054,0.3354,0.1666,0.0191,0.3252,0.1664,0.7592,0.0027,0.0583,0.0008
327.4076,0.3993,0.1349,0.0120,0.1944,0.3263,0.5977,0.0122,0.0063,0.0140
514.6840,0.3764,0.1075,0.0025,0.4497,0.4625,0.7737,0.0136,0.0192,0.1096
520.9808,0.4465,0.2909,0.0180,0.3876,0.5981,0.7484,0.0100,0.0149,0.0050
380.9224,0.3469,0.1769,0.0290,0.1970,0.4298,0.7825,0.0124,0.0366,0.0396
298.4282,0.4247,0.1292,0.0107,0.0182,0.3963,0.6321,0.0053,0.0465,0.0774
475.5058,0.3611,0.2086,0.0146,0.4571,0.4430,0.6669,0.0045,0.0455,0.0169
440.5901,0.4537,0.1575,0.0057,0.3950,0.5552,0.6375,0.0016,0.0680,0.0230
570.5657,0.4906,0.1437,0.0157,0.3919,0.5963,0.7749,0.0108,0.0414,0.0485
421.7969,0.3546,0.1740,0.0242,0.2509,0.4177,0.7436,0.0033,0.0671,0.0057
596.7743,0.3796,0.2834,0.0200,0.4198,0.5928,0.7111,0.0013,0.0890,0.0351
585.3274,0.3137,0.0994,0.0072,0.3754,0.2148,0.7894,0.0130,0.0288,0.0170
513.7839,0.3660,0.1939,0.0323,0.4332,0.4842,0.6480,0.0033,0.0042,0.0054
415.5067,0.3753,0.1664,0.0062,0.0911,0.3357,0.6802,0.0022,0.0070,0.0570
504.2588,0.3846,0.2366,0.0071,0.2952,0.5952,0.7633,0.0076,0.0428,0.0480
470.1082,0.3174,0.1767,0.0422,0.4614,0.5719,0.7349,0.0130,0.0504,0.0597
517.2645,0.9408,0.2681,0.0091,0.4926,0.5051,0.7025,0.0102,0.0047,0.0078
589.8056,0.3343,0.1073,0.0137,0.2165,0.5392,0.7282,0.0116,0.0424,0.0005
556.8020,0.8888,0.2392,0.0208,0.4899,0.5452,0.6667,0.0084,0.0498,0.0039
591.7721,0.4855,0.2565,0.0037,0.4435,0.5746,0.5904,0.0184,0.0976,0.0018
539.7452,0.4047,0.1720,0.0217,0.4916,0.5301,0.6757,0.0119,0.0218,0.0903
429.9754,0.3364,0.1679,0.0117,0.1920,0.1616,0.7861,0.0162,0.0560,0.0187
490.6160,0.3223,0.2226,0.0108,0.4296,0.4020,0.7205,0.0142,0.0167,0.0578
561.7320,0.3745,0.1462,0.0075,0.4948,0.5701,0.6554,0.0089,0.0702,0.1530
512.9961,0.3066,0.1608,0.0016,0.0028,0.4146,0.5351,0.0052,0.0342,0.0728
295.9747,0.4184,0.1724,0.0282,0.1323,0.4409,0.7787,0.0007,0.0003,0.0190
583.9275,0.9453,0.2127,0.0067,0.4328,0.5647,0.7121,0.0154,0.0084,0.0450
509.9232,0.3279,0.1604,0.0167,0.4601,0.5624,0.7215,0.0110,0.2254,0.0031
571.4162,0.3856,0.2442,0.0088,0.3565,0.5358,0.7690,0.0031,0.0383,0.0741
557.7046,0.3261,0.2467,0.0019,0.4889,0.4597,0.6952,0.0190,0.0123,0.1174
336.3353,0.4236,0.1746,0.0153,0.4837,0.4798,0.7446,0.0041,0.0265,0.0520
387.9388,0.3629,0.1876,0.0131,0.0410,0.5889,0.7736,0.0062,0.0281,0.0461
350.8707,0.4209,0.0899,0.0021,0.0800,0.4540,0.6576,0.0005,0.0415,0.0801
320.3845,0.3972,0.1396,0.0294,0.0384,0.1651,0.6067,0.0061,0.0161,0.0499
476.4152,0.8484,0.2169,0.0079,0.4580,0.5771,0.6949,0.0126,0.0080,0.0673
439.9166,0.3528,0.1296,0.0012,0.2472,0.5833,0.6334,0.0074,0.0100,0.1583
444.5174,0.3115,0.2157,0.0310,0.2741,0.5117,0.7940,0.0113,0.0754,0.0091
559.1746,0.3698,0.2791,0.0294,0.4930,0.5495,0.6423,0.0085,0.0086,0.0246
518.3897,0.3147,0.1235,0.0055,0.4406,0.1474,0.7524,0.0176,0.0332,0.0120
529.9053,0.3780,0.1977,0.0171,0.4830,0.5351,0.7051,0.0068,0.0927,0.0954
571.1998,0.3917,0.1844,0.0059,0.4720,0.5734,0.6648,0.0150,0.1199,0.1104
578.2879,0.3086,0.1122,0.0282,0.3439,0.3036,0.7999,0.0094,0.0190,0.0295
545.6044,0.3344,0.1249,0.0064,0.2721,0.5925,0.7178,0.0050,0.0733,0.1190
504.3303,0.3235,0.1499,0.0292,0.1859,0.4507,0.7395,0.0041,0.0786,0.0002
410.9433,0.3728,0.1345,0.0029,0.0397,0.1372,0.5984,0.0101,0.0500,0.0525
486.7140,0.3272,0.1796,0.0057,0.0995,0.3364,0.7892,0.0054,0.0364,0.0622
428.8167,0.3551,0.1615,0.0417,0.4694,0.5691,0.7500,0.0194,0.0585,0.0004
492.3095,0.3252,0.1925,0.0076,0.4399,0.5708,0.5757,0.0037,0.0387,0.0945
559.5914,0.7394,0.2042,0.0023,0.4963,0.4995,0.7211,0.0055,0.1332,0.0072
424.6581,0.3338,0.1378,0.0084,0.1729,0.3269,0.6178,0.0067,0.0006,0.0149
581.0931,0.4427,0.1901,0.0223,0.4529,0.5327,0.7854,0.0155,0.0099,0.1086
484.5199,0.3189,0.1353,0.0238,0.2050,0.5233,0.7551,0.0031,0.1200,0.0036
411.1479,0.9131,0.2245,0.0071,0.4884,0.5825,0.7957,0.0039,0.0768,0.0658
442.0826,0.4563,0.1275,0.0028,0.4698,0.3553,0.7817,0.0112,0.0249,0.0044
477.5338,0.3636,0.1779,0.0175,0.4078,0.4831,0.7409,0.0128,0.0112,0.0988
547.0483,0.3943,0.1529,0.0213,0.4904,0.5679,0.7379,0.0022,0.1585,0.0720
302.9970,0.4218,0.1596,0.0078,0.1008,0.5922,0.7696,0.0170,0.0105,0.0540
572.3556,0.5920,0.2247,0.0016,0.4104,0.5125,0.6718,0.0048,0.0198,0.0356
506.5170,0.3909,0.2543,0.0132,0.4585,0.4660,0.7955,0.0078,0.0913,0.0040
565.9038,0.3134,0.1170,0.0252,0.0735,0.1747,0.7772,0.0011,0.0025,0.0426
420.5310,0.3518,0.1422,0.0209,0.3647,0.4928,0.6623,0.0140,0.0258,0.0280
463.0689,0.3041,0.1873,0.0245,0.3049,0.4186,0.7293,0.0093,0.0418,0.0295
566.0960,0.9524,0.2481,0.0101,0.4934,0.5938,0.7656,0.0005,0.1762,0.0798
311.7804,0.4025,0.1207,0.0050,0.3717,0.4297,0.7830,0.0049,0.0878,0.0260
423.8366,0.4819,0.1752,0.0132,0.4814,0.5547,0.6979,0.0200,0.0109,0.0626
554.9228,0.3056,0.2212,0.0084,0.4736,0.5126,0.7413,0.0107,0.0674,0.1881
474.9257,0.3203,0.1508,0.0075,0.1480,0.2687,0.7032,0.0189,0.0293,0.0579
434.0166,0.3702,0.1841,0.0145,0.4881,0.4720,0.7834,0.0021,0.2004,0.0095
518.8744,0.4723,0.2237,0.0215,0.4777,0.5997,0.5898,0.0076,0.0188,0.0806
399.5599,0.3933,0.1301,0.0312,0.4491,0.5978,0.7983,0.0143,0.0011,0.1033
568.5125,0.3568,0.2071,0.0030,0.3724,0.4524,0.7287,0.0072,0.0226,0.0991
497.8912,0.3209,0.1614,0.0058,0.2969,0.5346,0.6617,0.0119,0.0456,0.1224
393.6991,0.3713,0.0980,0.0041,0.4535,0.5582,0.7588,0.0079,0.1147,0.0141
460.4040,0.3483,0.1524,0.0038,0.0138,0.1963,0.7768,0.0030,0.0595,0.0539
492.0191,0.3039,0.1422,0.0325,0.4119,0.5517,0.7495,0.0165,0.0012,0.0916
497.6748,0.4569,0.1099,0.0090,0.4358,0.5750,0.7762,0.0000,0.1125,0.0247
291.2633,0.3931,0.1943,0.0058,0.1458,0.5129,0.6838,0.0087,0.0176,0.0454
482.2380,0.3707,0.1447,0.0218,0.3320,0.5595,0.7173,0.0016,0.0169,0.1023
360.6586,0.3241,0.2590,0.0116,0.4370,0.5678,0.7357,0.0077,0.0677,0.0058
523.7736,0.5678,0.1870,0.0022,0.3777,0.5715,0.7112,0.0121,0.0101,0.0620
545.7299,0.3130,0.1782,0.0306,0.3605,0.5580,0.6729,0.0153,0.0359,0.0396
454.1577,0.3385,0.1048,0.0039,0.1142,0.5906,0.6660,0.0189,0.0208,0.0164
576.3042,0.3567,0.1217,0.0073,0.4663,0.5400,0.7869,0.0064,0.2135,0.0484
447.4121,0.3916,0.2094,0.0070,0.3856,0.4963,0.7859,0.0185,0.0663,0.0367
468.6914,0.3413,0.1588,0.0133,0.4476,0.3743,0.7685,0.0150,0.0425,0.0843
353.7863,0.4087,0.1270,0.0085,0.0642,0.5342,0.6061,0.0099,0.0194,0.0638
355.9960,0.3776,0.1793,0.0038,0.0448,0.4576,0.6943,0.0033,0.1153,0.0071
314.6667,0.3668,0.2205,0.0257,0.3800,0.5857,0.7942,0.0026,0.0374,0.0374
544.8861,0.3193,0.0916,0.0130,0.2566,0.3955,0.7966,0.0053,0.0157,0.0390
411.6345,0.3405,0.1838,0.0017,0.2208,0.5516,0.7351,0.0028,0.1866,0.0349
282.2709,0.4551,0.1189,0.0011,0.0133,0.2817,0.5904,0.0092,0.0286,0.0731
588.5982,0.5004,0.1945,0.0128,0.4101,0.5729,0.7481,0.0008,0.0937,0.0759
594.6785,0.3648,0.2156,0.0165,0.4454,0.5933,0.6198,0.0188,0.1024,0.0253
545.1066,0.6588,0.2328,0.0120,0.4957,0.5641,0.5747,0.0088,0.0546,0.0636
459.0427,0.3995,0.0881,0.0024,0.3525,0.3791,0.7520,0.0026,0.0147,0.0166
507.6800,0.4168,0.2287,0.0066,0.4432,0.5063,0.7181,0.0019,0.1478,0.0046
375.0647,0.3667,0.1585,0.0021,0.2145,0.5165,0.6875,0.0195,0.0188,0.1084
471.5257,0.5904,0.1989,0.0018,0.4510,0.5600,0.7929,0.0087,0.0915,0.0945
467.6910,0.3615,0.0861,0.0142,0.0049,0.3909,0.4977,0.0037,0.0481,0.0166
380.6653,0.4190,0.1071,0.0027,0.0090,0.4602,0.3324,0.0155,0.0005,0.0372
363.3845,0.3739,0.1434,0.0017,0.4415,0.4998,0.7899,0.0096,0.0464,0.1981
532.3479,0.3042,0.1530,0.0067,0.1294,0.1247,0.5435,0.0126,0.0104,0.0029
450.4453,0.3752,0.2102,0.0031,0.4479,0.5191,0.6465,0.0026,0.0006,0.1446
426.7016,0.4052,0.2322,0.0146,0.4447,0.5884,0.6843,0.0156,0.0492,0.0275
347.2375,0.3813,0.1221,0.0107,0.0019,0.4792,0.7162,0.0139,0.0475,0.0285
528.7604,0.5514,0.1862,0.0048,0.4400,0.5631,0.6030,0.0068,0.0571,0.0493
391.4381,0.3843,0.1685,0.0111,0.2797,0.5290,0.7563,0.0039,0.0364,0.1066
325.8131,0.4015,0.1848,0.0135,0.2117,0.5444,0.7853,0.0059,0.0356,0.0501
330.7541,0.4071,0.1164,0.0047,0.0471,0.1042,0.5322,0.0111,0.0583,0.0534
383.4426,0.3619,0.1608,0.0176,0.0661,0.1034,0.6908,0.0003,0.0418,0.0601
498.3977,0.4685,0.1644,0.0035,0.3597,0.4790,0.7699,0.0066,0.0363,0.0282
574.8483,0.3018,0.1552,0.0134,0.3726,0.5660,0.5602,0.0148,0.0651,0.0059
588.4836,0.8150,0.2536,0.0069,0.4940,0.5392,0.7852,0.0099,0.1593,0.0033
561.2588,0.3045,0.1095,0.0040,0.1906,0.4004,0.7092,0.0110,0.0029,0.0561
553.4277,0.4533,0.2145,0.0108,0.4109,0.5047,0.6288,0.0054,0.0016,0.0319
512.9776,0.4186,0.1699,0.0075,0.4785,0.4227,0.6963,0.0101,0.0618,0.0085
519.1645,0.3137,0.2286,0.0252,0.4155,0.5447,0.7336,0.0136,0.0470,0.0703
455.0969,0.3812,0.1832,0.0359,0.3430,0.5681,0.7658,0.0083,0.0461,0.0052
579.1589,0.6071,0.1631,0.0179,0.4910,0.5756,0.7808,0.0080,0.1764,0.0032
365.7585,0.3904,0.1365,0.0053,0.3792,0.5078,0.6505,0.0142,0.0369,0.0257
480.6634,0.3265,0.1682,0.0227,0.0153,0.3557,0.6752,0.0006,0.0508,0.0106
372.4180,0.3393,0.2410,0.0022,0.1195,0.5396,0.7704,0.0133,0.0641,0.0014
381.7235,0.3940,0.1517,0.0041,0.1522,0.4931,0.5808,0.0042,0.0470,0.0184
586.7703,0.3594,0.2508,0.0394,0.3944,0.5778,0.7998,0.0186,0.0168,0.0063
306.5303,0.4002,0.1807,0.0087,0.3288,0.5335,0.7604,0.0130,0.0001,0.0861
558.4912,0.7268,0.2754,0.0033,0.4852,0.5913,0.3812,0.0067,0.0525,0.0041
532.1685,0.3230,0.1076,0.0019,0.0221,0.3456,0.7453,0.0065,0.0383,0.0586
508.1728,0.3215,0.1204,0.0295,0.0939,0.5567,0.6944,0.0021,0.0165,0.0546
423.5033,0.3969,0.1118,0.0192,0.2865,0.4712,0.7287,0.0004,0.0351,0.0214
549.2420,0.8064,0.2336,0.0095,0.4334,0.5725,0.6849,0.0148,0.0264,0.0188
549.6806,0.3104,0.1467,0.0060,0.4462,0.4251,0.7942,0.0013,0.1355,0.1699
388.9167,0.3357,0.2873,0.0011,0.3495,0.5856,0.6992,0.0033,0.0014,0.0625
509.8692,0.3030,0.1481,0.0090,0.2402,0.5080,0.5948,0.0063,0.0492,0.0106
518.9639,0.8983,0.2053,0.0034,0.4667,0.5136,0.7814,0.0137,0.0461,0.0011
554.9857,0.9338,0.1766,0.0135,0.4533,0.5987,0.5576,0.0055,0.0166,0.0462
459.8716,0.3404,0.2091,0.0249,0.4751,0.5869,0.7749,0.0069,0.1297,0.0904
453.1488,0.7218,0.2223,0.0051,0.4590,0.5537,0.7302,0.0169,0.0275,0.0357
452.7101,0.3892,0.1580,0.0078,0.4130,0.4747,0.7457,0.0092,0.1341,0.0129
594.7458,0.5059,0.2844,0.0328,0.4924,0.5886,0.6617,0.0017,0.0269,0.0752
496.2111,0.3652,0.1554,0.0020,0.1058,0.4591,0.6369,0.0104,0.0045,0.0090
500.8396,0.3020,0.1944,0.0302,0.3847,0.3860,0.7900,0.0059,0.0890,0.0273
462.0678,0.3050,0.1606,0.0047,0.3305,0.2738,0.7408,0.0046,0.0280,0.0128
537.9291,0.3625,0.1093,0.0152,0.4560,0.4762,0.7848,0.0142,0.0636,0.0364
599.6496,0.3099,0.1860,0.0103,0.3525,0.5752,0.7372,0.0024,0.2518,0.0186
436.6162,0.3170,0.2508,0.0019,0.3158,0.5273,0.6139,0.0111,0.0296,0.0110
565.3375,0.3753,0.1893,0.0033,0.4092,0.5652,0.7754,0.0091,0.1105,0.1656
479.2148,0.3197,0.2013,0.0155,0.2479,0.4389,0.7767,0.0149,0.0524,0.0338
535.0379,0.4486,0.2948,0.0020,0.4376,0.5928,0.7881,0.0026,0.1600,0.0452
315.8480,0.4155,0.1498,0.0046,0.4090,0.5738,0.7369,0.0014,0.0094,0.1514
502.5437,0.3681,0.1748,0.0283,0.4708,0.5261,0.7780,0.0032,0.1198,0.0651
486.2919,0.3618,0.1269,0.0215,0.3884,0.4459,0.7947,0.0046,0.0791,0.0445
485.8549,0.7716,0.1909,0.0188,0.4988,0.5502,0.6853,0.0117,0.0450,0.0073
331.9291,0.4221,0.0869,0.0105,0.0316,0.3057,0.4821,0.0192,0.0027,0.0342
436.8326,0.4558,0.1778,0.0113,0.4504,0.5835,0.7577,0.0017,0.1121,0.1045
586.9936,0.3362,0.1523,0.0030,0.4010,0.5300,0.7605,0.0133,0.2449,0.0098
580.6710,0.8742,0.2078,0.0026,0.4955,0.5718,0.6020,0.0007,0.0740,0.1709
558.4616,0.3278,0.1387,0.0096,0.2065,0.5741,0.7886,0.0194,0.0580,0.0627
471.4399,0.3418,0.1934,0.0090,0.4063,0.3336,0.7175,0.0111,0.0188,0.0346
476.2527,0.3137,0.1311,0.0059,0.0207,0.2488,0.5395,0.0095,0.0040,0.0058
519.4510,0.3364,0.1686,0.0486,0.4519,0.5805,0.6573,0.0064,0.0095,0.0288
455.4113,0.3598,0.1203,0.0102,0.3057,0.5882,0.5606,0.0117,0.0087,0.0095
531.0209,0.3107,0.1410,0.0083,0.0066,0.1446,0.6914,0.0032,0.0226,0.0864
359.8522,0.3524,0.2162,0.0025,0.2379,0.5634,0.7395,0.0004,0.0555,0.1110
578.2453,0.5208,0.2276,0.0055,0.4727,0.5049,0.7843,0.0188,0.0478,0.0842
494.7351,0.6002,0.2173,0.0183,0.4783,0.5450,0.5546,0.0019,0.0020,0.0184
574.7267,0.3246,0.2104,0.0390,0.2756,0.5858,0.7652,0.0051,0.0276,0.0088
525.6777,0.4027,0.1603,0.0105,0.4333,0.5363,0.7300,0.0045,0.1762,0.0159
399.6970,0.3446,0.2011,0.0037,0.4806,0.5781,0.7330,0.0105,0.0293,0.2154
377.2534,0.3712,0.1392,0.0129,0.0871,0.5052,0.5238,0.0089,0.0136,0.0746
476.1759,0.4238,0.1791,0.0139,0.4706,0.5226,0.6283,0.0087,0.0580,0.0110
523.6878,0.3124,0.1818,0.0093,0.4834,0.3138,0.7911,0.0094,0.1016,0.0625
556.5051,0.4926,0.1320,0.0043,0.4663,0.5947,0.7675,0.0034,0.1963,0.0479
489.9594,0.4401,0.1973,0.0117,0.3772,0.5637,0.6838,0.0178,0.0294,0.0181
538.6630,0.3802,0.1384,0.0210,0.4401,0.4359,0.7133,0.0161,0.0067,0.0038
583.9891,0.3389,0.1831,0.0244,0.3906,0.4789,0.6460,0.0008,0.0567,0.0029
450.1864,0.3524,0.1550,0.0280,0.4191,0.4765,0.7266,0.0173,0.0381,0.0204
347.0570,0.3600,0.1812,0.0356,0.0999,0.5150,0.6712,0.0061,0.0100,0.0211
395.8043,0.3410,0.2034,0.0134,0.0394,0.2443,0.6876,0.0075,0.0169,0.0431
266.3692,0.4206,0.1724,0.0055,0.0222,0.1634,0.3512,0.0032,0.0490,0.0015
525.0064,0.3317,0.1331,0.0141,0.3390,0.4999,0.7569,0.0021,0.0562,0.1416
416.5892,0.3892,0.1294,0.0070,0.1025,0.1302,0.7090,0.0060,0.0219,0.0217
583.1529,0.6363,0.2267,0.0118,0.4850,0.5342,0.4920,0.0008,0.0409,0.0174
515.2844,0.3080,0.1773,0.0028,0.3320,0.5284,0.7830,0.0084,0.1308,0.1641
506.1038,0.5703,0.2851,0.0174,0.4281,0.5857,0.7910,0.0007,0.0584,0.0172
383.3352,0.4318,0.1381,0.0044,0.0759,0.5344,0.7515,0.0108,0.0020,0.0194
465.0876,0.3362,0.1172,0.0186,0.0629,0.5745,0.5862,0.0078,0.0478,0.0113
356.7469,0.4028,0.1490,0.0123,0.4488,0.4141,0.7412,0.0173,0.0329,0.0170
496.0771,0.3090,0.1651,0.0363,0.0468,0.4003,0.6037,0.0088,0.0158,0.0078
500.7042,0.3551,0.1887,0.0083,0.4476,0.4680,0.7007,0.0150,0.0816,0.0458
565.6959,0.3199,0.1430,0.0116,0.3819,0.5188,0.6430,0.0096,0.1313,0.0010
594.2550,0.3010,0.1567,0.0041,0.2021,0.5862,0.6720,0.0029,0.1693,0.0273
397.7451,0.4065,0.1339,0.0127,0.2071,0.4620,0.7323,0.0074,0.0510,0.0051
512.2063,0.3382,0.1296,0.0207,0.4765,0.3401,0.7489,0.0007,0.0268,0.0717
371.1605,0.4404,0.1543,0.0055,0.3303,0.4904,0.7289,0.0007,0.0635,0.0337
493.8338,0.3151,0.1376,0.0019,0.1819,0.4144,0.6836,0.0046,0.0497,0.0691
340.2398,0.3582,0.2207,0.0092,0.0776,0.2785,0.7633,0.0018,0.0261,0.0438
563.1369,0.3043,0.1626,0.0278,0.2683,0.5675,0.7698,0.0038,0.1030,0.0620
541.1513,0.5754,0.1713,0.0056,0.4699,0.5772,0.6065,0.0082,0.0772,0.0678
586.6856,0.3031,0.2568,0.0235,0.4535,0.5268,0.6908,0.0021,0.0000,0.1305
343.3170,0.3720,0.1724,0.0143,0.2456,0.5899,0.7994,0.0091,0.1301,0.0326
515.5075,0.4645,0.2504,0.0117,0.4664,0.5807,0.6705,0.0191,0.0486,0.0578
340.9096,0.5325,0.1951,0.0027,0.4696,0.5550,0.6440,0.0009,0.0286,0.0206
466.8767,0.3327,0.1522,0.0440,0.2087,0.4980,0.7015,0.0031,0.0178,0.0141
544.0252,0.3005,0.1798,0.0123,0.1082,0.4394,0.6060,0.0034,0.0632,0.0097
508.3125,0.3527,0.1342,0.0087,0.0348,0.4902,0.7962,0.0187,0.0004,0.0051
549.0950,0.7749,0.2083,0.0288,0.4926,0.5374,0.7745,0.0058,0.0290,0.0250
578.2767,0.5079,0.1481,0.0095,0.4375,0.5825,0.6341,0.0195,0.0076,0.0528
449.7947,0.3593,0.1360,0.0056,0.0473,0.4070,0.4501,0.0148,0.0193,0.0208
441.4135,0.3873,0.2002,0.0086,0.3802,0.4252,0.7452,0.0058,0.0036,0.0768
373.4028,0.3689,0.1634,0.0071,0.0764,0.4481,0.5647,0.0170,0.0505,0.0216
476.4391,0.4355,0.1336,0.0242,0.4432,0.5377,0.7784,0.0080,0.0372,0.0493
397.1191,0.3573,0.1445,0.0391,0.1501,0.2418,0.6860,0.0028,0.0092,0.0132
519.2968,0.3481,0.2149,0.0385,0.4793,0.5018,0.7571,0.0070,0.0449,0.0440
386.3869,0.3718,0.1170,0.0059,0.3298,0.4354,0.6656,0.0071,0.0334,0.0660
548.6881,0.3564,0.2584,0.0017,0.4966,0.5792,0.5702,0.0078,0.1291,0.0370
455.0169,0.3251,0.1968,0.0031,0.2783,0.4783,0.7248,0.0124,0.0483,0.1090
524.9442,0.4137,0.2492,0.0159,0.4856,0.5254,0.8000,0.0108,0.0836,0.0794
359.7977,0.3436,0.1706,0.0109,0.2106,0.5160,0.6711,0.0011,0.0013,0.0205
592.1571,0.9096,0.2945,0.0025,0.4111,0.5588,0.7445,0.0019,0.0179,0.0155
448.1424,0.3670,0.1145,0.0091,0.1060,0.5319,0.7077,0.0021,0.0831,0.0398
525.1673,0.3638,0.1796,0.0254,0.3741,0.5776,0.6538,0.0014,0.0020,0.0973
481.8875,0.6048,0.1516,0.0051,0.4201,0.5661,0.6481,0.0122,0.0087,0.0143
434.4448,0.3390,0.1258,0.0022,0.2395,0.4634,0.7584,0.0161,0.1276,0.0072
562.4458,0.4657,0.1962,0.0068,0.4799,0.4733,0.7898,0.0037,0.0035,0.1862
461.2843,0.3256,0.1749,0.0075,0.4344,0.3901,0.7909,0.0113,0.1645,0.0452
583.9586,0.3519,0.1378,0.0135,0.4179,0.5877,0.7645,0.0002,0.0353,0.2437
435.8441,0.3478,0.1693,0.0066,0.3664,0.3694,0.7216,0.0198,0.0058,0.0774
482.0131,0.5822,0.2136,0.0293,0.4469,0.5863,0.7242,0.0075,0.0462,0.0017
567.6392,0.7980,0.2765,0.0079,0.4730,0.5581,0.6676,0.0136,0.0456,0.0370
529.4789,0.3205,0.1447,0.0032,0.0713,0.3007,0.6024,0.0053,0.0197,0.0755
490.0515,0.4084,0.1838,0.0275,0.4390,0.4818,0.7755,0.0019,0.0273,0.0657
479.9958,0.5601,0.2421,0.0068,0.4552,0.5620,0.7000,0.0140,0.0825,0.0149
398.4825,0.4243,0.1007,0.0071,0.1917,0.5105,0.7823,0.0029,0.0287,0.0436
450.2595,0.3211,0.1649,0.0105,0.4830,0.5666,0.7640,0.0033,0.0548,0.2779
400.3476,0.3837,0.1502,0.0047,0.0224,0.4738,0.3625,0.0021,0.0094,0.0634
528.3900,0.4947,0.1387,0.0088,0.4751,0.5167,0.6903,0.0074,0.0363,0.0528
501.3984,0.3457,0.1048,0.0211,0.3575,0.3319,0.7766,0.0130,0.0177,0.0099
444.0217,0.3431,0.1726,0.0170,0.1751,0.2031,0.6987,0.0022,0.0217,0.0137
484.0827,0.3466,0.1940,0.0117,0.4601,0.5313,0.7789,0.0190,0.1893,0.0231
553.8203,0.4006,0.1690,0.0026,0.3757,0.5834,0.7778,0.0060,0.0553,0.1951
589.0656,0.3291,0.2273,0.0177,0.4377,0.4475,0.7448,0.0076,0.0609,0.0496
470.3833,0.3213,0.2025,0.0062,0.3268,0.4670,0.7048,0.0031,0.1637,0.0022
498.1080,0.3913,0.2107,0.0114,0.3323,0.5888,0.6367,0.0073,0.0571,0.0073
580.3478,0.6400,0.2461,0.0086,0.4338,0.5789,0.7179,0.0168,0.0838,0.0133
491.3525,0.3384,0.1121,0.0084,0.1664,0.4976,0.7683,0.0051,0.0300,0.1354
351.7676,0.4176,0.1815,0.0013,0.3066,0.3807,0.7179,0.0083,0.0327,0.0078
569.6565,0.6315,0.2109,0.0050,0.4982,0.5455,0.7543,0.0016,0.2518,0.0120
430.5210,0.3459,0.1651,0.0232,0.2493,0.4585,0.6831,0.0013,0.0311,0.0563
370.6906,0.3909,0.1197,0.0105,0.1375,0.4517,0.5400,0.0123,0.0101,0.0230
313.5759,0.3630,0.2526,0.0016,0.1353,0.5148,0.7784,0.0139,0.0088,0.0070
502.6293,0.3341,0.1453,0.0109,0.4078,0.5770,0.6814,0.0173,0.1224,0.0480
365.3728,0.4689,0.1840,0.0096,0.4066,0.5542,0.7678,0.0149,0.0583,0.0194
533.0947,0.5321,0.2537,0.0064,0.4034,0.5813,0.7416,0.0055,0.0010,0.1168
488.9710,0.3730,0.1574,0.0070,0.3049,0.3871,0.7867,0.0007,0.0777,0.0379
338.8315,0.3761,0.1255,0.0041,0.1846,0.3267,0.7241,0.0127,0.0207,0.0130
421.2301,0.3396,0.1616,0.0122,0.3078,0.1209,0.7373,0.0193,0.0141,0.0046
414.7352,0.6269,0.2658,0.0082,0.4875,0.5683,0.7906,0.0028,0.0014,0.1331
537.6781,0.3276,0.2816,0.0227,0.4911,0.5860,0.6219,0.0148,0.0287,0.0156
372.5590,0.4215,0.1412,0.0033,0.2033,0.5768,0.7508,0.0046,0.1102,0.0161
563.1522,0.4507,0.2878,0.0126,0.4953,0.5147,0.7090,0.0066,0.0574,0.0427
406.6519,0.3676,0.1729,0.0052,0.4087,0.3139,0.7484,0.0027,0.0448,0.0707
598.6390,0.3430,0.0971,0.0162,0.2832,0.5803,0.7923,0.0136,0.0093,0.0368
460.1689,0.3494,0.1628,0.0147,0.4399,0.4771,0.6435,0.0063,0.0760,0.0109
423.8676,0.8127,0.1743,0.0200,0.4963,0.5934,0.7793,0.0045,0.0191,0.0841
388.9643,0.4286,0.1573,0.0030,0.4529,0.5640,0.7267,0.0145,0.1238,0.0375
584.2600,0.4923,0.2531,0.0107,0.4965,0.5558,0.6054,0.0021,0.1496,0.0290
563.4627,0.8765,0.2662,0.0184,0.4531,0.5850,0.6502,0.0121,0.0074,0.0274
477.4006,0.3106,0.2035,0.0461,0.4708,0.5574,0.7185,0.0068,0.0092,0.0779
497.7355,0.3750,0.2099,0.0078,0.2696,0.5496,0.7487,0.0113,0.0101,0.0563
433.2804,0.7794,0.2812,0.0040,0.4474,0.5673,0.7623,0.0003,0.0364,0.0289
459.4625,0.5109,0.1782,0.0052,0.3805,0.4643,0.7804,0.0040,0.0219,0.0192
453.1246,0.5715,0.1271,0.0150,0.4426,0.5924,0.7432,0.0024,0.0170,0.0491
554.9619,0.3841,0.1739,0.0067,0.4384,0.5590,0.6692,0.0100,0.0272,0.1710
511.4485,0.3374,0.2181,0.0039,0.3884,0.3520,0.7369,0.0053,0.0406,0.0359
322.6776,0.3804,0.1391,0.0073,0.3681,0.3395,0.7822,0.0083,0.0360,0.0372
518.9400,0.3979,0.1442,0.0164,0.4504,0.4898,0.6919,0.0082,0.0730,0.0080
576.7021,0.3231,0.1992,0.0063,0.4936,0.5239,0.6235,0.0070,0.1787,0.0306
447.1404,0.4687,0.1619,0.0079,0.4208,0.5740,0.6207,0.0180,0.0268,0.0070
304.9785,0.4097,0.1257,0.0038,0.0400,0.3736,0.6183,0.0140,0.0134,0.0791
560.1663,0.3404,0.1408,0.0281,0.4497,0.4535,0.7227,0.0025,0.0316,0.0673
490.6571,0.3294,0.1671,0.0015,0.0981,0.5895,0.7619,0.0016,0.1212,0.0556
400.4995,0.3641,0.1016,0.0030,0.1289,0.5029,0.6737,0.0182,0.0380,0.0038
580.9646,0.3894,0.1919,0.0414,0.3868,0.5757,0.7052,0.0039,0.0073,0.0313
550.2993,0.3012,0.1685,0.0169,0.0044,0.2683,0.6257,0.0080,0.0020,0.0461
517.4687,0.3379,0.1179,0.0082,0.2945,0.5144,0.7949,0.0058,0.1593,0.0414
393.8435,0.4535,0.2217,0.0060,0.3693,0.5992,0.7941,0.0192,0.0109,0.0755
568.8906,0.6832,0.2695,0.0114,0.4102,0.5822,0.7797,0.0076,0.0363,0.0220
415.0263,0.3614,0.1473,0.0143,0.3074,0.4614,0.7608,0.0169,0.0253,0.0901
453.6000,0.3466,0.1127,0.0287,0.0381,0.4716,0.6266,0.0099,0.0516,0.0046
579.1279,0.6754,0.1874,0.0019,0.4747,0.5528,0.6926,0.0128,0.1683,0.0026
459.0792,0.3176,0.2298,0.0035,0.4401,0.4045,0.7715,0.0139,0.1173,0.0309
542.5550,0.4314,0.2787,0.0203,0.4284,0.5465,0.7637,0.0088,0.0380,0.0110
428.1574,0.5864,0.1761,0.0041,0.4926,0.5879,0.4837,0.0004,0.0040,0.0185
444.6091,0.3456,0.2292,0.0075,0.3390,0.5939,0.6966,0.0080,0.0915,0.0450
557.0918,0.3201,0.1022,0.0059,0.0140,0.5757,0.4091,0.0087,0.0310,0.0340
529.7562,0.3222,0.1839,0.0456,0.4191,0.5704,0.7855,0.0127,0.0767,0.0378
456.0006,0.3258,0.1555,0.0199,0.3658,0.2140,0.7451,0.0165,0.0345,0.0008
403.5308,0.3530,0.2749,0.0189,0.4614,0.5942,0.7772,0.0016,0.0393,0.0839
389.9412,0.3503,0.2230,0.0045,0.0998,0.3700,0.6143,0.0030,0.0240,0.0035
567.7578,0.5295,0.2464,0.0141,0.4537,0.4878,0.7337,0.0077,0.0208,0.0176
498.2055,0.9846,0.2425,0.0195,0.4833,0.5905,0.5591,0.0008,0.0762,0.0003
315.0445,0.3845,0.2033,0.0061,0.0238,0.4228,0.5104,0.0051,0.0552,0.0061
594.7504,0.3120,0.2178,0.0018,0.3360,0.2981,0.7644,0.0121,0.0004,0.0278
533.4947,0.6033,0.2607,0.0028,0.4662,0.5572,0.6354,0.0108,0.0665,0.0494
594.3081,0.3314,0.1674,0.0216,0.4805,0.4845,0.7986,0.0195,0.1419,0.0412
545.4967,0.7375,0.1541,0.0016,0.4683,0.5177,0.7069,0.0095,0.0010,0.0561
451.9971,0.3650,0.1557,0.0095,0.1746,0.3646,0.7846,0.0042,0.0139,0.0744
284.1538,0.4173,0.1641,0.0013,0.2146,0.2448,0.7928,0.0158,0.0583,0.0089
508.9551,0.3169,0.2473,0.0097,0.4042,0.5578,0.7767,0.0050,0.0204,0.2001
349.0482,0.3693,0.1262,0.0290,0.2793,0.3610,0.7831,0.0071,0.0046,0.0092
585.5135,0.3070,0.1125,0.0187,0.2419,0.3814,0.7852,0.0024,0.0691,0.0487
437.7227,0.3255,0.2183,0.0268,0.0750,0.5807,0.6308,0.0023,0.0022,0.0033
362.5022,0.3984,0.1115,0.0133,0.0046,0.1232,0.4857,0.0023,0.0103,0.1241
592.0383,0.4202,0.2357,0.0080,0.4989,0.5845,0.7972,0.0085,0.2336,0.1199
432.6557,0.3826,0.1325,0.0062,0.4155,0.5135,0.7981,0.0165,0.0867,0.1002
439.7496,0.3427,0.1751,0.0122,0.2120,0.5046,0.7810,0.0068,0.0448,0.1096
401.6608,0.3792,0.1309,0.0088,0.1449,0.4226,0.5909,0.0115,0.0230,0.0279
559.5544,0.3145,0.1078,0.0345,0.4657,0.5344,0.7762,0.0078,0.0481,0.0725
293.7863,0.4459,0.0853,0.0012,0.1572,0.3506,0.6500,0.0023,0.0220,0.0087
494.7039,0.7069,0.1322,0.0022,0.4933,0.5834,0.6683,0.0173,0.0289,0.0372
466.5338,0.3233,0.2242,0.0066,0.3916,0.5408,0.7524,0.0007,0.2329,0.0080
503.8637,0.5430,0.2917,0.0134,0.4903,0.5470,0.6492,0.0154,0.0115,0.0107
597.8933,0.5784,0.2776,0.0035,0.4959,0.4911,0.6895,0.0036,0.0384,0.0814
357.9159,0.3865,0.1461,0.0099,0.3866,0.4684,0.6287,0.0014,0.0422,0.0106
380.9210,0.4022,0.2437,0.0049,0.4881,0.5761,0.7632,0.0071,0.0194,0.1595
491.9468,0.3600,0.1128,0.0058,0.4751,0.4933,0.7098,0.0031,0.0179,0.1489
560.3979,0.3181,0.1931,0.0032,0.4172,0.4190,0.6504,0.0178,0.0690,0.0136
424.2464,0.3453,0.1831,0.0067,0.1455,0.2494,0.7966,0.0073,0.0548,0.0424
580.7022,0.4121,0.1426,0.0173,0.4802,0.5488,0.6212,0.0161,0.0448,0.0130
485.8856,0.5338,0.1586,0.0010,0.4828,0.5743,0.7914,0.0063,0.0744,0.1982
506.4719,0.3088,0.1280,0.0113,0.3748,0.4407,0.7602,0.0190,0.0439,0.0746
463.3499,0.7195,0.2498,0.0145,0.4701,0.5405,0.7801,0.0058,0.0540,0.0035
456.7351,0.3380,0.2669,0.0102,0.4560,0.5698,0.7273,0.0158,0.1030,0.0160
336.6429,0.3704,0.1682,0.0094,0.0622,0.3153,0.5145,0.0033,0.0119,0.0393
347.9268,0.3992,0.2150,0.0025,0.4763,0.5177,0.7943,0.0055,0.1019,0.0803
586.5111,0.9259,0.2975,0.0045,0.4733,0.5817,0.6324,0.0166,0.0649,0.0387
384.8883,0.3882,0.1161,0.0033,0.2676,0.4590,0.7738,0.0118,0.0429,0.1088
500.4538,0.3308,0.1203,0.0177,0.0332,0.3275,0.6947,0.0151,0.0302,0.0309
545.6547,0.4274,0.2554,0.0053,0.4343,0.5553,0.6827,0.0137,0.1011,0.0175
420.4636,0.3387,0.1906,0.0169,0.3296,0.5714,0.7483,0.0147,0.0660,0.0812
554.8364,0.3618,0.2232,0.0308,0.4134,0.5948,0.7181,0.0097,0.0647,0.0458
399.4820,0.4491,0.1244,0.0072,0.3831,0.5082,0.6924,0.0052,0.0171,0.0316
526.7880,0.3089,0.2125,0.0070,0.4687,0.5910,0.6935,0.0198,0.1500,0.0954
405.8749,0.3681,0.1754,0.0255,0.4462,0.3938,0.7374,0.0087,0.0216,0.0212
369.3774,0.3961,0.1624,0.0030,0.0142,0.4403,0.7027,0.0017,0.0223,0.0767
477.7179,0.3316,0.1307,0.0219,0.3805,0.5929,0.6697,0.0134,0.0467,0.0648
429.1940,0.3509,0.1141,0.0162,0.1230,0.4396,0.5204,0.0119,0.0013,0.0041
339.0550,0.4120,0.1140,0.0062,0.4917,0.5955,0.7790,0.0022,0.0319,0.1600
289.2443,0.4363,0.1306,0.0121,0.0147,0.4360,0.4107,0.0037,0.0727,0.0162
515.8358,0.3016,0.1646,0.0146,0.4639,0.1772,0.7707,0.0157,0.0210,0.0295
374.5430,0.3446,0.1772,0.0211,0.2953,0.5298,0.7225,0.0179,0.0537,0.0336
541.6101,0.3910,0.2474,0.0270,0.4817,0.5794,0.6986,0.0136,0.0416,0.0706
438.2869,0.5455,0.1812,0.0065,0.4987,0.5268,0.7760,0.0007,0.1344,0.0697
440.7136,0.3618,0.1590,0.0164,0.2238,0.4919,0.6675,0.0093,0.0068,0.0494
575.6984,0.7834,0.2112,0.0074,0.4463,0.5309,0.5565,0.0019,0.0214,0.0154
387.4161,0.3770,0.1449,0.0012,0.1307,0.2957,0.7813,0.0003,0.1161,0.0587
482.4934,0.3646,0.1055,0.0070,0.3394,0.4748,0.7543,0.0056,0.0564,0.0729
532.4593,0.3691,0.2152,0.0021,0.4909,0.5395,0.7257,0.0099,0.0780,0.2044
539.4293,0.3244,0.1725,0.0080,0.1317,0.5953,0.7076,0.0196,0.0531,0.0048
350.6722,0.3660,0.1852,0.0031,0.1128,0.1117,0.7880,0.0168,0.0204,0.0659
488.9643,0.8775,0.1809,0.0013,0.4207,0.5974,0.6441,0.0004,0.0421,0.0516
380.3376,0.3371,0.2272,0.0071,0.4899,0.3358,0.7984,0.0100,0.0150,0.0932
387.6393,0.3954,0.0953,0.0102,0.0114,0.2434,0.6683,0.0122,0.0444,0.0407
393.4865,0.3556,0.1526,0.0200,0.4610,0.4716,0.7216,0.0042,0.1121,0.0208
415.3834,0.4592,0.2115,0.0126,0.3990,0.5857,0.6765,0.0021,0.0790,0.0049
480.1977,0.3506,0.2347,0.0025,0.4313,0.5920,0.7827,0.0109,0.0049,0.2680
544.4936,0.4074,0.1352,0.0118,0.4825,0.5067,0.7819,0.0041,0.1624,0.0386
302.0910,0.4129,0.1265,0.0229,0.1241,0.4824,0.7511,0.0189,0.0062,0.0410
444.6915,0.4665,0.1606,0.0180,0.4934,0.4700,0.7379,0.0130,0.0292,0.0179
495.0465,0.3279,0.1784,0.0407,0.3277,0.5842,0.6841,0.0059,0.0132,0.0447
355.6082,0.3984,0.1134,0.0078,0.0312,0.3173,0.6373,0.0103,0.1167,0.0123
575.0193,0.6035,0.1877,0.0170,0.4340,0.5628,0.6296,0.0016,0.0345,0.0359
465.6776,0.3117,0.2243,0.0093,0.2814,0.4063,0.7010,0.0075,0.0539,0.0228
417.9221,0.3633,0.1440,0.0120,0.3568,0.5821,0.6435,0.0121,0.0324,0.0697
566.7558,0.3031,0.1697,0.0102,0.0814,0.1507,0.7430,0.0030,0.0182,0.0308
296.5357,0.4531,0.1222,0.0126,0.4330,0.3479,0.7945,0.0018,0.0232,0.0198
548.1648,0.5227,0.1470,0.0309,0.4849,0.5774,0.7271,0.0131,0.0146,0.0422
417.6990,0.4147,0.0960,0.0027,0.4717,0.5289,0.7473,0.0003,0.1093,0.0213
544.6428,0.3255,0.1619,0.0159,0.2644,0.4826,0.6818,0.0019,0.0600,0.0466
399.1316,0.3830,0.1117,0.0049,0.3889,0.2788,0.7276,0.0119,0.0222,0.0315
429.6127,0.3489,0.1244,0.0265,0.4927,0.5061,0.7707,0.0163,0.0706,0.0442
587.3032,0.3228,0.0870,0.0016,0.1719,0.4528,0.5964,0.0030,0.0079,0.0244
580.1313,0.4366,0.2233,0.0129,0.4606,0.5419,0.7650,0.0186,0.0068,0.1510
542.0820,0.7169,0.2349,0.0061,0.4783,0.5372,0.6529,0.0106,0.1001,0.0014
578.7525,0.3273,0.2554,0.0354,0.4493,0.5810,0.7920,0.0048,0.1182,0.0391
485.1037,0.5090,0.1755,0.0214,0.4553,0.5792,0.6476,0.0088,0.0335,0.0300
487.0736,0.3087,0.1528,0.0084,0.1971,0.5520,0.7969,0.0012,0.1265,0.0540
323.0010,0.4468,0.0892,0.0050,0.3736,0.5725,0.7471,0.0141,0.0035,0.0072
492.9808,0.3127,0.1442,0.0481,0.4355,0.5230,0.7701,0.0196,0.0148,0.0517
481.4420,0.3768,0.1427,0.0127,0.3240,0.5151,0.6813,0.0048,0.0045,0.0869
504.9765,0.3276,0.1165,0.0093,0.1151,0.2165,0.5776,0.0102,0.0281,0.0162
288.1911,0.4596,0.1015,0.0063,0.0306,0.4894,0.3372,0.0066,0.0164,0.0188
516.4329,0.3110,0.2380,0.0033,0.3743,0.5635,0.6909,0.0164,0.1069,0.0526
429.9300,0.3703,0.1786,0.0016,0.4055,0.5252,0.6046,0.0035,0.0332,0.0785
467.7305,0.3297,0.1296,0.0044,0.4556,0.4511,0.7869,0.0181,0.0491,0.1845
446.6159,0.4005,0.2035,0.0161,0.3935,0.5789,0.7655,0.0154,0.0623,0.0583
332.2773,0.4177,0.0965,0.0186,0.1826,0.2500,0.7984,0.0066,0.0240,0.0411
455.4633,0.6344,0.2070,0.0078,0.4932,0.5914,0.6292,0.0049,0.0534,0.1130
314.3892,0.3895,0.1657,0.0142,0.3484,0.3949,0.7411,0.0017,0.0836,0.0087
421.1718,0.4948,0.2357,0.0221,0.4890,0.5200,0.7319,0.0168,0.0058,0.0000
592.3796,0.4139,0.1409,0.0087,0.4339,0.4322,0.7384,0.0111,0.0469,0.0035
592.8199,0.7027,0.1789,0.0068,0.4525,0.5951,0.7228,0.0025,0.0904,0.1209
557.5326,0.3214,0.1919,0.0239,0.4969,0.5620,0.7833,0.0125,0.0619,0.2085
403.1926,0.3267,0.2066,0.0292,0.3939,0.3651,0.7973,0.0141,0.0206,0.0376
506.7739,0.4299,0.1839,0.0157,0.4668,0.5683,0.6760,0.0038,0.1354,0.0393
527.5698,0.8140,0.2021,0.0082,0.4829,0.5976,0.7680,0.0138,0.0120,0.1824
463.3198,0.3431,0.2577,0.0028,0.2971,0.5838,0.7511,0.0029,0.0351,0.0917
595.5294,0.3505,0.1980,0.0013,0.4534,0.4816,0.6538,0.0170,0.1066,0.0404
449.6685,0.3404,0.1789,0.0145,0.1396,0.3519,0.6482,0.0017,0.0469,0.0073
377.6743,0.3811,0.1293,0.0171,0.1911,0.5589,0.7082,0.0164,0.0348,0.0472
539.6063,0.3020,0.2248,0.0322,0.2201,0.5605,0.6667,0.0005,0.0156,0.0021
362.5325,0.3842,0.1454,0.0168,0.4651,0.5756,0.7615,0.0064,0.0495,0.1270
406.0671,0.4440,0.1190,0.0023,0.3545,0.5214,0.7782,0.0135,0.0803,0.0118
505.2477,0.3039,0.2189,0.0119,0.3099,0.5930,0.7790,0.0015,0.2369,0.0052
534.7410,0.3176,0.2048,0.0068,0.1140,0.5120,0.7466,0.0061,0.0500,0.0017
356.5171,0.3621,0.1531,0.0102,0.1268,0.1809,0.7023,0.0075,0.0264,0.0319
315.4658,0.4903,0.1764,0.0012,0.3468,0.5706,0.7733,0.0145,0.0528,0.0002
595.3063,0.4222,0.2617,0.0102,0.3422,0.5650,0.7995,0.0051,0.0329,0.0337
560.7432,0.3130,0.1610,0.0024,0.4782,0.5714,0.6389,0.0002,0.2504,0.0643
588.4473,0.3106,0.1163,0.0072,0.1566,0.5371,0.6679,0.0073,0.0624,0.0535
520.1474,0.3456,0.1917,0.0107,0.2315,0.4550,0.7352,0.0120,0.0007,0.0345
396.2108,0.3597,0.1370,0.0113,0.4047,0.1955,0.7713,0.0178,0.0388,0.0216
536.2933,0.3602,0.1822,0.0017,0.2900,0.4659,0.7709,0.0064,0.0182,0.1099
572.2943,0.3149,0.1337,0.0043,0.3493,0.5089,0.5883,0.0117,0.0681,0.0238
384.2397,0.3530,0.1276,0.0024,0.0894,0.2220,0.7347,0.0034,0.0539,0.0069
501.1163,0.4542,0.1235,0.0188,0.3520,0.5957,0.7493,0.0097,0.0227,0.0033
417.0398,0.3789,0.1091,0.0299,0.0441,0.4322,0.7777,0.0078,0.0008,0.0300
399.0493,0.4911,0.1700,0.0025,0.3571,0.5587,0.6631,0.0177,0.0118,0.0003
473.7435,0.3898,0.1649,0.0294,0.4046,0.5722,0.7171,0.0147,0.0330,0.0315
521.8832,0.3021,0.1838,0.0100,0.4232,0.5304,0.6973,0.0105,0.0442,0.1870
368.2755,0.3439,0.1749,0.0012,0.3164,0.1781,0.7418,0.0132,0.0300,0.0041
538.1162,0.3288,0.1215,0.0070,0.0043,0.5528,0.4958,0.0090,0.0643,0.0094
586.7097,0.3538,0.1381,0.0128,0.4962,0.4563,0.6317,0.0051,0.0189,0.0592
550.8739,0.4689,0.1969,0.0199,0.4342,0.5707,0.6727,0.0085,0.0150,0.0862
456.0522,0.4758,0.2136,0.0114,0.4310,0.5530,0.7398,0.0189,0.0252,0.0522
336.0859,0.4085,0.1591,0.0066,0.2903,0.4280,0.7333,0.0040,0.1010,0.0002
425.7947,0.3976,0.1794,0.0053,0.4682,0.4862,0.7108,0.0175,0.0426,0.0730
349.9022,0.3670,0.1669,0.0200,0.0252,0.5959,0.6819,0.0120,0.0435,0.0387
500.3628,0.3614,0.1582,0.0089,0.3836,0.5656,0.7136,0.0075,0.2003,0.0025
471.8623,0.4336,0.1343,0.0018,0.3928,0.4433,0.6455,0.0028,0.0211,0.0061
451.2971,0.3840,0.2005,0.0185,0.4558,0.5558,0.6281,0.0007,0.0154,0.0791
546.3248,0.5714,0.2179,0.0040,0.4603,0.5967,0.7846,0.0119,0.0239,0.2324
528.9597,0.3476,0.1405,0.0037,0.1887,0.4769,0.6792,0.0002,0.0873,0.0214
390.5314,0.3741,0.1196,0.0204,0.2562,0.5461,0.7985,0.0020,0.0220,0.1447
328.4777,0.3898,0.2258,0.0042,0.1884,0.5303,0.7667,0.0078,0.0232,0.0204
584.6629,0.3100,0.1690,0.0342,0.4848,0.5539,0.6999,0.0174,0.0349,0.0980
479.4668,0.3258,0.2402,0.0119,0.2399,0.5867,0.6930,0.0185,0.0222,0.0053
509.1927,0.5066,0.2255,0.0110,0.4905,0.5941,0.7062,0.0006,0.0975,0.1649
421.5493,0.7445,0.1916,0.0029,0.4376,0.5905,0.6732,0.0020,0.0606,0.0409
333.6440,0.3728,0.1840,0.0272,0.4537,0.5835,0.7211,0.0035,0.0037,0.0733
412.7909,0.3497,0.1904,0.0040,0.0060,0.3953,0.3784,0.0053,0.0818,0.0010
462.4805,0.3301,0.2031,0.0097,0.4984,0.4878,0.7487,0.0088,0.1161,0.1090
533.9148,0.4178,0.1453,0.0298,0.4543,0.5593,0.7910,0.0062,0.1062,0.0268
371.9894,0.6342,0.1390,0.0091,0.4917,0.5409,0.7438,0.0079,0.0123,0.0218
483.2175,0.3339,0.1194,0.0073,0.0230,0.4695,0.7190,0.0025,0.0457,0.0765
549.1598,0.3247,0.1897,0.0079,0.3486,0.2095,0.7866,0.0071,0.0088,0.0065
467.1825,0.4891,0.2492,0.0019,0.4954,0.5822,0.7303,0.0038,0.1558,0.1009
324.8400,0.4033,0.0986,0.0027,0.0340,0.3974,0.7714,0.0137,0.0467,0.0002
469.6827,0.3729,0.1209,0.0034,0.1389,0.5260,0.7628,0.0191,0.0150,0.0524
427.9692,0.3267,0.2007,0.0069,0.1909,0.4439,0.5778,0.0038,0.0673,0.0012
540.9816,0.7507,0.2437,0.0041,0.4739,0.5548,0.4460,0.0118,0.0095,0.0071
379.1695,0.4084,0.1340,0.0136,0.1289,0.5815,0.5996,0.0023,0.0442,0.0035
338.4948,0.4395,0.1109,0.0080,0.1830,0.5990,0.6968,0.0097,0.0163,0.0383
386.2529,0.3241,0.2503,0.0167,0.3728,0.4893,0.7277,0.0001,0.0148,0.0627
548.7187,0.3166,0.1407,0.0155,0.4541,0.4002,0.7602,0.0044,0.1479,0.0385
505.6182,0.3057,0.1653,0.0386,0.1172,0.5182,0.7364,0.0040,0.0044,0.0631
597.6837,0.4106,0.1913,0.0050,0.3911,0.5359,0.7932,0.0017,0.1159,0.1059
341.9097,0.5079,0.1703,0.0201,0.4656,0.5677,0.7888,0.0034,0.0698,0.0171
470.9209,0.3154,0.1742,0.0056,0.2619,0.5568,0.7095,0.0156,0.1182,0.0773
485.0589,0.7642,0.2203,0.0036,0.4752,0.5244,0.7138,0.0149,0.0513,0.0137
485.4957,0.3530,0.1600,0.0124,0.3961,0.3789,0.7606,0.0015,0.0924,0.0464
391.0293,0.7066,0.2227,0.0134,0.4798,0.5801,0.6251,0.0068,0.0032,0.0216
492.8765,0.9376,0.1761,0.0049,0.4829,0.5429,0.7874,0.0158,0.0328,0.0354
308.2880,0.4348,0.1433,0.0037,0.1236,0.3197,0.7120,0.0175,0.0338,0.0043
568.0022,0.3828,0.2224,0.0189,0.4328,0.5099,0.7492,0.0072,0.0983,0.0259
574.8891,0.4318,0.1719,0.0015,0.4958,0.3958,0.7744,0.0093,0.0928,0.0341
405.2841,0.3481,0.1654,0.0027,0.1647,0.5850,0.5502,0.0065,0.0242,0.0997
478.3090,0.3081,0.2111,0.0061,0.2246,0.3857,0.7425,0.0118,0.0388,0.0653
318.4569,0.4312,0.1361,0.0139,0.4326,0.5011,0.6930,0.0045,0.0121,0.0152
331.1899,0.3676,0.1823,0.0131,0.0020,0.5267,0.3385,0.0031,0.0566,0.0077
584.8949,0.3327,0.2281,0.0094,0.3983,0.5965,0.6275,0.0027,0.0724,0.1196
537.7569,0.3673,0.1482,0.0119,0.4634,0.3895,0.6848,0.0180,0.0099,0.0062
354.3283,0.3569,0.1416,0.0033,0.0033,0.1999,0.5364,0.0181,0.0154,0.0095
524.1555,0.3393,0.1545,0.0051,0.3157,0.5747,0.7989,0.0040,0.0403,0.2373
393.1945,0.3308,0.2092,0.0043,0.0471,0.3308,0.7081,0.0056,0.0045,0.0597
531.9819,0.3169,0.1468,0.0239,0.0302,0.1803,0.7351,0.0000,0.0362,0.0179
359.0554,0.3626,0.1947,0.0181,0.2302,0.5112,0.7835,0.0035,0.0408,0.0765
423.6744,0.4235,0.1511,0.0094,0.2940,0.5584,0.7497,0.0068,0.0419,0.0564
549.8526,0.3371,0.1074,0.0211,0.4381,0.5743,0.6755,0.0053,0.0912,0.0012
497.2897,0.5845,0.1958,0.0031,0.4863,0.5299,0.5906,0.0038,0.0141,0.0971
575.5256,0.5325,0.1865,0.0146,0.4962,0.5697,0.7402,0.0170,0.0439,0.1501
473.4565,0.4108,0.2318,0.0044,0.4941,0.5523,0.6721,0.0056,0.0705,0.1244
502.0643,0.3388,0.1777,0.0131,0.4718,0.4247,0.7329,0.0047,0.1584,0.0097
410.1416,0.4639,0.1524,0.0011,0.4265,0.3766,0.7301,0.0103,0.0112,0.0069
376.3474,0.3870,0.1491,0.0224,0.0635,0.5702,0.4954,0.0070,0.0073,0.0102
323.7868,0.4265,0.1359,0.0091,0.0494,0.5749,0.7277,0.0166,0.0236,0.0365
402.2518,0.3589,0.2108,0.0193,0.4885,0.4966,0.6968,0.0136,0.0250,0.0309
457.9337,0.3636,0.0912,0.0033,0.0338,0.1144,0.6973,0.0123,0.0072,0.0758
414.5159,0.3317,0.1866,0.0284,0.0248,0.5868,0.5574,0.0013,0.0341,0.0219
485.5768,0.3426,0.2072,0.0010,0.4234,0.4566,0.6577,0.0022,0.1132,0.0322
412.0854,0.3792,0.1630,0.0046,0.4969,0.5308,0.7171,0.0175,0.0998,0.0769
425.2483,0.3141,0.2216,0.0166,0.4545,0.1509,0.7949,0.0083,0.0074,0.0036
376.5992,0.4183,0.1476,0.0038,0.3925,0.2807,0.7580,0.0054,0.0311,0.0203
558.7707,0.5528,0.1405,0.0032,0.4891,0.5514,0.7997,0.0132,0.1184,0.0708
469.5412,0.3389,0.1347,0.0349,0.2007,0.5766,0.7278,0.0000,0.0030,0.0954
589.2395,0.3133,0.2821,0.0080,0.4456,0.5478,0.7346,0.0040,0.0160,0.1833
426.5642,0.3280,0.1714,0.0129,0.3491,0.4665,0.7685,0.0009,0.1489,0.0623
363.6143,0.4098,0.1315,0.0026,0.1391,0.2348,0.7195,0.0156,0.0528,0.0011
369.1947,0.3671,0.1606,0.0109,0.4167,0.5601,0.7859,0.0002,0.1525,0.1060
470.8698,0.4082,0.2705,0.0067,0.4125,0.5940,0.6901,0.0068,0.0144,0.0900
354.0275,0.3885,0.1391,0.0214,0.4567,0.4107,0.7833,0.0192,0.0207,0.0357
464.1257,0.3246,0.1699,0.0036,0.0863,0.5008,0.5580,0.0059,0.0438,0.0837
568.2499,0.3069,0.1449,0.0207,0.4055,0.5564,0.6614,0.0065,0.1473,0.0184
575.0431,0.7102,0.1628,0.0040,0.4187,0.5856,0.5932,0.0165,0.0051,0.0178
412.3018,0.3936,0.1091,0.0079,0.3619,0.5723,0.6114,0.0056,0.0233,0.0096
404.8939,0.3364,0.2136,0.0109,0.1374,0.4751,0.7313,0.0072,0.0691,0.0128
514.7601,0.3224,0.1590,0.0116,0.4998,0.2351,0.7752,0.0026,0.0322,0.0769
318.9820,0.3683,0.1990,0.0059,0.2603,0.4725,0.7260,0.0010,0.0461,0.0498
499.7689,0.8333,0.1751,0.0124,0.4942,0.5763,0.5112,0.0039,0.0209,0.0307
524.2056,0.3508,0.2323,0.0099,0.3508,0.4970,0.6194,0.0046,0.0142,0.0115
393.2524,0.3655,0.1620,0.0090,0.0198,0.2531,0.5737,0.0051,0.0534,0.0536
393.9010,0.5398,0.1208,0.0029,0.4334,0.5960,0.7083,0.0073,0.0419,0.0254
584.7554,0.3635,0.1515,0.0042,0.4256,0.4877,0.7907,0.0033,0.0229,0.2314
453.9304,0.3956,0.1883,0.0100,0.4731,0.5646,0.7899,0.0116,0.1842,0.0651
549.9984,0.3042,0.1768,0.0053,0.3851,0.5775,0.7451,0.0188,0.1837,0.0931
473.8303,0.4430,0.1550,0.0089,0.4667,0.5372,0.7423,0.0062,0.0216,0.1640
372.5517,0.3791,0.1223,0.0160,0.0840,0.3773,0.5833,0.0188,0.0454,0.0118
438.7499,0.3716,0.2139,0.0236,0.4038,0.3994,0.7793,0.0077,0.0172,0.0085
450.5915,0.3449,0.1497,0.0145,0.0394,0.4184,0.4764,0.0117,0.0350,0.0156
521.9616,0.3557,0.1973,0.0290,0.4872,0.5736,0.7934,0.0089,0.0516,0.1768
398.0249,0.3471,0.1426,0.0298,0.1265,0.3331,0.7122,0.0009,0.0123,0.0356
430.7188,0.3835,0.0947,0.0024,0.2414,0.5438,0.7865,0.0053,0.0432,0.1050
460.1737,0.3944,0.1478,0.0021,0.3168,0.4612,0.7219,0.0122,0.0660,0.0243
523.9824,0.4212,0.2901,0.0071,0.4779,0.5492,0.7559,0.0127,0.0878,0.0486
452.4080,0.3354,0.2143,0.0183,0.2547,0.5970,0.7045,0.0143,0.0428,0.0235
337.5031,0.3993,0.1846,0.0128,0.1398,0.4366,0.6682,0.0007,0.0191,0.0217
522.1387,0.3767,0.1372,0.0049,0.3958,0.5456,0.5961,0.0110,0.0140,0.0547
304.5245,0.3866,0.1716,0.0088,0.2942,0.3299,0.7306,0.0079,0.0029,0.0614
586.4561,0.3421,0.1863,0.0023,0.4610,0.3776,0.7788,0.0057,0.0730,0.1132
551.1558,0.3903,0.1201,0.0182,0.3990,0.4920,0.7419,0.0078,0.0405,0.0097
385.2789,0.5185,0.2110,0.0071,0.4531,0.4548,0.7363,0.0049,0.0169,0.0018
420.0848,0.5667,0.1522,0.0134,0.3912,0.5751,0.6915,0.0015,0.0219,0.0023
361.2582,0.3975,0.1021,0.0090,0.1545,0.1906,0.7949,0.0148,0.0363,0.0560
571.9223,0.3701,0.1790,0.0091,0.3142,0.5552,0.7049,0.0123,0.0239,0.0739
372.7288,0.3567,0.1804,0.0394,0.0485,0.4040,0.7885,0.0010,0.0079,0.0324
411.1662,0.4141,0.1386,0.0013,0.3465,0.4022,0.6532,0.0047,0.0377,0.0002
526.9240,0.3075,0.1427,0.0184,0.0792,0.2739,0.5741,0.0084,0.0346,0.0073
552.2697,0.3412,0.1458,0.0095,0.3674,0.5279,0.7218,0.0056,0.1818,0.0136
536.0122,0.6908,0.2448,0.0132,0.4860,0.5878,0.7356,0.0085,0.0026,0.1818
436.6403,0.3566,0.1166,0.0157,0.3585,0.4558,0.6779,0.0167,0.0110,0.0314
537.6151,0.3328,0.1698,0.0263,0.3996,0.4635,0.7746,0.0015,0.0072,0.1450
489.2544,0.3941,0.2286,0.0430,0.4626,0.5935,0.7490,0.0050,0.0316,0.0536
404.2991,0.3187,0.2391,0.0043,0.1532,0.4348,0.7833,0.0025,0.0106,0.0745
565.8712,0.3706,0.1572,0.0011,0.4703,0.4675,0.7639,0.0115,0.2075,0.0250
402.9574,0.3748,0.1367,0.0138,0.0144,0.3513,0.4066,0.0040,0.0066,0.0829
527.5940,0.4832,0.1484,0.0242,0.4987,0.5582,0.7087,0.0093,0.0226,0.0804
361.0350,0.3804,0.1692,0.0062,0.0160,0.1061,0.6584,0.0029,0.1032,0.0121
356.9465,0.4199,0.1100,0.0148,0.4413,0.5774,0.7313,0.0111,0.0402,0.0173
314.1534,0.3960,0.1572,0.0033,0.1649,0.3019,0.6635,0.0076,0.0626,0.0368
568.1278,0.3296,0.2205,0.0441,0.4927,0.6000,0.7102,0.0137,0.1097,0.0096
575.1927,0.7329,0.2336,0.0273,0.4483,0.5667,0.7943,0.0037,0.0427,0.0150
337.8697,0.3822,0.1626,0.0136,0.1613,0.2480,0.7057,0.0108,0.0329,0.0331
583.6913,0.7549,0.2680,0.0018,0.4536,0.5894,0.7550,0.0197,0.0813,0.0666
562.2461,0.4390,0.2508,0.0219,0.4717,0.5600,0.6906,0.0097,0.0711,0.0394
538.5290,0.3433,0.2561,0.0073,0.4832,0.4889,0.6483,0.0117,0.0256,0.0613
407.1748,0.3503,0.1908,0.0087,0.2644,0.5765,0.7404,0.0082,0.0971,0.0693
557.5084,0.9967,0.1576,0.0094,0.4805,0.5861,0.6940,0.0080,0.0536,0.0571
592.8510,0.5907,0.1716,0.0138,0.4683,0.5567,0.7505,0.0180,0.0985,0.0140
409.3714,0.3806,0.1162,0.0147,0.4323,0.2608,0.7746,0.0008,0.0511,0.0255
462.8886,0.3650,0.1256,0.0052,0.4632,0.5976,0.6619,0.0094,0.0906,0.0847
469.7492,0.3175,0.1996,0.0115,0.1662,0.5421,0.6438,0.0197,0.0405,0.0124
427.9112,0.3576,0.1242,0.0082,0.2260,0.3663,0.7115,0.0044,0.0271,0.1111
503.4802,0.3265,0.1433,0.0198,0.4314,0.4984,0.7177,0.0191,0.1193,0.0022
264.2537,0.4658,0.1098,0.0036,0.2052,0.4384,0.7793,0.0143,0.0258,0.0126
503.0402,0.3183,0.1871,0.0037,0.2633,0.3076,0.6893,0.0117,0.0335,0.0292
331.8577,0.3612,0.1706,0.0079,0.4931,0.3848,0.7649,0.0147,0.0383,0.0347
441.6827,0.3483,0.2394,0.0172,0.3878,0.5729,0.7351,0.0020,0.0718,0.0615
551.6822,0.4997,0.2168,0.0072,0.4414,0.5674,0.5142,0.0084,0.0355,0.0137
538.7454,0.4342,0.2026,0.0044,0.3443,0.5578,0.7858,0.0010,0.0975,0.0589
548.3045,0.4913,0.1725,0.0074,0.4250,0.5267,0.7635,0.0065,0.0026,0.1403
403.5704,0.3416,0.1944,0.0026,0.0137,0.5264,0.5034,0.0165,0.0391,0.0447
490.1893,0.3003,0.2005,0.0126,0.1956,0.2970,0.7543,0.0074,0.0229,0.0717
577.4981,0.3375,0.2129,0.0152,0.4701,0.5507,0.6501,0.0089,0.1756,0.0039
580.0586,0.4023,0.2212,0.0261,0.3947,0.4992,0.7256,0.0021,0.0136,0.0217
521.3266,0.6986,0.2010,0.0029,0.4950,0.5684,0.5386,0.0059,0.0004,0.1475
415.9332,0.3540,0.1413,0.0050,0.2838,0.3633,0.7950,0.0188,0.0284,0.1250
481.7206,0.3023,0.1899,0.0022,0.3592,0.5624,0.6120,0.0041,0.0534,0.1145
547.6354,0.3156,0.1196,0.0015,0.0280,0.3068,0.6445,0.0062,0.0142,0.0989
489.2970,0.6462,0.2839,0.0098,0.4781,0.5884,0.7989,0.0172,0.1070,0.0086
480.1202,0.3167,0.2094,0.0368,0.4942,0.5179,0.6767,0.0099,0.0123,0.0397
323.0377,0.3649,0.2285,0.0070,0.4578,0.5471,0.7746,0.0028,0.1246,0.0158
461.3679,0.3237,0.1822,0.0202,0.0489,0.2071,0.6720,0.0005,0.0201,0.0456
498.6941,0.4930,0.1870,0.0324,0.4864,0.5658,0.7582,0.0007,0.0683,0.0691
455.8431,0.5803,0.1605,0.0057,0.4659,0.4825,0.7775,0.0043,0.0045,0.0818
422.6626,0.3570,0.1812,0.0059,0.1986,0.5949,0.7028,0.0126,0.1099,0.0133
516.3862,0.4040,0.1422,0.0014,0.4581,0.5851,0.7340,0.0051,0.0608,0.2295
508.7299,0.3230,0.1928,0.0191,0.3961,0.4727,0.6929,0.0085,0.0553,0.0524
477.0111,0.8227,0.2575,0.0087,0.4990,0.5987,0.6603,0.0067,0.1460,0.0252
343.8105,0.3953,0.1361,0.0456,0.1101,0.3159,0.7239,0.0011,0.0046,0.0034
406.1398,0.3619,0.2612,0.0035,0.4381,0.4805,0.7429,0.0048,0.0517,0.0429
396.6980,0.3529,0.1541,0.0342,0.0031,0.3131,0.5030,0.0103,0.0210,0.0344
312.4349,0.3743,0.2093,0.0155,0.0002,0.4018,0.5444,0.0082,0.0407,0.0034
392.4952,0.3647,0.1897,0.0140,0.1232,0.4546,0.6564,0.0011,0.0303,0.0260
565.0939,0.5356,0.2914,0.0052,0.4460,0.5869,0.6917,0.0059,0.0329,0.1119
420.6647,0.3011,0.2608,0.0072,0.3370,0.4242,0.7232,0.0182,0.0072,0.0151
595.2697,0.3403,0.1185,0.0121,0.4885,0.5904,0.7567,0.0164,0.1368,0.0946
449.2783,0.3493,0.1304,0.0251,0.1669,0.4607,0.7663,0.0023,0.0074,0.1031
275.0024,0.4143,0.2073,0.0026,0.3558,0.3512,0.7989,0.0081,0.0085,0.0111
456.4704,0.3100,0.1809,0.0188,0.4635,0.4206,0.7531,0.0120,0.1237,0.0353
314.4152,0.4175,0.1122,0.0050,0.0567,0.1439,0.3728,0.0115,0.0341,0.0023
463.1513,0.4253,0.1226,0.0017,0.4005,0.5428,0.7705,0.0141,0.1375,0.0028
469.0293,0.3595,0.0905,0.0283,0.3766,0.5820,0.7475,0.0081,0.0238,0.0048
282.3356,0.4275,0.1699,0.0021,0.1305,0.5907,0.6991,0.0044,0.0783,0.0078
541.7579,0.4472,0.2573,0.0112,0.4205,0.5286,0.7921,0.0070,0.0537,0.0502
458.6645,0.3348,0.1339,0.0108,0.3579,0.1109,0.7794,0.0197,0.0196,0.0210
298.4912,0.3874,0.1761,0.0135,0.3194,0.3780,0.7494,0.0033,0.0635,0.0018
276.5938,0.4356,0.1257,0.0068,0.2574,0.4921,0.7708,0.0004,0.0503,0.0698
568.6498,0.4545,0.1497,0.0231,0.4682,0.5802,0.7701,0.0124,0.0817,0.0683
575.5495,0.7703,0.1640,0.0060,0.4814,0.5469,0.7370,0.0024,0.0709,0.0827
382.5382,0.3644,0.1209,0.0331,0.3169,0.3379,0.7937,0.0153,0.0064,0.0431
415.2251,0.3662,0.1083,0.0114,0.2996,0.5641,0.7196,0.0109,0.0513,0.0770
598.6895,0.5627,0.2600,0.0187,0.4726,0.5835,0.7101,0.0004,0.0528,0.1338
288.9571,0.4233,0.1781,0.0015,0.0420,0.3896,0.4960,0.0031,0.0231,0.0312
502.9029,0.5546,0.2469,0.0043,0.4827,0.5279,0.6210,0.0185,0.0052,0.0481
520.0686,0.3114,0.1899,0.0285,0.1706,0.4044,0.7554,0.0086,0.0174,0.0035
589.6326,0.3004,0.2119,0.0011,0.2562,0.5150,0.7331,0.0080,0.1352,0.0256
518.9567,0.3528,0.1663,0.0045,0.3233,0.4720,0.6739,0.0127,0.0832,0.0102
428.9382,0.3409,0.1010,0.0061,0.4174,0.3707,0.7622,0.0074,0.0023,0.0001
574.1247,0.3760,0.2222,0.0044,0.4404,0.5753,0.5415,0.0017,0.0187,0.1243
348.0875,0.3781,0.1594,0.0385,0.2560,0.4639,0.7410,0.0089,0.0167,0.0032
518.7406,0.4245,0.1050,0.0078,0.4426,0.3875,0.7797,0.0046,0.0001,0.0113
582.9586,0.3199,0.1732,0.0035,0.2340,0.4435,0.7667,0.0042,0.0641,0.0744
444.4976,0.3231,0.1670,0.0120,0.0408,0.1338,0.5154,0.0147,0.0050,0.0324
541.6845,0.3089,0.1330,0.0259,0.3197,0.5384,0.7260,0.0048,0.0881,0.0706
477.6561,0.3373,0.2424,0.0302,0.4789,0.4722,0.7599,0.0004,0.0674,0.0237
568.4334,0.3171,0.0904,0.0137,0.3292,0.5230,0.6639,0.0005,0.0040,0.0449
433.4516,0.3764,0.1539,0.0153,0.4232,0.5619,0.7563,0.0196,0.0801,0.0673
465.8437,0.3671,0.1468,0.0042,0.2540,0.4215,0.5845,0.0069,0.0003,0.0205
417.7439,0.3325,0.2237,0.0015,0.3216,0.5035,0.7747,0.0115,0.0631,0.1074
335.3487,0.3828,0.1896,0.0087,0.2026,0.4441,0.7802,0.0154,0.0472,0.0284
516.0685,0.4267,0.1925,0.0270,0.4245,0.5650,0.6540,0.0148,0.0233,0.0020
480.2727,0.3391,0.1562,0.0126,0.4041,0.4822,0.6356,0.0103,0.0497,0.0362
370.1743,0.4064,0.1254,0.0186,0.0218,0.3843,0.7232,0.0048,0.0359,0.0254
396.7626,0.4402,0.1615,0.0226,0.3911,0.5672,0.7346,0.0083,0.0036,0.0582
579.8511,0.4237,0.1445,0.0020,0.4879,0.5259,0.6494,0.0180,0.0511,0.0846
542.8059,0.4704,0.2239,0.0056,0.4364,0.4438,0.7069,0.0027,0.0354,0.0138
348.3393,0.4274,0.1175,0.0121,0.3238,0.2477,0.7863,0.0012,0.0400,0.0137
492.8526,0.3443,0.1734,0.0149,0.4984,0.5816,0.6892,0.0012,0.0034,0.2630
481.5126,0.3233,0.1132,0.0256,0.2582,0.5894,0.7781,0.0157,0.0159,0.0553
397.0768,0.3802,0.1357,0.0019,0.3602,0.5933,0.7604,0.0058,0.2187,0.0336
507.3230,0.3190,0.1611,0.0202,0.3515,0.3844,0.7946,0.0171,0.0479,0.0653
466.0694,0.7284,0.2869,0.0054,0.4934,0.5341,0.7439,0.0077,0.0419,0.0318
442.6656,0.3491,0.1089,0.0127,0.4760,0.1191,0.7466,0.0066,0.0106,0.0023
512.7518,0.9020,0.2667,0.0037,0.4857,0.5488,0.6926,0.0017,0.0229,0.1115
424.7159,0.3719,0.1493,0.0079,0.0559,0.5102,0.7889,0.0019,0.1056,0.0060
348.7786,0.3917,0.1974,0.0175,0.4996,0.5574,0.7600,0.0086,0.1070,0.0193
359.1799,0.3940,0.0993,0.0334,0.1244,0.4183,0.7596,0.0037,0.0400,0.0117
328.7195,0.4253,0.1140,0.0119,0.0097,0.2067,0.6775,0.0081,0.0147,0.0802
377.6069,0.3431,0.1580,0.0038,0.4716,0.4910,0.7852,0.0134,0.1108,0.0708
512.4511,0.3505,0.0946,0.0023,0.2525,0.5938,0.6353,0.0067,0.0299,0.0508
567.5062,0.3652,0.2851,0.0118,0.4594,0.5725,0.7755,0.0055,0.0071,0.1925
464.6496,0.3512,0.1054,0.0126,0.1612,0.3281,0.7315,0.0047,0.0464,0.0536
434.1874,0.3795,0.1241,0.0343,0.2067,0.5388,0.7824,0.0091,0.0108,0.0133
368.0783,0.3793,0.1852,0.0089,0.3878,0.5007,0.7016,0.0135,0.0080,0.0775
441.2657,0.3346,0.2058,0.0280,0.4100,0.5926,0.7995,0.0188,0.1207,0.0241
559.5170,0.5001,0.2505,0.0174,0.4352,0.5987,0.6548,0.0148,0.0360,0.0452
443.2301,0.3759,0.1512,0.0043,0.0688,0.5250,0.6318,0.0049,0.0549,0.0065
436.3677,0.4440,0.2968,0.0012,0.4300,0.5537,0.7575,0.0028,0.0093,0.0751
485.0030,0.3733,0.0977,0.0191,0.4930,0.4415,0.7948,0.0011,0.0318,0.0633
533.4308,0.3549,0.2073,0.0140,0.3339,0.5692,0.6989,0.0044,0.1237,0.0037
333.2492,0.4029,0.1220,0.0184,0.3323,0.5620,0.7394,0.0067,0.0565,0.0391
456.9433,0.3356,0.1518,0.0128,0.2186,0.4724,0.5882,0.0184,0.0057,0.0305
465.9831,0.8875,0.1939,0.0058,0.4920,0.4702,0.7748,0.0016,0.0121,0.0118
413.0508,0.3696,0.1834,0.0026,0.4643,0.5887,0.7390,0.0089,0.2458,0.0267
553.7354,0.6643,0.1583,0.0047,0.4244,0.5610,0.6670,0.0131,0.0186,0.0196
519.8843,0.3077,0.2204,0.0210,0.4496,0.3949,0.7811,0.0177,0.0794,0.0046
563.9504,0.3513,0.1643,0.0072,0.3011,0.4553,0.7624,0.0108,0.0586,0.0417
488.3995,0.3046,0.2139,0.0106,0.3683,0.5373,0.5782,0.0061,0.0090,0.0648
481.2613,0.3396,0.1452,0.0208,0.1041,0.5810,0.7603,0.0055,0.0761,0.0201
483.4563,0.3038,0.2244,0.0027,0.2173,0.2718,0.7867,0.0028,0.0677,0.0330
414.1941,0.3494,0.1441,0.0061,0.1443,0.2210,0.6039,0.0175,0.0142,0.0522
549.3565,0.3110,0.1697,0.0033,0.4199,0.5118,0.7194,0.0074,0.0284,0.2550
474.3459,0.4360,0.1914,0.0109,0.4945,0.5873,0.7202,0.0176,0.1765,0.0260
502.9879,0.3641,0.2144,0.0069,0.4695,0.4610,0.6516,0.0121,0.0535,0.0257
428.8604,0.4875,0.1339,0.0050,0.4120,0.5557,0.7941,0.0032,0.0469,0.1065
314.3158,0.4391,0.1222,0.0070,0.0683,0.4550,0.6932,0.0085,0.0052,0.0741
459.6455,0.3249,0.2323,0.0214,0.3783,0.3772,0.7231,0.0017,0.0059,0.0225
486.4257,0.3091,0.1706,0.0184,0.0531,0.4562,0.5338,0.0176,0.0263,0.0108
585.8184,0.3511,0.2031,0.0030,0.3950,0.5392,0.7025,0.0104,0.1775,0.0270
452.9647,0.4078,0.1661,0.0113,0.4412,0.4974,0.7053,0.0046,0.0303,0.0974
510.0698,0.3185,0.1711,0.0132,0.1414,0.4209,0.6696,0.0024,0.0778,0.0119
381.3488,0.3750,0.1118,0.0116,0.1100,0.3825,0.7660,0.0178,0.0062,0.0895
518.7635,0.5844,0.1375,0.0096,0.4490,0.5706,0.7488,0.0060,0.0491,0.0528
488.6157,0.4734,0.2771,0.0016,0.4915,0.5739,0.6839,0.0167,0.0765,0.0702
477.6875,0.4966,0.2109,0.0300,0.4735,0.5323,0.7905,0.0090,0.0193,0.0501
374.8545,0.8326,0.2098,0.0185,0.4937,0.5947,0.7493,0.0137,0.0112,0.0245
501.5183,0.3202,0.1864,0.0283,0.4813,0.5509,0.7090,0.0004,0.0378,0.1629
464.0668,0.3690,0.1427,0.0069,0.1771,0.1618,0.7830,0.0056,0.0239,0.0080
572.4644,0.4374,0.1385,0.0143,0.3816,0.5298,0.7058,0.0013,0.0483,0.0162
501.2862,0.3416,0.1166,0.0027,0.3862,0.5698,0.6640,0.0195,0.0003,0.1299
565.1244,0.3775,0.1974,0.0060,0.4436,0.4018,0.7235,0.0048,0.0632,0.0371
539.8063,0.6132,0.2218,0.0024,0.4970,0.5858,0.5339,0.0107,0.0968,0.0797
478.5336,0.3437,0.1295,0.0106,0.0438,0.3355,0.7009,0.0115,0.0731,0.0085
551.4797,0.3290,0.1998,0.0115,0.3434,0.5955,0.7427,0.0183,0.0373,0.1392
522.2661,0.3255,0.2460,0.0152,0.4648,0.5930,0.7334,0.0119,0.1316,0.0820
515.5855,0.7316,0.2630,0.0078,0.4839,0.5637,0.7746,0.0019,0.0112,0.1669
472.4650,0.3206,0.1372,0.0164,0.3606,0.4174,0.7620,0.0126,0.0034,0.1360
491.1174,0.3479,0.1160,0.0144,0.0772,0.2517,0.6157,0.0025,0.0267,0.0235
450.6913,0.4146,0.1956,0.0039,0.2986,0.5455,0.7913,0.0110,0.0354,0.0660
492.1986,0.5236,0.1688,0.0205,0.4693,0.5965,0.7936,0.0002,0.0292,0.1817
488.6859,0.3273,0.1519,0.0355,0.2800,0.4940,0.7482,0.0139,0.0464,0.0129
486.1763,0.3473,0.1348,0.0249,0.4771,0.4861,0.7199,0.0092,0.0479,0.0599
548.3360,0.3424,0.0780,0.0099,0.4352,0.4627,0.7943,0.0029,0.0513,0.0162
548.7729,0.7960,0.2398,0.0057,0.4518,0.5652,0.6850,0.0106,0.0924,0.0096
598.0700,0.3926,0.2541,0.0228,0.4972,0.5983,0.7571,0.0006,0.0646,0.2181
468.1059,0.5526,0.2698,0.0081,0.4931,0.5535,0.6553,0.0118,0.0543,0.0234
553.4210,0.6867,0.2076,0.0296,0.4581,0.5889,0.7080,0.0071,0.0561,0.0094
532.1971,0.3305,0.1972,0.0193,0.2109,0.4824,0.7716,0.0004,0.0019,0.0632
358.8414,0.3763,0.1454,0.0227,0.0338,0.2100,0.7223,0.0032,0.0721,0.0414
578.3633,0.9506,0.1626,0.0116,0.4865,0.5619,0.7458,0.0015,0.0451,0.0871
366.8345,0.3536,0.1530,0.0047,0.3745,0.5419,0.7874,0.0021,0.0014,0.2037
433.9245,0.3584,0.1792,0.0094,0.1759,0.5823,0.6085,0.0107,0.0483,0.0074
503.7906,0.3935,0.1761,0.0036,0.3737,0.5980,0.7165,0.0095,0.1038,0.1058
524.8086,0.3336,0.1257,0.0167,0.3108,0.4602,0.6796,0.0066,0.0801,0.0031
462.0943,0.3070,0.2653,0.0148,0.3936,0.5502,0.7751,0.0086,0.0644,0.0692
573.4160,0.5468,0.2294,0.0126,0.4666,0.5921,0.4257,0.0019,0.0258,0.0103
448.4498,0.3099,0.1865,0.0024,0.0447,0.3847,0.6272,0.0073,0.0036,0.0413
319.0680,0.3916,0.1550,0.0164,0.0190,0.5850,0.5417,0.0017,0.0430,0.0625
517.0782,0.3971,0.2113,0.0062,0.4870,0.5355,0.7598,0.0187,0.2146,0.0049
395.0460,0.3609,0.1276,0.0080,0.4112,0.5792,0.7589,0.0063,0.0677,0.1741
350.4618,0.3579,0.1750,0.0077,0.1822,0.5625,0.7185,0.0165,0.0166,0.0829
446.7756,0.3545,0.1927,0.0061,0.3613,0.5851,0.6480,0.0050,0.0447,0.1165
332.7734,0.3946,0.1592,0.0130,0.2106,0.3125,0.7564,0.0057,0.0768,0.0100
314.8819,0.4126,0.1029,0.0071,0.2597,0.4575,0.7831,0.0009,0.0219,0.0714
500.4435,0.6582,0.1828,0.0054,0.4734,0.5911,0.4716,0.0050,0.0139,0.0431
350.6850,0.4201,0.0976,0.0048,0.0515,0.4781,0.6060,0.0059,0.0853,0.0157
516.0501,0.3371,0.1757,0.0222,0.2677,0.5011,0.7349,0.0160,0.0172,0.0321
458.8147,0.3578,0.2359,0.0328,0.4728,0.4777,0.7632,0.0009,0.0021,0.0672
525.1208,0.5998,0.2864,0.0108,0.4919,0.5662,0.7113,0.0137,0.0949,0.0160
530.4604,0.3747,0.1900,0.0137,0.3864,0.4329,0.7470,0.0019,0.0428,0.0498
494.6241,0.4455,0.1155,0.0066,0.4485,0.5629,0.7761,0.0042,0.0661,0.0970
387.2161,0.3826,0.1197,0.0145,0.2430,0.1924,0.6970,0.0077,0.0059,0.0298
402.2325,0.3217,0.2015,0.0021,0.2084,0.5566,0.7447,0.0166,0.1013,0.0041
396.2867,0.3453,0.1467,0.0301,0.2976,0.4992,0.6553,0.0022,0.0356,0.0008
476.2869,0.6219,0.1559,0.0018,0.4406,0.5208,0.7249,0.0052,0.0098,0.0650
586.4262,0.4889,0.2789,0.0028,0.4595,0.5647,0.7482,0.0050,0.0277,0.1851
378.3903,0.4174,0.1420,0.0011,0.0319,0.5526,0.5746,0.0066,0.0172,0.0374
385.2470,0.3153,0.2425,0.0041,0.4673,0.5188,0.7047,0.0057,0.0464,0.0426
546.1749,0.3308,0.1329,0.0030,0.3630,0.3666,0.7967,0.0089,0.0999,0.0774
463.4831,0.4547,0.2646,0.0190,0.4563,0.5902,0.6645,0.0126,0.0174,0.0233
398.9035,0.3529,0.2480,0.0126,0.3195,0.4464,0.7790,0.0122,0.0160,0.0063
580.7820,0.6746,0.1221,0.0163,0.4625,0.5975,0.7594,0.0030,0.0080,0.0463
320.0988,0.4109,0.1066,0.0150,0.1265,0.3685,0.7465,0.0180,0.0151,0.0497
559.8742,0.3807,0.1392,0.0084,0.4786,0.5682,0.6831,0.0130,0.1488,0.0465
465.9031,0.3254,0.1194,0.0016,0.4776,0.3305,0.7434,0.0071,0.0577,0.0391
415.5210,0.3448,0.1321,0.0075,0.0171,0.1776,0.3926,0.0081,0.0276,0.0339
566.9667,0.3333,0.1897,0.0025,0.1508,0.5749,0.7012,0.0027,0.0197,0.0558
471.9939,0.5800,0.2748,0.0103,0.4304,0.5771,0.7928,0.0071,0.0261,0.0514
513.0385,0.3260,0.1303,0.0121,0.0768,0.5963,0.5923,0.0039,0.0180,0.0948
506.3878,0.4064,0.2466,0.0089,0.4225,0.5059,0.7180,0.0035,0.0451,0.0526
327.7415,0.4480,0.1108,0.0025,0.3184,0.2022,0.7987,0.0001,0.0309,0.0375
463.7061,0.3173,0.1955,0.0218,0.3409,0.5213,0.7697,0.0045,0.0844,0.0957
511.7456,0.3621,0.1495,0.0076,0.4498,0.5022,0.6300,0.0002,0.1213,0.0216
555.0966,0.8229,0.1534,0.0023,0.4871,0.5696,0.7732,0.0084,0.0654,0.1013
312.4314,0.3948,0.1282,0.0015,0.2751,0.5304,0.7316,0.0088,0.0391,0.0449
339.6642,0.3865,0.1267,0.0162,0.2700,0.5707,0.6307,0.0120,0.0096,0.0281
393.9791,0.3814,0.0903,0.0022,0.4271,0.4090,0.6776,0.0034,0.0120,0.0121
414.8873,0.4412,0.2737,0.0181,0.4900,0.5231,0.7185,0.0005,0.0265,0.0115
537.8203,0.5136,0.2580,0.0036,0.4845,0.5057,0.5689,0.0119,0.0186,0.0133
297.9493,0.4433,0.1433,0.0098,0.3751,0.4659,0.7503,0.0128,0.0133,0.0175
563.3228,0.6149,0.2477,0.0133,0.4979,0.5437,0.7922,0.0089,0.0453,0.1307
362.1376,0.3924,0.2075,0.0255,0.3365,0.5539,0.7280,0.0034,0.0295,0.0060
561.9879,0.3074,0.1563,0.0128,0.1016,0.5303,0.7872,0.0118,0.0272,0.0700
344.4467,0.4786,0.1624,0.0075,0.3745,0.5967,0.7678,0.0077,0.0194,0.0878
341.6887,0.4394,0.0778,0.0036,0.0026,0.1636,0.4961,0.0050,0.0174,0.0588
447.7222,0.4057,0.2330,0.0028,0.4843,0.4717,0.7130,0.0128,0.0975,0.0041
468.4111,0.3241,0.1663,0.0175,0.4214,0.5861,0.6836,0.0111,0.0936,0.0893
353.0393,0.3887,0.1345,0.0104,0.0358,0.4340,0.6575,0.0038,0.1444,0.0064
506.2898,0.3451,0.1219,0.0314,0.3372,0.5782,0.7842,0.0057,0.0757,0.0465
294.0563,0.4172,0.1362,0.0195,0.0668,0.1126,0.7948,0.0052,0.0351,0.0590
504.7651,0.3195,0.2236,0.0016,0.1846,0.5091,0.6158,0.0105,0.0103,0.0240
578.2599,0.3011,0.1927,0.0421,0.4075,0.5184,0.7636,0.0025,0.0576,0.0766
574.7395,0.5416,0.1789,0.0023,0.3431,0.5409,0.7779,0.0113,0.0169,0.0124
479.9212,0.4034,0.2239,0.0171,0.3386,0.5818,0.6346,0.0011,0.0271,0.0053
444.9643,0.3320,0.1733,0.0034,0.2756,0.4442,0.6678,0.0028,0.0140,0.1512
396.4393,0.3679,0.2185,0.0068,0.3354,0.5262,0.7353,0.0181,0.0730,0.0042
375.4866,0.3915,0.1047,0.0077,0.0478,0.3751,0.6266,0.0037,0.0718,0.0652
417.2028,0.3889,0.1587,0.0220,0.3890,0.5914,0.7757,0.0024,0.0102,0.1689
494.0298,0.3595,0.1800,0.0167,0.4629,0.5066,0.7729,0.0127,0.1572,0.0305
356.3190,0.3757,0.2024,0.0057,0.0713,0.4823,0.7421,0.0078,0.0115,0.0521
382.9047,0.3385,0.2093,0.0107,0.4520,0.4692,0.7465,0.0040,0.0239,0.1397
477.5075,0.3548,0.0956,0.0035,0.3447,0.3390,0.7750,0.0191,0.0475,0.0180
447.0386,0.3759,0.1414,0.0310,0.2717,0.5652,0.7243,0.0147,0.0072,0.0131
528.6495,0.3084,0.1469,0.0172,0.4692,0.5418,0.7585,0.0097,0.0110,0.2617
545.3619,0.4696,0.1727,0.0059,0.4821,0.5037,0.6107,0.0115,0.0377,0.0436
506.9860,0.4242,0.2213,0.0031,0.4072,0.4216,0.7954,0.0068,0.0252,0.0481
533.6346,0.8663,0.2380,0.0046,0.4839,0.5715,0.7472,0.0076,0.0284,0.1616
362.7737,0.3789,0.1201,0.0052,0.4074,0.4596,0.7090,0.0041,0.0893,0.0378
414.8129,0.3762,0.0990,0.0016,0.0011,0.2501,0.3094,0.0015,0.0427,0.1038
580.4079,0.3181,0.2359,0.0214,0.3013,0.5669,0.6486,0.0084,0.0267,0.0013
341.5706,0.4186,0.1358,0.0028,0.4493,0.2094,0.7659,0.0137,0.0042,0.0178
568.8163,0.3433,0.1526,0.0085,0.3091,0.5855,0.6374,0.0021,0.1016,0.0511
433.0688,0.3503,0.0912,0.0102,0.4649,0.4993,0.7982,0.0181,0.0207,0.0268
374.8782,0.4635,0.1407,0.0025,0.4779,0.5553,0.7234,0.0082,0.0193,0.1268
508.9271,0.3147,0.1512,0.0237,0.3404,0.2643,0.7502,0.0081,0.0568,0.0055
341.3244,0.3873,0.1296,0.0211,0.0282,0.3894,0.4894,0.0140,0.0366,0.0290
480.3479,0.3303,0.1346,0.0291,0.2999,0.2234,0.7677,0.0096,0.0249,0.0069
512.0061,0.3287,0.2261,0.0058,0.4771,0.5799,0.7766,0.0008,0.0858,0.2795
409.1907,0.3413,0.1714,0.0067,0.1523,0.3198,0.7289,0.0088,0.1227,0.0136
461.1424,0.3155,0.1623,0.0156,0.2452,0.5297,0.5849,0.0002,0.0169,0.0406
543.3869,0.9266,0.2391,0.0127,0.4960,0.5384,0.5212,0.0121,0.0212,0.0057
379.5737,0.4123,0.2299,0.0073,0.3816,0.5610,0.7633,0.0087,0.0854,0.0129
429.3210,0.3203,0.1637,0.0255,0.4436,0.4332,0.7886,0.0052,0.0985,0.0356
364.8330,0.4025,0.1392,0.0150,0.0441,0.2644,0.6809,0.0111,0.0071,0.0375
417.5095,0.3573,0.1533,0.0034,0.0925,0.2712,0.5461,0.0003,0.0235,0.0810
469.6388,0.3132,0.2492,0.0090,0.4742,0.5970,0.7526,0.0048,0.1862,0.0824
422.6704,0.4069,0.1092,0.0010,0.1368,0.2152,0.6340,0.0048,0.0051,0.0034
490.3908,0.3358,0.1589,0.0050,0.0013,0.3775,0.6891,0.0071,0.0150,0.0646
515.9018,0.3685,0.2052,0.0415,0.3298,0.5439,0.7557,0.0044,0.0012,0.0029
519.4197,0.4783,0.1897,0.0015,0.4214,0.5156,0.7699,0.0107,0.0747,0.0773
574.0193,0.3133,0.1520,0.0071,0.2079,0.3078,0.7791,0.0104,0.0539,0.0307
458.9071,0.3048,0.2067,0.0063,0.4137,0.5673,0.7274,0.0200,0.0182,0.2005
382.5035,0.3515,0.1621,0.0029,0.4793,0.3604,0.6602,0.0047,0.0682,0.0167
433.0023,0.3327,0.1454,0.0092,0.0182,0.5159,0.5304,0.0007,0.0339,0.0497
334.3086,0.4039,0.1301,0.0048,0.1488,0.1563,0.6657,0.0028,0.0775,0.0283
281.2585,0.4222,0.1405,0.0137,0.2428,0.4444,0.7716,0.0063,0.0431,0.0399
493.2390,0.3701,0.1107,0.0097,0.3936,0.5192,0.7097,0.0015,0.1021,0.0276
432.2236,0.3484,0.1785,0.0277,0.4179,0.4463,0.6745,0.0075,0.0027,0.0267
583.9715,0.4814,0.1732,0.0257,0.4831,0.5391,0.7830,0.0166,0.0091,0.1024
493.4554,0.4077,0.1607,0.0065,0.2786,0.5919,0.6030,0.0108,0.0210,0.0044
451.7031,0.3440,0.1635,0.0122,0.2109,0.5762,0.7132,0.0097,0.1128,0.0279
380.7109,0.3550,0.1426,0.0357,0.3741,0.4681,0.7521,0.0088,0.0349,0.0411
594.1513,0.3346,0.1441,0.0251,0.3840,0.4446,0.7160,0.0143,0.0219,0.0136
528.5005,0.3869,0.2244,0.0223,0.4419,0.5268,0.6561,0.0090,0.0458,0.0076
479.4111,0.3630,0.1187,0.0066,0.4044,0.5321,0.6798,0.0029,0.1509,0.0024
545.1865,0.3952,0.2180,0.0077,0.4470,0.5822,0.6826,0.0121,0.0168,0.1890
594.5918,0.7985,0.2362,0.0155,0.4944,0.5530,0.7628,0.0021,0.1402,0.0387
307.8646,0.3726,0.1717,0.0032,0.2069,0.4722,0.7532,0.0025,0.0255,0.0243
446.9529,0.3414,0.1159,0.0075,0.3339,0.4753,0.7663,0.0057,0.0099,0.1608
357.4786,0.4054,0.1021,0.0029,0.3444,0.5478,0.6928,0.0156,0.0109,0.0537
595.9549,0.6040,0.2800,0.0084,0.4395,0.5941,0.5203,0.0154,0.0346,0.0039
394.9718,0.3289,0.2051,0.0071,0.3761,0.5006,0.6555,0.0069,0.0281,0.0753
432.3727,0.3708,0.1243,0.0036,0.4496,0.4264,0.7154,0.0122,0.0403,0.0807
542.3221,0.3036,0.1618,0.0388,0.3070,0.4342,0.7516,0.0072,0.0529,0.0162
583.8494,0.5023,0.2235,0.0023,0.3838,0.5817,0.6053,0.0037,0.0466,0.0629
371.9592,0.4321,0.1074,0.0082,0.4932,0.3549,0.7754,0.0015,0.0416,0.0210
309.9528,0.4132,0.0909,0.0025,0.0014,0.5136,0.4230,0.0025,0.0067,0.0108
530.2058,0.3208,0.1428,0.0242,0.4216,0.3854,0.6597,0.0013,0.0126,0.0376
571.0581,0.6512,0.2049,0.0015,0.4546,0.5553,0.7796,0.0066,0.0828,0.1237
578.3871,0.3573,0.1869,0.0216,0.4717,0.5847,0.7269,0.0166,0.0743,0.1365
494.9052,0.4148,0.1932,0.0084,0.4836,0.5154,0.6422,0.0048,0.0259,0.1125
454.4857,0.3481,0.1166,0.0223,0.1421,0.3443,0.7785,0.0136,0.0362,0.0327
439.5648,0.3227,0.1987,0.0095,0.1838,0.4663,0.7335,0.0019,0.0909,0.0602
396.3678,0.3336,0.2245,0.0323,0.2703,0.5769,0.7553,0.0015,0.0564,0.0139
476.3286,0.5883,0.2354,0.0131,0.4757,0.5673,0.5607,0.0058,0.0447,0.0001
592.9207,0.3061,0.1786,0.0146,0.3704,0.4108,0.7393,0.0000,0.0250,0.1371
556.9613,0.4212,0.1281,0.0057,0.3085,0.5249,0.7843,0.0035,0.0112,0.0620
480.8035,0.3699,0.2118,0.0086,0.3559,0.5730,0.7812,0.0115,0.1584,0.0129
458.6443,0.3271,0.1594,0.0311,0.4377,0.5865,0.6474,0.0003,0.0557,0.0614
394.6545,0.3458,0.1720,0.0377,0.0550,0.4294,0.5428,0.0038,0.0108,0.0156
413.4943,0.3400,0.1246,0.0149,0.2164,0.5967,0.7942,0.0129,0.0259,0.0585
391.8857,0.3902,0.1751,0.0055,0.1534,0.4609,0.7572,0.0107,0.0126,0.0520
327.1440,0.3744,0.1626,0.0198,0.3395,0.3518,0.7917,0.0189,0.0137,0.0534
492.6132,0.3496,0.1361,0.0039,0.3783,0.4710,0.7890,0.0082,0.1182,0.1099
442.4413,0.3792,0.2471,0.0051,0.2953,0.5436,0.6965,0.0063,0.0261,0.0070
559.7330,0.3035,0.1857,0.0067,0.4513,0.5219,0.5985,0.0135,0.0952,0.0426
541.2618,0.4648,0.1950,0.0164,0.4412,0.5910,0.7638,0.0053,0.1409,0.0695
492.1747,0.7615,0.1817,0.0119,0.4847,0.5579,0.6798,0.0153,0.0023,0.0599
506.2166,0.3134,0.1356,0.0078,0.2763,0.5273,0.6751,0.0148,0.0924,0.0509
403.5591,0.3442,0.1241,0.0022,0.2753,0.2317,0.7507,0.0053,0.0007,0.0415
553.0041,0.3168,0.1292,0.0041,0.0389,0.4367,0.6357,0.0198,0.0243,0.0406
415.8056,0.3347,0.1806,0.0061,0.0522,0.1624,0.5258,0.0075,0.0677,0.0050
316.6632,0.4266,0.1496,0.0159,0.0114,0.3312,0.6435,0.0033,0.0357,0.0221
340.5397,0.3981,0.1371,0.0123,0.2839,0.5775,0.7775,0.0004,0.1783,0.0050
499.7070,0.3097,0.1872,0.0098,0.2375,0.4152,0.7749,0.0185,0.0131,0.1048
406.6358,0.3853,0.1985,0.0213,0.4199,0.5429,0.7771,0.0026,0.1428,0.0056
399.1846,0.6820,0.1854,0.0011,0.4048,0.5761,0.7284,0.0126,0.0001,0.0357
314.2422,0.4046,0.1358,0.0320,0.0061,0.4044,0.7975,0.0119,0.0120,0.0424
465.2030,0.3299,0.1405,0.0152,0.0365,0.3624,0.6618,0.0036,0.0790,0.0240
522.4114,0.4186,0.1343,0.0133,0.3656,0.5558,0.6984,0.0006,0.0292,0.0650
582.8967,0.8463,0.1617,0.0057,0.4753,0.5949,0.5226,0.0182,0.0520,0.0156
514.9749,0.3143,0.2004,0.0070,0.3036,0.4437,0.7314,0.0029,0.0049,0.1552
551.4287,0.3611,0.1211,0.0036,0.3707,0.4867,0.6717,0.0176,0.0581,0.0027
275.7456,0.4728,0.0923,0.0069,0.2279,0.3041,0.7664,0.0003,0.0172,0.0179
397.1904,0.3906,0.1259,0.0093,0.1730,0.5023,0.7822,0.0013,0.0752,0.0736
477.8271,0.5282,0.2325,0.0092,0.4135,0.5752,0.7001,0.0105,0.0354,0.0400
419.7118,0.3618,0.1414,0.0115,0.2149,0.2521,0.6927,0.0109,0.0182,0.0358
572.6313,0.4284,0.1858,0.0251,0.4089,0.5460,0.5875,0.0019,0.0088,0.0050
424.8298,0.4045,0.1748,0.0033,0.4930,0.5441,0.7512,0.0061,0.1882,0.0723
501.4266,0.3546,0.1961,0.0109,0.4214,0.4921,0.7503,0.0189,0.0539,0.0830
559.8504,0.9248,0.2104,0.0244,0.4949,0.5920,0.7902,0.0078,0.1196,0.0280
580.8128,0.6063,0.2283,0.0047,0.4465,0.5588,0.7178,0.0178,0.0373,0.0894
485.7751,0.3369,0.1823,0.0147,0.4498,0.5960,0.5696,0.0098,0.0077,0.0735
294.7558,0.4485,0.1635,0.0106,0.0100,0.4864,0.6044,0.0006,0.0093,0.0211
389.9884,0.4327,0.2003,0.0030,0.4388,0.5090,0.7993,0.0116,0.0561,0.1012
521.2423,0.3144,0.1630,0.0113,0.3974,0.5898,0.7965,0.0034,0.1890,0.1630
549.2791,0.3454,0.1483,0.0349,0.4827,0.5937,0.7401,0.0133,0.0263,0.1313
376.3990,0.4047,0.1969,0.0084,0.3369,0.4561,0.6864,0.0051,0.0068,0.0271
342.6376,0.3807,0.1489,0.0169,0.1546,0.3783,0.7141,0.0046,0.0054,0.1096
368.1493,0.3263,0.1949,0.0294,0.4518,0.5437,0.7890,0.0070,0.0101,0.0380
542.7584,0.5645,0.2511,0.0327,0.4882,0.5958,0.7843,0.0125,0.0675,0.0450
441.1865,0.3663,0.1766,0.0105,0.4692,0.5105,0.6911,0.0004,0.1227,0.0638
374.0684,0.3847,0.1559,0.0029,0.0421,0.4879,0.6364,0.0119,0.0758,0.0245
301.9912,0.4351,0.1048,0.0241,0.0009,0.2884,0.3215,0.0012,0.0330,0.0535
530.0472,0.5426,0.2207,0.0088,0.4770,0.5563,0.7415,0.0090,0.1037,0.0887
494.5934,0.8583,0.2341,0.0136,0.4648,0.5857,0.7006,0.0190,0.0390,0.0130
390.0647,0.3678,0.1270,0.0164,0.0524,0.2349,0.3881,0.0101,0.0340,0.0071
578.1037,0.9596,0.2091,0.0033,0.4591,0.5145,0.6607,0.0020,0.0096,0.0637
337.2638,0.4129,0.1714,0.0051,0.0685,0.2378,0.5887,0.0010,0.0177,0.0217
455.7116,0.3410,0.1889,0.0066,0.3690,0.4537,0.7730,0.0163,0.0780,0.0811
512.1437,0.4536,0.1720,0.0275,0.4525,0.5991,0.7193,0.0046,0.0951,0.0467
438.9913,0.3633,0.1304,0.0190,0.3324,0.3258,0.7273,0.0080,0.0210,0.0257
598.2258,0.3107,0.1263,0.0247,0.3354,0.5574,0.7924,0.0119,0.1122,0.0441
539.0251,0.3171,0.1938,0.0144,0.3785,0.5513,0.6220,0.0106,0.0752,0.0383
373.8522,0.3881,0.0844,0.0119,0.1614,0.5607,0.7509,0.0012,0.0075,0.0170
406.6787,0.3765,0.2536,0.0158,0.3475,0.5140,0.7825,0.0092,0.0084,0.0176
505.1849,0.8029,0.2641,0.0034,0.4952,0.5931,0.5017,0.0178,0.0043,0.0889
434.3155,0.3262,0.1339,0.0042,0.1407,0.5038,0.6770,0.0101,0.0088,0.0314
457.5802,0.3105,0.1948,0.0073,0.2863,0.5786,0.5151,0.0093,0.0235,0.0069
503.3459,0.3498,0.0992,0.0074,0.0099,0.3971,0.4916,0.0098,0.0171,0.0389
436.4284,0.3619,0.1461,0.0031,0.2677,0.5947,0.7928,0.0141,0.1305,0.0872
533.6040,0.4479,0.1125,0.0160,0.4997,0.5477,0.7261,0.0131,0.0013,0.0570
528.6737,0.9837,0.2026,0.0027,0.4850,0.5813,0.7148,0.0148,0.0191,0.1519
453.1588,0.3547,0.1599,0.0172,0.0188,0.3017,0.4288,0.0030,0.0064,0.0165
352.1626,0.3486,0.1674,0.0260,0.4115,0.4348,0.7766,0.0046,0.0437,0.0053
450.5801,0.8100,0.2250,0.0044,0.4929,0.5022,0.7965,0.0158,0.0380,0.0081
504.0980,0.3231,0.2534,0.0258,0.4251,0.5954,0.6288,0.0017,0.0190,0.0511
588.8534,0.3367,0.2198,0.0135,0.4112,0.4853,0.6907,0.0037,0.1036,0.0234
586.6576,0.3067,0.1731,0.0100,0.2666,0.2972,0.7268,0.0060,0.0388,0.0173
397.9911,0.3557,0.1484,0.0119,0.0461,0.3731,0.5962,0.0191,0.0623,0.0300
443.4124,0.3193,0.2278,0.0091,0.0962,0.5411,0.7787,0.0044,0.0007,0.0802
588.3985,0.3810,0.2446,0.0021,0.4492,0.5915,0.6577,0.0116,0.1958,0.0405
401.7906,0.3438,0.1437,0.0143,0.4567,0.5642,0.7971,0.0001,0.1707,0.0868
503.2408,0.3318,0.1691,0.0082,0.4421,0.3512,0.7550,0.0114,0.0045,0.1308
351.5425,0.4226,0.2051,0.0055,0.3407,0.5904,0.7967,0.0029,0.1316,0.0162
352.8610,0.3979,0.1254,0.0240,0.4773,0.2770,0.7625,0.0055,0.0107,0.0046
488.7707,0.3804,0.1657,0.0028,0.3409,0.5525,0.7111,0.0055,0.0491,0.1327
486.0340,0.3159,0.1212,0.0381,0.4171,0.5603,0.7395,0.0101,0.0452,0.0150
474.0002,0.3085,0.1482,0.0249,0.3115,0.5113,0.6713,0.0158,0.0017,0.0219
402.8221,0.4698,0.1693,0.0103,0.3000,0.5962,0.6979,0.0028,0.0469,0.0035
424.0234,0.3183,0.2315,0.0138,0.4786,0.5368,0.7509,0.0171,0.0362,0.1170
453.0140,0.4633,0.2133,0.0038,0.4764,0.5750,0.5880,0.0040,0.0652,0.0628
537.0093,0.3795,0.2061,0.0078,0.4973,0.4488,0.7694,0.0056,0.1648,0.0374
496.9489,0.3104,0.1612,0.0147,0.1498,0.2768,0.6931,0.0125,0.0743,0.0037
388.3931,0.4116,0.1648,0.0064,0.4166,0.3993,0.7722,0.0194,0.0026,0.0621
555.0724,0.4921,0.1971,0.0182,0.4707,0.5456,0.6996,0.0135,0.0549,0.0571
589.9860,0.8762,0.1789,0.0108,0.4546,0.5789,0.7443,0.0035,0.1021,0.0318
445.9199,0.3570,0.1090,0.0068,0.0253,0.4806,0.7079,0.0037,0.0360,0.1048
519.0506,0.6369,0.1830,0.0056,0.4842,0.4920,0.6618,0.0053,0.0090,0.0624
444.1911,0.3821,0.1376,0.0134,0.0921,0.5499,0.6740,0.0018,0.0416,0.0100
397.2178,0.3367,0.1862,0.0168,0.0186,0.3741,0.7332,0.0165,0.0268,0.0308
404.6544,0.3958,0.1195,0.0035,0.0816,0.4961,0.6961,0.0199,0.0117,0.0442
370.6321,0.3677,0.2262,0.0241,0.3957,0.5744,0.7278,0.0103,0.0134,0.0315
536.1505,0.3487,0.2053,0.0051,0.3260,0.5062,0.7270,0.0025,0.1174,0.0341
572.4391,0.3075,0.1259,0.0024,0.2506,0.4241,0.6595,0.0171,0.0955,0.0087
384.1095,0.3566,0.1350,0.0043,0.0612,0.2462,0.7790,0.0079,0.0816,0.0181
437.2188,0.4351,0.2401,0.0164,0.4066,0.5209,0.7938,0.0009,0.0121,0.0686
335.8033,0.3885,0.1669,0.0032,0.3243,0.5126,0.7813,0.0098,0.0722,0.1030
522.4390,0.3193,0.1912,0.0120,0.4575,0.4297,0.7391,0.0159,0.0915,0.0582
441.7886,0.3178,0.1618,0.0352,0.2656,0.2920,0.7915,0.0146,0.0212,0.0031
385.9747,0.3700,0.1252,0.0095,0.0960,0.1211,0.5054,0.0152,0.0226,0.0174
506.6630,0.6268,0.1451,0.0031,0.4990,0.5393,0.6459,0.0023,0.0872,0.0320
326.0558,0.4096,0.1746,0.0212,0.0174,0.1182,0.7216,0.0062,0.0014,0.0092
593.0112,0.3160,0.1965,0.0030,0.2279,0.5342,0.5717,0.0109,0.0240,0.0140
529.6408,0.3622,0.1172,0.0056,0.1603,0.4523,0.7562,0.0062,0.0396,0.0147
306.1770,0.4318,0.1084,0.0019,0.0850,0.1931,0.4542,0.0061,0.0212,0.0298
425.1712,0.3995,0.2033,0.0011,0.4320,0.4465,0.7881,0.0137,0.0937,0.0448
517.2780,0.3280,0.1854,0.0019,0.3833,0.5548,0.5437,0.0085,0.0288,0.0610
543.2304,0.3013,0.1235,0.0111,0.0602,0.5130,0.7139,0.0122,0.0139,0.0222
286.1928,0.3958,0.1814,0.0274,0.2629,0.5517,0.7721,0.0030,0.0069,0.0376
501.0190,0.8129,0.2403,0.0159,0.4844,0.5760,0.6737,0.0006,0.1067,0.0195
362.6430,0.4919,0.1847,0.0052,0.4988,0.5928,0.6083,0.0100,0.0232,0.0299
572.2236,0.6681,0.2653,0.0011,0.4979,0.5359,0.6965,0.0186,0.1342,0.0099
564.9513,0.3495,0.2520,0.0211,0.4515,0.5026,0.7491,0.0086,0.0137,0.0911
455.5742,0.3949,0.1213,0.0202,0.4648,0.5780,0.7240,0.0015,0.0240,0.1177
462.3100,0.3351,0.1796,0.0124,0.4018,0.4480,0.7024,0.0049,0.0102,0.1354
318.8134,0.4292,0.1005,0.0077,0.0264,0.4378,0.4386,0.0055,0.0315,0.0698
557.4217,0.5603,0.1683,0.0104,0.4670,0.5446,0.5636,0.0111,0.0155,0.0218
480.2964,0.4810,0.2012,0.0389,0.4971,0.5426,0.7643,0.0071,0.0350,0.0314
538.6071,0.7762,0.2416,0.0124,0.4657,0.5304,0.7943,0.0099,0.0623,0.0007
583.6062,0.3209,0.2453,0.0069,0.4713,0.5413,0.6274,0.0018,0.1191,0.0785
298.9423,0.3926,0.1676,0.0198,0.1918,0.5633,0.7485,0.0113,0.0421,0.0309
476.7752,0.3713,0.1859,0.0056,0.2528,0.5162,0.7775,0.0184,0.0405,0.0364
432.1323,0.9526,0.2797,0.0076,0.4580,0.5529,0.7205,0.0008,0.0060,0.0040
498.8544,0.3072,0.2274,0.0437,0.4892,0.5240,0.6905,0.0035,0.0538,0.0009
575.3325,0.4741,0.2172,0.0291,0.4933,0.5796,0.6483,0.0153,0.0054,0.0942
489.3603,0.3121,0.2002,0.0201,0.3449,0.5378,0.5987,0.0080,0.0117,0.0414
454.4875,0.3346,0.1565,0.0044,0.3080,0.5513,0.7626,0.0038,0.2037,0.0741
571.7279,0.8629,0.2758,0.0062,0.4325,0.5967,0.7031,0.0084,0.0059,0.0938
483.9807,0.3321,0.1432,0.0115,0.1120,0.4936,0.7946,0.0087,0.0907,0.0512
548.5606,0.3048,0.1169,0.0189,0.4276,0.5630,0.6753,0.0093,0.0253,0.0960
597.8138,0.4303,0.1836,0.0016,0.4896,0.4350,0.7203,0.0072,0.0109,0.1429
480.9014,0.3127,0.1873,0.0181,0.1940,0.3035,0.7682,0.0009,0.0610,0.0417
429.8212,0.4785,0.1554,0.0141,0.4354,0.5192,0.7578,0.0001,0.0442,0.0719
428.2632,0.3385,0.1772,0.0027,0.1625,0.4842,0.6241,0.0099,0.0970,0.0223
426.3000,0.3696,0.1692,0.0296,0.3163,0.5396,0.7759,0.0139,0.0315,0.0361
459.1022,0.5081,0.2628,0.0015,0.4494,0.5847,0.7399,0.0156,0.0912,0.0429
524.5295,0.4438,0.1961,0.0298,0.4684,0.5216,0.7347,0.0078,0.0339,0.0427
576.3331,0.6505,0.2065,0.0070,0.4233,0.5772,0.5447,0.0040,0.0271,0.0464
589.3726,0.7515,0.2947,0.0131,0.4946,0.5965,0.5848,0.0170,0.0532,0.0576
512.9219,0.7158,0.2727,0.0230,0.4918,0.5114,0.7461,0.0038,0.0048,0.0020
471.6680,0.3063,0.1509,0.0014,0.3526,0.4072,0.7884,0.0107,0.0179,0.1258
443.4985,0.3589,0.1120,0.0198,0.0762,0.3759,0.5907,0.0085,0.0193,0.0300
492.9954,0.5297,0.1201,0.0110,0.4928,0.4788,0.7574,0.0033,0.0250,0.0125
520.0605,0.3773,0.2023,0.0193,0.4168,0.5947,0.6523,0.0009,0.1531,0.0025
485.2147,0.3562,0.1523,0.0097,0.4851,0.5892,0.6758,0.0073,0.0439,0.1897
420.7639,0.3373,0.1709,0.0040,0.0086,0.4355,0.3273,0.0086,0.0044,0.1060
509.8354,0.3117,0.1422,0.0270,0.0892,0.1867,0.7108,0.0132,0.0266,0.0115
551.0685,0.3008,0.1639,0.0026,0.4880,0.2949,0.7507,0.0128,0.1256,0.0365
567.7331,0.3700,0.2150,0.0155,0.4669,0.4229,0.7029,0.0016,0.0660,0.0177
390.9420,0.3636,0.1057,0.0167,0.3625,0.5915,0.7984,0.0035,0.0877,0.0291
498.6773,0.3300,0.1693,0.0181,0.3939,0.5048,0.6378,0.0163,0.0163,0.0458
575.1280,0.4531,0.1484,0.0050,0.4049,0.5451,0.7245,0.0044,0.0429,0.1065
554.1436,0.3420,0.2135,0.0208,0.3201,0.4799,0.7770,0.0151,0.0217,0.0129
434.9883,0.3574,0.1765,0.0025,0.3287,0.4424,0.7428,0.0065,0.1500,0.0181
538.4218,0.3856,0.1720,0.0100,0.4372,0.5386,0.7662,0.0132,0.1170,0.0914
365.9284,0.3611,0.1356,0.0136,0.3509,0.5327,0.7669,0.0040,0.0148,0.1189
459.3754,0.3201,0.2713,0.0059,0.3859,0.5244,0.7485,0.0055,0.0695,0.0545
523.9017,0.3261,0.1627,0.0017,0.2872,0.3649,0.7156,0.0097,0.0867,0.0360
381.5637,0.3579,0.1507,0.0141,0.1180,0.4829,0.7134,0.0138,0.0692,0.0460
511.3639,0.4965,0.2511,0.0012,0.3781,0.5429,0.7061,0.0039,0.0134,0.0526
321.6226,0.4004,0.1336,0.0013,0.0110,0.4899,0.5136,0.0048,0.0482,0.0974
598.9769,0.3989,0.2833,0.0072,0.4737,0.4768,0.7933,0.0025,0.0688,0.0748
524.1223,0.6873,0.2715,0.0019,0.4641,0.5951,0.6245,0.0057,0.1242,0.0407
399.9363,0.3800,0.1586,0.0083,0.2861,0.1588,0.7729,0.0102,0.0091,0.0170
380.2288,0.5752,0.2391,0.0120,0.4816,0.5910,0.7196,0.0069,0.0124,0.0775
409.4072,0.4647,0.1599,0.0053,0.4547,0.5867,0.7834,0.0160,0.1151,0.0738
531.2353,0.3407,0.2147,0.0037,0.2029,0.5922,0.7530,0.0035,0.0141,0.0928
359.6374,0.3825,0.1435,0.0071,0.0572,0.1149,0.7036,0.0001,0.0564,0.1001
468.6373,0.8152,0.2862,0.0047,0.4571,0.5920,0.6777,0.0088,0.0242,0.0498
401.7133,0.3361,0.1661,0.0124,0.1184,0.3338,0.7525,0.0124,0.0406,0.0314
541.9172,0.3057,0.1741,0.0039,0.1866,0.4929,0.5013,0.0015,0.0193,0.0434
518.6050,0.3228,0.2364,0.0131,0.2600,0.5738,0.6910,0.0179,0.0037,0.0281
257.0936,0.4411,0.1258,0.0153,0.1998,0.4960,0.7256,0.0124,0.0028,0.0087
456.0958,0.3462,0.1753,0.0484,0.4961,0.5972,0.7916,0.0028,0.0145,0.1493
268.6467,0.4180,0.1623,0.0259,0.0573,0.4881,0.7578,0.0070,0.0153,0.0205
549.7438,0.5336,0.2556,0.0099,0.4710,0.5961,0.6470,0.0087,0.1361,0.0396
547.3344,0.3716,0.1079,0.0199,0.2439,0.5685,0.7966,0.0014,0.0038,0.0478
598.8295,0.8303,0.2377,0.0147,0.4549,0.5628,0.6100,0.0187,0.0163,0.0092
497.1788,0.4338,0.1721,0.0157,0.4562,0.5125,0.7479,0.0023,0.0632,0.0935
388.1771,0.3764,0.1684,0.0054,0.2196,0.1322,0.7333,0.0058,0.0102,0.0294
575.4147,0.3382,0.1472,0.0012,0.4676,0.5994,0.5831,0.0191,0.0335,0.1338
533.1798,0.3836,0.2231,0.0048,0.3941,0.3922,0.7732,0.0038,0.0482,0.0147
284.0966,0.4617,0.1290,0.0045,0.0535,0.3982,0.5794,0.0155,0.0009,0.0181
332.3053,0.4102,0.1771,0.0011,0.1207,0.5741,0.7643,0.0002,0.0626,0.0635
394.1951,0.3533,0.1607,0.0234,0.4348,0.4956,0.7930,0.0094,0.0610,0.1061
585.0038,0.5271,0.1419,0.0217,0.4269,0.5709,0.7183,0.0012,0.0049,0.0590
563.1206,0.6429,0.1928,0.0108,0.4899,0.4585,0.6774,0.0027,0.0292,0.0041
557.5040,0.3123,0.1095,0.0095,0.3103,0.2621,0.7492,0.0193,0.0255,0.0268
589.7691,0.7351,0.2977,0.0092,0.4318,0.5420,0.7227,0.0017,0.0249,0.0001
429.2387,0.4180,0.2245,0.0023,0.3477,0.5594,0.7082,0.0101,0.0035,0.0792
414.5600,0.3591,0.1536,0.0225,0.0091,0.1477,0.4132,0.0050,0.0306,0.0289
542.0111,0.3754,0.1013,0.0033,0.3610,0.5095,0.7648,0.0198,0.0343,0.0259
544.2108,0.7223,0.1924,0.0057,0.4924,0.5755,0.7473,0.0169,0.1549,0.0388
513.9446,0.3336,0.1558,0.0210,0.0847,0.4786,0.5563,0.0020,0.0035,0.0067
303.2222,0.3917,0.1807,0.0032,0.1701,0.1446,0.7371,0.0173,0.0278,0.0202
466.3708,0.3098,0.2169,0.0127,0.3176,0.5541,0.7510,0.0014,0.0816,0.1251
594.1823,0.3824,0.2784,0.0113,0.4114,0.5309,0.6539,0.0185,0.0031,0.0042
528.4766,0.3364,0.1077,0.0086,0.4766,0.4566,0.7209,0.0031,0.0645,0.0903
589.0909,0.4773,0.2573,0.0180,0.4519,0.5105,0.7764,0.0018,0.0305,0.0683
593.9591,0.3899,0.2127,0.0019,0.2921,0.5724,0.7996,0.0091,0.0800,0.0379
534.7126,0.3143,0.1000,0.0143,0.1776,0.3119,0.7809,0.0020,0.0137,0.0074
545.3787,0.3397,0.1543,0.0186,0.3551,0.4580,0.7547,0.0070,0.1038,0.0173
415.3447,0.3435,0.1830,0.0408,0.4220,0.3457,0.7760,0.0032,0.0054,0.0251
486.9429,0.3137,0.1605,0.0103,0.1689,0.3888,0.7176,0.0051,0.0004,0.1333
310.8304,0.4064,0.1419,0.0022,0.3202,0.3137,0.7628,0.0110,0.0965,0.0123
542.2275,0.4020,0.1709,0.0122,0.5000,0.5939,0.6263,0.0079,0.1076,0.1057
579.9858,0.6849,0.1672,0.0068,0.4392,0.4778,0.7955,0.0011,0.0133,0.0167
530.2916,0.3576,0.2604,0.0105,0.3787,0.5976,0.7256,0.0059,0.0314,0.1126
564.7065,0.3204,0.1311,0.0219,0.1096,0.5443,0.7686,0.0149,0.0311,0.0039
467.6142,0.3356,0.1214,0.0024,0.4291,0.4888,0.7120,0.0130,0.0777,0.1145
503.7363,0.5120,0.1500,0.0069,0.4368,0.5934,0.7858,0.0164,0.1341,0.0278
502.2114,0.3078,0.1903,0.0169,0.1610,0.5663,0.6578,0.0136,0.0059,0.0705
336.8313,0.4002,0.1123,0.0101,0.3770,0.5423,0.7789,0.0033,0.0790,0.0853
291.5017,0.4288,0.1497,0.0104,0.0901,0.2128,0.7606,0.0084,0.0191,0.0458
509.0817,0.3532,0.1398,0.0232,0.4578,0.5730,0.6719,0.0033,0.1252,0.0207
568.7239,0.3704,0.1333,0.0076,0.4260,0.2849,0.7769,0.0069,0.0141,0.0047
337.0546,0.3722,0.1599,0.0069,0.2620,0.5047,0.6746,0.0139,0.0065,0.0800
315.0961,0.4078,0.1574,0.0169,0.2516,0.5447,0.6953,0.0069,0.0527,0.0043
422.9663,0.3432,0.1276,0.0110,0.1352,0.4468,0.6613,0.0180,0.0283,0.0301
415.8491,0.4487,0.2639,0.0027,0.4823,0.5520,0.6766,0.0036,0.0319,0.0767
562.5258,0.6252,0.2887,0.0044,0.4746,0.5314,0.7582,0.0070,0.0504,0.0676
538.7819,0.5075,0.2794,0.0186,0.4768,0.5697,0.6109,0.0138,0.0029,0.0300
475.1671,0.3284,0.1934,0.0030,0.0924,0.4686,0.7410,0.0192,0.0091,0.0495
408.4328,0.3685,0.1126,0.0057,0.0194,0.5194,0.5567,0.0039,0.0587,0.0779
451.4080,0.4921,0.1617,0.0065,0.4847,0.5501,0.7188,0.0028,0.0619,0.1312
437.5691,0.3459,0.1202,0.0047,0.1937,0.1993,0.6458,0.0185,0.0197,0.0207
527.7427,0.3186,0.1410,0.0021,0.4925,0.5336,0.7925,0.0066,0.0058,0.3868
594.9179,0.3592,0.1905,0.0055,0.4269,0.4593,0.6097,0.0119,0.0578,0.0023
565.1790,0.9776,0.2688,0.0038,0.4947,0.5419,0.5652,0.0125,0.0713,0.0219
433.4073,0.3239,0.1556,0.0442,0.3983,0.4570,0.7801,0.0050,0.0395,0.0480
332.1013,0.3878,0.1258,0.0268,0.0275,0.5471,0.5631,0.0199,0.0251,0.0015
294.3229,0.4892,0.1153,0.0061,0.2342,0.6000,0.7586,0.0131,0.0039,0.0067
482.7151,0.4063,0.2067,0.0375,0.4602,0.5694,0.7430,0.0086,0.0719,0.0090
375.2898,0.3585,0.2011,0.0097,0.0181,0.2249,0.7567,0.0198,0.0179,0.0081
541.3991,0.3439,0.1308,0.0089,0.3457,0.4649,0.6874,0.0106,0.0548,0.0412
442.0286,0.6783,0.2550,0.0183,0.4993,0.5789,0.7222,0.0049,0.0441,0.0605
477.1510,0.3843,0.2407,0.0108,0.4500,0.5456,0.7828,0.0149,0.1083,0.0497
581.2596,0.3093,0.1755,0.0125,0.2937,0.5078,0.6220,0.0053,0.0321,0.0683
534.4172,0.3045,0.1818,0.0026,0.0172,0.4249,0.7045,0.0003,0.0762,0.0354
575.7050,0.3155,0.2180,0.0269,0.4311,0.5570,0.7922,0.0007,0.0709,0.1667
320.3094,0.4061,0.1456,0.0121,0.1347,0.5333,0.7252,0.0142,0.0592,0.0273
445.5818,0.9605,0.2284,0.0054,0.4685,0.5726,0.5236,0.0037,0.0085,0.0279
477.3674,0.3877,0.1868,0.0014,0.3150,0.4934,0.6708,0.0030,0.0311,0.0650
581.4760,0.4685,0.2523,0.0030,0.4091,0.5951,0.7649,0.0171,0.1096,0.0584
518.4795,0.3000,0.1607,0.0365,0.3569,0.5468,0.6188,0.0019,0.0411,0.0283
550.9827,0.5767,0.1732,0.0081,0.4047,0.5997,0.7050,0.0051,0.0623,0.0700
385.4585,0.3324,0.2033,0.0200,0.4600,0.3554,0.7728,0.0021,0.0302,0.0854
334.0106,0.4314,0.1577,0.0053,0.0160,0.4650,0.7450,0.0076,0.0290,0.0122
419.9214,0.4032,0.1294,0.0125,0.3969,0.4835,0.7474,0.0042,0.0060,0.1120
491.4200,0.3451,0.2327,0.0017,0.4393,0.5687,0.7463,0.0108,0.1637,0.0891
355.3582,0.3833,0.2083,0.0151,0.0789,0.5931,0.7781,0.0059,0.0051,0.0172
592.7384,0.3341,0.2644,0.0110,0.3625,0.4979,0.7332,0.0066,0.0504,0.0139
343.8765,0.3630,0.1646,0.0019,0.0862,0.5608,0.7580,0.0048,0.0797,0.0302
380.4248,0.4225,0.1810,0.0227,0.4049,0.5136,0.7916,0.0055,0.0814,0.0064
473.3689,0.3181,0.1444,0.0319,0.1161,0.5276,0.7226,0.0076,0.0424,0.0155
420.0643,0.3471,0.1357,0.0188,0.0690,0.3039,0.5098,0.0034,0.0302,0.0224
548.5298,0.9802,0.2336,0.0013,0.4112,0.5869,0.7980,0.0138,0.0147,0.0562
367.4968,0.3895,0.1489,0.0058,0.0518,0.3109,0.7171,0.0130,0.0136,0.0793
415.6933,0.3558,0.1183,0.0016,0.3200,0.5734,0.7194,0.0149,0.1355,0.0439
578.1583,0.3730,0.2571,0.0057,0.4790,0.4370,0.7524,0.0106,0.0014,0.1053
487.0290,0.3448,0.1584,0.0281,0.2337,0.4706,0.7418,0.0142,0.0165,0.0101
487.7810,0.3241,0.1297,0.0143,0.0249,0.4472,0.7095,0.0089,0.0016,0.0826
379.9882,0.3980,0.1338,0.0069,0.2916,0.3235,0.7554,0.0030,0.0706,0.0348
428.9120,0.3375,0.2000,0.0136,0.3535,0.2033,0.7965,0.0007,0.0386,0.0257
342.2313,0.3715,0.1588,0.0120,0.0046,0.4359,0.5313,0.0121,0.0218,0.0633
511.6466,0.3018,0.1376,0.0085,0.3170,0.3106,0.7689,0.0050,0.0725,0.0160
372.1595,0.4696,0.1467,0.0176,0.4858,0.5196,0.7030,0.0051,0.0342,0.0108
557.3979,0.7545,0.1813,0.0217,0.4521,0.5843,0.6596,0.0059,0.0236,0.0305
592.9615,0.4386,0.1953,0.0020,0.4975,0.5511,0.5953,0.0159,0.1288,0.0629
344.0998,0.4142,0.1068,0.0113,0.2094,0.4880,0.6137,0.0129,0.0034,0.0054
509.4513,0.3430,0.1851,0.0149,0.4851,0.4953,0.7426,0.0027,0.0804,0.1534
462.7781,0.5166,0.2113,0.0166,0.4928,0.5725,0.6922,0.0067,0.1367,0.0087
581.4145,0.3866,0.1299,0.0011,0.2585,0.5542,0.7845,0.0059,0.0623,0.0405
389.6985,0.3858,0.1169,0.0122,0.1711,0.2886,0.5799,0.0027,0.0131,0.0203
478.5594,0.3514,0.1675,0.0157,0.3811,0.5425,0.7159,0.0011,0.1657,0.0242
546.1474,0.4067,0.1927,0.0231,0.4547,0.4929,0.7170,0.0139,0.0045,0.0577
527.7045,0.3711,0.1872,0.0130,0.4652,0.5486,0.6141,0.0071,0.0500,0.0826
594.9476,0.3258,0.1420,0.0095,0.3917,0.3807,0.6797,0.0124,0.0364,0.0203
522.0294,0.4886,0.2229,0.0171,0.4293,0.5590,0.7492,0.0125,0.0587,0.0332
520.5026,0.3319,0.1367,0.0070,0.1682,0.5866,0.6312,0.0175,0.0814,0.0034
518.5108,0.3787,0.2072,0.0259,0.3218,0.5308,0.7996,0.0013,0.0156,0.0532
433.7985,0.3389,0.1434,0.0245,0.0103,0.5594,0.4942,0.0026,0.0202,0.0612
456.2424,0.3122,0.2047,0.0153,0.4372,0.5073,0.6990,0.0168,0.0026,0.1253
581.5636,0.4360,0.1635,0.0234,0.4766,0.5906,0.7021,0.0082,0.1647,0.0156
420.1940,0.4571,0.1759,0.0024,0.4243,0.5923,0.6631,0.0049,0.0508,0.1096
573.1134,0.3030,0.1344,0.0160,0.2000,0.2673,0.7450,0.0135,0.0418,0.0172
442.6393,0.3512,0.1926,0.0206,0.2872,0.4589,0.7809,0.0002,0.0470,0.0624
282.1102,0.4134,0.1464,0.0048,0.2195,0.3804,0.7530,0.0095,0.0485,0.0360
369.1078,0.3560,0.1713,0.0190,0.2319,0.4185,0.5857,0.0113,0.0001,0.0064
477.0057,0.4664,0.1415,0.0119,0.3502,0.5711,0.7397,0.0036,0.0618,0.0149
497.5688,0.4210,0.2187,0.0239,0.4913,0.5599,0.6626,0.0017,0.0325,0.0965
575.7782,0.3470,0.2240,0.0121,0.4950,0.4904,0.6985,0.0198,0.0595,0.0756
532.8146,0.3065,0.1446,0.0088,0.4293,0.4397,0.6412,0.0045,0.0087,0.1369
402.5417,0.5235,0.2036,0.0077,0.4871,0.5930,0.7498,0.0109,0.0035,0.1776
554.3526,0.4137,0.1613,0.0151,0.2851,0.5498,0.7403,0.0004,0.0049,0.0436
401.4331,0.3492,0.2136,0.0012,0.0911,0.2562,0.6660,0.0118,0.0151,0.0111
590.2571,0.3217,0.2353,0.0053,0.3471,0.4141,0.7813,0.0032,0.0293,0.0757
269.9685,0.4344,0.1895,0.0021,0.1362,0.4903,0.7561,0.0021,0.0055,0.0410
447.7498,0.3298,0.1727,0.0225,0.3260,0.5998,0.7851,0.0076,0.0068,0.2029
585.1496,0.5600,0.2737,0.0048,0.4998,0.5838,0.7805,0.0147,0.2498,0.0108
527.8301,0.3501,0.1154,0.0364,0.4335,0.5763,0.6982,0.0131,0.0126,0.0085
284.3819,0.4091,0.1762,0.0089,0.0184,0.4144,0.7140,0.0161,0.0545,0.0033
332.0285,0.4436,0.1315,0.0124,0.0934,0.4964,0.6463,0.0008,0.0318,0.0066
394.0102,0.3418,0.2070,0.0160,0.3996,0.5743,0.6137,0.0088,0.0309,0.0123
555.8785,0.3205,0.1321,0.0126,0.4407,0.5803,0.7153,0.0030,0.2221,0.0490
482.7938,0.4374,0.2359,0.0017,0.3955,0.5341,0.7164,0.0120,0.0600,0.0329
414.8634,0.3907,0.1560,0.0043,0.4626,0.4521,0.6584,0.0073,0.0077,0.0796
582.6492,0.3016,0.1501,0.0062,0.1355,0.5286,0.6853,0.0094,0.1090,0.0209
508.7583,0.3304,0.1121,0.0021,0.3330,0.1014,0.7291,0.0047,0.0166,0.0390
325.2609,0.3763,0.2459,0.0093,0.4079,0.5905,0.7745,0.0017,0.0586,0.0432
541.5260,0.3125,0.1248,0.0293,0.2835,0.3907,0.7720,0.0090,0.0382,0.0432
401.2120,0.3879,0.1084,0.0190,0.1006,0.4809,0.7438,0.0084,0.0603,0.0063
488.8313,0.6139,0.1917,0.0061,0.4032,0.5488,0.7990,0.0187,0.0036,0.0390
406.1129,0.3600,0.1652,0.0178,0.2518,0.3436,0.7694,0.0084,0.0155,0.0676
465.9747,0.3858,0.1704,0.0022,0.3449,0.5067,0.6634,0.0020,0.1264,0.0046
593.9253,0.3080,0.1051,0.0038,0.3763,0.5469,0.7566,0.0179,0.0526,0.1412
460.4958,0.3225,0.1783,0.0308,0.1294,0.5797,0.7615,0.0167,0.0419,0.0101
382.4928,0.3939,0.1495,0.0155,0.3564,0.5935,0.7058,0.0188,0.0780,0.0010
568.1407,0.5474,0.1842,0.0074,0.4353,0.5502,0.6918,0.0099,0.0801,0.0399
317.6240,0.4191,0.1397,0.0064,0.0191,0.2439,0.6619,0.0002,0.0233,0.1121
429.8747,0.3457,0.1514,0.0026,0.0009,0.5507,0.4523,0.0199,0.1208,0.0006
403.9170,0.3737,0.2122,0.0118,0.4276,0.5317,0.7430,0.0007,0.1365,0.0308
530.1425,0.3042,0.2466,0.0278,0.4380,0.5078,0.7651,0.0149,0.0241,0.0690
435.7186,0.6310,0.1800,0.0058,0.4569,0.5983,0.7095,0.0022,0.0817,0.0898
328.0498,0.3846,0.1255,0.0109,0.3160,0.4733,0.7636,0.0171,0.0072,0.0508
497.4790,0.3123,0.1707,0.0098,0.0039,0.3481,0.5093,0.0000,0.0485,0.0649
410.8855,0.3311,0.1616,0.0059,0.1931,0.4782,0.7601,0.0111,0.0325,0.0838
542.1687,0.4572,0.2164,0.0014,0.4648,0.4841,0.7920,0.0085,0.1378,0.0516
580.0515,0.6939,0.2125,0.0081,0.4743,0.5868,0.6152,0.0004,0.0435,0.1722
467.6857,0.3700,0.1352,0.0368,0.4892,0.5552,0.7474,0.0064,0.0891,0.0160
466.1977,0.3919,0.1008,0.0115,0.4838,0.5950,0.7706,0.0101,0.0528,0.0921
507.1233,0.3032,0.1532,0.0229,0.2528,0.5474,0.7190,0.0117,0.0791,0.0411
398.2028,0.3715,0.1095,0.0155,0.0383,0.5365,0.6332,0.0125,0.0133,0.0781
491.8485,0.3208,0.1749,0.0139,0.1946,0.5602,0.7869,0.0073,0.0896,0.0797
492.9632,0.4990,0.1966,0.0039,0.4655,0.5878,0.6572,0.0027,0.0692,0.1555
412.2961,0.7424,0.2271,0.0107,0.4794,0.5993,0.6871,0.0047,0.1072,0.0095
390.8945,0.4457,0.2140,0.0186,0.4623,0.5662,0.7555,0.0147,0.0402,0.0402
484.9242,0.3226,0.2311,0.0053,0.4577,0.4793,0.6058,0.0067,0.0131,0.0543
297.3645,0.4409,0.1224,0.0201,0.0177,0.5885,0.5759,0.0037,0.0120,0.0506
412.7364,0.3743,0.1551,0.0019,0.4004,0.4286,0.7964,0.0114,0.0733,0.1248
548.4273,0.3584,0.1386,0.0440,0.4906,0.4810,0.7841,0.0102,0.0326,0.0238
340.0289,0.3663,0.1390,0.0015,0.1313,0.4471,0.6801,0.0015,0.0106,0.0306
426.3792,0.3381,0.1479,0.0087,0.2503,0.5044,0.6834,0.0055,0.0242,0.1268
464.4070,0.3415,0.1463,0.0063,0.0600,0.4625,0.6431,0.0005,0.0923,0.0490
462.4428,0.3665,0.2009,0.0267,0.4617,0.4052,0.7883,0.0158,0.0081,0.0300
566.7222,0.7796,0.2503,0.0014,0.4765,0.5775,0.7172,0.0009,0.1645,0.0834
512.4202,0.3027,0.2102,0.0161,0.2959,0.3817,0.6955,0.0010,0.0113,0.0676
519.6920,0.4274,0.1518,0.0044,0.3579,0.5193,0.7324,0.0025,0.0249,0.0999
405.6427,0.3287,0.2375,0.0082,0.2281,0.4529,0.7832,0.0017,0.0953,0.0135
319.2924,0.3852,0.1759,0.0039,0.3591,0.4947,0.7720,0.0052,0.0902,0.0783
476.8686,0.3398,0.1956,0.0337,0.3139,0.5903,0.6819,0.0024,0.0525,0.0148
498.7070,0.3608,0.2175,0.0198,0.4291,0.5825,0.7688,0.0170,0.0418,0.1188
575.1859,0.4181,0.2269,0.0101,0.4322,0.5289,0.5610,0.0038,0.0127,0.0406
418.7511,0.3530,0.1472,0.0206,0.1915,0.3230,0.7367,0.0127,0.0025,0.0639
599.0218,0.3168,0.1594,0.0091,0.3275,0.5177,0.7580,0.0138,0.0962,0.0888
459.7862,0.3755,0.1000,0.0076,0.4211,0.5395,0.6620,0.0060,0.0247,0.0363
496.7795,0.3371,0.0910,0.0111,0.1417,0.1277,0.7775,0.0190,0.0014,0.0023
271.5250,0.3912,0.1977,0.0056,0.4602,0.4407,0.7926,0.0005,0.0393,0.0158
584.5981,0.3462,0.1746,0.0023,0.4599,0.4493,0.7081,0.0078,0.1408,0.0611
538.0643,0.3096,0.2193,0.0049,0.4021,0.5236,0.6482,0.0125,0.0909,0.0585
372.9453,0.4039,0.0785,0.0211,0.1850,0.5142,0.7692,0.0031,0.0140,0.0182
409.3434,0.3826,0.2828,0.0065,0.3709,0.5614,0.7406,0.0073,0.0123,0.0215
431.5961,0.3337,0.1554,0.0135,0.1331,0.5716,0.7211,0.0132,0.0127,0.1182
597.7062,0.3252,0.2101,0.0144,0.4954,0.3272,0.7844,0.0164,0.0508,0.0065
373.1617,0.3745,0.1305,0.0179,0.0500,0.5870,0.6645,0.0150,0.0904,0.0130
322.1236,0.3936,0.1497,0.0306,0.3965,0.4016,0.7920,0.0073,0.0303,0.0202
438.5767,0.3820,0.2372,0.0194,0.4925,0.5646,0.7352,0.0035,0.1185,0.0406
488.5882,0.3523,0.0952,0.0244,0.3334,0.4497,0.7682,0.0017,0.0278,0.0330
473.5913,0.6759,0.2190,0.0028,0.4491,0.5940,0.7723,0.0135,0.0338,0.1309
370.7589,0.3338,0.2163,0.0389,0.4595,0.5316,0.7629,0.0088,0.0061,0.0466
338.1156,0.4217,0.1148,0.0140,0.0918,0.3368,0.5604,0.0029,0.0032,0.0415
391.0255,0.3794,0.1601,0.0014,0.0445,0.3400,0.4167,0.0133,0.0195,0.0186
575.4390,0.9699,0.2033,0.0189,0.4512,0.5609,0.6402,0.0039,0.0066,0.0289
531.1886,0.3497,0.1682,0.0112,0.2303,0.4834,0.6653,0.0028,0.0402,0.0155
598.7987,0.4557,0.1118,0.0062,0.4385,0.5856,0.6133,0.0032,0.0246,0.0281
441.6558,0.3516,0.1558,0.0040,0.3245,0.2491,0.6991,0.0061,0.0332,0.0383
516.6686,0.3135,0.1658,0.0060,0.1118,0.4193,0.5529,0.0188,0.0099,0.0300
431.0137,0.3693,0.1024,0.0043,0.1426,0.3961,0.7114,0.0010,0.0931,0.0516
586.1895,0.3238,0.1945,0.0043,0.4348,0.5894,0.7347,0.0006,0.1007,0.2800
442.9446,0.3378,0.1398,0.0049,0.2015,0.3494,0.7708,0.0098,0.1365,0.0294
551.3974,0.4062,0.1434,0.0162,0.4978,0.4674,0.6936,0.0033,0.0857,0.0164
344.2517,0.3880,0.1519,0.0096,0.0669,0.4585,0.4246,0.0068,0.0498,0.0088
444.2645,0.3076,0.1829,0.0246,0.1195,0.5338,0.7444,0.0025,0.0155,0.0124
280.4764,0.4559,0.1704,0.0037,0.4345,0.5496,0.7733,0.0080,0.0144,0.0578
514.5843,0.4024,0.2763,0.0060,0.4668,0.5550,0.7142,0.0066,0.1544,0.0038
295.0119,0.4533,0.0931,0.0135,0.0022,0.3841,0.6260,0.0066,0.0677,0.0059
538.3512,0.3323,0.1465,0.0290,0.4961,0.5034,0.7244,0.0072,0.1283,0.0189
437.3900,0.3530,0.1401,0.0183,0.2600,0.4800,0.7586,0.0122,0.1160,0.0018
290.4264,0.4085,0.1720,0.0134,0.1177,0.2779,0.7563,0.0102,0.0314,0.0179
506.5965,0.5934,0.2228,0.0102,0.4639,0.5231,0.7647,0.0017,0.1174,0.0127
455.8227,0.3608,0.1266,0.0020,0.0108,0.2730,0.4708,0.0011,0.0104,0.1157
546.1833,0.8326,0.2343,0.0050,0.4739,0.5476,0.6581,0.0097,0.0616,0.0483
577.9806,0.3529,0.1813,0.0013,0.3676,0.5330,0.5362,0.0091,0.0485,0.0082
361.6037,0.3731,0.1462,0.0036,0.1145,0.3335,0.6051,0.0083,0.0606,0.0525
472.2178,0.4197,0.2058,0.0089,0.4562,0.5437,0.6899,0.0077,0.0985,0.0552
514.7883,0.3314,0.2396,0.0218,0.3112,0.5908,0.7411,0.0093,0.0684,0.0077
425.8744,0.6563,0.1942,0.0037,0.4818,0.5350,0.6069,0.0009,0.0054,0.0656
509.7021,0.3460,0.1128,0.0123,0.0243,0.1048,0.7486,0.0073,0.0293,0.0164
476.7189,0.3187,0.1384,0.0095,0.2879,0.5636,0.6291,0.0177,0.0151,0.0734
575.0369,0.3967,0.1697,0.0335,0.4660,0.5019,0.7662,0.0160,0.0502,0.0116
496.1521,0.3166,0.1279,0.0053,0.1263,0.2978,0.7372,0.0107,0.0595,0.0166
526.6657,0.3263,0.1094,0.0270,0.2421,0.5710,0.7801,0.0150,0.0333,0.0472
421.4694,0.3095,0.1826,0.0046,0.4865,0.5383,0.7693,0.0190,0.0226,0.1359
516.4967,0.6471,0.2279,0.0144,0.4921,0.5833,0.6430,0.0085,0.0118,0.1368
257.4714,0.4893,0.1178,0.0109,0.0482,0.5050,0.6720,0.0017,0.0135,0.0080
557.7913,0.4859,0.2148,0.0032,0.4943,0.5296,0.7258,0.0104,0.0415,0.1897
504.1477,0.3393,0.1203,0.0233,0.4654,0.4737,0.7969,0.0145,0.0169,0.1204
524.4516,0.3876,0.1865,0.0093,0.4024,0.5878,0.7560,0.0118,0.0219,0.1959
400.8298,0.3595,0.1456,0.0050,0.4490,0.5109,0.7549,0.0032,0.1829,0.0755
428.5512,0.3516,0.1317,0.0109,0.1273,0.5940,0.7863,0.0093,0.1459,0.0324
489.6224,0.3673,0.1208,0.0180,0.3176,0.5226,0.6830,0.0086,0.0425,0.0089
352.0098,0.4041,0.1625,0.0090,0.4852,0.2981,0.7889,0.0086,0.0055,0.0665
583.6787,0.4030,0.1348,0.0051,0.3212,0.5785,0.6471,0.0106,0.0155,0.0395
485.1282,0.3002,0.1661,0.0286,0.4248,0.5148,0.7836,0.0132,0.0507,0.1079
379.3229,0.3677,0.1630,0.0060,0.2806,0.1111,0.7901,0.0090,0.0509,0.0271
570.6527,0.3431,0.1107,0.0139,0.4061,0.4083,0.7443,0.0197,0.0126,0.0125
577.4846,0.3920,0.2868,0.0064,0.4681,0.5283,0.7773,0.0164,0.0263,0.1127
523.9429,0.3311,0.2260,0.0106,0.2398,0.5524,0.7668,0.0173,0.0385,0.0143
366.3801,0.3757,0.1156,0.0064,0.0008,0.1551,0.6874,0.0188,0.0339,0.0460
392.9693,0.3383,0.1713,0.0115,0.3818,0.2924,0.6762,0.0131,0.0016,0.0227
344.9573,0.4205,0.1311,0.0010,0.1073,0.4050,0.7877,0.0084,0.0977,0.0205
495.3838,0.3342,0.1811,0.0051,0.4340,0.4930,0.7978,0.0102,0.2254,0.0523
430.8716,0.4579,0.1555,0.0092,0.4802,0.5425,0.7990,0.0048,0.0926,0.1261
496.8528,0.4243,0.1596,0.0039,0.4774,0.3405,0.7252,0.0152,0.0009,0.0002
516.7377,0.3733,0.1441,0.0047,0.3808,0.5906,0.7497,0.0070,0.0927,0.1536
490.6407,0.4814,0.2546,0.0126,0.4311,0.5871,0.6889,0.0153,0.0466,0.0223
343.3066,0.3909,0.1213,0.0128,0.0479,0.5302,0.4986,0.0160,0.0068,0.0626
323.5616,0.4189,0.1836,0.0036,0.3790,0.5522,0.6956,0.0046,0.0265,0.0650
402.9182,0.3457,0.1706,0.0240,0.0650,0.5368,0.7284,0.0051,0.0279,0.0713
481.0874,0.3077,0.2981,0.0082,0.4233,0.4807,0.7635,0.0141,0.0276,0.0210
442.1746,0.3212,0.1931,0.0055,0.4877,0.5138,0.7067,0.0092,0.1581,0.0698
595.6315,0.4380,0.1673,0.0088,0.4109,0.5853,0.7095,0.0157,0.0097,0.1476
505.0909,0.3423,0.1503,0.0204,0.4151,0.5158,0.6204,0.0026,0.0389,0.0399
558.6081,0.3158,0.1516,0.0111,0.4472,0.3352,0.7654,0.0065,0.0843,0.0698
536.0904,0.4947,0.2346,0.0037,0.4956,0.5538,0.7893,0.0001,0.2143,0.0989
428.4849,0.3128,0.1857,0.0376,0.2680,0.4495,0.7790,0.0028,0.0327,0.0086
471.5718,0.3018,0.2063,0.0102,0.1822,0.5947,0.6786,0.0031,0.1200,0.0075
345.6466,0.3465,0.2277,0.0297,0.1449,0.4991,0.7765,0.0091,0.0074,0.0024
519.6160,0.3396,0.0988,0.0091,0.0231,0.4196,0.7701,0.0014,0.0244,0.0723
560.8039,0.3297,0.2335,0.0185,0.3729,0.5255,0.7937,0.0038,0.0734,0.0807
566.4411,0.5923,0.2465,0.0024,0.3987,0.5886,0.7707,0.0065,0.1135,0.0299
540.3524,0.3249,0.2787,0.0086,0.4985,0.5219,0.6819,0.0051,0.0952,0.0548
439.7763,0.6106,0.2126,0.0353,0.4823,0.5843,0.7926,0.0180,0.0001,0.0203
478.0810,0.3213,0.1709,0.0128,0.3313,0.3635,0.7744,0.0094,0.0417,0.1071
581.8609,0.7391,0.2746,0.0016,0.4377,0.5484,0.5993,0.0031,0.0018,0.0681
437.4182,0.5012,0.2426,0.0130,0.4907,0.5444,0.7566,0.0043,0.1137,0.0233
464.4916,0.3466,0.1636,0.0043,0.4482,0.5411,0.6917,0.0135,0.0113,0.1980
333.1861,0.3650,0.1999,0.0089,0.0015,0.5793,0.6377,0.0050,0.0395,0.0355
514.7073,0.5229,0.1390,0.0025,0.4404,0.5264,0.7431,0.0172,0.0675,0.0061
511.1939,0.3266,0.1230,0.0427,0.3094,0.5646,0.7904,0.0084,0.0080,0.0760
543.4293,0.3165,0.1065,0.0148,0.3227,0.3377,0.7082,0.0028,0.0474,0.0224
599.2170,0.5538,0.2776,0.0160,0.4248,0.5783,0.7561,0.0023,0.0960,0.0065
332.9783,0.3864,0.1340,0.0346,0.0998,0.5438,0.6904,0.0153,0.0019,0.0378
462.2688,0.3389,0.1164,0.0030,0.0712,0.5104,0.7800,0.0125,0.1143,0.0097
590.9290,0.4665,0.2022,0.0045,0.3346,0.5201,0.7486,0.0099,0.0184,0.0132
433.6823,0.3250,0.1609,0.0098,0.2510,0.5935,0.7456,0.0151,0.1512,0.0108
555.4778,0.3507,0.1355,0.0158,0.2717,0.3842,0.7740,0.0065,0.0228,0.0196
345.5830,0.4082,0.1019,0.0076,0.1228,0.5829,0.7104,0.0013,0.1133,0.0361
510.9344,0.3052,0.1802,0.0193,0.3393,0.5913,0.5815,0.0118,0.0455,0.0321
405.6867,0.3792,0.1501,0.0334,0.3689,0.5897,0.7909,0.0051,0.0636,0.0618
576.4589,0.4152,0.1948,0.0130,0.4522,0.4440,0.7371,0.0133,0.0441,0.0221
569.9429,0.3117,0.1360,0.0197,0.3901,0.5818,0.6923,0.0106,0.0671,0.1091
564.1648,0.5480,0.1491,0.0034,0.4731,0.5844,0.5774,0.0097,0.0397,0.0837
340.4150,0.4169,0.0961,0.0070,0.0325,0.4581,0.4524,0.0143,0.0635,0.0081
536.9320,0.5836,0.1702,0.0135,0.4783,0.5152,0.7915,0.0117,0.0101,0.0911
483.8847,0.3255,0.1986,0.0024,0.4074,0.4311,0.6886,0.0162,0.0427,0.0794
413.7706,0.3718,0.1232,0.0052,0.4808,0.4819,0.6209,0.0009,0.0209,0.0448
549.8126,0.3334,0.1283,0.0017,0.2054,0.1872,0.7559,0.0142,0.0070,0.0231
433.9722,0.4072,0.1324,0.0179,0.4704,0.5669,0.7100,0.0177,0.0664,0.0128
595.9180,0.4590,0.2293,0.0344,0.4409,0.5652,0.6646,0.0042,0.0472,0.0014
453.8437,0.9430,0.2921,0.0069,0.4831,0.5928,0.7368,0.0194,0.0490,0.0068
306.2342,0.3994,0.1486,0.0190,0.2482,0.5817,0.7635,0.0076,0.0178,0.0891
591.1454,0.3059,0.2576,0.0078,0.4619,0.5889,0.6425,0.0180,0.0859,0.0907
469.4557,0.3863,0.1981,0.0094,0.3052,0.5037,0.7932,0.0021,0.0168,0.1013
555.6914,0.7119,0.2436,0.0152,0.4799,0.5597,0.5505,0.0080,0.0569,0.0027
517.8844,0.7694,0.2616,0.0025,0.4753,0.4902,0.7803,0.0112,0.0304,0.0074
345.7992,0.3693,0.1696,0.0048,0.2382,0.5258,0.5988,0.0107,0.0449,0.0339
404.1196,0.7239,0.1423,0.0031,0.4873,0.5948,0.6928,0.0189,0.0073,0.0406
438.6156,0.3316,0.1504,0.0463,0.1020,0.4203,0.7119,0.0095,0.0029,0.0215
536.0818,0.3526,0.1363,0.0080,0.1545,0.4437,0.7402,0.0149,0.0152,0.0077
434.0747,0.3422,0.1783,0.0015,0.0208,0.3410,0.3067,0.0193,0.0121,0.0241
544.3379,0.3646,0.2553,0.0173,0.4883,0.5170,0.7631,0.0124,0.0462,0.0995
529.4108,0.4165,0.2500,0.0057,0.4940,0.5865,0.5982,0.0092,0.0165,0.1589
522.5350,0.3163,0.1357,0.0027,0.0077,0.4922,0.7279,0.0083,0.0459,0.0807
368.5016,0.3579,0.2071,0.0084,0.2370,0.2002,0.7732,0.0056,0.0318,0.0162
523.6804,0.3087,0.1708,0.0355,0.1428,0.5726,0.5579,0.0026,0.0010,0.0053
529.6272,0.3556,0.1785,0.0090,0.3668,0.5148,0.7108,0.0186,0.0855,0.0290
350.1291,0.3800,0.2150,0.0142,0.4213,0.5556,0.7140,0.0092,0.0464,0.0238
372.5626,0.3629,0.1528,0.0233,0.0257,0.5120,0.5438,0.0102,0.0619,0.0209
278.5338,0.4149,0.1668,0.0120,0.0230,0.5969,0.3185,0.0084,0.0348,0.0027
543.2715,0.3070,0.1867,0.0020,0.4826,0.4504,0.7534,0.0046,0.1157,0.1925
411.5420,0.4320,0.1322,0.0067,0.2348,0.4562,0.7850,0.0171,0.0151,0.0018
329.1425,0.4036,0.1547,0.0116,0.3655,0.4924,0.7973,0.0110,0.0203,0.1081
378.3254,0.3673,0.1887,0.0232,0.3643,0.5968,0.6761,0.0048,0.0365,0.0443
341.1145,0.3966,0.1723,0.0022,0.1754,0.4876,0.7089,0.0053,0.0356,0.0798
597.3067,0.3005,0.2225,0.0368,0.3781,0.5734,0.7747,0.0195,0.0191,0.0712
365.2867,0.4067,0.1048,0.0054,0.0119,0.1844,0.4099,0.0175,0.0768,0.0000
413.3707,0.3881,0.1260,0.0010,0.4181,0.5375,0.7647,0.0156,0.0489,0.1435
512.7748,0.3601,0.2137,0.0132,0.4956,0.5773,0.7618,0.0094,0.1962,0.0892
435.3575,0.3798,0.1314,0.0159,0.4081,0.5754,0.5975,0.0036,0.0009,0.0399
391.9819,0.3393,0.1766,0.0193,0.4811,0.3997,0.7902,0.0183,0.0622,0.0615
539.8343,0.3151,0.1572,0.0265,0.3358,0.5988,0.6355,0.0182,0.0185,0.0503
534.5132,0.3090,0.1142,0.0120,0.4395,0.4874,0.7782,0.0127,0.0470,0.1321
443.8685,0.4853,0.1582,0.0073,0.4474,0.5958,0.7348,0.0167,0.0282,0.1223
470.4084,0.3747,0.2686,0.0039,0.4908,0.5991,0.7995,0.0062,0.1321,0.1530
520.8137,0.3589,0.1263,0.0050,0.3395,0.4152,0.7036,0.0093,0.0024,0.0787
396.8645,0.3463,0.1810,0.0044,0.0399,0.1709,0.7399,0.0010,0.0417,0.0962
272.3231,0.4369,0.1500,0.0145,0.0215,0.2521,0.4201,0.0054,0.0049,0.0366
591.2951,0.5593,0.1878,0.0420,0.4773,0.5940,0.6552,0.0002,0.0105,0.0664
461.3332,0.3967,0.2345,0.0260,0.4816,0.5609,0.7575,0.0122,0.0207,0.0900
363.4197,0.4154,0.0834,0.0093,0.0789,0.3092,0.6210,0.0056,0.0271,0.0219
454.7618,0.3362,0.1601,0.0435,0.4195,0.4387,0.7944,0.0138,0.0157,0.0412
465.8048,0.3530,0.1126,0.0092,0.3206,0.5914,0.5430,0.0028,0.0213,0.0050
293.6039,0.3955,0.1619,0.0223,0.3084,0.5845,0.6800,0.0132,0.0002,0.0050
482.0929,0.3687,0.1768,0.0061,0.2475,0.4752,0.7126,0.0165,0.0016,0.0425
329.6524,0.3872,0.1555,0.0076,0.3028,0.5152,0.6579,0.0050,0.0484,0.0508
392.6637,0.5938,0.1658,0.0063,0.4797,0.5973,0.7560,0.0054,0.1116,0.0640
585.2717,0.4203,0.1379,0.0015,0.4718,0.4849,0.6813,0.0040,0.1306,0.0211
372.3025,0.3846,0.1079,0.0220,0.1335,0.4200,0.7444,0.0088,0.0336,0.0554
510.8673,0.8985,0.2735,0.0027,0.4706,0.5899,0.6610,0.0151,0.1024,0.0109
467.5182,0.3434,0.1889,0.0114,0.0984,0.4263,0.7555,0.0006,0.0509,0.0072
424.6370,0.3326,0.2108,0.0365,0.4494,0.5545,0.7333,0.0010,0.1019,0.0080
586.8824,0.3143,0.1021,0.0322,0.3448,0.4562,0.7624,0.0042,0.0425,0.0085
423.1690,0.4419,0.2449,0.0111,0.4607,0.5938,0.6909,0.0175,0.0655,0.0156
475.5634,0.3207,0.1812,0.0172,0.3058,0.3442,0.6916,0.0042,0.0279,0.0452
448.1590,0.5191,0.2733,0.0049,0.4234,0.5353,0.7909,0.0161,0.0073,0.0203
557.3046,0.3081,0.1265,0.0164,0.0727,0.5847,0.7514,0.0062,0.0637,0.0539
460.6419,0.3828,0.1380,0.0055,0.2702,0.4662,0.7384,0.0103,0.0805,0.0152
522.7520,0.3453,0.2491,0.0035,0.4312,0.5481,0.7083,0.0146,0.0633,0.1020
445.6605,0.3426,0.1515,0.0065,0.1923,0.5729,0.6982,0.0007,0.1665,0.0391
494.5619,0.3201,0.1938,0.0222,0.1548,0.5787,0.6747,0.0075,0.0489,0.0039
496.9935,0.4969,0.1701,0.0077,0.3799,0.5516,0.7693,0.0026,0.1109,0.0109
403.8452,0.3343,0.1744,0.0356,0.0371,0.3873,0.7667,0.0072,0.0224,0.0069
475.1260,0.3234,0.1335,0.0124,0.3877,0.5311,0.7258,0.0068,0.1296,0.0699
389.0782,0.3160,0.2762,0.0251,0.4971,0.5727,0.7089,0.0113,0.0081,0.0021
479.9860,0.3649,0.1459,0.0072,0.0147,0.5674,0.7518,0.0078,0.0079,0.0155
302.7438,0.4215,0.1920,0.0175,0.4469,0.5207,0.7815,0.0024,0.0091,0.0594
581.6611,0.4896,0.2461,0.0203,0.4892,0.4937,0.7904,0.0180,0.0643,0.0003
491.1472,0.6291,0.2593,0.0089,0.4933,0.5474,0.5788,0.0012,0.0371,0.0473
587.3053,0.6754,0.1549,0.0076,0.4960,0.5274,0.7792,0.0197,0.0465,0.0467
552.5004,0.3814,0.1689,0.0154,0.4457,0.4982,0.7263,0.0097,0.1107,0.0312
521.7246,0.3896,0.1509,0.0023,0.4430,0.5517,0.6435,0.0117,0.1395,0.0224
514.3419,0.7930,0.1652,0.0224,0.4904,0.5810,0.5518,0.0017,0.0173,0.0098
309.4178,0.4179,0.1229,0.0179,0.0317,0.4374,0.6861,0.0061,0.0776,0.0280
484.6480,0.3247,0.1492,0.0222,0.4487,0.2610,0.7933,0.0102,0.0190,0.0685
362.2757,0.3921,0.1165,0.0029,0.0631,0.1006,0.5812,0.0048,0.0433,0.0916
571.2698,0.3169,0.1558,0.0183,0.2629,0.5629,0.5425,0.0012,0.0408,0.0018
535.1098,0.3241,0.0886,0.0062,0.4554,0.4383,0.7364,0.0170,0.0327,0.0209
486.8467,0.3167,0.2282,0.0013,0.3744,0.5763,0.7650,0.0175,0.1236,0.1049
587.9355,0.3402,0.1314,0.0258,0.3607,0.5320,0.6889,0.0062,0.0278,0.0420
518.7012,0.3294,0.1687,0.0038,0.2126,0.3863,0.7764,0.0055,0.1245,0.0080
429.4207,0.3630,0.1073,0.0022,0.0565,0.4251,0.6128,0.0144,0.0530,0.0659
490.0866,0.3373,0.1242,0.0090,0.3909,0.4672,0.7416,0.0022,0.1626,0.0452
422.1073,0.4542,0.2079,0.0052,0.4452,0.3962,0.7444,0.0128,0.0048,0.0002
461.4857,0.4177,0.1627,0.0019,0.3854,0.5955,0.5523,0.0075,0.0583,0.0048
538.5160,0.3978,0.1825,0.0237,0.4539,0.5894,0.7786,0.0043,0.1762,0.0567
386.7654,0.3602,0.1574,0.0151,0.3823,0.5086,0.7777,0.0107,0.0290,0.1488
262.6318,0.4712,0.1247,0.0099,0.0123,0.3560,0.5656,0.0043,0.0517,0.0006
594.7887,0.8242,0.2335,0.0115,0.4487,0.5756,0.4174,0.0012,0.0045,0.0280
374.7546,0.3585,0.1413,0.0162,0.1493,0.4920,0.6909,0.0008,0.0555,0.0329
561.8320,0.3385,0.2879,0.0254,0.4258,0.5550,0.7991,0.0078,0.0754,0.0112
577.2552,0.8371,0.2655,0.0246,0.4800,0.5831,0.5936,0.0024,0.0389,0.0382
334.5484,0.3899,0.1796,0.0012,0.0285,0.4302,0.5370,0.0066,0.0928,0.0061
570.4666,0.5213,0.2512,0.0046,0.4610,0.5499,0.6620,0.0125,0.1043,0.0311
435.5929,0.3585,0.2032,0.0400,0.4437,0.5477,0.7751,0.0165,0.0383,0.0167
486.7821,0.3453,0.0949,0.0213,0.0057,0.2463,0.5314,0.0086,0.0345,0.0124
540.0968,0.3378,0.2085,0.0016,0.2973,0.5555,0.6765,0.0017,0.0560,0.1084
350.8865,0.3796,0.1333,0.0096,0.4426,0.1364,0.7562,0.0044,0.0233,0.0427
440.2832,0.4242,0.2999,0.0144,0.4666,0.5713,0.7507,0.0001,0.0770,0.0047
554.4988,0.3258,0.0894,0.0228,0.0881,0.3877,0.6999,0.0041,0.0066,0.0075
381.6670,0.4995,0.1286,0.0079,0.4811,0.5366,0.6483,0.0089,0.0004,0.0007
525.5578,0.3740,0.2198,0.0101,0.4158,0.3774,0.7897,0.0152,0.0070,0.0213
597.0992,0.3232,0.1741,0.0127,0.4732,0.5454,0.5969,0.0005,0.0567,0.1334
504.8282,0.4462,0.1453,0.0226,0.4778,0.4918,0.7642,0.0185,0.0295,0.0122
587.6730,0.7089,0.2324,0.0058,0.4687,0.5426,0.6314,0.0191,0.0117,0.0673
521.3636,0.4641,0.2287,0.0128,0.4704,0.5357,0.7748,0.0123,0.1046,0.0507
417.5187,0.3406,0.1583,0.0081,0.2499,0.5262,0.7441,0.0097,0.0649,0.1379
505.0182,0.3055,0.1507,0.0044,0.0563,0.2966,0.4950,0.0189,0.0065,0.0140
464.5226,0.9345,0.1859,0.0159,0.4631,0.5796,0.7810,0.0083,0.0196,0.0324
522.8230,0.3111,0.2588,0.0348,0.4943,0.4974,0.7510,0.0062,0.0660,0.0138
334.6830,0.3751,0.1299,0.0041,0.3689,0.4213,0.7486,0.0034,0.0502,0.0141
500.6000,0.3127,0.1645,0.0160,0.3052,0.5974,0.7346,0.0078,0.1309,0.0942
487.0308,0.3987,0.0897,0.0032,0.4582,0.5508,0.7844,0.0088,0.0022,0.1100
571.7572,0.3018,0.1436,0.0380,0.1411,0.4458,0.7582,0.0087,0.0213,0.0045
351.0835,0.4137,0.1318,0.0156,0.0214,0.4722,0.5029,0.0029,0.0179,0.0486
403.9857,0.3659,0.1450,0.0029,0.0999,0.4692,0.7240,0.0132,0.0344,0.1058
474.9782,0.3768,0.1239,0.0268,0.4519,0.5740,0.7648,0.0128,0.1135,0.0006
328.0086,0.3768,0.1848,0.0014,0.1406,0.5358,0.7191,0.0097,0.1304,0.0070
566.0269,0.4123,0.2773,0.0220,0.4957,0.4631,0.7808,0.0044,0.0339,0.0247
573.3119,0.3203,0.0861,0.0108,0.4327,0.5990,0.7399,0.0017,0.0003,0.1545
427.5775,0.3449,0.1529,0.0216,0.3082,0.3014,0.7856,0.0121,0.0398,0.0450
472.7109,0.8004,0.2284,0.0073,0.4236,0.5907,0.6450,0.0113,0.0095,0.0225
521.5797,0.3076,0.2938,0.0035,0.3593,0.5732,0.6632,0.0005,0.0371,0.0571
295.9399,0.4260,0.1198,0.0072,0.0409,0.2602,0.6471,0.0188,0.0739,0.0162
501.5665,0.3667,0.0935,0.0051,0.4912,0.3425,0.7556,0.0024,0.0103,0.0510
534.3804,0.3652,0.1434,0.0265,0.3767,0.5537,0.6812,0.0068,0.0450,0.0248
483.0787,0.3395,0.1030,0.0016,0.1965,0.3871,0.6204,0.0125,0.0338,0.0206
382.3119,0.3511,0.1980,0.0255,0.2371,0.3137,0.7623,0.0035,0.0093,0.0304
540.1280,0.4309,0.1092,0.0028,0.4006,0.5926,0.7196,0.0105,0.0837,0.0166
440.4303,0.3421,0.1447,0.0155,0.3667,0.5458,0.7701,0.0113,0.0481,0.1574
509.6643,0.6262,0.1884,0.0084,0.4128,0.5969,0.7835,0.0025,0.0560,0.1003
346.7528,0.3832,0.2570,0.0055,0.4023,0.5385,0.7885,0.0181,0.0362,0.0075
520.7204,0.3030,0.1281,0.0332,0.2735,0.3802,0.7870,0.0102,0.0145,0.0200
562.6215,0.3055,0.1209,0.0010,0.4932,0.5654,0.7303,0.0168,0.1703,0.1266
461.1918,0.4525,0.2090,0.0132,0.4206,0.4865,0.7331,0.0082,0.0375,0.0126
454.9092,0.3701,0.1580,0.0195,0.4826,0.3568,0.6962,0.0054,0.0037,0.0213
381.9284,0.5304,0.1768,0.0070,0.4459,0.5528,0.7663,0.0096,0.0541,0.0559
378.4192,0.3328,0.1908,0.0405,0.3035,0.5068,0.7833,0.0158,0.0204,0.0125
525.4948,0.3215,0.1716,0.0050,0.3885,0.4561,0.6247,0.0157,0.0512,0.0376
422.1797,0.3722,0.1118,0.0064,0.3572,0.3552,0.7797,0.0041,0.1274,0.0203
597.1606,0.3566,0.2206,0.0022,0.4380,0.5302,0.6847,0.0010,0.0353,0.2158
504.8613,0.4141,0.2220,0.0155,0.4505,0.5705,0.6464,0.0178,0.0649,0.0136
525.9317,0.8175,0.2087,0.0077,0.4988,0.5410,0.6092,0.0078,0.0922,0.0162
432.8013,0.3487,0.1503,0.0015,0.1758,0.2746,0.7598,0.0094,0.0745,0.0714
357.9313,0.4278,0.0812,0.0021,0.0303,0.1531,0.7820,0.0035,0.0241,0.0696
539.9049,0.3468,0.1632,0.0118,0.2699,0.5091,0.6051,0.0023,0.0018,0.0501
582.7454,0.3067,0.2074,0.0092,0.3371,0.4661,0.7971,0.0170,0.0611,0.0867
446.4972,0.3193,0.1527,0.0098,0.0413,0.2217,0.7084,0.0128,0.0254,0.0094
512.7350,0.3252,0.1654,0.0019,0.4683,0.4986,0.6448,0.0088,0.1607,0.0367
543.7413,0.4790,0.2195,0.0224,0.3886,0.5700,0.7667,0.0064,0.0361,0.0303
470.5651,0.4569,0.1137,0.0020,0.3406,0.5581,0.7567,0.0175,0.0282,0.0055
449.0523,0.3635,0.1881,0.0182,0.2776,0.4361,0.7977,0.0190,0.0056,0.0273
275.6696,0.4230,0.1732,0.0101,0.2137,0.3895,0.7670,0.0107,0.0067,0.0241
525.6443,0.3425,0.2258,0.0291,0.4790,0.4127,0.7010,0.0042,0.0137,0.0023
437.7163,0.3407,0.1292,0.0058,0.2988,0.3082,0.7184,0.0054,0.1028,0.0130
504.7357,0.3928,0.1747,0.0404,0.4169,0.5503,0.7264,0.0019,0.0274,0.0329
593.4958,0.4883,0.1602,0.0166,0.3370,0.5953,0.6558,0.0051,0.0015,0.0058
588.0748,0.3716,0.1254,0.0126,0.2997,0.5749,0.7705,0.0146,0.0304,0.0440
370.4654,0.3698,0.1521,0.0011,0.3857,0.2928,0.6653,0.0065,0.0193,0.0497
574.4715,0.3353,0.1153,0.0041,0.4173,0.3893,0.6957,0.0087,0.0606,0.0234
413.3377,0.3061,0.2562,0.0030,0.2563,0.4964,0.7921,0.0068,0.0767,0.0164
534.1181,0.3862,0.1907,0.0015,0.4747,0.5962,0.6284,0.0134,0.0075,0.2343
459.3317,0.3261,0.1856,0.0050,0.2111,0.1337,0.7474,0.0016,0.0214,0.0587
566.6508,0.3944,0.1892,0.0161,0.4802,0.5112,0.7327,0.0053,0.0552,0.1402
382.0770,0.3735,0.1360,0.0022,0.1460,0.3406,0.5651,0.0163,0.0467,0.0195
397.6961,0.5089,0.1571,0.0028,0.4095,0.4429,0.7392,0.0020,0.0047,0.0408
442.5980,0.3446,0.1347,0.0178,0.2398,0.5213,0.7023,0.0127,0.0765,0.0375
404.1435,0.5680,0.2082,0.0175,0.4725,0.5551,0.7839,0.0041,0.0365,0.0677
467.4644,0.3524,0.1437,0.0035,0.0632,0.4112,0.6550,0.0012,0.0061,0.1077
490.8410,0.3141,0.1175,0.0063,0.3740,0.3197,0.7862,0.0139,0.0200,0.0441
320.5198,0.3866,0.1633,0.0020,0.0612,0.4444,0.5473,0.0084,0.0730,0.0263
460.5009,0.4648,0.2424,0.0066,0.4365,0.4409,0.7812,0.0015,0.0516,0.0005
365.2582,0.4238,0.1613,0.0145,0.3306,0.4326,0.7938,0.0079,0.0326,0.0315
415.7069,0.3616,0.1777,0.0108,0.1447,0.3859,0.7629,0.0025,0.0313,0.0611
433.9483,0.9076,0.2171,0.0019,0.4858,0.5907,0.7672,0.0029,0.0395,0.1603
536.9078,0.7341,0.1793,0.0067,0.4936,0.4766,0.6857,0.0065,0.0206,0.0174
487.7672,0.3279,0.1973,0.0234,0.4482,0.5097,0.7579,0.0165,0.1222,0.0204
585.3125,0.4509,0.1832,0.0119,0.4445,0.5949,0.6121,0.0046,0.0764,0.1014
564.1405,0.7477,0.2013,0.0164,0.4889,0.5616,0.6454,0.0146,0.0668,0.0223
360.7268,0.4018,0.1690,0.0080,0.0150,0.3194,0.7324,0.0069,0.0462,0.0007
494.9674,0.3754,0.1150,0.0174,0.1822,0.5010,0.7437,0.0068,0.0088,0.0130
479.8922,0.3086,0.1711,0.0311,0.0749,0.4776,0.7076,0.0113,0.0105,0.0293
585.0895,0.3272,0.2444,0.0026,0.3217,0.5064,0.7163,0.0127,0.0092,0.0750
474.8526,0.3554,0.1791,0.0011,0.4151,0.5472,0.5636,0.0075,0.0760,0.0180
599.6230,0.3853,0.2458,0.0081,0.4540,0.4578,0.7675,0.0093,0.0538,0.0657
423.3152,0.3490,0.1374,0.0130,0.3729,0.5566,0.7340,0.0062,0.1117,0.0958
439.6821,0.5763,0.2300,0.0038,0.4202,0.5256,0.6980,0.0014,0.0167,0.0379
406.9495,0.3639,0.1272,0.0040,0.1797,0.5518,0.7726,0.0106,0.0942,0.1050
364.7460,0.5095,0.2518,0.0083,0.4014,0.5932,0.7611,0.0124,0.0180,0.0023
532.1010,0.4026,0.1976,0.0055,0.4124,0.5421,0.7405,0.0080,0.0732,0.1235
423.5725,0.3397,0.1940,0.0157,0.1462,0.1660,0.7239,0.0038,0.0037,0.0282
496.5257,0.3325,0.1393,0.0148,0.4754,0.4222,0.7817,0.0059,0.0406,0.1681
388.8215,0.3900,0.1429,0.0048,0.2082,0.3017,0.7025,0.0022,0.0375,0.0533
464.6252,0.3152,0.1540,0.0340,0.3841,0.5058,0.7989,0.0069,0.0093,0.1532
591.0805,0.3880,0.1227,0.0089,0.3620,0.5675,0.6618,0.0092,0.0398,0.0278
473.5722,0.3306,0.1263,0.0230,0.0638,0.1878,0.5534,0.0026,0.0336,0.0041
372.7056,0.3972,0.1591,0.0052,0.4480,0.3477,0.7739,0.0125,0.0473,0.0500
511.1142,0.3797,0.1329,0.0203,0.3744,0.4824,0.7003,0.0124,0.0101,0.0144
595.7596,0.4063,0.1496,0.0297,0.4760,0.5187,0.7499,0.0048,0.0071,0.1085
428.5649,0.3443,0.1953,0.0015,0.3298,0.4066,0.6804,0.0169,0.0254,0.0504
564.2321,0.4927,0.2259,0.0117,0.4380,0.4756,0.7121,0.0091,0.0183,0.0141
487.6755,0.9561,0.2298,0.0047,0.4983,0.5958,0.5661,0.0023,0.1114,0.0794
414.0397,0.3190,0.2017,0.0100,0.4457,0.5917,0.7858,0.0003,0.0745,0.2130
502.8124,0.3098,0.1314,0.0091,0.1827,0.3478,0.7203,0.0095,0.0353,0.0242
393.0767,0.4110,0.1350,0.0228,0.3837,0.4698,0.7681,0.0036,0.0413,0.0345
303.8734,0.3727,0.2099,0.0039,0.1523,0.2896,0.6985,0.0109,0.0012,0.0141
321.9024,0.4108,0.1582,0.0097,0.0334,0.5614,0.6343,0.0001,0.0947,0.0111
490.7744,0.5373,0.2525,0.0258,0.4950,0.5209,0.7705,0.0043,0.0492,0.0170
478.8506,0.4265,0.1780,0.0050,0.4778,0.5854,0.7049,0.0116,0.1415,0.0970
443.8377,0.8106,0.1923,0.0248,0.4636,0.5561,0.7380,0.0016,0.0012,0.0053
573.6687,0.5290,0.2248,0.0136,0.4811,0.5680,0.5826,0.0010,0.1143,0.0427
566.9884,0.8449,0.2066,0.0088,0.4679,0.5972,0.6743,0.0110,0.0285,0.1391
572.5880,0.3782,0.1391,0.0036,0.2412,0.5956,0.7358,0.0089,0.0268,0.0665
457.4267,0.3711,0.1938,0.0028,0.3794,0.3356,0.7702,0.0007,0.0649,0.0385
481.0156,0.3610,0.2689,0.0303,0.4871,0.5628,0.7271,0.0051,0.0302,0.0499
579.7764,0.3361,0.1900,0.0096,0.3822,0.5398,0.7188,0.0192,0.1420,0.0168
558.2783,0.7203,0.2041,0.0144,0.4267,0.5690,0.7872,0.0092,0.0011,0.0710
363.9004,0.3637,0.1660,0.0169,0.2683,0.4559,0.6544,0.0133,0.0420,0.0070
437.2938,0.3480,0.2015,0.0216,0.2126,0.4175,0.7083,0.0046,0.0139,0.0036
287.4213,0.4156,0.1519,0.0069,0.2803,0.4021,0.6767,0.0051,0.0125,0.0357
465.4841,0.3171,0.2412,0.0027,0.4988,0.4496,0.6745,0.0175,0.0236,0.0626
392.8892,0.3727,0.1458,0.0278,0.4426,0.2496,0.7832,0.0065,0.0177,0.0101
581.9739,0.3059,0.1404,0.0138,0.3003,0.2262,0.6846,0.0116,0.0005,0.0007
552.6889,0.5342,0.1110,0.0016,0.4335,0.5443,0.7829,0.0085,0.0205,0.0330
451.0071,0.3199,0.1951,0.0147,0.0625,0.4862,0.7599,0.0186,0.0398,0.0187
523.5391,0.3648,0.1492,0.0027,0.2046,0.5374,0.6514,0.0167,0.0171,0.0197
504.8521,0.8591,0.2052,0.0094,0.4937,0.5312,0.7130,0.0033,0.0002,0.1089
384.2829,0.3671,0.1558,0.0128,0.0232,0.2904,0.4002,0.0069,0.0708,0.0160
597.1230,0.9603,0.1754,0.0197,0.4886,0.5695,0.6259,0.0153,0.0484,0.0034
529.4853,0.3022,0.2040,0.0294,0.3010,0.5888,0.7486,0.0021,0.0829,0.0718
466.9310,0.6855,0.2234,0.0112,0.4858,0.5518,0.7868,0.0073,0.0563,0.0817
446.0885,0.3670,0.2093,0.0187,0.4395,0.5810,0.7183,0.0173,0.0864,0.0343
450.7172,0.3413,0.1389,0.0381,0.0388,0.5139,0.5509,0.0014,0.0022,0.0369
538.1330,0.3039,0.1536,0.0082,0.0705,0.4610,0.5686,0.0001,0.0430,0.0669
279.1466,0.4008,0.1864,0.0079,0.4819,0.4550,0.7781,0.0194,0.0156,0.0073
330.6060,0.3680,0.2399,0.0084,0.0919,0.5650,0.7177,0.0037,0.0209,0.0005
536.2143,0.3209,0.1188,0.0303,0.2168,0.3537,0.7191,0.0058,0.0039,0.0264
577.4472,0.3100,0.1561,0.0052,0.3643,0.5029,0.7423,0.0051,0.1486,0.1149
544.1901,0.3082,0.2496,0.0454,0.4293,0.5914,0.7275,0.0084,0.0483,0.0143
358.6794,0.3412,0.2010,0.0142,0.3682,0.5969,0.6654,0.0158,0.0165,0.0352
453.0608,0.3269,0.1666,0.0250,0.1742,0.5587,0.7364,0.0070,0.0446,0.0780
337.7163,0.3915,0.1349,0.0060,0.3062,0.4613,0.6360,0.0181,0.0221,0.0129
591.4754,0.7800,0.2355,0.0034,0.4059,0.5979,0.7376,0.0044,0.0585,0.0749
516.6824,0.3165,0.2236,0.0087,0.4081,0.4818,0.6647,0.0064,0.1141,0.0087
591.9175,0.3586,0.1467,0.0122,0.4811,0.4309,0.7219,0.0117,0.0996,0.0159
560.5064,0.3603,0.1538,0.0194,0.3378,0.5406,0.6129,0.0044,0.0198,0.0208
431.3310,0.3663,0.1016,0.0063,0.0323,0.1786,0.5270,0.0103,0.0281,0.0708
331.4636,0.3739,0.1552,0.0259,0.0410,0.3874,0.5919,0.0132,0.0026,0.0197
361.1888,0.3931,0.1435,0.0134,0.3875,0.5689,0.7145,0.0058,0.1017,0.0310
526.6603,0.4691,0.1704,0.0013,0.4507,0.4325,0.7685,0.0004,0.0230,0.1099
505.4775,0.3540,0.2288,0.0190,0.3877,0.5622,0.7863,0.0031,0.0182,0.1511
469.3289,0.3302,0.1843,0.0299,0.3704,0.5388,0.6974,0.0187,0.0000,0.0560
588.5867,0.3051,0.0994,0.0017,0.1240,0.5724,0.7042,0.0173,0.0178,0.0443
419.2598,0.3838,0.1664,0.0119,0.4098,0.4508,0.7821,0.0076,0.0214,0.1272
354.6793,0.4023,0.1793,0.0158,0.0987,0.3728,0.7512,0.0021,0.0225,0.0048
464.3383,0.3377,0.2121,0.0091,0.4833,0.5249,0.5898,0.0129,0.0467,0.0038
384.3437,0.4335,0.2330,0.0208,0.4719,0.5786,0.7410,0.0061,0.0171,0.0689
541.8003,0.3138,0.1293,0.0179,0.4263,0.5349,0.7382,0.0189,0.1503,0.0173
514.3181,0.5113,0.1853,0.0108,0.4755,0.5416,0.6714,0.0165,0.0279,0.0724
512.3516,0.3057,0.1470,0.0253,0.2475,0.5692,0.7722,0.0135,0.1133,0.0381
478.0497,0.3739,0.2164,0.0023,0.3665,0.4724,0.6400,0.0088,0.0162,0.0307
455.6365,0.3461,0.1992,0.0055,0.1390,0.5635,0.5910,0.0095,0.0069,0.0269
359.1850,0.3605,0.1644,0.0102,0.3175,0.5881,0.7717,0.0183,0.0538,0.1209
529.5222,0.3344,0.1162,0.0105,0.0052,0.2129,0.5325,0.0038,0.0031,0.0700
517.6993,0.3849,0.1423,0.0138,0.4041,0.4848,0.7704,0.0088,0.0782,0.0498
400.3645,0.3587,0.1180,0.0090,0.0885,0.5383,0.7019,0.0082,0.0311,0.0627
585.5488,0.6352,0.2863,0.0073,0.4185,0.5574,0.6206,0.0002,0.0040,0.0357
291.5816,0.4664,0.1002,0.0013,0.1094,0.4849,0.7572,0.0180,0.0321,0.0086
483.6964,0.3193,0.2376,0.0232,0.4154,0.5944,0.7918,0.0122,0.0307,0.1440
381.9867,0.3793,0.1259,0.0155,0.2573,0.2143,0.7618,0.0071,0.0454,0.0337
582.2508,0.3777,0.2213,0.0378,0.4658,0.5707,0.7825,0.0033,0.1439,0.0212
474.6292,0.5458,0.2976,0.0059,0.4401,0.5758,0.6694,0.0081,0.0030,0.0356
576.6875,0.3995,0.2496,0.0159,0.4448,0.5463,0.7433,0.0195,0.0326,0.0733
569.2490,0.7837,0.2675,0.0080,0.4892,0.5796,0.7022,0.0095,0.1149,0.0671
599.8551,0.9356,0.1592,0.0031,0.4458,0.5841,0.7623,0.0177,0.0125,0.0709
428.2079,0.4654,0.1301,0.0246,0.4882,0.5324,0.7569,0.0016,0.0789,0.0023
398.7104,0.3666,0.1434,0.0049,0.0062,0.4134,0.4598,0.0161,0.0901,0.0267
378.9138,0.3495,0.2046,0.0079,0.4252,0.4043,0.7979,0.0045,0.1120,0.0595
444.1408,0.4215,0.1843,0.0108,0.2616,0.5994,0.7754,0.0098,0.0596,0.0089
493.8741,0.7165,0.2439,0.0070,0.4589,0.5820,0.7884,0.0182,0.0438,0.0714
543.0712,0.3351,0.2572,0.0237,0.4750,0.5527,0.7162,0.0082,0.1085,0.0249
570.5893,0.3269,0.2156,0.0359,0.4845,0.5359,0.6541,0.0065,0.0245,0.0582
580.0937,0.3422,0.1557,0.0071,0.4432,0.4499,0.6916,0.0018,0.1763,0.0026
383.6183,0.4142,0.1329,0.0035,0.4678,0.5737,0.6352,0.0086,0.0533,0.0297
465.3433,0.3568,0.1226,0.0134,0.4558,0.5338,0.7337,0.0103,0.0047,0.1610
418.2460,0.3209,0.1990,0.0167,0.4058,0.4518,0.6686,0.0050,0.0582,0.0315
510.2880,0.3341,0.1641,0.0271,0.2861,0.5103,0.7640,0.0053,0.0134,0.0955
520.5355,0.8271,0.1668,0.0104,0.4779,0.5777,0.7283,0.0090,0.0914,0.0204
342.5051,0.4678,0.1091,0.0210,0.4761,0.5911,0.7879,0.0009,0.0060,0.0622
513.8006,0.5305,0.1489,0.0182,0.4637,0.5485,0.7771,0.0190,0.0612,0.0004
507.8097,0.3292,0.1366,0.0111,0.4230,0.5593,0.6488,0.0007,0.0522,0.1430
444.8393,0.3068,0.2183,0.0146,0.4798,0.5611,0.6880,0.0074,0.1632,0.0162
412.0127,0.3433,0.1913,0.0102,0.1898,0.3150,0.6067,0.0089,0.0153,0.0028
344.6849,0.3568,0.1866,0.0386,0.1372,0.5758,0.7481,0.0072,0.0139,0.0199
567.7722,0.6500,0.2038,0.0045,0.4830,0.5902,0.5994,0.0150,0.1711,0.0152
561.3266,0.3000,0.1341,0.0204,0.4549,0.2399,0.7860,0.0096,0.0871,0.0032
558.2499,0.3413,0.1808,0.0031,0.3494,0.5493,0.7576,0.0019,0.0598,0.2050
471.2138,0.3287,0.1261,0.0037,0.0222,0.2937,0.6863,0.0077,0.0217,0.0700
333.4340,0.3980,0.1078,0.0083,0.0351,0.2373,0.7415,0.0186,0.0230,0.0433
539.4866,0.5693,0.1174,0.0043,0.4859,0.5596,0.7634,0.0148,0.0061,0.0757
426.7282,0.3473,0.1288,0.0306,0.0588,0.1614,0.6994,0.0071,0.0084,0.0486
402.7308,0.3846,0.0848,0.0031,0.0732,0.3715,0.7500,0.0015,0.0486,0.0413
592.4515,0.3634,0.1751,0.0114,0.4201,0.5912,0.6885,0.0091,0.2199,0.0079
431.2528,0.3956,0.1540,0.0029,0.4937,0.5079,0.6896,0.0158,0.0622,0.0802
416.3255,0.3874,0.1642,0.0140,0.4885,0.5927,0.6493,0.0028,0.0333,0.1175
496.1203,0.3236,0.1349,0.0260,0.0973,0.4883,0.5319,0.0003,0.0374,0.0214
507.9587,0.3079,0.1976,0.0352,0.4595,0.5951,0.7250,0.0191,0.0148,0.1176
422.1619,0.8794,0.2603,0.0015,0.4954,0.5670,0.6683,0.0045,0.0154,0.0993
516.9785,0.7770,0.2753,0.0176,0.4987,0.5844,0.7442,0.0131,0.0239,0.0880
445.8412,0.4427,0.1495,0.0081,0.3439,0.4592,0.7942,0.0024,0.0366,0.0482
307.1960,0.3919,0.1388,0.0040,0.2247,0.4932,0.7918,0.0057,0.0030,0.0978
466.7361,0.3720,0.2157,0.0244,0.2819,0.5716,0.7572,0.0040,0.0046,0.0426
556.3289,0.3636,0.1531,0.0065,0.2637,0.4404,0.7457,0.0097,0.0362,0.0176
340.2822,0.3837,0.1882,0.0041,0.0031,0.1086,0.3019,0.0079,0.0050,0.0761
591.8351,0.4562,0.2119,0.0139,0.3267,0.5548,0.7750,0.0068,0.0024,0.0288
299.8079,0.4065,0.1762,0.0014,0.2654,0.4495,0.6925,0.0020,0.0837,0.0057
408.3570,0.4779,0.1218,0.0089,0.4060,0.5745,0.7766,0.0170,0.0057,0.0596
495.5583,0.3518,0.2266,0.0077,0.4638,0.4192,0.6691,0.0084,0.0015,0.0544
570.8487,0.3041,0.1497,0.0102,0.3981,0.4936,0.7341,0.0137,0.0620,0.1554
578.7027,0.9918,0.2001,0.0073,0.4993,0.5992,0.5476,0.0031,0.1335,0.1065
553.8633,0.3108,0.1047,0.0082,0.1527,0.5821,0.7741,0.0040,0.0809,0.0268
277.5720,0.4307,0.1220,0.0211,0.0154,0.4782,0.3623,0.0053,0.0189,0.0222
448.6680,0.3250,0.1780,0.0348,0.4000,0.5523,0.7830,0.0002,0.0869,0.1019
543.6830,0.3227,0.1457,0.0124,0.3145,0.1881,0.7614,0.0088,0.0260,0.0031
347.4655,0.3670,0.1974,0.0051,0.4290,0.5190,0.6856,0.0073,0.0493,0.0582
540.6070,0.3201,0.2239,0.0173,0.4902,0.3747,0.7975,0.0014,0.1306,0.0160
491.5327,0.4126,0.1733,0.0032,0.4283,0.4949,0.7564,0.0050,0.1356,0.0588
436.1378,0.3233,0.1639,0.0013,0.2241,0.4223,0.6035,0.0021,0.0471,0.0202
326.4786,0.3879,0.1332,0.0207,0.3578,0.5827,0.7531,0.0128,0.0339,0.0618
361.1064,0.3390,0.1999,0.0121,0.2958,0.4471,0.7983,0.0107,0.0003,0.0918
442.8878,0.7479,0.1731,0.0053,0.4755,0.5649,0.6324,0.0040,0.0409,0.0416
367.9822,0.3873,0.1254,0.0057,0.0923,0.4382,0.7812,0.0010,0.1312,0.0570
441.3344,0.3391,0.1368,0.0372,0.1097,0.4051,0.6838,0.0063,0.0185,0.0315
398.0825,0.3280,0.1616,0.0106,0.4616,0.5133,0.7699,0.0071,0.1340,0.0087
336.2312,0.4103,0.1409,0.0019,0.0505,0.1883,0.6939,0.0117,0.0379,0.0652
573.1032,0.5046,0.1411,0.0093,0.4538,0.5533,0.7274,0.0036,0.0778,0.0709
486.3610,0.3635,0.0855,0.0010,0.1556,0.3176,0.7143,0.0161,0.0132,0.0043
455.7616,0.3671,0.1352,0.0289,0.2285,0.5903,0.7962,0.0105,0.0444,0.0308
547.0027,0.3502,0.2808,0.0019,0.4807,0.5576,0.7912,0.0143,0.0502,0.1892
449.9968,0.3889,0.1013,0.0064,0.2368,0.5677,0.7609,0.0068,0.0808,0.0218
451.9651,0.6059,0.2666,0.0163,0.4784,0.5948,0.6211,0.0033,0.0604,0.0088
555.1913,0.4158,0.1901,0.0272,0.4919,0.5965,0.7658,0.0078,0.0888,0.1479
424.7323,0.5265,0.2406,0.0067,0.4728,0.5097,0.7097,0.0151,0.0316,0.0030
519.8156,0.3006,0.1533,0.0181,0.0311,0.5825,0.7014,0.0052,0.0499,0.0051
566.0577,0.4628,0.1449,0.0083,0.4609,0.5161,0.5966,0.0078,0.0152,0.0273
535.3101,0.3179,0.1747,0.0209,0.4630,0.5874,0.7420,0.0108,0.0440,0.2164
499.9126,0.6993,0.1565,0.0013,0.4782,0.5543,0.7011,0.0008,0.1081,0.0504
469.9954,0.3479,0.0990,0.0105,0.3385,0.2913,0.7919,0.0005,0.0051,0.1238
396.5079,0.3716,0.1553,0.0102,0.1298,0.4637,0.7475,0.0055,0.1025,0.0211
269.7133,0.4525,0.1364,0.0054,0.0138,0.3228,0.3857,0.0085,0.0111,0.0516
259.2239,0.4190,0.1784,0.0104,0.1301,0.4253,0.6944,0.0029,0.0173,0.0167
521.7756,0.3446,0.1596,0.0141,0.3160,0.4098,0.7223,0.0074,0.0184,0.0583
586.8208,0.3086,0.2092,0.0175,0.2645,0.5779,0.6644,0.0121,0.0681,0.0010
453.9656,0.3246,0.1268,0.0279,0.4274,0.3864,0.7604,0.0120,0.0009,0.0448
355.7809,0.7477,0.1805,0.0071,0.4770,0.5769,0.7406,0.0081,0.0070,0.0519
460.3722,0.4056,0.1779,0.0414,0.4895,0.5145,0.7934,0.0141,0.0330,0.0215
505.6940,0.5573,0.2519,0.0148,0.4752,0.5917,0.6810,0.0013,0.0904,0.0769
375.7165,0.3803,0.2220,0.0076,0.3566,0.4781,0.7181,0.0017,0.0217,0.0558
341.9656,0.4055,0.1158,0.0178,0.1675,0.5878,0.6901,0.0084,0.0234,0.0565
451.6246,0.3388,0.1465,0.0104,0.2817,0.4352,0.6528,0.0164,0.0459,0.0336
401.6742,0.3632,0.1612,0.0045,0.2111,0.5885,0.5367,0.0176,0.0023,0.0337
466.1016,0.3417,0.1023,0.0255,0.1551,0.5314,0.7377,0.0177,0.0221,0.0194
596.4511,0.5566,0.2057,0.0123,0.3489,0.5885,0.7929,0.0077,0.0407,0.0070
389.3183,0.3317,0.2370,0.0039,0.4888,0.4255,0.7617,0.0152,0.0665,0.0491
438.0213,0.3682,0.1567,0.0064,0.4314,0.4997,0.5790,0.0005,0.0153,0.0435
565.8346,0.3144,0.0954,0.0050,0.3376,0.5850,0.7317,0.0196,0.0868,0.0460
410.7620,0.4039,0.1631,0.0166,0.4258,0.5379,0.7912,0.0187,0.0427,0.0818
362.7325,0.3826,0.1756,0.0079,0.1120,0.5221,0.7584,0.0117,0.0435,0.0483
515.4945,0.3444,0.1999,0.0221,0.4723,0.4976,0.7901,0.0063,0.2002,0.0005
537.2245,0.3007,0.1319,0.0417,0.3281,0.4763,0.6698,0.0151,0.0028,0.0073
396.2917,0.4011,0.0857,0.0069,0.0105,0.3958,0.6433,0.0174,0.0206,0.0240
554.6959,0.3197,0.1599,0.0012,0.0804,0.4905,0.7717,0.0081,0.0703,0.0286
474.7115,0.3063,0.2302,0.0021,0.2824,0.2305,0.7338,0.0023,0.0310,0.0247
547.2929,0.4104,0.2799,0.0043,0.4185,0.5809,0.6479,0.0096,0.0221,0.0781
320.1002,0.3790,0.1735,0.0407,0.4336,0.5109,0.7975,0.0027,0.0037,0.0508
476.0327,0.3364,0.1550,0.0214,0.3956,0.5443,0.6996,0.0099,0.1162,0.0255
490.4769,0.4256,0.1030,0.0101,0.3678,0.5903,0.7588,0.0084,0.0155,0.0488
524.9577,0.3151,0.2056,0.0057,0.4524,0.5459,0.6606,0.0033,0.2308,0.0129
414.7673,0.3425,0.1564,0.0182,0.1641,0.3928,0.6270,0.0049,0.0672,0.0170
492.6846,0.3119,0.1763,0.0262,0.0190,0.5764,0.7812,0.0047,0.0041,0.0573
561.6470,0.8106,0.1645,0.0122,0.4458,0.5606,0.7897,0.0121,0.0318,0.0102
582.5531,0.4264,0.1514,0.0171,0.4952,0.5900,0.7173,0.0021,0.1158,0.1447
562.0840,0.3010,0.2177,0.0034,0.4331,0.4678,0.6803,0.0044,0.1477,0.0530
591.6854,0.9185,0.2417,0.0051,0.4883,0.5561,0.7295,0.0000,0.1356,0.0881
556.8818,0.6245,0.2599,0.0247,0.4449,0.5854,0.7784,0.0100,0.0123,0.0524
305.4610,0.4365,0.1155,0.0045,0.4319,0.4144,0.7658,0.0067,0.0465,0.0302
593.1811,0.8964,0.2135,0.0302,0.4839,0.5961,0.7026,0.0165,0.0219,0.0489
545.9570,0.3054,0.1399,0.0373,0.1949,0.5977,0.6410,0.0035,0.0329,0.0299
454.8232,0.3306,0.2757,0.0088,0.4398,0.5680,0.6342,0.0024,0.0225,0.0490
449.0249,0.4626,0.1239,0.0077,0.4359,0.5643,0.7178,0.0039,0.0963,0.0201
487.3675,0.3350,0.1394,0.0131,0.4564,0.3141,0.7571,0.0134,0.0347,0.0628
423.0602,0.3599,0.1208,0.0066,0.0421,0.2174,0.3774,0.0120,0.0696,0.0035
484.2919,0.3104,0.1832,0.0165,0.3508,0.4986,0.7854,0.0156,0.1182,0.0711
574.3375,0.3831,0.2486,0.0178,0.3821,0.5862,0.6347,0.0042,0.0420,0.0281
426.5292,0.3620,0.1121,0.0091,0.4661,0.5996,0.7363,0.0077,0.1548,0.0451
499.6172,0.3969,0.2588,0.0052,0.3857,0.5149,0.7355,0.0173,0.0125,0.0277
492.5355,0.3328,0.1270,0.0021,0.1140,0.5487,0.6073,0.0151,0.0416,0.0788
424.8698,0.3257,0.1817,0.0012,0.2576,0.2887,0.6492,0.0146,0.0024,0.0551
440.1091,0.3594,0.0881,0.0259,0.3088,0.4105,0.7891,0.0042,0.0294,0.0071
484.0688,0.4671,0.2445,0.0197,0.4776,0.5401,0.6485,0.0063,0.0401,0.0103
497.4300,0.3295,0.1463,0.0364,0.2198,0.5307,0.6795,0.0109,0.0051,0.0186
579.1063,0.4766,0.2910,0.0112,0.4813,0.5810,0.7639,0.0162,0.0697,0.0946
477.3215,0.3505,0.1401,0.0228,0.0226,0.5073,0.7722,0.0059,0.0130,0.0175
303.6505,0.4140,0.2214,0.0018,0.4546,0.5544,0.7377,0.0042,0.0122,0.0693
542.4363,0.3540,0.0795,0.0018,0.0137,0.1935,0.7105,0.0018,0.0011,0.0161
553.3513,0.3657,0.1201,0.0061,0.4534,0.5767,0.7000,0.0066,0.0983,0.1083
378.0983,0.3625,0.2591,0.0012,0.3725,0.4340,0.7955,0.0086,0.0393,0.0263
419.8782,0.3652,0.1764,0.0163,0.1912,0.5331,0.6302,0.0072,0.0241,0.0147
355.4068,0.4206,0.1615,0.0122,0.2553,0.5484,0.6611,0.0030,0.0258,0.0221
418.7614,0.5421,0.1522,0.0017,0.4613,0.5055,0.7504,0.0028,0.1171,0.0072
438.2018,0.3455,0.2090,0.0306,0.4673,0.5277,0.7490,0.0196,0.0529,0.0181
540.9421,0.5192,0.1884,0.0262,0.4594,0.5403,0.7054,0.0111,0.0341,0.0143
439.4871,0.4112,0.2394,0.0055,0.4433,0.5033,0.7690,0.0032,0.0892,0.0559
401.4832,0.6531,0.2510,0.0108,0.4958,0.5748,0.6332,0.0051,0.0336,0.0245
537.4321,0.3221,0.2027,0.0168,0.2893,0.5199,0.7187,0.0048,0.0403,0.0706
353.4952,0.3679,0.1548,0.0249,0.4659,0.1887,0.7982,0.0013,0.0355,0.0303
513.9528,0.3239,0.1092,0.0340,0.4794,0.5436,0.7664,0.0019,0.1377,0.0059
451.8565,0.3174,0.2193,0.0360,0.3201,0.4707,0.7369,0.0036,0.0084,0.0327
433.5986,0.3242,0.1838,0.0210,0.1404,0.2853,0.6145,0.0068,0.0333,0.0006
502.1637,0.4332,0.1433,0.0074,0.4857,0.5831,0.7906,0.0154,0.0241,0.2227
409.9590,0.3149,0.2275,0.0069,0.4129,0.5316,0.7895,0.0096,0.1807,0.0331
522.9482,0.3843,0.1943,0.0252,0.4237,0.4473,0.7612,0.0183,0.0097,0.0072
517.9392,0.4754,0.2202,0.0047,0.4630,0.4740,0.6340,0.0015,0.0199,0.0523
587.1387,0.3314,0.1569,0.0408,0.3530,0.5433,0.7092,0.0080,0.0306,0.0115
389.8971,0.3698,0.1928,0.0088,0.0415,0.5166,0.4507,0.0068,0.0071,0.0060
387.7262,0.3541,0.1319,0.0058,0.4056,0.5667,0.7414,0.0126,0.0251,0.1395
575.8433,0.3158,0.1214,0.0038,0.1577,0.1036,0.6421,0.0025,0.0015,0.0277
422.9033,0.4685,0.2059,0.0147,0.4685,0.4289,0.7787,0.0110,0.0114,0.0127
584.5562,0.6925,0.2273,0.0017,0.4908,0.5859,0.6616,0.0094,0.2385,0.0293
564.4417,0.3324,0.2507,0.0098,0.4178,0.5202,0.7552,0.0060,0.0914,0.0843
439.2640,0.3613,0.1894,0.0085,0.3239,0.5449,0.6648,0.0139,0.0129,0.0777
519.0552,0.3011,0.1950,0.0103,0.1149,0.1252,0.7842,0.0012,0.0362,0.0318
372.0359,0.3456,0.1471,0.0069,0.1258,0.5833,0.7350,0.0027,0.0410,0.0177
391.8445,0.3932,0.1197,0.0083,0.3267,0.5234,0.7098,0.0033,0.1171,0.0144
559.7468,0.3100,0.1259,0.0095,0.0288,0.4593,0.6185,0.0010,0.0661,0.0440
424.9139,0.3592,0.1354,0.0121,0.2849,0.2735,0.7653,0.0140,0.0519,0.0297
545.4595,0.5049,0.2388,0.0026,0.4856,0.5923,0.6318,0.0022,0.1810,0.0885
427.1114,0.3730,0.1795,0.0174,0.3981,0.5871,0.7936,0.0163,0.0997,0.0740
520.7829,0.3192,0.2450,0.0189,0.3670,0.5014,0.6426,0.0036,0.0211,0.0100
506.2579,0.3165,0.1915,0.0045,0.1967,0.4648,0.7919,0.0023,0.0468,0.1272
423.2074,0.3251,0.1996,0.0085,0.0148,0.1084,0.5411,0.0113,0.0247,0.0381
513.7764,0.7738,0.2007,0.0020,0.4473,0.5723,0.6957,0.0042,0.0529,0.0934
520.5665,0.4580,0.1837,0.0217,0.4937,0.5390,0.7483,0.0142,0.0995,0.0362
513.3359,0.3646,0.1171,0.0108,0.4307,0.4248,0.7738,0.0119,0.0846,0.0206
333.8870,0.3840,0.1592,0.0191,0.3456,0.4033,0.7750,0.0002,0.0462,0.0753
502.4093,0.3116,0.1370,0.0133,0.0328,0.2785,0.5290,0.0170,0.0095,0.0169
418.7171,0.4866,0.2307,0.0119,0.4964,0.5840,0.6641,0.0034,0.0910,0.0439
435.2787,0.3430,0.2637,0.0021,0.3883,0.4116,0.7874,0.0092,0.0195,0.0482
289.0314,0.4435,0.0906,0.0225,0.0734,0.4274,0.7538,0.0012,0.0209,0.0195
406.5398,0.3817,0.1431,0.0179,0.1235,0.3554,0.7054,0.0101,0.0199,0.0124
353.7482,0.4212,0.1573,0.0067,0.0137,0.3527,0.5216,0.0011,0.0034,0.0422
469.9150,0.5979,0.2075,0.0016,0.4663,0.5777,0.5765,0.0146,0.0128,0.0768
380.4932,0.3838,0.1341,0.0015,0.1984,0.4948,0.6588,0.0036,0.0995,0.0511
433.7630,0.3549,0.1366,0.0169,0.1678,0.3005,0.7960,0.0075,0.0588,0.0452
599.8793,0.3477,0.1913,0.0178,0.4616,0.5444,0.7110,0.0029,0.0231,0.2154
550.4723,0.6663,0.1770,0.0130,0.4796,0.5737,0.7951,0.0129,0.1248,0.0367
360.5408,0.4189,0.0832,0.0178,0.0070,0.1723,0.7382,0.0003,0.0295,0.0388
437.9490,0.3340,0.1627,0.0318,0.4946,0.5428,0.6617,0.0189,0.0039,0.0262
388.1040,0.3581,0.1442,0.0262,0.0020,0.4497,0.5280,0.0151,0.0440,0.0327
287.0055,0.3896,0.1672,0.0150,0.4623,0.5984,0.7974,0.0056,0.0868,0.0022
282.2285,0.4405,0.1493,0.0122,0.0644,0.1039,0.5372,0.0005,0.0118,0.0149
439.5236,0.3291,0.1429,0.0067,0.3590,0.5288,0.7496,0.0145,0.0431,0.1443
590.4826,0.5174,0.2192,0.0122,0.4251,0.5633,0.5905,0.0174,0.0130,0.0228
521.6264,0.3132,0.1575,0.0488,0.2502,0.4452,0.7683,0.0133,0.0023,0.0010
454.0572,0.3776,0.1286,0.0104,0.4903,0.4686,0.7302,0.0086,0.0170,0.1233
537.9434,0.4608,0.1517,0.0064,0.4814,0.5943,0.6738,0.0018,0.2127,0.0406
387.3498,0.3412,0.1772,0.0078,0.4329,0.5193,0.6729,0.0133,0.0693,0.0603
460.2849,0.4368,0.2032,0.0221,0.4283,0.5886,0.6972,0.0050,0.0215,0.0853
575.2321,0.5917,0.2921,0.0061,0.4925,0.5519,0.5348,0.0042,0.0578,0.0348
590.7416,0.4964,0.1464,0.0371,0.4579,0.5911,0.7994,0.0027,0.0505,0.0490
357.4806,0.3518,0.1621,0.0284,0.0887,0.4718,0.7125,0.0002,0.0077,0.0104
565.7997,0.4075,0.2224,0.0069,0.4882,0.5634,0.6966,0.0084,0.0407,0.2221
535.0239,0.3718,0.2199,0.0169,0.4982,0.4786,0.6725,0.0102,0.0138,0.0782
317.5823,0.3708,0.1865,0.0224,0.3186,0.2568,0.7792,0.0084,0.0027,0.0321
573.5655,0.3250,0.1718,0.0136,0.4252,0.4356,0.7298,0.0055,0.0732,0.0905
405.0495,0.5837,0.2061,0.0024,0.4960,0.5195,0.7401,0.0022,0.0217,0.1276
564.5197,0.3855,0.2567,0.0292,0.4770,0.5868,0.7354,0.0144,0.0794,0.0451
370.0010,0.3528,0.1803,0.0129,0.2879,0.5937,0.6733,0.0020,0.1179,0.0336
445.2626,0.3590,0.1522,0.0022,0.2321,0.5540,0.7285,0.0108,0.0897,0.0835
559.0404,0.3222,0.0925,0.0038,0.0135,0.5308,0.5670,0.0094,0.0136,0.0323
438.0742,0.3116,0.2345,0.0085,0.4041,0.5783,0.7105,0.0011,0.0414,0.1696
595.4013,0.3037,0.1642,0.0079,0.2331,0.3222,0.7956,0.0091,0.0033,0.0960
541.0217,0.4878,0.1941,0.0129,0.3963,0.5051,0.7852,0.0095,0.0228,0.0343
369.7777,0.4246,0.2474,0.0039,0.4146,0.5092,0.7804,0.0101,0.0404,0.0230
451.7717,0.3519,0.2253,0.0032,0.2543,0.3887,0.7538,0.0171,0.0110,0.0004
571.6259,0.6951,0.1637,0.0051,0.4649,0.5898,0.5169,0.0076,0.0202,0.0704
523.0905,0.3282,0.1886,0.0384,0.4867,0.4122,0.7293,0.0023,0.0072,0.0501
497.5221,0.3830,0.1716,0.0018,0.1589,0.5739,0.7799,0.0099,0.0119,0.0403
358.1728,0.3902,0.1201,0.0234,0.0229,0.2555,0.6984,0.0100,0.0502,0.0379
391.8908,0.3561,0.2449,0.0288,0.4135,0.5450,0.7692,0.0061,0.0059,0.0450
422.7907,0.3744,0.2263,0.0011,0.4549,0.3339,0.7261,0.0005,0.0512,0.0032
400.9283,0.4218,0.2108,0.0065,0.4345,0.5837,0.7488,0.0124,0.1172,0.0431
512.1022,0.3235,0.1624,0.0088,0.0576,0.3923,0.7058,0.0134,0.0376,0.0212
322.9056,0.3666,0.1789,0.0023,0.2015,0.3152,0.7503,0.0105,0.0330,0.0227
553.2253,0.3345,0.1378,0.0331,0.3945,0.5258,0.7906,0.0126,0.1097,0.0033
422.3544,0.3551,0.1510,0.0223,0.3494,0.5181,0.6920,0.0081,0.0971,0.0003
476.1622,0.3037,0.2537,0.0052,0.4686,0.5489,0.7673,0.0160,0.2088,0.0099
488.2314,0.3024,0.1704,0.0153,0.3504,0.2557,0.7658,0.0120,0.0336,0.0444
468.3154,0.3627,0.1457,0.0187,0.0868,0.4136,0.6190,0.0030,0.0100,0.0000
454.6709,0.3654,0.1034,0.0048,0.4750,0.5215,0.7842,0.0017,0.0720,0.1600
367.9218,0.4109,0.1280,0.0054,0.3229,0.3920,0.7576,0.0061,0.0262,0.0818
499.7019,0.4530,0.2491,0.0333,0.4465,0.5891,0.7552,0.0031,0.0057,0.0765
561.4758,0.7551,0.2111,0.0014,0.4810,0.5133,0.6248,0.0114,0.0625,0.0245
490.4319,0.3437,0.2149,0.0081,0.4559,0.5649,0.7941,0.0196,0.1194,0.1276
539.5173,0.7251,0.2321,0.0156,0.4700,0.5981,0.7139,0.0096,0.0330,0.1172
544.4602,0.3362,0.1948,0.0307,0.4374,0.4423,0.7528,0.0044,0.0275,0.0619
414.5095,0.3333,0.1659,0.0043,0.3480,0.2987,0.7935,0.0057,0.0884,0.0786
593.1500,0.3961,0.1360,0.0386,0.4994,0.5564,0.7703,0.0016,0.0137,0.1219
469.9976,0.5587,0.1535,0.0287,0.4947,0.5975,0.6421,0.0109,0.0221,0.0052
351.5561,0.4264,0.1375,0.0084,0.1399,0.4029,0.6859,0.0105,0.0298,0.0011
591.6611,0.3743,0.1078,0.0151,0.4735,0.5958,0.7477,0.0155,0.1250,0.0079
466.4885,0.3181,0.1673,0.0135,0.2545,0.4930,0.6573,0.0047,0.0535,0.0881
373.0032,0.3645,0.2503,0.0061,0.4774,0.5023,0.6679,0.0060,0.0310,0.0046
494.2364,0.3244,0.1214,0.0326,0.3547,0.4164,0.6733,0.0032,0.0105,0.0265
582.5838,0.8885,0.1990,0.0039,0.4803,0.5659,0.7599,0.0172,0.1450,0.0188
561.6232,0.4852,0.1850,0.0206,0.4613,0.5991,0.6836,0.0072,0.0024,0.1685
503.7191,0.3173,0.1567,0.0246,0.1594,0.2273,0.6783,0.0064,0.0231,0.0025
395.6856,0.4240,0.1527,0.0072,0.3914,0.3551,0.7867,0.0005,0.0550,0.0375
416.7036,0.3087,0.2114,0.0254,0.4534,0.4829,0.7652,0.0034,0.0588,0.0432
574.1573,0.9541,0.2957,0.0261,0.4847,0.5901,0.7972,0.0012,0.0314,0.0682
292.5734,0.4191,0.1797,0.0057,0.0895,0.3933,0.6072,0.0117,0.0081,0.0073
440.4791,0.5647,0.1812,0.0194,0.4282,0.5495,0.7323,0.0045,0.0046,0.0375
551.0868,0.4542,0.2819,0.0092,0.4928,0.5909,0.5153,0.0060,0.0386,0.0471
495.7286,0.3387,0.1491,0.0059,0.4989,0.4032,0.7375,0.0078,0.0551,0.1392
386.1030,0.4015,0.1449,0.0137,0.2003,0.2729,0.7229,0.0041,0.0215,0.0059
570.6767,0.3801,0.2294,0.0031,0.4255,0.5711,0.5553,0.0131,0.0313,0.0646
531.1391,0.3882,0.2153,0.0146,0.4359,0.5330,0.7826,0.0061,0.0608,0.1301
421.0187,0.3308,0.2194,0.0066,0.1383,0.1588,0.7055,0.0020,0.0170,0.0169
457.7100,0.4263,0.1987,0.0321,0.4550,0.4567,0.7979,0.0073,0.0265,0.0027
510.1526,0.3681,0.1544,0.0112,0.3509,0.5923,0.7267,0.0143,0.0061,0.1534
476.2907,0.3408,0.1596,0.0078,0.0874,0.1374,0.5956,0.0008,0.0200,0.0257
560.9969,0.7278,0.2100,0.0049,0.4187,0.5061,0.7686,0.0074,0.0156,0.0048
436.4970,0.3555,0.2112,0.0123,0.1890,0.4071,0.6898,0.0015,0.0076,0.0064
289.9760,0.4299,0.1343,0.0162,0.2570,0.4231,0.7185,0.0082,0.0082,0.0209
546.8451,0.4322,0.1620,0.0038,0.3188,0.5986,0.7640,0.0031,0.0778,0.0794
450.0453,0.3070,0.2166,0.0053,0.0861,0.5892,0.7959,0.0155,0.0519,0.0356
377.2958,0.3489,0.1675,0.0019,0.0209,0.3822,0.6112,0.0002,0.0304,0.0731
579.2553,0.3217,0.1463,0.0046,0.2923,0.3487,0.7111,0.0148,0.0161,0.0498
355.8121,0.5481,0.1699,0.0139,0.4929,0.5384,0.7361,0.0136,0.0339,0.0015
457.0141,0.3523,0.1738,0.0116,0.2893,0.5509,0.7778,0.0052,0.0791,0.1086
547.0615,0.3398,0.1105,0.0132,0.4455,0.5102,0.6270,0.0150,0.0053,0.0108
280.9050,0.4346,0.1300,0.0014,0.1908,0.1475,0.7014,0.0111,0.0205,0.0373
321.4380,0.3939,0.1781,0.0047,0.1388,0.3232,0.6422,0.0058,0.0424,0.0222
398.0323,0.3616,0.2098,0.0028,0.4967,0.5607,0.6367,0.0065,0.1079,0.0270
373.8471,0.3554,0.1483,0.0374,0.4055,0.4453,0.7941,0.0159,0.0113,0.0547
491.5665,0.3307,0.2694,0.0013,0.2782,0.5360,0.7994,0.0137,0.0318,0.0360
361.4012,0.7120,0.2623,0.0021,0.4919,0.5749,0.7082,0.0141,0.0159,0.0248
499.8819,0.5927,0.1930,0.0189,0.4936,0.5938,0.7756,0.0159,0.0812,0.0872
441.2003,0.3734,0.1193,0.0011,0.0507,0.4480,0.7756,0.0130,0.0019,0.1005
517.0915,0.3352,0.1401,0.0053,0.2635,0.2817,0.6724,0.0021,0.0255,0.0428
576.5414,0.3176,0.1306,0.0147,0.3566,0.5718,0.7784,0.0082,0.1352,0.0987
366.7584,0.4407,0.0971,0.0087,0.0066,0.3955,0.7148,0.0033,0.0009,0.0362
413.8016,0.3238,0.2409,0.0190,0.4376,0.4426,0.6858,0.0063,0.0021,0.0228
354.5185,0.3812,0.1404,0.0273,0.1295,0.5453,0.7919,0.0035,0.0885,0.0286
455.6703,0.3330,0.1217,0.0096,0.1663,0.5162,0.6944,0.0089,0.0512,0.0390
577.8621,0.3258,0.1764,0.0087,0.4621,0.2567,0.7501,0.0009,0.0119,0.0527
352.1681,0.4032,0.1122,0.0020,0.1554,0.5697,0.7652,0.0199,0.0499,0.0784
517.5333,0.3103,0.1905,0.0243,0.4314,0.5936,0.6362,0.0095,0.1277,0.0063
555.3404,0.4717,0.1919,0.0110,0.4258,0.5066,0.7248,0.0113,0.0815,0.0005
482.4683,0.3302,0.1702,0.0032,0.4723,0.5913,0.7220,0.0037,0.2381,0.1171
383.4320,0.3801,0.1304,0.0217,0.0156,0.2850,0.3739,0.0088,0.0584,0.0020
523.4144,0.5549,0.2241,0.0050,0.4553,0.5727,0.7590,0.0102,0.1363,0.0617
449.9201,0.3297,0.1487,0.0286,0.0621,0.5612,0.5948,0.0046,0.0144,0.0505
352.3843,0.3752,0.1603,0.0113,0.0169,0.5321,0.6219,0.0080,0.1270,0.0027
428.6065,0.3894,0.1786,0.0133,0.4609,0.5474,0.6537,0.0022,0.1278,0.0015
555.5568,0.3001,0.2668,0.0020,0.3070,0.5949,0.5878,0.0007,0.0040,0.0851
448.8082,0.3813,0.2036,0.0037,0.4630,0.4937,0.6764,0.0192,0.0802,0.0168
538.9290,0.3128,0.1321,0.0232,0.0782,0.3638,0.6107,0.0032,0.0481,0.0120
351.9434,0.3557,0.2092,0.0182,0.1615,0.3433,0.6561,0.0004,0.0248,0.0080
434.2193,0.3314,0.1932,0.0074,0.3160,0.4413,0.7898,0.0026,0.1293,0.0780
383.5475,0.4450,0.1804,0.0114,0.4952,0.4960,0.7830,0.0080,0.0037,0.1392
542.7070,0.3022,0.1585,0.0029,0.4186,0.5402,0.7819,0.0170,0.1659,0.1630
417.0035,0.3469,0.1837,0.0181,0.0144,0.4592,0.4551,0.0150,0.0147,0.0049
418.2989,0.3750,0.1214,0.0212,0.4331,0.3741,0.7381,0.0057,0.0374,0.0186
458.3017,0.7280,0.1840,0.0045,0.4426,0.5830,0.6397,0.0010,0.0979,0.0046
588.2424,0.6213,0.2161,0.0100,0.4874,0.5713,0.7318,0.0014,0.0598,0.1998
515.0710,0.3214,0.1412,0.0099,0.2239,0.5062,0.7515,0.0103,0.1278,0.0452
301.7142,0.4013,0.1508,0.0077,0.1658,0.4618,0.6308,0.0027,0.0012,0.0756
570.9906,0.3577,0.1674,0.0280,0.4571,0.5520,0.7565,0.0072,0.0687,0.1182
501.3579,0.3467,0.1308,0.0014,0.1220,0.4296,0.7323,0.0063,0.0834,0.0361
557.8417,0.3542,0.1324,0.0105,0.3143,0.5343,0.6567,0.0013,0.0343,0.0716
494.4994,0.3020,0.1814,0.0077,0.2622,0.4522,0.7142,0.0166,0.0479,0.0981
589.6672,0.8313,0.1583,0.0081,0.4657,0.5507,0.5363,0.0020,0.0006,0.0356
431.4002,0.4488,0.1636,0.0356,0.4319,0.5976,0.7698,0.0049,0.0694,0.0136
403.1453,0.3977,0.1470,0.0103,0.4399,0.5859,0.7687,0.0150,0.1646,0.0238
508.0873,0.3615,0.1838,0.0040,0.3957,0.5129,0.7656,0.0000,0.0033,0.2538
593.3271,0.4188,0.1980,0.0137,0.3993,0.6000,0.6043,0.0182,0.0512,0.0274
388.3915,0.3784,0.0989,0.0307,0.1415,0.4792,0.7608,0.0040,0.0164,0.0398
584.6821,0.3392,0.2505,0.0198,0.4569,0.5797,0.5330,0.0002,0.0210,0.0372
470.1777,0.5378,0.2126,0.0053,0.4035,0.5549,0.6832,0.0094,0.0597,0.0040
